Ticker,Nama,Sektor,Industri,Indeks,Harga,MCap_MiliarUSD,Tanggal_Data,Bar,Basis,Periode_Lapkeu,Earnings_Berikut,Hari_Ke_Earnings,Nilai20H_JutaUSD,VolSpike,LolosLikuiditas,EV_EBITDA,PE_TTM,PB,PE_Fwd,EBITDA_EV,E_P,FCF_Yield,Z_Value,ROIC,ROE,GrossMargin,GM_Stabilitas5T,NetDebt_EBITDA,Akrual,ROA_Variabilitas5T,OCF_Laba,F_Score,Z_Altman,Cakupan_Bunga,Z_Quality,Ret12_1,Ret6_1,Mom_RiskAdj,Z_Momentum,RS_Rating,Vol1T,Beta,MaxDD1T,Z_LowVol,Rev_CAGR3,EPS_CAGR3,Target_Rata,Target_Upside,Target_Revisi,Rekom_Rata,Jumlah_Analis,Surprise_Terakhir,Z_Growth,Insider_Net90H_JutaUSD,Insider_Beli90H_JutaUSD,Insider_Jual90H_JutaUSD,Insider_Pembeli90H,Insider_ClusterBuy,Insider_Net_PctMCap,Insider_Terakhir,Institusi_Pct,Institusi_Delta,Short_PctFloat,Short_Ratio,Z_SmartMoney,DivYield,Buyback_Yield,Shareholder_Yield,Rev_YoY,Laba_YoY,Dilusi_YoY,MA50,MA150,MA200,MA200_Naik,High52,Low52,ATR14,RSI14,RS_vs_SPX,RS_HighBaru,TrendTemplate,Flag,Keyakinan
MU,Micron Technology,Information Technology,Semiconductors,SP500;NDX,1097.39,1239.38,2026-10-01,501.0,TTM-4Q,2026-05-28,,,26813.3,1.82,True,17.9,24.6,12.3,6.9,5.6,4.1,2.1,-0.04,59.7,66.6,72.6,19.7,-0.3,-0.9,8.4,1.02,8.0,25.81,257.6,1.02,458.8,153.8,3.81,3.0,99.0,80.4,2.47,-39.1,-1.19,,,1515.54,38.1,,1.37,46.0,,3.0,-16.39,0.0,16.39,0.0,False,-0.001,2026-08-21,79.9,0.01,2.45,1.1,0.16,0.05,0.05,0.1,167.0,710.7,1.8,954.35,783.91,677.43,True,1255.0,165.5,47.29,63.5,9.7,False,True,INSIDER-JUAL,100.0
CHEF,"Chefs' Warehouse, Inc.",Consumer Staples,Food Distributors,SP600,112.56,4.59,2026-10-01,501.0,TTM-4Q,2026-03-27,2026-10-28,19.0,69.9,0.89,True,24.6,57.8,7.54,36.8,4.1,1.7,1.8,-1.1,8.3,13.8,24.3,0.7,2.97,-2.0,1.4,1.48,8.0,4.84,3.7,-0.67,98.0,97.2,2.62,3.0,95.0,37.3,0.82,-20.5,-0.36,,,122.0,8.4,,1.25,8.0,32.3,0.46,-15.2,0.0,15.2,0.0,False,-0.331,2026-08-14,100.6,0.03,15.02,7.1,-1.13,0.0,0.54,0.54,10.0,24.4,-0.0,109.64,87.77,82.0,True,117.65,53.2,3.66,56.0,14.8,False,True,INSIDER-JUAL,100.0
STT,State Street Corporation,Financials,Asset Management & Custody Banks,SP500,174.62,47.97,2026-10-01,501.0,TTM-4Q,2026-06-30,,,393.6,1.02,True,,13.9,1.7,,,7.2,,-0.16,,12.4,,,,,0.1,,,,999.0,-0.22,66.0,47.2,2.25,3.0,85.0,25.1,1.06,-11.8,0.44,,,,,,,,,-0.16,-0.09,0.0,0.09,0.0,False,-0.0,2026-08-03,,,,,0.05,2.41,3.34,5.74,12.3,21.3,-3.2,186.36,162.88,154.69,True,195.93,104.64,4.05,30.3,-0.3,False,False,,90.0
BJRI,"BJ's Restaurants, Inc.",Consumer Discretionary,Restaurants,SP600,59.25,1.26,2026-10-01,501.0,TTM-4Q,2026-06-30,2026-10-29,20.0,24.2,1.17,True,10.5,30.8,3.17,21.8,9.5,3.2,3.6,-0.38,8.8,10.4,74.5,0.7,0.24,-7.6,1.7,2.87,8.0,3.15,999.0,0.93,102.3,73.3,2.02,3.0,91.0,43.5,1.15,-26.5,0.09,,,75.14,26.8,,2.11,7.0,5.0,0.03,-4.54,0.11,4.65,1.0,False,-0.36,2026-09-03,104.8,0.07,11.61,4.7,-0.07,0.0,3.67,3.67,3.5,48.8,-4.7,64.24,51.2,48.96,True,74.6,28.46,2.35,43.3,-1.7,False,False,,100.0
CAKE,"The Cheesecake Factory, Inc.",Consumer Discretionary,Restaurants,SP600,107.95,5.37,2026-10-01,501.0,TTM-4Q,2026-06-30,2026-10-27,18.0,141.6,0.62,True,18.1,30.1,10.35,21.6,5.5,3.3,3.8,-0.74,17.6,38.8,,0.3,1.16,-5.5,1.4,1.98,6.0,3.07,999.0,0.29,101.9,97.5,2.56,3.0,96.0,39.0,1.01,-23.4,0.49,,,95.93,-11.1,,2.67,14.0,21.9,0.03,-22.3,0.0,22.3,0.0,False,-0.415,2026-08-17,103.7,0.0,37.96,6.3,-0.2,1.03,0.78,1.81,5.7,12.4,0.8,104.85,78.91,73.64,True,118.46,43.07,3.61,57.5,32.9,False,True,SHORT-TINGGI;INSIDER-JUAL,100.0
VCTR,"Victory Capital Holdings, Inc.",Financials,Asset Management & Custody Banks,SP600,111.74,6.87,2026-10-01,501.0,TTM-4Q,2026-06-30,,,82.3,0.95,True,,14.9,2.89,,,6.7,,-1.04,,19.0,,,,,1.5,,,,10.9,0.95,78.2,75.3,2.43,3.0,94.0,31.6,1.21,-18.1,-0.2,,,,,,,,,1.93,0.0,0.0,0.0,0.0,False,0.0,,,,,,0.05,2.42,5.6,8.02,51.5,64.8,-7.6,109.64,89.59,84.46,True,123.55,57.03,3.84,56.4,24.2,False,True,,90.0
NUE,Nucor,Materials,Steel,SP500,235.98,53.54,2026-10-01,501.0,TTM-4Q,2026-07-04,,,316.4,1.23,True,10.1,18.6,2.42,11.9,9.9,5.4,3.0,0.07,11.5,13.6,15.5,,0.76,-4.3,10.2,1.53,8.0,5.22,29.3,-0.06,87.7,45.4,2.08,2.97,89.0,32.0,1.26,-18.4,0.34,,,283.62,20.2,,1.65,16.0,,0.46,-11.17,0.0,11.17,0.0,False,-0.021,2026-08-14,81.0,0.0,2.51,3.1,0.01,0.96,1.26,2.22,17.2,122.5,-1.0,255.82,227.45,214.27,True,280.11,131.32,7.63,37.0,4.2,False,False,INSIDER-JUAL,100.0
AWR,American States Water Company,Utilities,Water Utilities,SP600,81.19,3.22,2026-10-01,501.0,TTM-4Q,2026-06-30,2026-11-04,24.0,19.7,1.19,True,14.4,22.5,2.87,21.4,7.0,4.4,0.6,-0.32,9.4,13.7,90.1,0.9,2.56,-3.5,0.6,1.65,6.0,,4.7,1.52,24.9,18.6,1.06,2.74,59.0,20.6,-0.11,-10.9,0.72,,,84.0,3.5,,,2.0,17.2,0.43,-0.13,0.0,0.13,0.0,False,-0.004,2026-09-04,87.8,0.02,3.7,5.3,-0.55,2.44,-2.53,-0.09,13.2,14.7,2.2,86.85,80.97,79.04,True,91.72,69.45,1.54,30.6,-6.6,False,False,,100.0
FTNT,Fortinet,Information Technology,Systems Software,SP500;NDX,178.72,131.13,2026-10-01,501.0,TTM-4Q,2026-06-30,,,672.7,0.73,True,49.5,61.8,84.54,47.3,2.0,1.6,2.4,-0.49,77.4,117.4,80.2,2.1,-0.94,-11.9,3.0,1.6,5.0,10.0,135.7,2.91,92.5,99.4,2.32,2.74,96.0,41.4,1.23,-14.3,1.35,,,164.32,-8.1,,2.77,36.0,,-0.01,0.0,0.0,0.0,0.0,False,0.0,2026-09-24,71.5,-0.04,2.26,3.2,0.1,0.0,2.12,2.12,18.8,9.3,-4.2,163.06,130.71,118.08,True,181.37,73.55,6.46,62.1,11.5,False,True,,100.0
DELL,Dell Technologies,Information Technology,"Technology Hardware, Storage & Peripherals",SP500,541.74,346.71,2026-10-01,501.0,TTM-4Q,2026-07-31,2026-11-27,41.0,5070.4,0.62,True,21.4,30.5,,18.6,4.7,3.3,2.5,-0.2,39.8,,19.8,1.2,1.32,-0.7,1.4,1.07,8.0,3.25,8.9,-0.03,203.6,152.1,2.46,2.73,99.0,72.2,1.9,-32.3,-0.38,,,577.36,6.6,,1.83,25.0,43.1,1.31,-1100.26,0.0,1100.26,0.0,False,-0.317,2026-09-23,78.0,0.01,4.68,1.5,-1.06,0.45,2.46,2.91,49.0,135.2,-5.0,486.49,347.58,290.99,True,595.51,110.22,29.17,54.0,33.9,False,True,GOODWILL;INSIDER-JUAL,100.0
TGT,Target Corporation,Consumer Staples,Consumer Staples Merchandise Retail,SP500,156.7,71.19,2026-10-01,501.0,TTM-4Q,2026-08-01,,,531.9,1.45,True,9.1,16.2,3.99,,11.0,6.2,6.3,0.28,14.4,26.4,29.3,0.4,1.11,-7.3,2.8,1.99,6.0,3.31,14.0,0.54,89.9,38.3,2.09,2.71,92.0,30.6,0.47,-13.3,0.45,,,,,,,,,-0.18,-11.93,0.0,11.93,0.0,False,-0.017,2026-08-25,,,,,-0.01,2.9,0.21,3.12,2.0,11.8,0.2,155.25,135.72,128.52,True,170.75,83.44,3.86,49.0,17.3,False,True,INSIDER-JUAL,100.0
UFCS,"United Fire Group, Inc.",Financials,Property & Casualty Insurance,SP600,53.94,1.39,2026-10-01,501.0,TTM-4Q,2026-06-30,,,8.6,0.62,False,,9.8,1.42,,,10.2,,0.6,,15.5,,,,,1.5,,,,15.0,-0.08,79.6,48.3,2.08,2.69,89.0,30.8,0.76,-12.2,0.48,,,,,,,,,-0.07,-0.54,0.0,0.54,0.0,False,-0.039,2026-09-03,,,,,0.02,1.33,0.15,1.47,11.4,53.5,-1.9,53.66,47.14,44.52,True,56.74,29.74,1.6,51.0,-2.5,False,True,TIPIS,90.0
VSTS,Vestis,Industrials,Diversified Support Services,SP600,13.78,1.82,2026-10-01,501.0,TTM-4Q,2026-07-03,,,22.1,0.94,True,12.1,,2.07,,8.3,-0.3,7.5,0.21,3.9,-0.6,,,4.36,-6.9,3.4,,7.0,1.8,999.0,-0.8,167.8,55.1,2.01,2.67,96.0,55.6,1.02,-26.5,-0.22,,,,,,,,,,1.05,1.05,0.0,1.0,False,0.057,2026-09-02,,,,,0.12,0.0,0.0,0.0,-0.4,,1.9,13.62,11.84,10.63,True,16.9,4.45,0.55,54.3,-5.9,False,True,ZONA-BAHAYA;GOODWILL,100.0
IRDM,Iridium Communications,Communication Services,Alternative Carriers,SP600,47.87,5.07,2026-10-01,501.0,TTM-4Q,2026-06-30,,,52.5,0.61,True,15.7,54.4,10.73,27.9,6.4,1.8,5.7,-0.31,7.1,19.7,,1.7,3.7,-11.8,2.0,4.24,6.0,1.97,999.0,0.24,172.2,64.3,1.97,2.63,96.0,60.0,1.08,-20.9,-0.17,,,42.0,-12.3,,,5.0,,-0.35,-19.65,0.0,19.65,0.0,False,-0.387,2026-09-15,90.0,-0.0,3.75,4.0,-1.78,1.89,0.99,2.88,3.1,-17.6,0.3,47.83,42.51,36.83,True,57.18,15.65,1.01,50.2,-13.2,False,True,INSIDER-JUAL,90.0
MATX,"Matson, Inc.",Industrials,Marine Transportation,SP600,225.5,6.74,2026-10-01,501.0,TTM-4Q,2026-06-30,,,71.8,0.78,True,,14.5,2.43,13.5,,6.9,,0.7,14.3,17.2,,1.4,,-2.6,9.0,1.26,6.0,3.9,79.5,0.17,124.5,33.5,2.24,2.62,94.0,35.3,0.91,-12.8,0.84,,,261.67,16.0,,,3.0,,-0.66,-3.12,0.0,3.12,0.0,False,-0.046,2026-08-28,89.8,0.03,6.93,5.6,0.02,0.66,3.9,4.56,-0.2,-6.1,-6.5,219.47,193.84,182.01,True,240.87,86.97,6.94,50.9,8.0,False,True,,100.0
ARMK,Aramark,Consumer Discretionary,Distributors,SP400,54.59,14.39,2026-10-01,501.0,TTM-4Q,2026-07-03,2026-11-24,38.0,129.0,1.22,True,14.4,37.6,4.24,19.4,6.9,2.7,3.0,-0.65,6.8,11.8,,7.1,4.05,-3.9,1.6,2.38,6.0,2.58,999.0,-0.91,49.0,35.8,1.63,2.61,83.0,26.0,0.66,-14.0,1.6,,,68.5,25.5,,1.5,16.0,7.2,0.26,-4.31,0.0,4.31,0.0,False,-0.03,2026-08-13,100.3,0.01,3.14,3.6,0.04,0.85,0.33,1.18,11.0,5.9,1.2,57.51,51.44,48.3,True,62.65,35.07,1.22,39.7,-5.5,False,False,GOODWILL,100.0
HZO,"MarineMax, Inc.",Consumer Discretionary,Specialty Stores,SP600,52.33,1.16,2026-10-01,501.0,TTM-4Q,2026-06-30,,,43.2,1.13,True,16.6,290.0,1.21,33.2,6.0,0.3,15.4,0.22,3.3,0.4,34.2,1.2,6.77,-8.9,7.7,54.94,7.0,2.07,1.1,-0.65,105.8,90.7,1.61,2.61,97.0,60.9,1.6,-23.8,-0.85,,,47.0,-10.2,,,5.0,,,0.0,0.0,0.0,0.0,False,0.0,,84.7,0.0,14.88,3.3,0.05,0.0,0.0,0.0,-5.4,,7.6,48.17,36.92,34.53,True,52.56,21.42,0.3,72.5,48.0,False,True,DILUSI,100.0
VSXY,Victoria's Secret,Consumer Discretionary,Apparel Retail,SP600,88.51,7.06,2026-10-01,501.0,TTM-4Q,2026-08-01,,,166.2,0.4,True,9.9,18.7,7.13,,10.1,5.4,7.8,-0.08,22.6,45.3,39.6,1.8,0.6,-7.7,4.7,2.01,8.0,3.02,8.4,0.55,210.1,77.9,2.05,2.61,96.0,70.4,1.89,-35.6,-1.86,,,,,,,,,1.24,-96.96,0.0,96.96,0.0,False,-1.373,2026-07-28,,,,,-0.79,0.0,0.0,0.0,10.3,150.3,2.4,85.19,68.71,66.25,True,102.46,27.25,3.91,60.5,12.5,False,True,INSIDER-JUAL,100.0
AAMI,Acadian Asset Management Inc.,Financials,Asset Management & Custody Banks,SP600,94.06,3.34,2026-10-01,501.0,TTM-4Q,2026-06-30,2026-10-29,20.0,44.0,1.31,True,,32.9,,14.5,,3.0,,,,,,,,,26.5,,,,8.5,-2.24,87.7,60.5,1.97,2.56,95.0,37.6,1.39,-15.7,-0.54,,,91.0,-3.3,,3.0,3.0,29.8,0.48,-2.24,0.0,2.24,0.0,False,-0.067,2026-08-04,109.3,0.08,4.6,2.6,0.45,0.0,0.0,0.0,24.2,13.2,-0.6,90.74,75.05,69.2,True,98.52,41.47,3.28,56.7,25.5,False,True,,84.0
MRNA,Moderna,Health Care,Biotechnology,SP500,188.94,75.43,2026-10-01,501.0,TTM-4Q,2026-06-30,,,2490.4,1.04,True,,,11.16,,-4.4,-4.2,-1.6,-1.46,-31.3,-39.0,23.4,18.3,,-18.1,39.7,,1.0,10.99,-999.0,-2.63,497.3,208.4,2.77,2.56,99.0,127.2,0.85,-34.2,-1.36,,,119.56,-36.7,,2.74,18.0,,,0.0,0.0,0.0,0.0,False,0.0,2026-09-15,80.5,0.02,10.06,1.0,0.06,0.0,0.0,0.0,-27.6,,2.6,120.97,76.72,67.59,True,208.9,22.28,13.65,65.8,130.9,False,True,F-RENDAH,100.0
SNDK,Sandisk,Information Technology,"Technology Hardware, Storage & Peripherals",SP500;NDX,1787.69,261.75,2026-10-01,410.0,TTM-4Q,2026-07-03,,,16203.9,0.97,True,20.5,22.9,16.63,,4.9,4.4,4.4,0.09,81.2,91.6,71.5,24.7,-0.38,-1.3,34.6,1.02,7.0,26.89,169.7,1.26,1269.8,121.9,6.13,2.53,99.0,113.6,2.55,-56.5,-2.53,,,,,,,,,,0.0,0.0,0.0,0.0,False,0.0,2026-09-17,,,,,0.15,0.0,1.71,1.71,175.3,,6.9,1537.47,1368.24,1138.26,True,2354.39,112.0,102.32,57.4,-0.1,False,True,DILUSI,100.0
SN,SharkNinja,Consumer Discretionary,Household Appliances,SP400,179.78,25.33,2026-10-01,501.0,FY,2025-12-31,,,353.1,0.5,True,23.9,36.1,9.46,,4.2,2.8,1.9,-0.97,23.4,30.4,49.0,4.7,-0.04,1.4,3.7,0.9,6.0,8.28,999.0,0.09,69.6,64.3,1.54,2.5,93.0,43.3,1.68,-25.7,-0.38,,,,,,,,,1.07,-421.03,0.0,421.03,0.0,False,-1.662,2026-08-26,,,,,-0.98,0.0,0.0,0.0,15.7,59.9,0.7,174.64,139.28,134.59,True,194.54,83.12,6.44,57.2,15.7,False,True,INSIDER-JUAL,75.0
PANW,Palo Alto Networks,Information Technology,Systems Software,SP500;NDX,396.25,324.13,2026-10-01,501.0,TTM-4Q,2026-07-31,,,2342.9,0.78,True,208.3,1055.8,11.79,,0.5,0.1,1.3,-0.73,2.4,1.7,70.4,2.0,-0.84,-11.8,5.9,14.83,4.0,9.61,999.0,0.19,77.8,125.4,2.15,2.49,96.0,47.3,1.41,-36.0,0.41,,,,,,,,,0.12,-9.58,0.0,9.58,0.0,False,-0.003,2026-09-17,,,,,0.14,0.0,0.31,0.31,24.5,-72.9,7.8,360.31,273.77,249.25,True,404.69,139.57,17.56,60.4,11.0,False,True,DILUSI,90.0
LTH,"Life Time Group Holdings, Inc.",Consumer Discretionary,Leisure Facilities,SP600,40.36,9.02,2026-10-01,501.0,TTM-4Q,2026-06-30,,,137.7,1.0,True,11.9,21.7,2.73,19.8,8.4,4.6,-1.7,-0.74,8.8,13.4,48.0,0.4,1.47,-6.1,4.9,2.17,8.0,1.66,999.0,0.13,51.6,60.2,1.51,2.49,86.0,36.9,1.06,-16.5,0.75,,,56.07,38.9,,1.14,14.0,,1.0,-1094.96,0.0,1094.96,0.0,False,-12.141,2026-09-11,93.3,0.01,6.53,4.6,-1.81,0.0,0.0,0.0,12.7,83.0,0.8,42.83,35.59,33.7,True,47.24,24.14,1.4,44.3,-3.6,False,False,ZONA-BAHAYA;INSIDER-JUAL,100.0
HTO,H2O America,Utilities,Water Utilities,SP600,60.2,2.52,2026-10-01,501.0,TTM-4Q,2026-03-31,,,29.8,1.22,True,14.0,24.0,1.37,22.2,7.2,4.2,,-0.59,4.7,6.5,,,5.67,-2.8,0.1,2.34,5.0,,2.4,-0.69,35.3,10.8,1.02,2.49,67.0,22.6,0.0,-12.3,0.47,,,67.14,11.5,,1.71,7.0,,-0.4,0.37,0.47,0.1,1.0,False,0.015,2026-07-07,120.0,0.14,16.38,14.1,2.64,2.4,-15.28,-12.88,6.5,6.3,13.8,62.94,59.98,57.97,True,67.09,43.75,1.31,31.7,-6.0,False,False,DILUSI,100.0
CXW,CoreCivic,Industrials,Diversified Support Services,SP600,32.49,3.21,2026-10-01,501.0,TTM-4Q,2026-06-30,2026-11-04,24.0,74.0,1.17,True,11.6,25.1,2.23,13.7,8.6,4.0,1.8,0.11,6.9,8.8,,,3.23,-2.2,1.9,1.56,6.0,1.95,3.3,-0.92,60.8,71.0,1.61,2.47,91.0,41.1,1.14,-21.5,0.18,,,41.8,28.7,,1.0,5.0,11.8,0.62,-15.43,0.0,15.43,0.0,False,-0.48,2026-09-11,91.4,0.03,18.0,8.5,-0.33,0.0,5.92,5.92,24.3,22.9,-9.0,32.84,26.32,24.47,True,36.55,15.74,1.68,47.1,2.1,False,False,INSIDER-JUAL,100.0
BNY,BNY Mellon,Financials,Asset Management & Custody Banks,SP500,143.92,97.65,2026-10-01,501.0,TTM-4Q,2026-06-30,2026-10-15,10.0,613.3,1.63,True,,15.5,2.19,14.0,,6.5,,-0.47,,14.2,,,,,0.2,,,,999.0,-0.15,50.0,33.7,1.93,2.47,74.0,21.7,0.92,-12.7,0.69,,,167.36,16.3,,2.12,14.0,10.7,-0.05,-4.94,0.0,4.94,0.0,False,-0.005,2026-08-27,87.2,-0.03,0.01,0.0,-0.21,1.58,4.06,5.63,,26.5,-3.9,157.72,142.38,136.63,True,165.84,103.11,3.03,22.3,-4.3,False,False,,90.0
ATI,ATI Inc.,Industrials,Aerospace & Defense,SP400,191.14,26.03,2026-10-01,501.0,TTM-4Q,2026-06-28,2026-10-27,18.0,312.3,0.9,True,30.8,54.7,13.87,30.0,3.2,1.8,2.0,-1.0,14.8,26.3,23.4,1.3,1.58,-6.1,2.0,1.69,7.0,5.98,999.0,0.13,147.0,32.9,2.19,2.46,92.0,41.1,1.78,-22.1,-0.47,,,259.89,36.0,,1.11,9.0,18.2,-0.2,-0.5,0.0,0.5,0.0,False,-0.002,2026-09-21,95.4,0.04,4.85,2.3,0.07,0.0,1.06,1.06,4.6,14.0,-3.4,202.55,179.54,166.64,True,243.57,79.29,7.77,46.7,-0.9,False,False,,100.0
NEO,"NeoGenomics Laboratories, Inc.",Health Care,Health Care Services,SP600,17.78,2.28,2026-10-01,501.0,TTM-4Q,2026-06-30,,,39.6,1.19,True,,,2.91,52.6,-0.1,-2.3,-0.3,-0.84,-4.6,-6.3,43.9,2.7,,-5.4,2.6,,5.0,2.6,-26.5,-0.87,126.0,125.2,2.39,2.44,95.0,52.6,1.19,-45.6,-0.97,,,19.72,10.9,,,9.0,,,-0.32,0.0,0.32,0.0,False,-0.014,2026-08-04,115.2,0.02,15.35,10.1,0.05,0.0,-0.02,-0.02,11.2,,2.3,17.12,12.43,12.29,True,20.05,7.07,0.85,46.6,14.3,False,True,,100.0
PAG,Penske Automotive Group,Consumer Discretionary,Automotive Retail,SP400,202.84,13.32,2026-10-01,501.0,TTM-4Q,2026-06-30,,,84.6,1.61,True,11.1,14.7,2.29,,9.0,6.8,4.4,-0.23,11.5,15.9,16.1,0.5,1.7,0.1,1.7,0.99,4.0,3.04,999.0,-0.93,28.9,47.7,1.44,2.42,82.0,26.5,0.59,-20.0,1.44,,,,,,,,,-0.41,0.0,0.0,0.0,0.0,False,0.0,,,,,,0.08,2.74,0.56,3.29,0.6,-10.5,-0.7,215.5,183.2,178.39,True,227.0,140.12,3.58,32.7,10.2,False,False,,100.0
WT,"WisdomTree Investments, Inc.",Financials,Asset Management & Custody Banks,SP600,24.03,3.64,2026-10-01,501.0,TTM-4Q,2026-06-30,,,69.7,0.96,True,,45.0,8.7,,,2.2,,-1.64,,18.7,,,,,2.1,,,,5.2,0.18,77.3,69.5,1.83,2.42,95.0,40.0,1.38,-24.4,-0.96,,,,,,,,,1.0,0.0,0.0,0.0,0.0,False,0.0,2026-09-09,,,,,0.05,0.48,3.87,4.35,37.1,12.0,6.6,22.79,19.2,18.08,True,25.91,10.69,0.9,55.4,29.9,False,True,DILUSI,90.0
PBI,"Pitney Bowes, Inc.",Industrials,Office Services & Supplies,SP600,16.61,2.28,2026-10-01,501.0,TTM-4Q,2026-06-30,,,30.2,1.96,True,11.3,12.2,,,8.8,8.2,18.2,1.09,14.8,,,,4.93,-9.5,4.6,2.59,6.0,2.35,999.0,0.57,54.5,55.7,1.6,2.42,88.0,34.4,1.05,-23.3,0.39,,,,,,,,,,-0.45,0.0,0.45,0.0,False,-0.02,2026-09-17,,,,,0.06,2.39,20.93,23.31,-5.3,,-23.2,17.06,15.41,14.18,True,19.07,8.95,0.49,45.8,-3.7,False,False,GOODWILL,100.0
EAT,Brinker International,Consumer Discretionary,Restaurants,SP400;SP600,194.33,8.12,2026-10-01,501.0,TTM-4Q,2026-06-24,2026-10-28,19.0,316.8,0.71,True,10.1,16.7,18.29,13.4,9.9,6.0,6.9,-0.17,61.0,119.6,,0.3,0.4,-11.0,5.6,1.62,9.0,5.02,15.3,2.64,84.7,63.2,1.51,2.41,86.0,48.9,0.69,-26.2,0.37,,,265.09,36.4,,1.57,22.0,-0.5,0.16,-22.16,0.0,22.16,0.0,False,-0.273,2026-09-09,115.5,-0.03,18.75,6.0,-0.16,0.0,5.47,5.47,7.9,27.1,-2.8,218.96,174.15,169.6,True,254.99,100.3,9.0,36.5,6.6,False,False,INSIDER-JUAL,100.0
MAN,ManpowerGroup,Industrials,Human Resource & Employment Services,SP600,56.28,2.62,2026-10-01,501.0,TTM-4Q,2026-06-30,,,48.8,2.14,True,9.4,25.1,1.24,11.6,10.7,4.0,2.6,0.68,5.8,5.1,16.2,0.6,2.32,-0.1,1.6,1.05,7.0,3.26,999.0,-1.13,69.5,117.9,1.63,2.39,95.0,57.5,0.84,-32.8,-0.29,,,57.33,1.9,,2.42,9.0,,,0.0,0.0,0.0,0.0,False,0.0,,121.7,0.05,13.36,5.4,0.1,0.0,0.01,0.01,6.7,,1.9,57.53,40.38,37.95,True,63.88,25.15,2.37,45.0,41.4,False,False,,100.0
VOYA,Voya Financial,Financials,Multi-Sector Holdings,SP400,95.38,8.64,2026-10-01,501.0,TTM-4Q,2026-06-30,,,118.7,0.85,True,,14.2,1.84,,,7.0,,-0.27,,13.1,,,,,0.4,,,,999.0,-0.33,38.4,52.5,1.74,2.35,80.0,26.0,0.99,-16.5,0.3,,,,,,,,,-0.64,0.0,0.0,0.0,0.0,False,0.0,2026-08-21,,,,,0.05,2.06,5.73,7.79,3.2,14.1,-5.5,99.96,87.1,84.15,True,105.64,64.5,2.46,37.8,-1.5,False,False,,90.0
MXL,"MaxLinear, Inc.",Information Technology,Semiconductors,SP600,92.12,8.35,2026-10-01,501.0,TTM-4Q,2026-06-30,,,234.2,0.79,True,,,17.23,35.3,-0.4,-1.2,0.0,-1.0,-10.0,-21.3,57.5,1.3,,-14.3,13.2,,6.0,14.49,-8.2,-0.46,258.1,225.6,2.14,2.34,99.0,113.2,2.51,-55.3,-2.46,,,94.55,2.6,,1.82,11.0,,,-50.44,0.0,50.44,0.0,False,-0.604,2026-08-17,84.3,0.02,7.46,2.1,-1.77,0.0,-0.06,-0.06,50.5,,12.4,72.35,64.78,53.17,True,128.3,12.77,6.42,63.4,-3.6,False,False,DILUSI;INSIDER-JUAL,100.0
APLE,"Apple Hospitality REIT, Inc.",Real Estate,Hotel & Resort REITs,SP600,16.37,3.86,2026-10-01,501.0,TTM-4Q,2026-06-30,2026-11-05,25.0,40.8,0.9,True,11.8,22.0,1.23,22.5,8.5,4.5,7.5,0.36,5.5,5.5,40.2,0.9,3.29,-4.3,1.4,2.2,6.0,,999.0,-0.3,38.5,38.3,1.76,2.34,85.0,21.9,0.7,-9.7,0.33,,,17.17,4.9,,2.45,9.0,8.3,-0.71,0.0,0.0,0.0,0.0,False,0.0,,90.0,0.05,11.1,7.4,0.45,5.87,0.39,6.26,1.2,-3.1,-0.6,16.1,14.77,14.12,True,17.28,10.85,0.31,61.0,-4.1,False,True,,100.0
VIRT,"Virtu Financial, Inc.",Financials,Financial Exchanges & Data,SP600,55.62,4.87,2026-10-01,501.0,TTM-4Q,2026-06-30,,,66.2,1.38,True,,8.8,2.61,,,11.3,,-0.04,,33.6,,,,,1.2,,,,10.1,0.33,87.9,48.4,1.9,2.33,85.0,35.9,0.62,-23.2,0.0,,,,,,,,,0.31,-1.46,0.0,1.46,0.0,False,-0.03,2026-08-19,,,,,0.03,0.0,0.0,0.0,20.8,36.0,2.4,59.45,54.04,49.67,True,68.76,31.55,2.24,43.1,-12.2,False,False,,90.0
MPC,Marathon Petroleum,Energy,Oil & Gas Refining & Marketing,SP500,420.15,117.99,2026-10-01,501.0,TTM-4Q,2026-06-30,,,1214.0,0.7,True,8.2,13.8,6.18,8.9,12.2,7.2,10.9,0.18,20.7,47.9,12.5,2.4,1.44,-9.9,4.6,2.0,9.0,3.91,8.7,0.67,102.0,61.9,2.33,2.33,97.0,35.2,0.47,-18.3,0.55,,,375.5,-10.6,,2.32,18.0,,0.6,-3.67,0.0,3.67,0.0,False,-0.003,2026-08-31,79.5,0.01,3.19,3.1,0.01,0.98,4.18,5.16,15.0,300.7,-5.5,363.25,286.89,260.54,True,431.08,161.93,15.25,68.1,53.8,False,True,,100.0
DINO,HF Sinclair,Energy,Oil & Gas Refining & Marketing,SP400,112.7,20.04,2026-10-01,501.0,TTM-4Q,2026-06-30,2026-10-28,19.0,305.4,0.88,True,5.9,10.5,1.95,9.5,17.0,9.6,11.5,0.76,15.8,19.6,,1.7,0.15,-4.8,6.3,1.45,8.0,4.21,14.7,0.57,105.1,72.9,2.27,2.3,97.0,39.2,0.44,-17.6,0.49,,,102.33,-9.2,,2.56,15.0,18.3,-1.94,0.52,1.28,0.76,1.0,False,0.003,2026-08-11,89.6,0.0,6.2,4.1,-0.01,1.83,2.79,4.62,-36.2,,-4.6,98.88,77.5,70.8,True,118.39,45.71,4.66,64.7,51.5,False,True,,100.0
LXP,Lexington Realty Trust,Real Estate,Diversified REITs,SP600,60.95,3.59,2026-10-01,501.0,TTM-4Q,2026-06-30,,,56.9,0.81,True,15.2,55.4,1.84,,6.6,1.8,,-0.41,3.9,3.2,81.5,1.5,4.13,-3.5,3.4,2.95,6.0,,2.4,0.05,41.6,33.9,1.77,2.29,84.0,21.3,0.56,-10.7,0.53,,,60.0,-1.6,,,5.0,,-1.16,0.0,0.0,0.0,0.0,False,0.0,,98.2,0.03,0.01,0.0,0.23,4.66,0.0,4.66,-4.2,-25.9,-0.6,60.78,54.51,53.34,True,61.61,44.0,0.16,63.0,6.9,False,True,,100.0
CON,"Concentra Group Holdings Parent, Inc.",Health Care,Health Care Services,SP600,34.97,4.46,2026-10-01,501.0,TTM-4Q,2026-06-30,2026-11-05,25.0,34.5,0.9,True,12.9,22.4,9.35,19.0,7.7,4.5,6.0,0.32,14.1,48.5,,,3.11,-4.7,0.6,1.69,8.0,2.41,999.0,-0.14,63.6,60.3,2.26,2.25,92.0,27.4,0.63,-13.3,1.07,,,41.0,17.2,,1.22,8.0,23.4,-0.07,0.0,0.0,0.0,0.0,False,0.0,2026-08-03,90.1,0.02,4.49,4.5,0.06,0.72,0.0,0.72,14.0,33.1,-0.3,34.05,28.21,26.55,True,36.71,18.55,0.94,52.7,6.8,False,True,GOODWILL,100.0
CNO,CNO Financial Group,Financials,Life & Health Insurance,SP400,53.08,4.91,2026-10-01,501.0,TTM-4Q,2026-06-30,2026-11-02,22.0,62.1,0.88,True,,17.6,1.89,10.6,,5.7,,-0.2,,10.9,,,,,0.5,,,,2.9,-0.36,39.6,33.3,1.75,2.24,78.0,20.8,0.7,-11.0,1.01,,,53.75,1.3,,,4.0,29.9,-0.32,0.0,0.0,0.0,0.0,False,0.0,2026-09-16,98.0,0.02,0.01,0.0,0.09,1.35,4.97,6.32,6.0,-8.5,-5.4,54.53,48.91,47.33,True,57.59,38.22,1.13,38.4,-1.3,False,False,,90.0
INSW,"International Seaways, Inc.",Energy,Oil & Gas Storage & Transportation,SP600,114.6,5.68,2026-10-01,501.0,TTM-4Q,2026-06-30,,,85.7,0.76,True,6.1,7.3,2.51,17.8,16.4,13.7,,0.73,23.8,37.4,,,0.24,5.3,9.8,0.81,7.0,6.44,19.7,0.29,140.2,46.2,2.42,2.22,98.0,38.5,0.6,-16.2,0.4,,,107.17,-6.5,,1.33,6.0,,1.43,0.0,0.0,0.0,0.0,False,0.0,2026-09-15,84.8,0.01,7.86,4.4,0.07,7.26,0.0,7.26,57.4,226.4,0.8,100.05,86.45,79.04,True,114.79,42.26,4.31,68.8,35.6,True,True,,100.0
ABNB,Airbnb,Consumer Discretionary,"Hotels, Resorts & Cruise Lines",SP500;NDX,160.47,95.8,2026-10-01,501.0,TTM-4Q,2026-06-30,2026-11-05,25.0,832.4,0.96,True,,35.6,12.28,25.9,,2.8,,-0.38,21.8,34.5,82.9,0.9,,-7.8,9.2,1.81,6.0,3.5,999.0,1.63,50.3,45.8,1.36,2.18,78.0,35.3,1.38,-21.5,0.32,,,184.35,14.9,,2.0,40.0,9.5,0.4,0.0,0.0,0.0,0.0,False,0.0,2026-09-15,89.4,0.01,3.5,3.2,0.06,0.0,4.29,4.29,13.6,2.5,-4.6,169.18,147.46,143.34,True,193.45,110.81,5.38,43.4,5.0,False,False,,100.0
HPE,Hewlett Packard Enterprise,Information Technology,"Technology Hardware, Storage & Peripherals",SP500,64.58,85.73,2026-10-01,501.0,TTM-4Q,2026-07-31,,,1516.6,0.59,True,16.4,30.7,3.23,14.0,6.1,3.3,4.8,0.33,5.6,11.0,,8.6,2.3,-4.9,2.1,2.4,7.0,1.54,999.0,-0.95,110.3,112.8,1.97,2.18,98.0,56.5,1.54,-26.4,0.42,,,68.08,5.4,,2.04,20.0,,0.34,-0.97,0.0,0.97,0.0,False,-0.001,2026-09-14,91.3,-0.01,4.8,2.3,0.13,0.86,0.64,1.5,26.6,123.6,2.0,55.29,41.37,36.68,True,67.1,19.84,3.61,62.9,52.7,True,True,ZONA-BAHAYA,100.0
ROKU,"Roku, Inc.",Communication Services,Movies & Entertainment,SP400,151.26,22.98,2026-10-01,501.0,TTM-4Q,2026-06-30,,,325.3,0.89,True,63.8,64.7,8.14,,1.6,1.5,3.1,-0.56,9.3,13.1,45.5,2.8,-7.99,-8.2,8.8,2.02,8.0,9.41,129.4,0.53,55.3,63.9,1.45,2.18,88.0,41.1,2.26,-27.7,-0.65,,,,,,,,,,0.0,0.0,0.0,0.0,False,0.0,2026-09-15,,,,,0.16,0.0,1.36,1.36,18.5,,1.5,152.96,130.29,123.04,True,159.89,78.53,1.86,40.0,3.5,False,False,,100.0
LFST,Lifestance Health,Health Care,Health Care Services,SP600,11.91,4.55,2026-10-01,501.0,TTM-4Q,2026-06-30,,,73.7,0.63,True,38.1,89.9,3.08,22.4,2.6,1.1,3.8,-0.23,3.4,3.4,,,0.41,-7.7,6.3,4.31,7.0,4.28,7.8,0.05,129.1,97.8,2.25,2.17,94.0,50.3,0.68,-17.1,0.34,,,14.2,19.2,,1.55,10.0,,,-377.79,0.0,377.79,0.0,False,-8.303,2026-09-11,95.7,0.02,8.9,3.8,-1.83,0.0,0.0,0.0,20.4,,0.1,12.01,9.33,8.77,True,13.56,4.77,0.43,42.8,3.0,False,False,INSIDER-JUAL,100.0
AMD,Advanced Micro Devices,Information Technology,Semiconductors,SP500;NDX,615.73,1005.16,2026-10-01,501.0,TTM-4Q,2026-06-27,2026-11-03,23.0,12594.7,0.77,True,,156.2,14.95,39.5,,0.6,0.8,-0.64,8.3,10.1,53.2,1.8,,-4.6,10.7,1.57,8.0,36.1,44.1,-0.23,184.1,118.6,2.11,2.15,99.0,71.6,1.81,-27.8,-0.16,,,618.51,0.5,,1.49,50.0,3.2,0.37,-7.72,0.0,7.72,0.0,False,-0.001,2026-09-15,75.4,0.01,2.46,2.2,0.16,0.0,0.03,0.03,39.5,127.0,1.8,511.65,423.85,372.59,True,639.0,160.49,23.78,67.0,15.9,False,True,,100.0
TRST,TrustCo Bank Corp NY,Financials,Regional Banks,SP600,54.75,0.93,2026-10-01,501.0,TTM-4Q,2026-06-30,,,8.5,0.74,False,,14.3,1.42,,,7.0,,0.2,,9.6,,,,,0.1,,,,999.0,-0.29,58.5,28.4,1.83,2.15,83.0,23.8,0.68,-8.6,0.99,,,,,,,,,,0.03,0.03,0.0,1.0,False,0.003,2026-09-02,,,,,0.05,2.94,8.72,11.66,,21.7,-8.5,56.77,51.58,49.6,True,59.28,34.31,1.35,38.8,-2.1,False,False,TIPIS,90.0
VLO,Valero Energy,Energy,Oil & Gas Refining & Marketing,SP500,408.46,117.61,2026-10-01,501.0,TTM-4Q,2026-06-30,,,1549.3,0.67,True,10.4,16.3,4.7,,9.7,6.1,,-0.5,20.0,29.4,8.0,,0.3,-6.0,6.8,1.51,9.0,5.96,17.8,0.23,117.1,51.2,2.28,2.13,97.0,36.9,0.53,-12.1,0.67,,,,,,,,,2.04,-2.01,0.0,2.01,0.0,False,-0.002,2026-06-29,,,,,0.15,1.2,4.1,5.3,12.6,844.0,-5.8,353.06,284.16,259.1,True,419.04,155.29,15.47,67.1,48.7,False,True,,100.0
STX,Seagate Technology,Information Technology,"Technology Hardware, Storage & Peripherals",SP500;NDX,945.57,214.31,2026-10-01,501.0,TTM-4Q,2026-07-03,,,3262.5,0.66,True,49.5,67.3,98.9,,2.0,1.5,1.4,-0.57,68.8,371.5,45.6,9.5,0.43,-5.4,14.2,1.15,8.0,18.47,14.4,1.36,247.7,93.1,2.3,2.13,98.0,74.0,2.23,-31.8,-0.65,,,,,,,,,0.58,-165.81,0.0,165.81,0.0,False,-0.077,2026-09-21,,,,,-0.15,0.3,0.08,0.38,34.1,116.7,5.5,856.0,745.73,647.89,True,1145.0,209.0,48.24,61.9,12.4,False,True,DILUSI;INSIDER-JUAL,100.0
CRWD,CrowdStrike,Information Technology,Systems Software,SP500;NDX,266.09,272.46,2026-10-01,501.0,TTM-4Q,2026-07-31,2026-12-01,43.0,2618.6,0.62,True,,4660.6,53.41,165.7,,0.0,0.6,-0.78,-2.3,1.3,75.2,0.8,,-18.4,3.1,34.5,6.0,24.26,-4.5,0.51,75.4,118.7,1.8,2.11,98.0,54.0,1.59,-37.2,0.09,,,235.67,-11.4,,1.7,50.0,6.4,-0.21,-44.7,0.0,44.7,0.0,False,-0.016,2026-09-24,76.4,0.01,2.77,2.4,0.1,0.0,0.0,0.0,24.3,,4.5,218.06,166.84,152.8,True,269.3,85.68,11.75,67.2,33.7,True,True,INSIDER-JUAL,100.0
NSIT,"Insight Enterprises, Inc.",Industrials,Technology Distributors,SP600,161.33,4.73,2026-10-01,501.0,TTM-4Q,2026-06-30,,,59.4,1.04,True,11.6,22.5,2.95,12.2,8.6,4.4,8.4,0.54,9.2,13.1,22.1,2.4,2.21,-2.1,1.3,2.01,7.0,1.48,4.1,-0.72,35.9,129.2,1.85,2.1,96.0,44.6,1.36,-43.2,-0.81,,,163.75,1.5,,,4.0,,-0.32,-0.66,0.0,0.66,0.0,False,-0.014,2026-08-28,106.1,0.01,5.87,4.1,0.0,0.0,4.75,4.75,2.7,40.6,-6.1,149.55,111.01,104.17,True,168.5,63.62,5.87,58.9,38.8,False,True,ZONA-BAHAYA,100.0
RHP,Ryman Hospitality Properties,Real Estate,Hotel & Resort REITs,SP600,120.94,7.63,2026-10-01,501.0,TTM-4Q,2026-06-30,,,73.0,1.53,True,13.3,28.1,10.2,,7.5,3.6,3.6,-0.47,10.8,35.1,43.8,3.8,4.27,-6.8,4.3,2.54,4.0,,2.1,0.73,42.7,34.8,1.65,2.07,79.0,23.5,0.51,-14.3,0.34,,,,,,,,,0.09,0.0,0.0,0.0,0.0,False,0.0,,,,,,0.06,3.92,0.0,3.92,12.2,3.6,3.7,125.53,114.73,110.37,True,137.46,83.82,2.95,43.9,-7.8,False,False,,100.0
SEIC,SEI Investments Company,Financials,Asset Management & Custody Banks,SP400,103.87,12.47,2026-10-01,501.0,TTM-4Q,2026-06-30,,,94.2,0.74,True,,17.6,4.99,,,5.7,,-0.69,,29.2,,,,,2.8,,,,518.0,2.57,30.7,41.2,1.56,2.05,81.0,23.0,0.95,-15.2,0.51,,,,,,,,,-0.31,-21.06,0.0,21.06,0.0,False,-0.169,2026-09-22,,,,,-0.08,1.02,3.35,4.37,11.1,2.6,-3.1,105.97,93.15,90.88,True,112.15,75.08,2.28,43.1,10.7,False,False,INSIDER-JUAL,84.0
ECPG,"Encore Capital Group, Inc.",Financials,Consumer Finance,SP600,94.3,2.0,2026-10-01,501.0,TTM-4Q,2026-06-30,2026-11-04,24.0,34.2,0.56,True,,6.6,1.85,7.1,,15.1,,0.64,,30.5,,,,,4.7,,,,2.4,-0.1,122.8,31.2,2.17,2.05,93.0,35.4,0.83,-10.3,0.29,,,115.67,22.7,,,3.0,50.8,1.74,0.0,0.0,0.0,0.0,False,0.0,,109.7,-0.14,7.49,3.4,-0.95,0.0,0.0,0.0,29.5,,-3.3,97.5,85.83,78.42,True,104.98,39.95,3.24,42.2,1.5,False,False,,90.0
PK,Park Hotels & Resorts,Real Estate,Hotel & Resort REITs,SP400,15.42,3.1,2026-10-01,501.0,TTM-4Q,2026-06-30,,,48.4,0.99,True,20.7,,1.0,,4.8,-5.3,2.6,-1.28,0.6,-5.0,,,11.22,-6.8,2.8,,3.0,,0.3,-1.66,46.5,49.2,1.59,2.05,89.0,30.1,0.75,-13.4,-0.35,,,,,,,,,-1.57,0.0,0.0,0.0,0.0,False,0.0,,,,,,0.06,6.41,0.0,6.41,-1.4,-381.0,0.5,15.23,13.22,12.7,True,16.2,9.84,0.39,53.1,4.2,False,True,F-RENDAH,100.0
PSX,Phillips 66,Energy,Oil & Gas Refining & Marketing,SP500,264.23,105.43,2026-10-01,501.0,TTM-4Q,2026-06-30,,,873.2,0.75,True,,14.9,3.35,,,6.7,,-0.12,,24.0,13.1,1.8,,-2.3,5.2,1.26,9.0,,999.0,-0.9,90.8,45.3,2.18,2.03,96.0,31.3,0.54,-17.3,0.65,,,,,,,,,0.62,-26.98,0.0,26.98,0.0,False,-0.026,2026-09-16,,,,,0.14,1.88,0.95,2.83,14.4,312.9,-1.3,239.49,196.83,183.4,True,277.12,126.74,8.54,62.6,46.0,False,True,INSIDER-JUAL,100.0
BEN,Franklin Resources,Financials,Asset Management & Custody Banks,SP500,32.5,16.51,2026-10-01,501.0,TTM-4Q,2026-06-30,2026-11-06,26.0,131.7,1.37,True,,20.3,1.41,10.2,,4.9,,-0.9,,6.8,,,,,2.4,,,,10.2,-0.69,48.7,41.7,1.61,1.97,84.0,28.1,1.02,-19.2,0.08,,,35.5,9.2,,2.75,12.0,8.3,0.2,0.0,0.0,0.0,0.0,False,0.0,,50.1,0.0,4.29,5.4,-0.01,4.2,3.1,7.3,7.9,152.0,-0.1,33.65,30.72,29.48,True,36.28,21.11,0.78,42.4,-7.1,False,False,,90.0
GEO,"GEO Group, Inc.",Industrials,Environmental & Facilities Services,SP600,30.79,4.05,2026-10-01,501.0,TTM-4Q,2026-06-30,,,73.5,1.22,True,12.3,13.9,2.67,18.0,8.1,7.2,0.7,0.12,7.5,20.1,,,3.3,2.5,2.1,0.68,7.0,2.35,2.1,-1.42,49.0,76.2,1.28,1.94,92.0,48.7,1.48,-38.7,-0.88,,,37.75,22.6,,,4.0,,1.09,-1.02,0.0,1.02,0.0,False,-0.025,2026-09-11,94.5,0.02,10.46,4.4,0.01,0.0,4.39,4.39,15.3,222.2,-6.0,31.21,25.18,22.91,True,33.15,12.51,1.32,48.3,-0.8,False,False,,100.0
ACA,"Arcosa, Inc.",Industrials,Construction & Engineering,SP600,146.5,7.19,2026-10-01,501.0,TTM-4Q,2026-06-30,2026-10-29,20.0,109.7,0.96,True,15.0,14.6,2.41,28.6,6.7,6.8,1.9,0.01,6.5,17.9,23.0,1.4,1.83,2.9,1.9,0.69,6.0,3.14,3.3,-1.14,55.5,34.8,1.41,1.94,84.0,32.1,1.18,-21.4,0.38,,,146.67,0.1,,,3.0,-4.5,1.25,0.0,0.0,0.0,0.0,False,0.0,,93.8,0.01,3.8,2.7,0.0,0.14,0.0,0.14,9.7,433.0,0.4,145.44,130.66,127.0,True,146.92,89.03,0.45,63.3,-1.5,False,True,,100.0
DRH,DiamondRock Hospitality Company,Real Estate,Hotel & Resort REITs,SP600,12.51,2.56,2026-10-01,501.0,TTM-4Q,2026-06-30,2026-11-03,23.0,38.6,1.5,True,,16.7,1.68,21.2,,6.0,6.4,0.22,8.3,9.9,,,,-2.9,3.7,1.59,,,3.5,,55.4,29.2,1.65,1.94,87.0,25.6,0.65,-10.8,0.15,,,13.96,11.6,,2.0,13.0,28.6,-0.34,0.0,0.0,0.0,1.0,False,0.0,2026-07-14,116.4,0.03,9.87,5.6,0.26,3.0,0.6,3.59,1.0,126.4,-0.9,12.52,11.36,10.88,True,13.79,7.48,0.28,54.1,1.0,False,False,,100.0
HAE,Haemonetics,Health Care,Health Care Supplies,SP400,104.37,4.75,2026-10-01,501.0,TTM-4Q,2026-06-27,,,59.7,0.78,True,21.1,49.3,5.67,18.1,4.7,2.0,6.1,0.06,5.7,11.2,59.0,2.8,3.57,-9.6,1.7,3.41,7.0,3.12,999.0,0.02,109.2,81.3,2.08,1.93,95.0,45.8,0.4,-40.1,0.08,,,111.5,6.8,,1.73,10.0,,-0.36,0.0,0.0,0.0,0.0,False,0.0,,112.6,0.03,8.81,4.7,0.06,0.0,0.0,0.0,0.4,-41.1,-5.5,98.34,76.16,74.9,True,110.45,47.72,2.66,53.2,35.5,False,True,,100.0
HUM,Humana,Health Care,Managed Health Care,SP500,379.68,45.58,2026-10-01,501.0,TTM-4Q,2026-03-31,,,410.3,0.84,True,12.0,40.3,2.45,22.9,8.3,2.5,2.8,0.22,6.4,6.2,,,-2.55,-1.3,2.0,1.63,6.0,4.5,3.7,-0.28,53.4,123.7,1.84,1.89,91.0,48.1,1.0,-44.9,-0.66,,,423.74,11.6,,2.15,23.0,,-0.23,0.0,0.0,0.0,0.0,False,0.0,,100.9,0.04,2.69,3.0,0.08,0.94,0.55,1.49,14.1,-33.9,-0.2,385.49,312.77,292.68,True,428.88,163.11,13.46,44.9,-6.7,False,False,,100.0
RS,"Reliance, Inc.",Materials,Steel,SP400,393.04,20.06,2026-10-01,501.0,TTM-4Q,2026-03-31,,,109.2,0.94,True,15.5,24.9,2.82,,6.4,4.0,3.1,-0.31,9.7,11.3,,,1.04,-1.1,4.3,1.14,7.0,6.31,18.6,-0.13,41.0,27.8,1.39,1.89,83.0,24.7,0.85,-19.0,0.89,,,,,,,,,-0.02,-2.48,0.0,2.48,0.0,False,-0.012,2026-08-26,,,,,0.0,0.0,2.87,2.87,8.5,4.2,-2.7,400.09,369.21,356.63,True,433.02,260.31,10.15,50.8,3.0,False,False,,100.0
ENVA,"Enova International, Inc.",Financials,Consumer Finance,SP600,171.49,4.27,2026-10-01,501.0,TTM-4Q,2026-06-30,2026-10-22,15.0,75.7,0.85,True,,12.0,2.85,8.2,,8.3,,-0.2,,26.1,,,,,2.3,,,,2.3,0.27,92.1,61.5,1.6,1.87,59.0,48.1,1.34,-37.0,-1.72,,,241.0,40.5,,1.33,6.0,8.8,0.19,0.0,0.0,0.0,0.0,False,0.0,2026-09-17,97.5,0.03,10.24,5.9,0.19,0.0,3.12,3.12,17.7,38.7,-1.4,224.87,190.42,182.2,True,267.45,103.02,7.82,30.7,-28.9,False,False,,90.0
XNCR,Xencor Inc,Health Care,Biotechnology,SP600,24.77,1.84,2026-10-01,501.0,TTM-4Q,2026-06-30,,,35.6,0.76,True,,,3.66,,-10.8,-8.9,-11.3,-2.73,-24.9,-29.1,,,,5.3,11.5,,3.0,3.05,-8.0,,137.9,122.7,2.0,1.87,96.0,65.3,1.15,-42.6,-1.17,,,,,,,,,,0.0,0.0,0.0,0.0,False,0.0,,,,,,0.09,0.0,0.0,0.0,-28.6,,2.1,24.07,16.66,15.84,True,30.61,10.38,1.26,50.7,61.0,False,True,F-RENDAH,100.0
MSGS,Madison Square Garden Sports Corp.,Communication Services,Movies & Entertainment,SP600,399.19,9.65,2026-10-01,501.0,TTM-4Q,2026-06-30,,,124.1,1.91,True,304.0,1243.4,,,0.3,0.1,0.6,-0.76,196.3,,,,2.93,-3.6,2.3,8.08,8.0,3.66,1.4,2.74,68.1,19.8,1.5,1.86,88.0,29.3,0.58,-10.1,1.22,,,480.67,20.4,,2.0,6.0,,,-0.25,0.0,0.25,0.0,False,-0.003,2026-09-16,102.0,0.16,8.58,6.7,0.9,0.0,0.0,0.0,11.0,,0.7,397.55,366.52,344.42,True,438.93,207.9,11.38,50.1,-1.5,False,True,GOODWILL,100.0
EXPD,Expeditors International,Industrials,Air Freight & Logistics,SP500,187.74,24.4,2026-10-01,501.0,TTM-4Q,2026-06-30,,,195.8,1.45,True,18.9,26.6,11.52,23.7,5.3,3.8,3.8,-0.45,41.2,42.6,,2.0,-0.83,-1.1,2.8,1.06,7.0,8.93,999.0,2.35,54.7,30.7,1.37,1.85,85.0,31.3,0.68,-15.9,1.07,,,177.71,-5.3,,,14.0,,-0.24,0.0,0.0,0.0,0.0,False,0.0,,99.7,-0.01,3.94,5.8,-0.03,0.0,3.69,3.69,6.8,7.7,-3.8,184.55,164.85,162.51,True,194.59,112.95,3.87,50.7,9.2,False,True,,100.0
GEF,"Greif, Inc.",Materials,"Metal, Glass & Plastic Containers",SP400,81.56,4.64,2026-10-01,501.0,FY,2024-10-31,,,32.9,1.07,True,12.0,17.2,2.23,17.1,8.3,5.8,,0.15,6.9,13.3,20.6,0.9,4.26,-1.4,1.9,1.32,4.0,2.06,999.0,-0.54,42.6,24.6,1.38,1.83,80.0,24.3,0.76,-19.5,0.99,,,87.2,6.9,,2.83,5.0,,-0.22,0.0,0.0,0.0,0.0,False,0.0,,96.9,0.03,,1.2,0.13,2.61,0.0,2.61,4.3,-25.2,,84.65,73.72,73.27,True,90.57,55.75,2.07,44.5,5.8,False,False,LAPKEU-LAMA,60.0
FDX,FedEx,Industrials,Air Freight & Logistics,SP500,287.07,67.92,2026-10-01,501.0,TTM-4Q,2026-05-31,,,512.1,1.04,True,8.0,15.3,2.15,13.8,12.5,6.5,7.5,1.24,8.1,14.8,,0.5,1.11,-4.8,0.2,2.01,7.0,2.48,5.6,-0.01,73.2,12.6,1.48,1.82,70.0,28.9,0.97,-17.3,0.8,,,355.1,23.7,,1.79,26.0,,-0.19,-1.64,0.0,1.64,0.0,False,-0.002,2026-06-30,82.7,0.04,2.05,3.4,0.08,2.02,-0.29,1.73,7.7,8.3,-1.6,313.85,310.45,298.72,True,345.37,180.99,6.86,35.1,-10.6,False,False,,100.0
DAR,Darling Ingredients,Consumer Staples,Agricultural Products & Services,SP400,61.64,9.73,2026-10-01,501.0,TTM-4Q,2026-07-04,2026-10-29,20.0,141.7,1.17,True,9.2,16.3,1.85,9.7,10.9,6.1,,0.73,8.7,12.1,26.3,0.7,2.57,-7.1,4.0,2.26,8.0,2.56,4.3,-0.08,119.3,8.9,1.88,1.81,90.0,34.1,0.41,-19.0,0.21,,,81.58,32.4,,1.25,12.0,68.4,1.61,-2.06,0.06,2.12,1.0,False,-0.021,2026-09-02,108.1,-0.0,4.32,2.6,-0.12,0.0,0.73,0.73,14.9,467.5,0.6,63.48,60.48,56.07,True,69.98,29.15,2.31,43.7,6.3,False,False,,100.0
PEB,Pebblebrook Hotel Trust,Real Estate,Hotel & Resort REITs,SP600,18.81,2.12,2026-10-01,501.0,TTM-4Q,2026-06-30,,,40.9,1.12,True,,,0.88,,,-2.2,9.7,0.21,1.1,-1.8,,1.0,,-6.0,0.9,,4.0,,0.6,-0.96,56.1,40.2,1.52,1.81,89.0,31.6,1.06,-12.2,-0.84,,,,,,,,,,-0.77,0.0,0.77,0.0,False,-0.036,2026-08-03,,,,,0.02,0.22,3.34,3.56,2.1,,7.4,18.39,16.29,15.21,True,19.93,9.99,0.49,59.9,-2.4,False,True,DILUSI,100.0
CBRL,Cracker Barrel,Consumer Discretionary,Restaurants,SP600,51.72,1.16,2026-10-01,501.0,TTM-4Q,2026-07-31,2026-12-09,49.0,57.0,0.66,True,13.2,36.5,2.42,26.5,7.6,2.7,7.6,-0.25,-1.4,6.7,69.1,0.5,2.72,-8.3,1.6,6.51,6.0,2.27,-999.0,0.3,26.3,92.5,1.06,1.8,91.0,56.1,0.97,-43.0,-0.73,,,49.71,-3.9,,3.11,7.0,469.9,0.17,0.0,0.0,0.0,0.0,False,0.0,,106.4,0.06,42.13,7.2,0.14,2.0,0.0,2.0,-4.7,-31.7,0.4,53.72,41.82,38.91,True,60.26,24.85,2.57,51.8,-5.8,False,False,SHORT-TINGGI,100.0
MOG-A,Moog Inc.,Industrials,Aerospace & Defense,SP400,390.19,12.52,2026-10-01,501.0,TTM-4Q,2026-06-27,,,104.4,0.89,True,19.3,33.2,5.63,32.5,5.2,3.0,2.8,-0.54,16.2,18.2,28.2,0.4,1.22,-2.4,0.4,1.29,7.0,5.5,8.6,0.19,76.4,21.2,1.42,1.78,88.0,34.5,0.99,-20.2,0.55,,,446.4,14.4,,2.0,5.0,,0.51,0.0,0.0,0.0,0.0,False,0.0,,104.9,0.09,3.35,1.5,0.18,0.3,0.62,0.92,15.7,76.9,0.6,390.21,359.07,341.87,True,448.85,192.33,12.19,57.4,-8.9,False,False,,100.0
PAYC,Paycom,Industrials,Human Resource & Employment Services,SP600,227.47,10.25,2026-10-01,501.0,TTM-4Q,2026-06-30,,,169.9,0.68,True,13.7,21.0,17.94,,7.3,4.8,5.6,0.0,28.2,41.1,83.7,0.8,0.88,-6.8,1.2,1.64,7.0,2.87,39.8,2.73,15.4,97.8,1.22,1.76,94.0,46.3,0.99,-45.2,-0.54,,,,,,,,,-0.07,-0.67,0.0,0.67,0.0,False,-0.007,2026-08-28,,,,,0.07,0.75,0.0,0.75,9.2,17.3,-18.8,211.59,158.16,154.57,True,244.98,104.9,7.58,59.5,59.3,False,True,,100.0
JBHT,J.B. Hunt,Industrials,Cargo Ground Transportation,SP500,227.2,21.34,2026-10-01,501.0,TTM-4Q,2026-06-30,,,303.7,0.59,True,13.4,31.6,5.83,22.7,7.4,3.2,5.2,-0.04,14.2,18.4,,,0.68,-11.4,2.6,2.37,9.0,,13.7,1.19,92.7,20.6,1.42,1.75,67.0,40.0,0.83,-24.8,0.42,,,298.0,31.2,,2.0,23.0,,-0.26,0.0,0.0,0.0,0.0,False,0.0,,78.8,0.0,3.21,2.6,0.0,0.79,2.57,3.36,5.3,21.8,-3.1,261.82,254.33,243.24,True,299.76,131.86,7.66,33.0,-22.5,False,False,,100.0
NTAP,NetApp,Information Technology,"Technology Hardware, Storage & Peripherals",SP500,215.05,42.24,2026-10-01,501.0,TTM-4Q,2026-07-31,,,502.3,0.89,True,20.3,29.8,28.25,19.3,4.9,3.4,3.9,-0.04,38.5,114.8,80.3,5.8,-0.54,-4.6,1.2,1.34,8.0,3.98,999.0,1.23,57.3,81.0,1.6,1.74,96.0,43.3,1.41,-22.4,0.92,,,197.0,-8.4,,2.3,16.0,,-0.2,-1.16,0.0,1.16,0.0,False,-0.003,2026-09-21,102.0,0.01,5.18,4.1,0.16,0.97,2.01,2.99,12.7,21.1,-1.5,191.1,149.63,138.2,True,216.81,93.69,7.75,70.1,36.0,True,True,GOODWILL,100.0
CSX,CSX Corporation,Industrials,Rail Transportation,SP500;NDX,46.54,86.21,2026-10-01,501.0,TTM-4Q,2026-06-30,2026-10-21,14.0,507.6,1.23,True,15.7,26.7,6.12,20.5,6.4,3.7,3.2,-0.29,11.8,24.4,,,2.64,-4.8,1.1,1.65,9.0,2.71,5.9,-0.05,38.9,18.2,1.33,1.74,71.0,21.5,0.68,-13.4,1.41,,,53.06,14.0,,1.92,23.0,4.2,-0.44,-2.28,0.0,2.28,0.0,False,-0.003,2026-07-24,81.6,0.0,2.2,4.5,-0.01,1.16,0.86,2.03,2.5,3.9,-0.5,49.55,46.31,44.25,True,53.6,33.63,0.88,34.9,-7.2,False,False,,100.0
ASH,Ashland Global,Materials,Diversified Chemicals,SP400,68.61,3.14,2026-10-01,501.0,TTM-4Q,2026-06-30,2026-11-03,23.0,46.0,0.85,True,12.4,60.4,1.68,15.9,8.0,1.7,8.0,0.55,2.7,2.8,31.5,1.9,2.85,-6.2,10.0,6.44,8.0,,999.0,-0.05,62.3,38.2,1.32,1.74,79.0,38.1,1.1,-24.2,0.2,,,80.18,16.9,,1.58,11.0,3.6,-0.64,0.0,0.0,0.0,0.0,False,0.0,,119.3,0.0,10.83,7.8,0.12,2.42,0.0,2.42,-1.4,,0.0,71.63,62.84,62.54,True,78.25,47.12,1.79,40.2,-0.2,False,False,,100.0
MTRN,Materion Corp.,Materials,Diversified Metals & Mining,SP600,285.14,5.94,2026-10-01,501.0,TTM-4Q,2026-07-03,,,63.8,1.58,True,32.2,65.9,5.97,33.8,3.1,1.5,,-0.89,8.3,9.5,16.0,1.2,2.22,-1.0,2.0,1.2,6.0,6.5,4.1,-0.59,94.5,58.5,1.31,1.73,96.0,58.4,1.48,-36.3,-1.0,,,303.75,6.5,,,5.0,,1.12,-9.38,0.0,9.38,0.0,False,-0.158,2026-09-01,99.0,0.12,3.92,2.2,-0.71,0.2,0.0,0.2,21.6,453.5,1.2,250.38,217.69,198.5,True,304.58,109.61,11.26,69.3,4.7,False,True,,100.0
NDSN,Nordson Corporation,Industrials,Industrial Machinery & Supplies & Components,SP500,329.02,18.33,2026-10-01,501.0,TTM-4Q,2026-07-31,,,113.7,0.91,True,23.0,33.0,5.61,25.3,4.4,3.0,4.0,-0.57,13.0,17.8,55.3,,2.06,-3.6,2.1,1.39,8.0,6.32,8.8,0.75,39.8,18.0,1.32,1.73,85.0,21.8,0.98,-14.1,1.07,,,349.71,6.3,,2.0,7.0,,-0.17,-0.79,0.0,0.79,0.0,False,-0.004,2026-09-15,78.3,0.01,3.06,3.5,-0.0,1.0,1.06,2.06,7.0,22.0,-1.2,314.59,292.75,286.68,True,339.12,223.29,6.06,62.9,10.5,False,True,GOODWILL,100.0
SXT,Sensient Technologies,Materials,Specialty Chemicals,SP600,128.42,5.47,2026-10-01,501.0,TTM-4Q,2026-06-30,,,43.6,0.9,True,20.6,34.6,4.34,,4.9,2.9,0.1,-0.92,9.3,13.1,34.6,0.8,2.43,1.5,0.9,0.78,6.0,5.59,7.7,-0.03,45.9,48.3,1.22,1.7,84.0,38.6,0.69,-18.9,0.78,,,,,,,,,-0.02,-0.16,0.0,0.16,0.0,False,-0.003,2026-08-05,,,,,0.06,1.28,0.0,1.28,8.1,17.2,0.4,130.23,114.81,110.04,True,138.82,82.6,3.09,45.5,0.6,False,False,,100.0
STLD,Steel Dynamics,Materials,Steel,SP500,226.17,32.42,2026-10-01,501.0,TTM-4Q,2026-06-30,,,240.8,1.03,True,13.5,20.2,3.44,,7.4,5.0,2.9,-0.24,12.6,17.6,14.7,6.2,1.36,0.2,9.2,0.98,7.0,5.8,18.2,-0.42,69.3,28.3,1.34,1.69,84.0,36.4,1.28,-22.4,0.1,,,,,,,,,0.46,0.0,0.0,0.0,0.0,False,0.0,,,,,,0.07,0.91,2.36,3.28,19.8,54.4,-2.9,243.05,228.23,216.55,True,288.74,138.1,7.72,41.3,0.0,False,False,,100.0
CNC,Centene Corporation,Health Care,Managed Health Care,SP500,60.99,30.13,2026-10-01,501.0,TTM-4Q,2026-06-30,2026-10-27,18.0,305.6,1.13,True,,,1.34,11.4,-22.9,-16.9,29.7,-0.34,-10.6,-20.4,8.0,1.7,,-17.5,4.5,,5.0,2.8,-8.6,-0.91,82.8,92.1,1.83,1.69,89.0,47.9,0.34,-32.7,0.29,,,71.78,17.7,,2.38,18.0,132.6,-0.15,-6.89,0.0,6.89,0.0,False,-0.023,2026-08-26,101.7,-0.04,3.28,3.6,-0.0,0.0,-0.01,-0.01,13.9,-348.3,0.8,64.72,56.06,52.68,True,69.63,31.63,2.18,37.7,-12.4,False,False,,100.0
THG,Hanover Insurance,Financials,Property & Casualty Insurance,SP400,216.94,7.55,2026-10-01,501.0,TTM-4Q,2026-06-30,,,72.0,0.88,True,,10.0,2.06,,,10.0,,0.25,,21.9,,,,,1.5,,,,22.1,0.24,26.3,31.8,1.4,1.69,71.0,20.8,0.35,-10.0,1.38,,,,,,,,,-0.43,-0.51,0.0,0.51,0.0,False,-0.007,2026-08-20,,,,,0.04,1.75,3.08,4.83,5.6,36.1,-2.5,224.76,201.34,195.12,True,236.07,166.54,4.38,40.0,-4.6,False,False,,90.0
ARCB,ArcBest Corp.,Industrials,Cargo Ground Transportation,SP600,129.61,2.9,2026-10-01,501.0,TTM-4Q,2026-06-30,2026-11-04,24.0,30.6,0.64,True,14.2,177.8,2.29,13.6,7.1,0.6,6.5,-0.01,1.5,1.3,,,0.23,-10.8,3.6,17.32,7.0,4.05,999.0,-0.13,90.9,33.4,1.32,1.68,89.0,47.1,1.25,-27.7,-0.27,,,170.92,31.9,,2.0,13.0,5.2,-0.7,-3.22,0.0,3.22,0.0,False,-0.111,2026-09-15,106.4,0.02,8.34,6.0,-0.05,0.37,1.45,1.82,3.7,-89.7,-2.9,137.29,128.97,119.5,True,176.69,59.43,4.81,44.6,-9.5,False,False,,100.0
KO,Coca-Cola Company (The),Consumer Staples,Soft Drinks & Non-alcoholic Beverages,SP500,86.1,370.44,2026-10-01,501.0,TTM-4Q,2026-04-03,,,1362.2,1.21,True,26.0,27.0,11.01,24.4,3.8,3.7,3.4,-0.84,15.4,45.8,61.7,1.2,2.14,-0.9,0.9,1.07,8.0,5.37,8.8,0.51,35.4,16.4,1.39,1.65,74.0,18.7,0.12,-7.9,1.41,,,94.7,10.0,,1.75,23.0,,0.08,-33.65,0.0,33.65,0.0,False,-0.009,2026-08-20,68.2,-0.02,0.95,2.8,-0.12,2.96,0.15,3.11,5.1,27.0,0.0,87.85,82.03,79.94,True,92.49,65.84,1.23,39.7,-0.2,False,False,INSIDER-JUAL,100.0
BFH,"Bread Financial Holdings, Inc.",Financials,Consumer Finance,SP600,96.94,3.72,2026-10-01,501.0,TTM-4Q,2026-06-30,2026-10-22,15.0,64.6,1.3,True,,6.5,1.11,7.1,,15.3,,1.52,,17.4,,,,,1.0,,,,999.0,-0.06,85.1,39.4,1.55,1.65,84.0,40.2,1.42,-16.1,-0.69,,,114.81,18.4,,2.18,16.0,28.3,-0.03,-0.3,0.0,0.3,1.0,False,-0.008,2026-09-14,108.0,0.02,0.05,0.0,0.09,1.05,15.01,16.06,3.9,99.0,-13.8,106.81,93.9,89.06,True,114.53,53.83,3.63,34.1,-7.5,False,False,,90.0
PENG,"Penguin Solutions, Inc.",Information Technology,Semiconductors,SP600,54.98,2.82,2026-10-01,501.0,TTM-4Q,2026-05-29,,,71.4,0.84,True,17.7,29.1,6.42,,5.7,3.4,-2.5,-0.36,8.3,18.9,27.9,2.5,0.02,7.8,6.0,-0.61,3.0,2.36,999.0,-1.27,81.1,160.8,1.47,1.65,97.0,82.4,2.46,-46.3,-1.46,,,,,,,,,,0.0,0.0,0.0,0.0,False,0.0,2026-08-24,,,,,0.15,0.0,2.15,2.15,12.0,,2.5,53.21,46.15,39.52,True,89.86,16.04,3.08,53.5,-12.8,False,False,F-RENDAH,100.0
NWE,NorthWestern Energy,Utilities,Multi-Utilities,SP400,68.53,4.22,2026-10-01,501.0,TTM-4Q,2026-06-30,,,33.4,0.95,True,13.5,24.6,1.46,17.3,7.4,4.1,-4.6,-0.38,4.9,5.9,,,6.21,-2.9,0.2,2.43,5.0,,999.0,-0.64,24.0,7.3,0.68,1.64,60.0,23.0,0.16,-10.5,0.37,,,73.75,7.6,,2.29,6.0,,-0.66,0.0,0.0,0.0,0.0,False,0.0,,97.9,0.03,4.29,5.3,0.32,3.86,0.0,3.86,10.7,-24.0,0.5,70.1,70.19,69.41,True,75.18,56.62,1.5,45.2,-6.3,False,False,,100.0
IEX,IDEX Corporation,Industrials,Industrial Machinery & Supplies & Components,SP500,229.85,16.94,2026-10-01,501.0,TTM-4Q,2026-06-30,,,135.5,1.14,True,19.1,32.6,4.23,23.9,5.2,3.1,3.8,-0.41,9.6,13.0,44.7,0.2,1.31,-2.9,1.5,1.38,6.0,5.5,999.0,0.28,39.0,16.9,1.27,1.63,79.0,21.9,0.92,-14.5,1.12,,,255.93,11.3,,,14.0,,-0.2,-0.09,0.0,0.09,0.0,False,-0.001,2026-08-12,105.4,-0.0,3.25,3.9,-0.02,1.26,1.78,3.04,7.3,10.7,-1.7,229.6,216.05,210.63,True,243.8,159.27,4.64,54.5,0.1,False,True,,100.0
RNG,"RingCentral, Inc.",Information Technology,Application Software,SP600,78.31,6.78,2026-10-01,501.0,TTM-4Q,2026-06-30,,,117.7,0.83,True,19.5,61.5,,,5.1,1.6,9.4,0.17,24.6,,71.8,1.4,2.52,-37.5,14.0,6.08,8.0,2.94,2.8,1.78,151.1,86.3,1.78,1.63,98.0,66.7,1.48,-29.3,0.14,,,,,,,,,,0.0,0.0,0.0,0.0,False,0.0,2026-09-14,,,,,0.15,0.0,6.3,6.3,5.2,,-5.9,67.14,48.95,43.94,True,81.9,24.14,3.35,62.8,90.8,False,True,GOODWILL,100.0
MSM,MSC Industrial Direct,Industrials,Trading Companies & Distributors,SP400,128.5,7.18,2026-10-01,501.0,TTM-4Q,2026-05-30,,,92.0,1.74,True,17.7,31.0,5.06,23.6,5.7,3.2,3.1,-0.42,13.0,16.6,40.8,0.5,1.0,-3.0,2.1,1.32,6.0,6.48,15.0,0.41,32.6,30.8,1.18,1.63,87.0,27.0,0.8,-11.1,1.21,,,131.0,1.9,,2.6,7.0,,-0.33,0.0,0.0,0.0,0.0,False,0.0,,86.5,0.0,5.43,4.4,0.0,2.69,0.2,2.89,4.4,16.5,0.4,121.81,110.72,105.1,True,130.46,78.8,3.13,65.8,2.0,False,True,,100.0
KALU,Kaiser Aluminum Corporation,Materials,Aluminum,SP600,148.39,2.43,2026-10-01,501.0,TTM-4Q,2026-06-30,,,33.0,1.13,True,7.3,10.7,2.57,12.8,13.6,9.4,3.6,0.57,13.5,26.4,14.5,,2.11,1.5,2.3,0.82,6.0,3.08,6.2,-0.56,116.6,25.8,1.37,1.62,80.0,51.9,1.74,-26.0,-0.81,,,168.25,13.4,,2.25,4.0,,1.15,0.0,0.0,0.0,0.0,False,0.0,,103.0,0.02,6.99,4.3,0.13,2.14,0.0,2.14,32.8,209.3,2.7,162.15,159.4,151.19,True,199.89,75.51,6.56,41.6,-17.9,False,False,,100.0
WKC,World Kinect Corporation,Energy,Oil & Gas Refining & Marketing,SP600,35.68,1.83,2026-10-01,501.0,TTM-4Q,2026-06-30,,,40.9,0.8,True,86.0,,1.45,,1.2,-9.8,1.1,-1.65,-2.2,-12.6,2.7,0.3,21.55,-4.1,4.4,,7.0,6.81,-0.5,-2.31,39.2,54.0,1.67,1.62,88.0,28.0,0.59,-19.5,0.61,,,,,,,,,,-1.96,0.0,1.96,0.0,False,-0.107,2026-09-02,,,,,0.1,2.36,7.08,9.44,7.6,,-7.9,36.48,30.78,29.55,True,41.2,22.21,0.95,49.9,4.7,False,False,,100.0
AIZ,Assurant,Financials,Multi-line Insurance,SP500,266.24,13.13,2026-10-01,501.0,TTM-4Q,2026-06-30,2026-11-03,23.0,109.9,0.99,True,,12.3,2.15,11.4,,8.1,,-0.31,,18.3,,,,,0.9,,,,12.8,0.05,31.5,30.6,1.39,1.61,67.0,22.3,0.63,-12.9,0.94,,,330.0,23.9,,1.43,6.0,23.7,-0.02,-1.19,0.0,1.19,0.0,False,-0.009,2026-08-06,99.8,0.0,3.55,4.2,-0.01,1.35,2.88,4.22,9.4,48.3,-2.5,280.38,255.58,250.27,True,303.94,206.03,5.56,37.0,-7.1,False,False,,90.0
OKTA,"Okta, Inc.",Information Technology,Application Software,SP400,212.63,38.02,2026-10-01,501.0,TTM-4Q,2026-07-31,,,753.5,0.8,True,,128.4,5.45,48.6,,0.8,2.6,-0.31,2.9,4.3,78.1,3.1,,-7.4,5.9,3.33,9.0,10.73,77.3,0.22,81.5,110.3,1.53,1.61,98.0,62.9,0.99,-33.7,0.44,,,207.6,-2.4,,1.66,43.0,,-0.2,0.0,0.0,0.0,0.0,False,0.0,2026-09-22,99.4,0.0,5.49,1.9,0.16,0.0,0.0,0.0,11.2,76.2,-1.2,163.25,119.74,111.52,True,213.86,62.66,9.72,69.5,46.6,True,True,,90.0
SJM,J.M. Smucker Company (The),Consumer Staples,Packaged Foods & Meats,SP500,115.95,12.39,2026-10-01,501.0,TTM-4Q,2026-07-31,,,160.1,0.94,True,13.9,54.0,2.15,,7.2,1.9,12.8,0.49,4.1,3.9,38.7,2.5,4.87,-9.9,3.9,8.32,8.0,1.43,999.0,-0.33,26.0,40.5,1.18,1.61,69.0,28.1,0.3,-22.8,0.43,,,,,,,,,,-14.5,0.0,14.5,0.0,False,-0.117,2026-08-31,,,,,-0.37,3.77,0.05,3.83,5.1,,,122.48,110.2,108.55,True,135.89,88.25,2.93,33.0,-2.8,False,False,ZONA-BAHAYA;INSIDER-JUAL,100.0
ILMN,"Illumina, Inc.",Health Care,Life Sciences Tools & Services,SP500,265.72,40.12,2026-10-01,501.0,TTM-4Q,2026-06-28,,,995.9,0.48,True,35.5,48.6,14.14,43.5,2.8,2.1,2.3,-0.43,15.8,32.4,66.4,2.8,0.71,-4.2,16.1,1.33,6.0,7.64,8.9,0.22,118.1,63.6,1.9,1.61,97.0,47.8,1.11,-25.7,-0.23,,,202.65,-23.7,,2.43,20.0,,-0.31,-436.16,0.0,436.16,0.0,False,-1.087,2026-09-04,106.5,0.01,11.47,5.5,-0.92,0.0,1.25,1.25,4.9,-34.4,-2.5,217.37,170.98,162.01,True,280.17,88.0,11.32,67.6,37.3,False,True,INSIDER-JUAL,90.0
TILE,"Interface, Inc.",Industrials,Office Services & Supplies,SP600,34.45,1.99,2026-10-01,501.0,TTM-4Q,2026-07-05,,,18.1,0.89,True,9.0,13.7,2.94,,11.1,7.3,6.2,0.93,18.5,23.2,40.5,1.7,0.52,-2.5,2.9,1.22,8.0,4.67,12.5,0.65,28.2,44.5,1.1,1.6,71.0,33.0,0.78,-29.9,0.49,,,,,,,,,-0.07,-0.92,0.0,0.92,0.0,False,-0.046,2026-09-24,,,,,0.04,0.3,1.74,2.04,6.5,52.0,-1.3,36.01,31.55,31.39,True,40.5,24.4,0.97,41.5,-5.8,False,False,,100.0
LNTH,Lantheus Holdings,Health Care,Health Care Supplies,SP400,99.65,6.5,2026-10-01,501.0,TTM-4Q,2026-06-30,,,101.5,0.6,True,16.6,23.6,4.96,15.6,6.0,4.2,6.0,0.22,12.7,22.2,60.1,7.3,-0.06,-6.1,10.8,1.5,5.0,5.45,15.3,-0.53,96.7,33.3,1.96,1.59,87.0,33.1,0.36,-12.8,1.19,,,107.74,8.1,,,8.0,,-0.23,0.0,0.0,0.0,0.0,False,0.0,,117.0,0.02,7.23,3.4,0.06,0.0,0.0,0.0,2.3,1.6,-4.0,100.86,94.58,87.9,True,111.86,49.67,0.59,39.8,-11.6,False,False,,100.0
KRYS,Krystal Biotech,Health Care,Biotechnology,SP400,325.31,9.63,2026-10-01,501.0,TTM-4Q,2026-06-30,,,95.8,0.79,True,43.1,39.9,7.08,34.9,2.3,2.5,2.7,-0.39,16.5,20.1,,,-4.15,-2.3,15.1,1.13,6.0,42.42,999.0,0.34,106.1,40.5,1.94,1.58,82.0,37.7,0.58,-17.3,0.74,,,392.11,20.5,,1.25,9.0,,0.11,-8.23,0.0,8.23,0.0,False,-0.085,2026-09-04,102.5,-0.0,17.5,13.6,-0.03,0.0,0.0,0.0,22.6,64.6,3.1,342.53,312.6,300.98,True,382.54,175.85,10.67,38.2,-15.4,False,False,,100.0
RHI,Robert Half,Industrials,Human Resource & Employment Services,SP600,37.79,3.87,2026-10-01,501.0,TTM-4Q,2026-06-30,,,68.4,0.85,True,57.9,33.7,3.2,,1.7,3.0,5.6,-0.74,0.5,9.1,36.8,2.0,-5.31,-5.0,7.0,2.23,5.0,3.56,999.0,-0.07,39.2,82.8,1.06,1.57,87.0,57.6,1.02,-35.2,-0.55,,,,,,,,,-1.03,0.0,0.0,0.0,0.0,False,0.0,,,,,,0.07,6.16,0.72,6.88,-4.9,-35.5,-0.2,40.39,32.36,31.25,True,46.7,21.83,1.48,45.2,10.0,False,False,,100.0
WDC,Western Digital,Information Technology,"Technology Hardware, Storage & Peripherals",SP500;NDX,462.56,166.77,2026-10-01,501.0,TTM-4Q,2026-07-03,,,3044.1,0.92,True,34.4,17.7,18.81,,2.9,5.7,2.1,-0.14,42.5,133.0,48.9,9.2,-0.11,39.4,27.1,0.42,7.0,23.15,27.0,-0.8,275.8,51.3,2.06,1.57,98.0,79.4,2.2,-44.8,-1.16,,,,,,,,,0.85,-3.34,0.0,3.34,0.0,False,-0.002,2026-09-04,,,,,0.14,0.1,1.55,1.66,35.7,398.9,6.7,469.02,453.99,398.81,True,799.87,112.52,26.13,51.6,-16.3,False,False,DILUSI,100.0
VICR,Vicor Corporation,Industrials,Electrical Components & Equipment,SP400,308.59,14.58,2026-10-01,501.0,TTM-4Q,2026-03-31,,,220.0,1.64,True,118.4,106.7,19.34,,0.8,0.9,0.6,-1.52,14.8,20.5,38.3,6.2,-3.37,2.9,5.5,0.84,6.0,175.28,999.0,-0.18,254.0,11.3,1.4,1.57,99.0,95.0,2.33,-53.7,-3.0,,,,,,,,,3.0,-1.02,0.0,1.02,0.0,False,-0.007,2026-09-01,,,,,0.07,0.0,0.0,0.0,96.1,490.6,3.9,218.06,238.91,215.37,True,382.65,48.53,18.78,75.2,6.3,False,False,,100.0
GWW,W. W. Grainger,Industrials,Industrial Machinery & Supplies & Components,SP500,1281.68,60.37,2026-10-01,501.0,TTM-4Q,2026-06-30,,,346.6,1.1,True,20.2,32.3,14.61,25.1,4.9,3.1,2.5,-0.65,30.3,47.9,39.4,1.2,0.59,-3.3,2.6,1.16,7.0,12.79,999.0,1.5,38.5,18.7,1.21,1.56,72.0,23.5,0.68,-13.3,1.35,,,1331.64,3.9,,2.79,14.0,,-0.23,0.0,0.0,0.0,0.0,False,0.0,,77.0,0.01,2.64,4.6,0.0,0.82,1.65,2.47,7.8,-2.7,-1.9,1304.27,1247.99,1205.3,True,1419.91,906.52,25.81,50.6,-7.0,False,False,,100.0
LITE,Lumentum,Information Technology,Communications Equipment,SP500;NDX,1045.78,93.81,2026-10-01,501.0,TTM-4Q,2026-06-27,,,4523.0,1.64,True,119.5,,20.2,30.3,0.8,-7.4,0.3,-1.32,7.2,-240.0,41.7,9.8,0.63,-133.4,47.5,,5.0,20.56,24.1,0.54,434.0,13.6,2.31,1.56,99.0,96.8,2.08,-42.8,-1.39,,,1149.38,9.9,,1.5,26.0,,-2.98,0.0,0.0,0.0,0.0,False,0.0,2026-09-25,94.3,0.05,7.92,1.6,0.22,0.0,0.0,0.0,83.2,-26876.4,7.2,873.99,841.8,741.67,True,1085.68,147.81,67.15,63.7,40.0,False,True,DILUSI,100.0
TRV,Travelers Companies (The),Financials,Property & Casualty Insurance,SP500,361.64,75.43,2026-10-01,501.0,TTM-4Q,2026-06-30,,,517.6,0.9,True,,9.1,2.28,,,11.0,,0.27,,26.5,,,,,0.8,,,,23.7,0.66,31.9,25.8,1.39,1.54,78.0,20.8,0.33,-9.9,1.4,,,,,,,,,-0.48,-23.5,0.0,23.5,0.0,False,-0.031,2026-08-28,,,,,0.02,1.31,7.1,8.41,2.4,58.3,-6.8,371.94,329.95,319.79,True,398.7,252.26,6.78,43.8,3.0,False,False,INSIDER-JUAL,90.0
KOP,"Koppers Holdings, Inc.",Materials,Commodity Chemicals,SP600,45.19,0.85,2026-10-01,501.0,TTM-4Q,2026-06-30,,,7.7,1.17,False,52.7,,2.21,9.2,1.9,-10.2,16.2,0.71,-2.4,-19.0,22.4,2.1,26.53,-15.2,1.0,,4.0,1.99,-0.7,-0.4,65.6,22.5,1.27,1.53,86.0,34.7,0.94,-14.2,0.75,,,57.0,26.1,,1.5,3.0,,-1.52,-4.86,0.0,4.86,0.0,False,-0.568,2026-08-31,105.4,0.01,5.38,4.7,-1.75,0.82,6.04,6.86,-5.0,-675.5,-5.5,47.24,43.23,39.95,True,53.0,25.0,1.35,41.2,-4.7,False,False,TIPIS,100.0
DGII,Digi International Inc.,Information Technology,Communications Equipment,SP600,73.39,2.79,2026-10-01,501.0,TTM-4Q,2026-06-30,2026-11-11,29.0,27.5,1.03,True,34.3,57.1,4.06,23.4,2.9,1.7,4.9,-0.05,7.6,7.5,63.8,3.1,0.96,-10.3,0.9,2.84,6.0,7.25,8.9,0.05,95.1,44.9,1.77,1.53,92.0,39.6,1.46,-21.8,0.99,,,85.4,16.4,,1.4,5.0,13.0,-0.05,0.0,0.0,0.0,0.0,False,0.0,,107.3,0.0,6.19,4.6,0.15,0.0,0.41,0.41,20.3,14.2,3.4,74.1,64.73,59.78,True,86.84,34.41,2.79,48.5,-0.8,False,False,,100.0
NHC,"National Healthcare, Corp.",Health Care,Health Care Facilities,SP600,223.35,3.5,2026-10-01,501.0,TTM-4Q,2026-06-30,,,23.8,0.93,True,18.2,24.9,3.12,519.4,5.5,4.0,4.2,0.11,9.9,13.1,,,-0.21,-3.1,2.8,1.35,7.0,7.43,56.6,-0.17,82.4,39.1,1.85,1.52,90.0,32.8,0.4,-10.1,1.23,,,,,,,,,-0.1,-5.58,0.0,5.58,0.0,False,-0.16,2026-09-22,66.8,0.02,5.38,7.4,-0.08,1.14,0.13,1.27,6.9,33.8,1.7,223.97,197.14,184.36,True,239.29,116.42,6.27,49.8,-0.3,False,False,,100.0
LPG,Dorian LPG Ltd.,Energy,Oil & Gas Storage & Transportation,SP600,56.59,2.42,2026-10-01,501.0,TTM-4Q,2026-06-30,,,35.0,1.06,True,6.3,7.5,1.96,12.1,15.8,13.3,,0.72,16.1,28.3,,,0.41,4.5,4.7,0.75,6.0,3.76,999.0,-0.49,87.4,58.6,1.74,1.51,97.0,41.9,1.04,-27.1,-0.53,,,54.6,-3.5,,,5.0,,2.91,-8.54,0.0,8.54,0.0,False,-0.353,2026-09-21,74.7,0.03,6.72,3.8,0.01,5.22,0.0,5.22,81.1,557.4,0.6,50.39,42.28,38.96,True,59.97,23.76,2.09,62.3,53.2,False,True,,100.0
TWLO,Twilio,Information Technology,Systems Software,SP400,301.27,46.27,2026-10-01,501.0,TTM-4Q,2026-06-30,,,690.6,1.02,True,99.2,40.3,5.15,,1.0,2.5,,-0.35,3.1,13.5,48.5,1.2,-3.7,0.9,4.2,0.92,5.0,14.88,999.0,-0.54,128.4,75.3,1.69,1.51,98.0,60.3,1.41,-24.7,0.47,,,,,,,,,3.0,-128.49,0.0,128.49,0.0,False,-0.278,2026-08-17,,,,,-0.93,0.0,1.88,1.88,17.8,5574.5,0.0,234.99,191.65,175.31,True,305.95,99.22,14.13,69.9,40.3,True,True,INSIDER-JUAL,100.0
ADAM,"Adamas Trust, Inc.",Real Estate,Mortgage REITs,SP600,7.78,0.7,2026-10-01,501.0,TTM-4Q,2026-06-30,2026-10-28,19.0,11.0,0.96,False,4.5,3.5,0.47,6.2,22.2,28.9,,3.0,8.9,14.2,,,1.78,0.4,2.9,0.78,,,999.0,0.57,51.5,34.8,1.36,1.5,61.0,31.7,0.8,-21.3,-0.82,,,12.12,55.8,,2.57,6.0,21.1,0.26,0.0,0.0,0.0,0.0,False,0.0,,57.6,0.0,4.27,4.1,-0.01,11.59,0.72,12.31,,225.2,2.2,9.27,8.75,8.53,True,10.36,6.45,0.23,13.4,-17.0,False,False,TIPIS,94.0
ROST,Ross Stores,Consumer Discretionary,Apparel Retail,SP500;NDX,234.1,74.78,2026-10-01,501.0,TTM-4Q,2026-08-01,,,439.1,0.9,True,18.3,28.1,11.09,,5.5,3.6,3.7,-0.74,34.1,42.6,29.7,0.9,-0.84,-6.6,1.1,1.38,9.0,7.78,999.0,0.79,51.4,4.4,1.07,1.48,81.0,26.1,0.55,-13.0,1.73,,,,,,,,,0.76,-12.77,0.0,12.77,0.0,False,-0.017,2026-09-14,,,,,0.06,0.73,1.55,2.29,14.0,28.9,-1.6,237.84,226.93,217.65,True,257.0,147.49,4.81,51.8,6.9,False,False,INSIDER-JUAL,100.0
NTRS,Northern Trust,Financials,Asset Management & Custody Banks,SP500,169.2,30.96,2026-10-01,501.0,TTM-4Q,2026-06-30,,,183.3,1.08,True,,13.8,2.31,13.3,,7.2,,-0.17,,17.1,,,,,0.2,,,,999.0,-0.06,37.9,29.8,1.35,1.47,71.0,25.0,1.02,-12.4,0.46,,,184.27,8.9,,3.0,13.0,,-0.33,-0.29,0.05,0.33,1.0,False,-0.001,2026-08-24,86.2,-0.0,2.48,4.2,-0.03,1.93,4.38,6.31,8.2,29.3,-4.4,182.53,168.51,162.64,True,195.78,121.12,3.88,30.5,-6.5,False,False,,90.0
IOSP,"Innospec, Inc.",Materials,Specialty Chemicals,SP600,95.17,2.34,2026-10-01,501.0,TTM-4Q,2026-06-30,,,21.3,1.53,True,12.3,19.3,1.74,15.5,8.1,5.2,2.9,-0.02,8.3,9.2,27.5,0.9,-1.47,-0.2,2.3,1.02,6.0,5.36,999.0,-0.17,22.9,27.3,1.08,1.47,81.0,23.3,0.94,-25.5,0.63,,,101.0,6.1,,,3.0,,0.56,0.0,0.0,0.0,0.0,False,0.0,,102.1,0.05,2.88,3.2,0.13,0.0,1.03,1.03,2.9,529.5,-1.3,92.52,82.75,82.31,True,100.48,65.51,2.13,53.8,11.6,False,True,,100.0
KFY,Korn/Ferry International,Industrials,Human Resource & Employment Services,SP600,72.37,3.95,2026-10-01,501.0,TTM-4Q,2026-07-31,,,50.6,1.04,True,7.3,14.1,1.98,11.3,13.7,7.1,8.1,1.51,11.9,14.4,,0.3,-0.86,-3.3,1.8,1.44,9.0,3.38,999.0,0.37,23.8,36.1,1.03,1.45,65.0,29.2,0.75,-16.8,1.03,,,90.25,24.7,,1.4,4.0,,-0.21,-0.98,0.0,0.98,0.0,False,-0.025,2026-09-23,96.5,0.02,5.4,4.9,0.01,2.75,2.69,5.44,6.9,11.9,-1.9,80.78,71.88,70.48,True,87.51,58.95,1.99,29.7,1.2,False,False,,100.0
BKH,Black Hills Corporation,Utilities,Multi-Utilities,SP400,70.14,5.35,2026-10-01,501.0,TTM-4Q,2026-06-30,2026-11-04,24.0,75.4,0.85,True,11.6,17.9,1.36,15.2,8.6,5.6,-5.7,0.08,5.8,7.9,,5.6,5.24,-3.1,0.0,2.1,7.0,,2.7,-0.18,22.1,5.6,0.6,1.44,54.0,22.9,0.33,-10.9,0.19,,,86.6,23.5,,1.2,5.0,33.3,-0.34,0.0,0.0,0.0,0.0,False,0.0,,104.4,0.03,18.9,13.6,0.28,3.87,-3.82,0.05,2.5,5.2,5.1,72.37,72.91,72.63,True,78.69,59.33,1.52,42.7,-7.3,False,False,DILUSI,100.0
MRVL,Marvell Technology,Information Technology,Semiconductors,SP500;NDX,268.08,235.08,2026-10-01,501.0,TTM-4Q,2026-08-01,,,4314.3,1.08,True,,89.0,12.69,39.7,,1.1,0.7,-0.59,5.9,16.5,52.2,4.2,,1.8,6.3,0.83,7.0,16.48,7.2,-0.75,150.8,97.3,1.6,1.43,98.0,77.4,2.02,-48.3,-1.09,,,289.11,7.8,,1.41,43.0,,,0.0,0.0,0.0,0.0,False,0.0,2026-09-15,81.8,-0.05,4.18,1.3,0.08,0.09,0.81,0.9,30.6,,5.8,225.47,193.95,165.97,True,329.88,70.69,13.09,63.4,6.5,False,True,DILUSI,100.0
ETSY,Etsy,Consumer Discretionary,Broadline Retail,SP600,72.84,6.69,2026-10-01,501.0,TTM-4Q,2026-06-30,2026-11-04,24.0,249.2,0.8,True,15.3,31.9,,10.6,6.5,3.1,9.7,-0.41,21.8,,72.3,0.9,3.34,-17.9,13.5,3.14,5.0,1.54,999.0,1.75,23.1,63.6,0.86,1.42,74.0,50.2,1.06,-41.7,-0.57,,,88.19,21.1,,2.43,27.0,-149.1,-0.53,-0.37,0.0,0.37,0.0,False,-0.006,2026-09-03,126.3,-0.0,13.14,3.5,0.05,0.0,9.69,9.69,3.7,27.6,-1.3,78.54,68.91,65.58,True,87.97,44.0,3.13,46.2,-7.7,False,False,ZONA-BAHAYA;GOODWILL,100.0
KEX,Kirby Corporation,Industrials,Marine Transportation,SP400,133.46,7.05,2026-10-01,501.0,TTM-4Q,2026-06-30,,,60.9,0.89,True,10.6,19.8,2.05,16.0,9.5,5.0,6.7,0.68,8.2,10.4,,,1.31,-5.8,3.7,2.0,8.0,3.23,11.0,-0.16,68.9,4.5,1.28,1.42,76.0,28.7,1.05,-15.5,0.78,,,165.5,24.0,,1.0,6.0,,-0.21,0.0,0.0,0.0,0.0,False,0.0,,102.5,-0.05,4.43,5.0,-0.11,0.0,4.74,4.74,6.6,17.2,-4.9,137.02,138.87,134.46,True,157.69,79.52,3.29,45.0,0.2,False,False,,100.0
INTC,Intel,Information Technology,Semiconductors,SP500;NDX,120.0,605.28,2026-10-01,501.0,TTM-4Q,2026-06-27,,,12348.6,0.95,True,50.9,,6.91,58.2,2.0,-1.9,0.5,-0.77,-0.0,-12.2,38.6,8.0,1.69,-13.3,7.1,,7.0,4.3,-0.1,-0.92,165.2,85.2,1.65,1.41,98.0,76.0,2.0,-41.9,-0.84,,,116.37,-3.0,,2.47,43.0,,,10.0,10.0,0.0,1.0,False,0.002,2026-08-11,62.6,0.02,3.01,1.7,0.2,0.0,0.0,0.0,7.5,,16.8,100.49,93.01,80.77,True,142.35,32.89,6.07,61.5,-2.8,False,True,DILUSI,100.0
LAD,Lithia Motors,Consumer Discretionary,Automotive Retail,SP400,306.07,6.73,2026-10-01,501.0,TTM-4Q,2026-06-30,,,104.0,1.32,True,,9.4,1.05,7.2,,10.6,-7.5,-0.83,,10.7,15.2,1.4,,3.4,3.1,-0.21,2.0,2.18,5.6,-2.0,17.9,47.9,0.86,1.41,52.0,38.1,0.99,-32.2,0.24,,,447.73,46.3,,1.8,15.0,,-0.37,-0.12,0.0,0.12,0.0,False,-0.002,2026-09-11,116.5,-0.03,13.36,9.7,-0.01,0.78,17.89,18.67,2.1,-19.3,-13.1,356.4,307.72,312.22,True,439.49,239.78,13.87,36.4,-2.6,False,False,F-RENDAH;UTANG-TAK-TERBACA,90.0
MRK,Merck & Co.,Health Care,Pharmaceuticals,SP500,143.81,354.8,2026-10-01,501.0,TTM-4Q,2026-06-30,,,1424.6,0.81,True,36.9,111.8,8.46,15.1,2.7,0.9,4.5,-0.29,5.5,7.0,73.0,2.0,4.29,-13.6,5.6,6.29,5.0,3.9,4.4,0.74,82.7,24.9,1.84,1.41,88.0,29.3,0.25,-11.4,1.42,,,153.65,6.8,,1.75,26.0,,-0.44,-29.98,0.0,29.98,0.0,False,-0.008,2026-08-13,83.1,0.01,1.4,3.1,0.04,2.34,1.19,3.52,4.6,-80.7,-1.7,142.01,126.31,122.64,True,156.92,82.01,3.52,45.1,8.2,False,True,INSIDER-JUAL,100.0
QLYS,Qualys,Information Technology,Systems Software,SP400,187.43,6.48,2026-10-01,501.0,TTM-4Q,2026-06-30,,,128.0,0.88,True,24.5,31.4,11.53,,4.1,3.2,4.8,0.0,35.6,38.6,83.3,1.7,-0.99,-11.0,4.2,1.55,7.0,8.94,999.0,1.63,33.8,105.3,1.25,1.4,93.0,55.7,1.19,-50.5,-0.07,,,,,,,,,-0.28,0.0,0.0,0.0,0.0,False,0.0,2026-09-21,,,,,0.15,0.0,3.37,3.37,10.4,11.6,-4.1,173.16,128.27,127.51,True,201.54,74.51,9.18,57.8,23.4,False,True,,100.0
FIVN,"Five9, Inc.",Information Technology,Application Software,SP600,35.75,2.67,2026-10-01,501.0,TTM-4Q,2026-06-30,,,84.0,1.28,True,21.7,44.9,3.4,9.3,4.6,2.2,7.8,0.36,3.4,7.9,54.9,1.2,0.66,-10.7,3.6,4.18,7.0,2.49,4.4,-0.18,40.6,126.0,1.25,1.4,96.0,66.7,2.03,-44.1,-0.73,,,35.55,-0.6,,1.71,20.0,,0.1,0.0,0.0,0.0,0.0,False,0.0,2026-09-17,110.5,-0.03,11.8,5.4,0.1,0.0,0.0,0.0,8.9,573.6,-3.4,32.11,23.83,22.53,True,40.0,13.29,1.97,56.7,48.7,False,True,,90.0
TKR,Timken,Industrials,Industrial Machinery & Supplies & Components,SP400,118.99,8.25,2026-10-01,501.0,TTM-4Q,2026-06-30,,,111.7,1.21,True,13.4,31.9,2.58,,7.4,3.1,4.7,0.06,6.8,8.2,30.8,1.1,2.27,-4.0,1.1,2.05,6.0,3.27,4.8,-0.37,60.6,17.4,1.17,1.39,77.0,33.3,1.04,-20.8,0.51,,,,,,,,,-0.41,-1.73,0.0,1.73,0.0,False,-0.021,2026-08-10,,,,,0.06,1.2,0.72,1.93,5.5,-16.5,0.0,125.17,120.78,114.44,True,146.37,70.57,3.11,47.5,-16.6,False,False,,100.0
SWX,Southwest Gas Corp,Utilities,Gas Utilities,SP400,81.76,5.92,2026-10-01,501.0,TTM-4Q,2026-06-30,,,70.1,0.87,True,10.8,10.8,1.44,,9.2,9.2,-8.9,0.56,4.2,14.1,,25.0,3.83,0.9,2.2,0.82,,,999.0,-2.27,17.4,3.6,0.59,1.38,42.0,17.8,0.2,-12.2,0.47,,,,,,,,,,0.0,0.0,0.0,0.0,False,0.0,,,,,,0.14,3.05,-0.33,2.73,,228.4,0.8,88.5,88.98,87.58,True,94.47,76.74,1.55,30.0,-11.3,False,False,RESTATEMENT,94.0
WLY,John Wiley & Sons,Communication Services,Publishing,SP600,48.9,2.48,2026-10-01,501.0,TTM-4Q,2026-07-31,,,28.4,1.17,True,9.3,12.5,3.11,,10.7,8.0,9.7,0.18,13.6,25.9,74.6,2.0,3.01,-3.3,5.1,1.46,7.0,2.1,5.3,0.04,34.3,37.5,0.99,1.37,79.0,36.2,0.35,-27.4,0.76,,,,,,,,,-0.25,0.0,0.0,0.0,0.0,False,0.0,,,,,,0.16,2.96,4.1,7.07,-0.3,103.7,-6.0,50.65,44.82,41.25,True,57.45,28.38,1.7,49.4,-9.6,False,False,GOODWILL,100.0
SAFT,"Safety Insurance Group, Inc.",Financials,Property & Casualty Insurance,SP600,103.81,1.52,2026-10-01,501.0,TTM-4Q,2026-06-30,,,13.2,1.29,True,,22.2,1.74,,,4.5,,-0.3,,7.8,,,,,1.8,,,,37.2,-0.46,52.8,46.6,1.28,1.37,91.0,38.9,0.21,-13.0,0.64,,,,,,,,,-0.59,-135.04,0.0,135.04,0.0,False,-8.861,2026-07-27,,,,,-1.8,3.54,0.0,3.54,7.2,-19.1,-1.5,102.83,83.25,81.89,True,103.9,67.04,0.33,74.1,30.6,False,True,INSIDER-JUAL,90.0
FA,First Advantage Corporation,Industrials,Human Resource & Employment Services,SP600,18.34,3.15,2026-10-01,501.0,TTM-4Q,2026-06-30,,,34.6,1.68,True,17.1,125.3,2.43,12.2,5.9,0.8,7.9,-0.07,3.5,1.9,,,6.2,-6.2,2.6,10.39,8.0,1.4,999.0,-1.11,31.1,80.4,0.94,1.36,76.0,59.5,1.35,-43.2,-1.18,,,26.25,43.1,,,8.0,,,-275.19,0.0,275.19,0.0,False,-8.736,2026-08-12,107.1,0.0,13.16,7.4,-1.88,0.0,0.0,0.0,32.9,,-1.1,20.7,16.68,15.85,True,25.15,8.82,0.82,36.4,-12.9,False,False,ZONA-BAHAYA;GOODWILL;INSIDER-JUAL,100.0
UGI,UGI Corp,Utilities,Gas Utilities,SP400,36.36,7.8,2026-10-01,501.0,TTM-4Q,2026-06-30,,,75.1,1.13,True,8.1,11.6,1.5,,12.4,8.6,2.4,1.83,8.9,13.3,,,3.58,-2.5,6.4,1.58,7.0,,2.7,1.12,19.2,7.7,0.55,1.35,58.0,24.4,0.07,-19.6,0.04,,,,,,,,,0.13,0.0,0.0,0.0,0.0,False,0.0,,,,,,0.14,4.13,0.27,4.4,-0.5,60.5,-0.1,36.96,36.15,36.66,True,41.34,31.62,0.75,42.5,0.8,False,False,,100.0
UNP,Union Pacific Corporation,Industrials,Rail Transportation,SP500,272.42,161.84,2026-10-01,501.0,TTM-4Q,2026-06-30,,,679.8,0.97,True,15.0,22.1,7.83,,6.7,4.5,4.0,-0.17,15.7,39.7,,,2.26,-4.2,0.4,1.4,8.0,4.16,7.9,0.31,25.5,20.7,1.03,1.34,64.0,22.4,0.52,-12.8,1.56,,,,,,,,,-0.39,0.0,0.0,0.0,0.0,False,0.0,,,,,,0.07,2.02,0.02,2.04,4.2,5.7,-0.1,291.08,272.34,264.58,True,315.99,215.53,4.96,32.4,-5.9,False,False,,100.0
AVT,Avnet,Information Technology,Technology Distributors,SP400,102.24,8.39,2026-10-01,501.0,TTM-4Q,2026-06-27,2026-10-28,19.0,132.4,0.89,True,14.3,25.1,1.67,9.3,7.0,4.0,-4.2,0.0,6.5,6.7,10.4,0.7,3.81,4.5,2.1,-0.84,5.0,3.2,2.9,-1.67,73.8,42.6,1.57,1.34,95.0,37.1,1.12,-16.4,1.46,,,106.25,3.9,,,4.0,28.8,0.35,-8.03,0.0,8.03,0.0,False,-0.096,2026-08-19,110.6,-0.02,11.98,7.2,-0.26,1.36,1.65,3.01,24.5,39.2,-4.6,93.36,82.85,76.19,True,104.58,44.25,3.83,62.0,21.3,False,True,,100.0
WELL,Welltower,Real Estate,Health Care REITs,SP500,226.94,160.2,2026-10-01,501.0,TTM-4Q,2026-03-31,,,612.0,1.09,True,,110.0,3.66,,,0.9,1.2,-1.29,,3.7,39.8,0.8,,-2.5,0.6,2.03,7.0,,999.0,-0.72,36.9,21.8,1.29,1.34,69.0,22.8,0.27,-12.6,0.79,,,,,,,,,1.98,1.2,1.2,0.0,1.0,False,0.001,2026-08-26,,,,,0.06,1.23,-5.28,-4.05,37.6,32.6,11.1,236.05,221.02,213.9,True,255.2,163.75,4.75,38.4,-6.3,False,False,DILUSI,100.0
CSCO,Cisco,Information Technology,Communications Equipment,SP500;NDX,108.76,428.8,2026-10-01,501.0,TTM-4Q,2026-07-25,2026-11-12,30.0,1974.9,0.7,True,27.1,32.3,8.53,19.3,3.7,3.1,3.0,-0.14,17.6,27.3,64.5,1.0,0.43,-0.7,1.8,1.07,7.0,4.11,10.5,0.2,63.7,42.1,1.53,1.34,86.0,34.5,0.9,-17.8,1.63,,,137.25,26.2,,1.82,24.0,4.4,-0.41,0.0,0.0,0.0,0.0,False,0.0,2026-09-14,83.4,0.01,1.46,4.0,0.16,1.53,1.24,2.76,11.8,30.3,-0.3,112.11,104.12,97.55,True,130.37,66.81,2.55,48.2,-5.9,False,False,GOODWILL,100.0
SPHR,Sphere Entertainment,Communication Services,Movies & Entertainment,SP600,128.55,4.65,2026-10-01,501.0,TTM-4Q,2026-06-30,,,71.9,1.63,True,26.1,,2.09,,3.8,-1.5,,-0.45,-4.1,-3.1,,,0.54,-11.4,5.2,,8.0,1.72,-999.0,0.05,114.6,11.3,1.24,1.34,80.0,50.6,1.59,-27.1,-0.43,,,,,,,,,,0.0,0.0,0.0,0.0,False,0.0,,,,,,0.16,0.0,0.0,0.0,23.4,,-19.4,148.2,139.04,128.81,True,181.63,57.01,6.39,32.4,-23.5,False,False,ZONA-BAHAYA;DISTRES,100.0
SNDR,Schneider National,Industrials,Cargo Ground Transportation,SP600,32.31,5.69,2026-10-01,501.0,TTM-4Q,2026-06-30,,,22.4,1.0,True,9.3,51.0,1.86,,10.8,2.0,5.5,0.6,3.8,3.7,,2.3,0.1,-10.5,3.9,5.69,5.0,3.65,5.6,0.08,60.5,27.2,1.09,1.33,74.0,40.3,0.71,-22.2,0.61,,,,,,,,,-0.35,-2.61,0.0,2.61,0.0,False,-0.046,2026-08-04,,,,,0.04,1.19,0.2,1.4,6.2,-10.9,0.2,34.48,32.58,31.56,True,39.27,20.11,0.93,41.8,-12.0,False,False,,100.0
CROX,Crocs,Consumer Discretionary,Footwear,SP400,119.24,5.72,2026-10-01,501.0,TTM-4Q,2026-06-30,2026-10-29,20.0,136.6,0.91,True,7.4,9.6,4.13,8.0,13.5,10.4,12.3,0.61,23.9,42.3,57.5,3.1,1.23,-3.8,18.2,1.29,7.0,4.05,10.1,0.6,38.0,38.0,0.86,1.33,82.0,43.9,0.79,-24.3,0.51,,,138.25,15.9,,,12.0,4.6,0.22,-3.54,0.61,4.15,2.0,True,-0.062,2026-09-15,103.5,-0.1,13.15,4.8,0.85,0.0,11.27,11.27,-2.0,150.9,-11.0,124.74,112.32,106.33,True,141.28,73.21,4.43,46.9,-7.2,False,False,,100.0
DAVE,"Dave, Inc.",Financials,Consumer Finance,SP600,339.59,4.65,2026-10-01,501.0,TTM-4Q,2026-06-30,2026-11-04,24.0,109.4,0.89,True,,20.9,22.35,15.4,,4.8,,-0.97,,104.8,,,,,35.0,,,,29.6,2.44,70.9,96.4,1.19,1.32,90.0,70.2,2.01,-39.1,-3.0,,,444.21,30.8,,1.6,14.0,7.3,2.37,0.0,0.0,0.0,0.0,False,0.0,,110.0,0.0,20.2,6.4,-0.02,0.0,5.22,5.22,48.6,303.9,-6.0,358.48,299.17,273.04,True,458.25,152.21,19.53,47.4,-14.5,False,False,SHORT-TINGGI,90.0
PRSU,"Pursuit Attractions & Hospitality, Inc.",Consumer Discretionary,"Hotels, Resorts & Cruise Lines",SP600,50.95,1.39,2026-10-01,501.0,TTM-4Q,2026-06-30,,,11.7,1.24,True,12.1,36.2,2.59,,8.3,2.8,-0.4,-0.71,8.7,7.2,92.5,2.4,1.24,-4.1,15.9,2.03,7.0,2.93,7.5,0.91,30.5,26.6,0.87,1.32,82.0,32.8,1.02,-18.4,0.86,,,,,,,,,0.91,0.0,0.0,0.0,0.0,False,0.0,,,,,,0.08,0.0,0.0,0.0,26.4,-88.7,-1.5,49.07,45.51,42.94,True,56.52,32.03,1.4,63.3,-10.3,False,True,,100.0
GKOS,Glaukos Corp.,Health Care,Health Care Equipment,SP600,163.17,9.62,2026-10-01,501.0,TTM-4Q,2026-06-30,,,142.4,0.94,True,,,14.1,322.6,-1.6,-2.0,-0.1,-1.08,-21.1,-26.0,60.7,8.2,,-19.6,5.2,,3.0,23.29,-39.4,-0.6,116.7,56.9,1.7,1.32,91.0,51.1,0.94,-28.4,-0.23,,,198.69,21.8,,1.36,13.0,,,-13.83,0.0,13.83,0.0,False,-0.144,2026-09-16,105.1,-0.34,8.55,6.4,-0.35,0.0,0.0,0.0,41.5,,2.8,171.76,141.12,134.77,True,191.62,73.16,6.81,46.1,7.2,False,False,F-RENDAH;INSIDER-JUAL,100.0
HALO,Halozyme,Health Care,Biotechnology,SP400,106.94,12.14,2026-10-01,501.0,TTM-4Q,2026-06-30,,,279.7,0.94,True,23.1,29.3,84.56,10.3,4.3,3.4,6.6,0.02,20.5,173.7,82.4,,3.24,-17.5,13.0,1.98,5.0,4.76,29.4,1.92,46.9,64.7,1.53,1.32,93.0,36.5,0.29,-24.1,0.85,,,99.56,-6.9,,,9.0,,0.0,0.0,0.0,0.0,0.0,False,0.0,2026-09-16,112.1,0.0,17.5,9.8,0.05,0.0,0.0,0.0,41.2,-25.8,-2.4,102.35,80.12,78.1,True,116.85,61.23,3.05,47.2,31.2,False,True,GOODWILL,100.0
OII,"Oceaneering International, Inc.",Energy,Oil & Gas Equipment & Services,SP600,44.36,4.42,2026-10-01,501.0,TTM-4Q,2026-06-30,,,44.4,0.83,True,10.5,12.6,3.79,19.1,9.5,7.9,5.1,-0.19,19.9,34.9,19.8,2.3,-0.36,1.3,5.6,0.91,7.0,4.61,8.3,0.13,107.1,49.3,1.69,1.32,92.0,46.1,0.9,-19.4,-0.24,,,46.0,3.7,,3.25,4.0,,-0.29,-1.56,0.0,1.56,0.0,False,-0.035,2026-08-07,108.2,0.0,10.54,8.2,-0.04,0.0,0.68,0.68,3.8,73.2,-0.6,49.27,41.58,38.46,True,54.25,22.02,1.73,36.9,12.3,False,False,,100.0
FBP,First BanCorp (Puerto Rico),Financials,Regional Banks,SP600,26.66,4.07,2026-10-01,501.0,TTM-4Q,2026-06-30,,,39.7,1.33,True,,10.9,2.06,10.5,,9.2,,0.16,,19.5,,,,,0.1,,,,999.0,0.11,29.4,31.1,1.22,1.31,76.0,24.8,0.85,-13.0,0.62,,,31.71,19.0,,,7.0,,-0.47,-1.33,0.0,1.33,0.0,False,-0.033,2026-09-02,98.3,0.02,7.13,6.4,0.08,2.94,5.04,7.98,6.0,21.5,-4.6,28.2,25.24,24.38,True,29.88,19.16,0.53,37.9,-1.3,False,False,,90.0
CRS,Carpenter Technology,Industrials,Industrial Machinery & Supplies & Components,SP400,383.69,19.02,2026-10-01,501.0,TTM-4Q,2026-06-30,2026-10-22,15.0,290.7,1.09,True,22.7,35.9,8.54,24.2,4.4,2.8,1.9,-0.76,20.6,25.8,30.6,8.3,0.35,-2.1,5.9,1.14,9.0,9.76,18.5,-0.09,93.1,17.1,1.15,1.31,47.0,47.9,1.62,-38.0,-0.99,,,625.88,63.1,,,8.0,4.7,-0.05,-54.64,0.0,54.64,0.0,False,-0.287,2026-09-04,95.4,0.0,3.68,2.3,-0.23,0.21,0.94,1.15,8.6,40.9,-0.8,483.34,473.6,441.09,True,625.99,233.78,15.33,24.5,-37.4,False,False,INSIDER-JUAL,100.0
MTCH,Match Group,Communication Services,Interactive Media & Services,SP600,40.13,9.21,2026-10-01,501.0,TTM-4Q,2026-06-30,,,146.9,0.84,True,11.7,13.0,,8.8,8.6,7.7,12.4,0.08,24.9,,74.8,0.9,2.84,-12.7,3.3,1.71,9.0,1.14,6.0,0.96,21.4,36.2,0.9,1.3,76.0,32.0,0.64,-17.2,0.94,,,41.88,4.4,,2.4,17.0,,-0.31,-0.87,0.11,0.98,1.0,False,-0.009,2026-09-02,109.4,-0.01,5.78,3.1,0.05,1.98,6.67,8.65,1.7,31.6,-6.1,40.34,36.69,35.44,True,44.94,28.81,1.23,43.7,3.2,False,False,ZONA-BAHAYA;GOODWILL,100.0
ADM,Archer Daniels Midland,Consumer Staples,Agricultural Products & Services,SP500,79.52,38.33,2026-10-01,501.0,TTM-4Q,2026-06-30,2026-11-03,23.0,306.6,0.65,True,11.7,21.7,1.63,14.0,8.6,4.6,4.4,-0.06,7.2,7.7,6.9,0.6,1.79,-1.9,1.9,1.58,7.0,3.23,4.5,-1.09,45.7,18.3,1.17,1.29,79.0,27.4,0.14,-12.3,0.94,,,80.4,1.1,,3.0,10.0,28.0,-0.13,0.0,0.0,0.0,0.0,False,0.0,,89.0,0.02,3.97,4.0,0.03,2.61,0.0,2.61,-0.8,61.1,0.2,82.0,77.68,74.31,True,88.75,55.58,2.21,38.4,1.0,False,False,,100.0
VAC,Marriott Vacations Worldwide,Consumer Discretionary,"Hotels, Resorts & Cruise Lines",SP600,103.12,3.55,2026-10-01,501.0,TTM-4Q,2026-06-30,,,44.2,0.5,True,,,1.72,,,-9.4,2.8,-0.84,,-14.7,,8.9,,-4.9,2.5,,,,999.0,,54.2,48.5,0.85,1.29,91.0,60.5,1.79,-36.7,-1.46,,,,,,,,,-1.67,-83.92,0.0,83.92,0.0,False,-2.366,2026-08-19,,,,,-1.42,3.07,0.7,3.78,1.7,-229.0,-8.4,106.31,88.84,81.17,True,131.34,44.58,4.02,48.6,0.3,False,False,GOODWILL;INSIDER-JUAL,100.0
TRGP,Targa Resources,Energy,Oil & Gas Storage & Transportation,SP500,279.31,59.89,2026-10-01,501.0,TTM-4Q,2026-06-30,,,320.8,1.2,True,14.5,26.4,16.38,,6.9,3.8,1.2,-0.86,14.1,72.6,43.2,4.6,3.54,-7.8,2.7,1.89,8.0,2.6,999.0,0.36,80.5,22.1,1.76,1.29,87.0,29.1,0.41,-13.2,0.98,,,,,,,,,-0.53,-2.13,0.0,2.13,0.0,False,-0.004,2026-09-01,,,,,0.15,0.0,0.55,0.55,-2.0,38.4,-1.0,281.34,264.46,247.71,True,307.94,144.14,7.78,46.2,5.2,False,False,,100.0
OUT,Outfront Media,Real Estate,Other Specialized REITs,SP600,28.05,4.94,2026-10-01,501.0,TTM-4Q,2026-06-30,,,48.9,1.15,True,13.6,20.2,7.13,18.5,7.4,5.0,6.1,-0.08,12.4,39.7,,,4.55,-2.8,4.2,1.6,8.0,,999.0,1.5,68.2,12.9,1.4,1.29,69.0,29.1,1.03,-17.3,-0.85,,,38.0,35.5,,,6.0,,-0.03,-0.1,0.0,0.1,0.0,False,-0.002,2026-09-03,105.1,0.01,8.73,6.6,0.09,4.28,0.0,4.28,7.6,127.6,5.7,29.77,30.26,28.93,True,34.96,16.97,0.63,39.9,-16.8,False,False,DILUSI;GOODWILL,100.0
PBF,PBF Energy,Energy,Oil & Gas Refining & Marketing,SP400,82.34,9.97,2026-10-01,501.0,TTM-4Q,2026-06-30,,,296.2,1.05,True,4.7,7.4,1.56,,21.3,13.6,7.5,1.05,18.8,23.5,3.9,4.5,0.37,-2.2,10.3,1.22,8.0,4.03,11.3,-0.11,155.0,64.4,1.68,1.28,98.0,65.3,0.43,-34.9,-0.93,,,,,,,,,,-387.53,0.0,387.53,0.0,False,-3.887,2026-09-11,,,,,-1.61,1.27,0.0,1.27,13.5,,5.5,71.3,53.5,48.0,True,82.61,25.62,4.55,65.7,67.9,True,True,DILUSI;INSIDER-JUAL,100.0
MNST,Monster Beverage,Consumer Staples,Soft Drinks & Non-alcoholic Beverages,SP500;NDX,42.14,41.28,2026-10-01,501.0,TTM-4Q,2026-06-30,,,447.3,0.97,True,13.5,19.4,4.41,32.2,7.4,5.2,5.1,-0.22,24.9,25.7,55.5,2.1,-1.22,-1.1,2.3,1.05,8.0,15.65,999.0,1.0,33.7,23.6,1.09,1.28,56.0,26.2,0.35,-17.7,0.6,,,50.24,19.2,,2.04,23.0,,1.21,0.0,0.0,0.0,0.0,False,0.0,,69.6,0.0,3.02,4.4,-0.02,0.0,0.16,0.16,20.4,35.2,0.5,45.56,43.22,42.37,True,50.17,32.94,1.02,35.9,-15.8,False,False,,100.0
SBUX,Starbucks,Consumer Discretionary,Restaurants,SP500;NDX,94.88,108.16,2026-10-01,501.0,TTM-4Q,2026-06-28,,,672.3,0.74,True,25.4,54.6,,,3.9,1.8,3.4,-0.98,25.4,,,4.1,2.08,-9.7,3.0,2.51,5.0,2.98,5.4,0.72,28.7,18.7,0.86,1.28,55.0,27.5,1.04,-14.5,1.16,,,,,,,,,-0.23,0.0,0.0,0.0,0.0,False,0.0,2026-09-04,,,,,0.08,2.6,-0.06,2.54,4.5,-24.7,0.4,102.47,100.93,98.71,True,110.51,77.99,2.11,35.5,-11.3,False,False,GOODWILL,100.0
NWL,Newell Brands,Consumer Discretionary,Housewares & Specialties,SP600,5.31,2.26,2026-10-01,501.0,TTM-4Q,2026-06-30,,,34.1,0.72,True,14.8,,0.92,7.7,6.8,-9.8,5.2,-0.54,1.7,-8.6,35.5,1.9,10.04,-4.9,2.8,,5.0,0.5,999.0,-1.29,21.1,73.6,0.78,1.27,78.0,60.8,1.53,-42.3,-1.41,,,6.66,25.4,,2.78,8.0,,,-0.62,0.0,0.62,0.0,False,-0.027,2026-08-06,107.5,0.03,15.11,6.1,0.08,5.57,0.0,5.57,-2.0,,2.2,5.8,4.81,4.67,True,7.13,3.07,0.25,37.9,-11.2,False,False,ZONA-BAHAYA;GOODWILL,100.0
D,Dominion Energy,Utilities,Multi-Utilities,SP500,60.76,53.44,2026-10-01,501.0,TTM-4Q,2026-03-31,2026-10-30,21.0,318.4,1.1,True,14.9,18.1,1.83,15.9,6.7,5.5,,-0.6,4.9,10.5,,,7.32,-1.9,0.8,1.71,7.0,,999.0,-1.07,12.0,8.0,0.5,1.27,39.0,20.0,0.13,-15.1,0.34,,,70.91,16.7,,2.6,11.0,17.2,1.0,0.0,0.0,0.0,0.0,False,0.0,,83.0,0.0,2.54,5.2,0.13,4.3,-2.78,1.52,17.1,28.7,3.3,66.15,65.46,64.34,True,72.99,55.85,1.1,28.8,-15.1,False,False,,100.0
DE,Deere & Company,Industrials,Agricultural & Farm Machinery,SP500,667.26,179.91,2026-10-01,501.0,TTM-4Q,2026-08-02,2026-11-25,39.0,889.8,1.21,True,16.1,36.9,6.43,29.2,6.2,2.7,3.3,-0.38,16.5,18.3,,,0.7,-2.2,1.9,1.49,,,3.2,0.34,49.2,18.8,1.07,1.27,84.0,31.9,0.56,-19.9,1.05,,,690.53,3.5,,1.96,23.0,8.3,-0.21,0.0,0.0,0.0,0.0,False,0.0,2026-08-31,84.5,0.0,2.08,3.9,-0.0,0.97,0.39,1.36,8.0,-6.4,-0.3,647.48,605.01,586.88,True,721.22,433.0,17.34,48.0,4.7,False,True,,100.0
KMX,"CarMax, Inc.",Consumer Discretionary,Automotive Retail,SP600,55.89,7.93,2026-10-01,501.0,TTM-4Q,2026-05-31,,,190.4,1.14,True,31.7,35.6,1.3,18.1,3.2,2.8,12.5,-0.13,1.3,3.6,10.5,0.6,21.82,-4.7,1.3,6.75,5.0,1.67,4.1,-1.97,35.9,51.3,0.81,1.27,84.0,53.5,0.65,-34.0,-0.02,,,57.15,2.3,,2.85,13.0,,-0.87,0.0,0.0,0.0,0.0,False,0.0,,105.1,-0.01,7.87,6.0,0.03,0.0,5.56,5.56,-1.6,-60.2,-6.9,59.36,49.64,48.12,True,65.28,30.26,2.62,41.8,6.9,False,False,ZONA-BAHAYA,100.0
TMP,Tompkins Financial Corporation,Financials,Regional Banks,SP600,97.01,1.4,2026-10-01,501.0,TTM-4Q,2026-06-30,,,12.0,0.77,True,,8.0,1.45,,,12.6,,0.81,,20.4,,,,,0.6,,,,999.0,0.05,49.1,22.6,1.33,1.27,83.0,27.1,0.7,-13.0,0.67,,,,,,,,,,0.0,0.0,0.0,0.0,False,0.0,,,,,,0.05,2.69,0.0,2.69,,120.7,0.1,98.56,89.42,86.53,True,102.59,61.88,2.35,46.8,0.0,False,False,,90.0
CFFN,Capitol Federal Savings Bank,Financials,Regional Banks,SP600,8.47,1.06,2026-10-01,501.0,TTM-4Q,2026-06-30,2026-10-28,19.0,9.0,1.38,False,,12.9,1.04,10.9,,7.8,,0.64,,8.0,,,,,0.7,,,,999.0,-0.48,41.8,21.2,1.31,1.27,77.0,24.0,0.74,-10.6,0.85,,,9.5,12.2,,,3.0,11.8,0.01,0.0,0.0,0.0,0.0,False,0.0,,83.3,0.07,8.02,9.1,0.47,4.56,4.68,9.24,,35.2,-4.7,8.73,8.07,7.84,True,9.26,5.97,0.18,41.3,-2.3,False,False,TIPIS,90.0
ANF,Abercrombie & Fitch,Consumer Discretionary,Apparel Retail,SP400,136.36,5.79,2026-10-01,501.0,TTM-4Q,2026-08-01,2026-11-25,39.0,187.1,0.83,True,5.7,10.8,4.27,10.6,17.4,9.3,9.8,0.71,39.3,40.5,,2.1,-0.71,-8.2,6.2,1.53,5.0,5.4,999.0,1.55,64.4,49.2,0.85,1.27,91.0,67.0,1.2,-45.7,-1.41,,,163.55,19.9,,,11.0,111.9,0.18,-6.3,0.0,6.3,0.0,False,-0.109,2026-09-04,115.6,0.0,17.25,2.2,-0.02,0.0,8.41,8.41,4.7,-0.9,-9.3,124.15,99.36,101.33,True,155.22,65.45,5.69,54.0,43.8,False,False,,100.0
HP,"Helmerich & Payne, Inc.",Energy,Oil & Gas Drilling,SP600,38.2,3.82,2026-10-01,501.0,TTM-4Q,2026-06-30,,,46.3,0.61,True,6.6,,1.43,25.8,15.1,-3.6,8.3,-0.18,1.5,-4.9,,,1.98,-10.9,6.1,,4.0,2.01,0.9,-0.73,115.3,35.4,1.71,1.25,88.0,44.0,0.87,-26.5,-0.4,,,44.47,16.4,,2.56,15.0,,,-4.86,0.0,4.86,0.0,False,-0.127,2026-09-01,105.0,0.03,10.4,5.9,0.11,2.65,0.0,2.65,16.6,,0.6,40.44,37.68,36.28,True,48.17,21.73,1.53,39.8,19.0,False,False,,100.0
PFG,Principal Financial Group,Financials,Life & Health Insurance,SP500,112.24,24.25,2026-10-01,501.0,TTM-4Q,2026-03-31,,,176.8,0.84,True,,15.5,2.05,,,6.4,,-0.32,,13.6,,,,,0.5,,,,999.0,-0.32,35.4,22.4,1.27,1.25,79.0,22.8,0.88,-12.0,0.71,,,,,,,,,-0.76,0.0,0.0,0.0,0.0,False,0.0,,,,,,0.05,2.84,3.46,6.3,-2.0,43.7,-3.7,113.64,104.72,101.51,True,121.18,77.9,2.52,43.5,-1.3,False,False,,90.0
UNF,UniFirst Corporation,Industrials,Diversified Support Services,SP600,252.32,4.6,2026-10-01,501.0,TTM-4Q,2026-05-30,,,99.9,1.05,True,15.5,39.7,2.09,,6.5,2.5,1.9,-0.26,5.1,5.3,36.7,1.4,-0.59,-4.4,0.9,2.07,6.0,6.79,999.0,-0.1,66.8,9.1,1.12,1.24,71.0,33.7,0.46,-16.7,1.2,,,,,,,,,-0.65,0.0,0.0,0.0,0.0,False,0.0,,,,,,0.07,0.54,1.7,2.24,1.4,-23.8,-2.1,279.32,268.49,253.33,True,306.67,147.66,6.97,26.7,-10.1,False,False,,100.0
AMRX,Amneal Pharmaceuticals,Health Care,Pharmaceuticals,SP600,20.07,6.41,2026-10-01,501.0,TTM-4Q,2026-06-30,2026-10-29,20.0,55.2,1.38,True,,40.7,194.08,16.8,,2.5,2.0,-0.48,19.4,,39.3,1.0,,-1.2,3.1,1.28,7.0,2.43,999.0,-0.39,76.6,39.1,1.63,1.24,93.0,35.5,0.72,-22.3,0.53,,,22.71,13.2,,1.43,7.0,30.3,3.0,-7.22,0.0,7.22,0.0,False,-0.113,2026-08-13,48.4,0.04,4.6,7.2,-0.03,0.0,0.0,0.0,9.3,4562.6,1.8,18.27,15.41,14.97,True,21.17,9.56,0.8,63.1,14.1,False,True,GOODWILL,100.0
ARW,Arrow Electronics,Information Technology,Technology Distributors,SP400,231.63,11.79,2026-10-01,501.0,TTM-4Q,2026-07-04,2026-10-29,20.0,118.8,0.87,True,10.2,14.5,1.68,9.7,9.8,6.9,7.0,1.23,10.2,12.2,11.3,0.6,1.43,-0.4,2.0,1.15,8.0,1.72,999.0,-1.24,70.2,40.5,1.5,1.24,94.0,37.0,1.06,-18.7,1.43,,,235.0,1.5,,,4.0,22.5,0.31,-0.21,0.0,0.21,0.0,False,-0.002,2026-09-03,105.9,0.0,3.73,2.9,0.15,0.0,1.07,1.07,26.1,73.7,-0.9,214.93,196.43,179.55,True,237.33,101.79,7.36,62.1,14.3,False,True,ZONA-BAHAYA,100.0
MET,MetLife,Financials,Life & Health Insurance,SP500,94.35,59.96,2026-10-01,501.0,TTM-4Q,2026-06-30,,,303.4,1.19,True,,16.5,2.18,8.6,,6.0,,-0.47,,13.2,,,,,0.2,,,,999.0,-0.27,17.9,34.5,1.11,1.24,75.0,23.6,0.96,-17.5,0.4,,,105.75,12.1,,1.89,16.0,,-0.5,0.0,0.0,0.0,0.0,False,0.0,,78.3,-0.02,1.94,4.3,-0.16,2.52,4.07,6.58,8.7,-15.4,-4.2,96.4,85.41,83.69,True,100.93,67.33,1.89,41.5,2.1,False,False,,90.0
KNX,Knight-Swift,Industrials,Cargo Ground Transportation,SP400,65.41,10.63,2026-10-01,501.0,TTM-4Q,2026-03-31,,,258.5,0.87,True,12.6,312.7,1.51,16.2,7.9,0.3,,0.18,1.3,0.5,,,1.59,-10.3,3.2,38.24,4.0,2.24,1.2,-0.35,70.5,16.2,1.09,1.24,74.0,39.8,1.03,-22.7,0.29,,,88.45,35.2,,1.52,20.0,,-0.89,-16.18,0.0,16.18,0.0,False,-0.152,2026-08-13,102.3,0.0,9.21,4.4,-0.13,1.14,0.0,1.14,1.1,-77.5,0.4,68.83,67.81,65.04,True,82.86,38.91,2.26,43.7,-16.5,False,False,INSIDER-JUAL,100.0
CRL,Charles River Laboratories,Health Care,Life Sciences Tools & Services,SP500,286.83,13.69,2026-10-01,501.0,TTM-4Q,2026-06-27,2026-11-04,24.0,274.5,0.86,True,41.6,,4.82,22.6,2.4,-1.7,2.7,-0.48,1.3,-7.7,,,6.27,-10.9,3.6,,4.0,2.66,0.8,-0.2,80.5,61.4,1.57,1.24,93.0,45.3,0.82,-33.9,-0.13,,,298.79,4.2,,1.71,14.0,10.3,-0.45,-2.98,0.0,2.98,0.0,False,-0.022,2026-08-25,123.7,0.06,5.4,2.6,0.08,0.0,2.37,2.37,-0.7,,-2.6,274.85,213.29,209.51,True,303.31,146.2,9.87,53.2,21.2,False,True,GOODWILL,100.0
PTGX,"Protagonist Therapeutics, Inc.",Health Care,Biotechnology,SP600,139.19,9.01,2026-10-01,501.0,TTM-4Q,2026-06-30,,,102.3,1.27,True,137.3,108.6,10.7,,0.7,0.9,1.4,-0.68,7.6,11.0,,,-13.07,-6.0,33.5,1.58,8.0,123.92,999.0,1.23,120.5,41.3,1.68,1.24,92.0,48.0,-0.14,-16.4,1.17,,,,,,,,,0.19,0.0,0.0,0.0,0.0,False,0.0,2026-09-10,,,,,0.09,0.0,0.0,0.0,34.8,59.3,11.8,144.89,119.81,111.01,True,160.81,62.24,5.17,41.8,3.1,False,False,DILUSI,100.0
PRLB,Protolabs,Industrials,Industrial Machinery & Supplies & Components,SP600,94.37,2.26,2026-10-01,501.0,TTM-4Q,2026-06-30,,,21.1,1.06,True,30.4,74.1,3.26,,3.3,1.4,2.5,-0.85,3.9,4.5,45.4,0.6,-2.05,-6.3,5.9,2.58,8.0,15.21,999.0,0.4,56.9,35.0,1.0,1.23,94.0,46.2,1.24,-19.5,0.02,,,,,,,,,0.34,0.0,0.0,0.0,0.0,False,0.0,2026-09-24,,,,,0.07,0.0,1.06,1.06,10.2,105.8,1.3,84.09,73.68,69.42,True,98.5,45.1,3.18,66.8,20.4,False,True,,100.0
BLFS,"BioLife Solutions, Inc.",Health Care,Health Care Supplies,SP600,36.78,1.8,2026-10-01,501.0,TTM-4Q,2026-06-30,2026-11-05,25.0,33.4,1.01,True,368.1,31.0,4.28,111.5,0.3,3.2,,-0.45,0.8,15.1,,3.1,-17.67,9.8,10.1,0.29,7.0,38.92,999.0,-0.44,39.0,83.9,1.42,1.23,93.0,43.4,1.41,-37.0,-0.7,,,31.29,-14.9,,,7.0,40.5,0.26,0.0,0.0,0.0,0.0,False,0.0,,105.7,5.5,12.42,4.5,1.29,0.0,0.0,0.0,25.4,,3.1,35.39,27.35,26.49,True,39.76,17.86,1.07,50.2,27.6,False,True,,100.0
LQDT,"Liquidity Services, Inc.",Industrials,Diversified Support Services,SP600,43.64,1.37,2026-10-01,501.0,TTM-4Q,2026-06-30,,,9.8,1.55,False,20.8,41.1,5.8,23.7,4.8,2.4,6.6,-0.36,13.5,15.0,47.6,5.2,-4.23,-16.4,6.2,2.95,7.0,6.46,999.0,1.63,43.4,27.4,0.99,1.22,88.0,35.8,0.92,-19.5,0.6,,,51.0,16.9,,,2.0,,-0.25,0.0,0.0,0.0,0.0,False,0.0,2026-09-01,80.7,0.01,4.98,5.0,0.02,0.0,1.29,1.29,5.2,24.8,1.1,41.63,37.05,35.66,True,44.53,21.67,1.17,59.4,10.9,False,True,TIPIS,100.0
WSFS,WSFS Financial Corporation,Financials,Regional Banks,SP600,76.62,3.91,2026-10-01,501.0,TTM-4Q,2026-06-30,,,28.8,0.74,True,,12.2,1.44,,,8.2,,0.01,,11.9,,,,,0.2,,,,999.0,-0.18,43.8,16.8,1.33,1.22,79.0,22.8,0.8,-11.5,0.81,,,,,,,,,,-0.54,0.0,0.54,0.0,False,-0.014,2026-09-10,,,,,0.04,0.98,7.99,8.96,,20.0,-8.6,79.44,73.69,70.58,True,82.94,49.92,1.38,40.5,-3.2,False,False,,90.0
HRB,H&R Block,Consumer Discretionary,Specialized Consumer Services,SP400,42.32,5.22,2026-10-01,501.0,TTM-4Q,2026-06-30,,,91.5,1.15,True,5.4,7.1,44.4,6.1,18.4,14.1,14.5,1.12,50.5,710.9,44.3,0.5,0.5,-3.2,2.4,1.14,7.0,3.22,11.6,1.29,4.2,61.9,0.72,1.22,62.0,45.6,0.21,-45.6,0.28,,,51.67,22.1,,3.2,3.0,,0.08,0.0,0.0,0.0,0.0,False,0.0,,106.1,0.0,23.16,10.6,0.05,4.04,0.0,4.04,4.9,21.1,-6.2,47.01,38.86,38.82,True,58.67,28.16,1.56,37.9,3.0,False,False,GOODWILL;SHORT-TINGGI,100.0
LAMR,Lamar Advertising Company,Real Estate,Other Specialized REITs,SP400,143.34,14.56,2026-10-01,501.0,TTM-4Q,2026-06-30,,,73.6,1.31,True,16.7,26.2,14.63,22.1,6.0,3.8,4.9,-0.48,16.5,58.5,67.4,0.3,3.2,-5.1,1.1,1.63,9.0,,4.5,2.02,28.0,21.2,1.19,1.22,62.0,20.7,0.76,-11.8,0.24,,,162.2,13.2,,,5.0,,-0.44,-1.21,0.0,1.21,0.0,False,-0.008,2026-09-14,100.1,0.0,7.64,6.9,-0.02,4.57,-0.11,4.46,4.4,26.6,-0.1,152.02,146.61,142.38,True,166.33,114.45,2.6,32.8,-11.3,False,False,GOODWILL,100.0
CURB,Curbline Properties Corp.,Real Estate,Retail REITs,SP600,27.95,2.95,2026-10-01,501.0,TTM-4Q,2026-03-31,2026-10-27,18.0,43.3,1.07,True,23.8,89.7,1.56,103.5,4.2,1.1,,-0.85,2.3,1.7,,,2.13,-3.7,1.1,3.67,,,2.7,-0.72,35.4,14.6,1.26,1.21,65.0,19.8,0.42,-11.8,0.78,,,33.83,21.0,,1.8,9.0,27.2,2.57,-43.58,0.0,43.58,0.0,False,-1.477,2026-09-14,123.1,0.04,22.92,9.3,-1.26,2.41,0.0,2.41,53.7,155.9,1.2,29.6,28.82,27.75,True,32.15,22.12,0.59,34.3,-10.2,False,False,SHORT-TINGGI;INSIDER-JUAL,100.0
AMG,Affiliated Managers Group,Financials,Asset Management & Custody Banks,SP400,371.95,9.62,2026-10-01,501.0,TTM-4Q,2026-06-30,2026-11-02,22.0,107.3,0.57,True,,11.2,3.17,8.7,,8.9,,-0.66,,27.3,,,,,2.5,,,,999.0,0.77,51.3,31.9,1.25,1.21,85.0,33.3,0.85,-19.7,0.01,,,437.57,17.6,,1.43,7.0,4.7,0.13,0.0,0.0,0.0,0.0,False,0.0,,100.6,0.04,5.41,3.9,0.27,0.0,8.25,8.25,11.8,93.6,-14.3,363.69,328.76,322.97,True,392.92,230.1,10.98,56.8,5.2,False,True,,90.0
FCX,Freeport-McMoRan,Materials,Copper,SP500,69.28,99.49,2026-10-01,501.0,TTM-4Q,2026-06-30,,,813.1,1.06,True,11.6,23.8,4.95,16.7,8.7,4.2,,-0.04,11.8,21.8,27.1,3.6,0.59,-3.0,1.7,1.41,6.0,3.2,999.0,0.33,86.8,19.0,1.11,1.21,87.0,47.8,1.65,-24.3,-0.58,,,72.45,4.6,,1.78,22.0,,-0.3,-8.39,0.0,8.39,0.0,False,-0.008,2026-08-27,89.4,-0.02,2.4,2.3,0.08,0.87,0.2,1.07,0.2,18.8,0.0,70.36,65.15,63.49,True,80.24,38.19,2.73,43.1,10.8,False,False,,100.0
CDP,COPT Defense Properties,Real Estate,Office REITs,SP400,33.27,3.77,2026-10-01,501.0,TTM-4Q,2026-06-30,2026-10-29,20.0,33.5,1.33,True,14.7,22.0,2.47,22.8,6.8,4.6,8.4,0.18,6.4,11.4,,3.0,5.96,-3.8,2.1,1.96,,,2.8,0.03,26.0,17.2,1.19,1.2,60.0,18.1,0.26,-12.4,1.09,,,40.38,21.4,,1.75,8.0,25.4,-0.33,0.0,0.0,0.0,0.0,False,0.0,,117.4,0.04,8.92,9.4,0.29,3.7,0.0,3.7,4.5,14.4,1.5,36.11,34.04,33.09,True,38.9,27.06,0.73,29.8,-13.9,False,False,,100.0
MLKN,"MillerKnoll, Inc.",Industrials,Office Services & Supplies,SP600,20.15,1.37,2026-10-01,501.0,TTM-4Q,2026-05-30,,,15.7,0.75,True,7.2,15.0,1.02,8.9,13.9,6.7,5.7,1.63,5.7,7.0,38.8,2.1,3.23,-2.7,1.4,2.18,7.0,1.81,2.8,-0.46,29.1,54.7,0.88,1.2,70.0,47.7,1.37,-37.8,-0.72,,,33.0,63.8,,2.0,1.0,,,0.0,0.0,0.0,0.0,False,0.0,,99.3,0.02,7.89,7.1,0.03,3.72,-0.33,3.39,4.7,,0.5,22.27,18.95,19.18,True,24.71,13.77,0.83,39.1,-8.3,False,False,,100.0
ROIV,Roivant Sciences,Health Care,Biotechnology,SP400,35.5,25.64,2026-10-01,501.0,TTM-4Q,2026-06-30,,,347.6,0.36,True,,,6.06,,-2.7,-1.0,-3.2,-1.31,-9.7,-6.2,,,,10.6,46.7,,2.0,40.4,-999.0,,128.2,24.0,1.71,1.18,92.0,44.5,0.81,-15.1,0.43,,,,,,,,,,-127.85,0.0,127.85,0.0,False,-0.499,2026-09-15,,,,,-0.35,0.0,0.0,0.0,-67.6,,6.0,36.57,32.24,30.11,True,42.5,15.11,1.39,40.8,-1.5,False,False,F-RENDAH;DILUSI;INSIDER-JUAL,100.0
WHD,"Cactus, Inc.",Energy,Oil & Gas Equipment & Services,SP600,62.19,4.34,2026-10-01,501.0,TTM-4Q,2026-06-30,,,52.7,1.43,True,11.0,26.5,3.5,,9.1,3.8,,-0.69,13.9,13.7,33.2,1.2,-1.02,-9.2,2.5,2.25,5.0,4.53,999.0,0.64,81.0,51.2,1.53,1.18,89.0,43.1,1.33,-23.3,-0.71,,,,,,,,,-0.08,-6.75,0.0,6.75,0.0,False,-0.156,2026-09-01,,,,,0.08,0.91,0.19,1.1,21.8,-9.8,,66.83,58.05,56.7,True,74.07,33.2,2.06,34.4,20.2,False,False,,100.0
PTEN,"Patterson-UTI Energy, Inc.",Energy,Oil & Gas Drilling,SP600,11.3,4.31,2026-10-01,501.0,TTM-4Q,2026-06-30,,,95.9,1.0,True,,,1.39,,,-2.1,4.1,-0.52,-0.9,-2.8,,,,-15.0,10.5,,7.0,1.75,-0.7,,157.7,25.7,1.75,1.17,94.0,52.2,0.65,-32.8,-0.67,,,,,,,,,,-9.72,0.0,9.72,0.0,False,-0.226,2026-09-18,,,,,0.05,3.18,1.0,4.18,-6.9,,-1.3,11.4,10.92,10.0,True,13.39,5.15,0.48,46.5,27.2,False,False,ZONA-BAHAYA;DISTRES,100.0
CWT,California Water Service Group,Utilities,Water Utilities,SP600,45.05,2.79,2026-10-01,501.0,TTM-4Q,2026-06-30,2026-10-29,20.0,21.1,0.88,True,13.4,20.9,1.54,16.4,7.4,4.8,,-0.47,4.4,7.7,,,4.97,-3.4,0.9,2.46,6.0,,2.4,-0.56,11.5,10.9,0.45,1.17,41.0,24.9,-0.06,-14.6,0.35,,,53.75,19.3,,1.5,4.0,47.6,-0.12,-0.21,0.0,0.21,0.0,False,-0.008,2026-09-01,98.3,0.0,5.46,4.7,-1.33,2.72,-3.49,-0.77,3.9,-1.9,1.4,49.19,46.95,46.33,True,53.82,41.29,0.94,26.8,-12.6,False,False,,100.0
NSP,Insperity,Industrials,Human Resource & Employment Services,SP600,48.63,1.86,2026-10-01,501.0,TTM-4Q,2026-06-30,,,22.6,0.99,True,39.5,,30.45,18.0,2.5,-0.9,10.4,-0.7,-0.5,-18.5,12.9,1.3,-5.76,-11.3,3.5,,3.0,4.08,-0.1,-0.28,11.3,93.5,0.79,1.17,86.0,66.3,1.03,-57.8,-1.49,,,51.75,6.4,,2.8,4.0,,-1.07,0.0,0.0,0.0,0.0,False,0.0,,115.5,0.03,9.69,9.4,0.05,4.9,0.22,5.11,2.6,-140.0,2.6,50.89,38.79,38.55,True,55.9,18.57,2.14,46.0,4.5,False,False,F-RENDAH,100.0
RGA,Reinsurance Group of America,Financials,Reinsurance,SP400,244.62,15.97,2026-10-01,501.0,TTM-4Q,2026-06-30,,,85.9,1.27,True,,10.6,1.17,,,9.5,,0.72,,11.7,,,,,0.3,,,,5.7,-0.26,31.2,22.3,1.2,1.16,78.0,22.3,0.68,-12.7,0.9,,,,,,,,,0.51,-2.12,0.0,2.12,0.0,False,-0.013,2026-08-12,,,,,0.04,1.53,1.71,3.24,19.4,95.6,-1.5,244.92,222.59,218.69,True,257.81,178.21,4.98,46.2,7.9,False,False,,90.0
WTS,Watts Water Technologies,Industrials,Building Products,SP400,359.49,12.04,2026-10-01,501.0,TTM-4Q,2026-06-28,,,69.4,1.39,True,20.6,31.4,5.5,,4.8,3.2,2.9,-0.56,17.6,18.8,48.9,2.5,-0.42,-0.5,1.4,1.04,9.0,12.06,50.2,0.69,28.3,21.9,0.93,1.16,74.0,26.9,0.82,-15.5,1.06,,,,,,,,,0.36,-1.69,0.0,1.69,0.0,False,-0.014,2026-09-04,,,,,0.06,0.61,0.13,0.74,17.1,23.2,0.0,361.7,331.19,323.42,True,394.54,260.0,7.53,52.1,-4.9,False,False,,100.0
CNXN,"PC Connection, Inc.",Information Technology,Technology Distributors,SP600,92.57,2.34,2026-10-01,501.0,TTM-4Q,2026-06-30,2026-10-28,19.0,12.7,1.3,True,15.5,24.4,2.45,20.7,6.4,4.1,1.5,0.24,9.4,10.4,18.9,1.0,-2.65,4.0,0.6,0.44,7.0,6.95,999.0,-1.1,30.6,34.2,1.28,1.15,92.0,25.4,0.81,-16.9,1.93,,,83.0,-10.3,,,1.0,26.0,-0.28,-6.13,0.0,6.13,0.0,False,-0.262,2026-09-15,42.4,0.04,4.99,4.6,-0.81,0.76,0.78,1.54,3.2,11.4,-0.7,83.46,72.16,69.12,True,93.46,54.97,2.35,77.2,24.6,True,True,,100.0
UTL,Unitil Corporation,Utilities,Electric Utilities,SP600,50.6,0.92,2026-10-01,501.0,TTM-4Q,2026-06-30,,,7.6,1.17,False,,16.3,1.43,,,6.1,-4.9,0.29,5.8,9.6,,,,-4.2,0.1,2.52,6.0,,999.0,,16.2,3.3,0.5,1.15,49.0,19.6,0.01,-10.8,0.63,,,,,,,,,1.33,0.0,0.0,0.0,0.0,False,0.0,,,,,,0.14,3.53,-8.97,-5.44,20.8,20.2,10.5,53.28,52.59,51.98,True,57.26,46.4,1.13,34.2,-7.8,False,False,TIPIS;DILUSI,100.0
KDP,Keurig Dr Pepper,Consumer Staples,Soft Drinks & Non-alcoholic Beverages,SP500;NDX,30.69,41.76,2026-10-01,501.0,TTM-4Q,2026-06-30,,,340.9,1.71,True,17.3,29.3,1.67,12.1,5.8,3.4,4.7,-0.33,4.9,5.7,49.4,1.2,7.03,-1.5,0.7,1.77,4.0,0.76,999.0,-0.71,28.1,25.0,0.98,1.15,64.0,27.0,0.18,-17.7,0.75,,,36.21,18.0,,1.83,17.0,,1.64,-0.84,0.25,1.09,1.0,False,-0.002,2026-09-09,109.5,0.01,6.47,8.8,-0.0,2.99,0.0,2.99,27.5,-7.1,0.1,31.23,29.8,29.42,True,33.82,24.88,0.86,44.7,-10.2,False,False,ZONA-BAHAYA;GOODWILL,100.0
EXPE,Expedia Group,Consumer Discretionary,"Hotels, Resorts & Cruise Lines",SP500,262.67,30.07,2026-10-01,501.0,TTM-4Q,2026-06-30,,,679.4,0.58,True,8.3,14.8,24.87,10.7,12.0,6.8,14.8,0.5,25.8,199.1,,0.8,-0.49,-11.3,2.2,2.56,9.0,1.45,7.1,1.32,43.4,34.1,0.77,1.14,59.0,50.5,1.25,-37.4,-0.61,,,338.83,29.0,,2.18,36.0,,0.95,-3.88,0.0,3.88,0.0,False,-0.013,2026-08-24,108.7,-0.06,6.75,3.8,-0.06,0.71,6.37,7.08,12.0,82.9,-7.7,297.87,259.72,260.17,True,342.0,185.34,11.72,35.6,-4.7,False,False,ZONA-BAHAYA;GOODWILL,100.0
ADP,Automatic Data Processing,Industrials,Human Resource & Employment Services,SP500;NDX,263.96,104.86,2026-10-01,501.0,TTM-4Q,2026-06-30,2026-10-28,19.0,613.6,0.67,True,15.6,23.8,17.39,19.7,6.4,4.2,,-0.3,45.1,72.2,46.4,,0.11,-1.8,0.9,1.23,8.0,2.42,13.5,2.59,-1.2,41.9,0.74,1.14,66.0,27.5,0.53,-34.7,0.73,,,287.6,9.0,,2.72,15.0,1.6,-0.27,0.0,0.0,0.0,0.0,False,0.0,2026-09-03,91.7,0.25,2.96,5.1,0.49,2.5,1.99,4.49,6.7,8.2,-1.3,271.05,235.68,238.01,True,293.64,188.16,5.75,44.0,6.2,False,False,,100.0
JAZZ,Jazz Pharmaceuticals,Health Care,Pharmaceuticals,SP400,233.01,15.13,2026-10-01,501.0,TTM-4Q,2026-06-30,,,173.4,0.99,True,11.1,16.1,3.15,9.1,9.0,6.2,10.5,0.92,9.8,22.1,,,1.69,-6.5,3.5,1.77,8.0,2.46,999.0,0.04,84.9,29.4,1.6,1.13,84.0,35.7,0.7,-11.5,0.84,,,292.81,25.7,,1.52,21.0,,,0.0,0.0,0.0,0.0,False,0.0,2026-09-10,102.8,0.0,7.42,4.8,0.05,0.0,0.0,0.0,12.6,,13.4,247.6,225.8,211.58,True,266.38,128.8,6.02,38.5,-6.7,False,False,DILUSI,100.0
BTSG,BrightSpring Health Services,Health Care,Health Care Services,SP400,57.26,11.33,2026-10-01,501.0,TTM-4Q,2026-06-30,2026-10-30,21.0,151.2,1.13,True,21.3,31.0,5.53,25.1,4.7,3.2,3.6,-0.1,8.8,19.3,12.4,2.2,2.7,-2.4,2.4,1.38,7.0,4.57,2.9,-1.49,100.1,40.8,1.58,1.13,86.0,44.6,1.14,-23.6,-0.12,,,78.94,37.9,,1.18,17.0,13.0,0.9,0.0,0.0,0.0,0.0,False,0.0,2026-09-14,108.4,-0.0,7.98,4.6,0.04,0.0,0.0,0.0,26.4,458.6,1.8,60.7,56.6,52.17,True,73.75,27.11,2.02,46.0,-19.1,False,False,GOODWILL,100.0
XHR,"Xenia Hotels & Resorts, Inc.",Real Estate,Hotel & Resort REITs,SP600,18.07,1.67,2026-10-01,501.0,TTM-4Q,2026-06-30,,,16.7,1.16,True,14.4,,1.5,,6.9,-0.4,6.9,-0.27,2.2,-0.6,30.8,1.7,6.18,-6.8,2.5,,5.0,,0.9,-1.01,36.8,25.9,1.14,1.12,72.0,27.5,0.9,-19.8,-0.66,,,,,,,,,-0.88,0.0,0.0,0.0,0.0,False,0.0,,,,,,0.06,0.05,2.93,2.98,1.6,-111.5,-6.0,19.01,17.8,17.12,True,22.06,11.75,0.43,44.9,-13.4,False,False,,100.0
GM,General Motors,Consumer Discretionary,Automobile Manufacturers,SP500,79.31,69.59,2026-10-01,501.0,TTM-4Q,2026-06-30,,,639.2,1.12,True,12.7,35.7,1.12,5.3,7.9,2.8,20.7,0.77,0.9,3.0,,,7.66,-7.4,1.2,11.9,4.0,1.19,999.0,-1.33,41.4,14.4,0.79,1.12,64.0,35.1,0.85,-16.0,1.03,,,104.22,31.4,,1.62,23.0,,-0.83,0.0,0.0,0.0,0.0,False,0.0,2026-08-03,90.2,0.0,2.37,3.6,0.05,1.68,9.77,11.45,-1.1,-59.2,-6.8,85.47,80.19,80.69,True,91.85,54.33,2.64,41.0,1.7,False,False,ZONA-BAHAYA,90.0
SWK,Stanley Black & Decker,Industrials,Industrial Machinery & Supplies & Components,SP500,89.59,13.53,2026-10-01,501.0,TTM-4Q,2026-07-04,,,156.3,0.95,True,10.5,21.8,1.51,,9.5,4.6,9.5,0.96,6.6,6.9,31.9,4.1,2.47,-4.4,2.6,2.5,9.0,2.4,2.8,-0.59,31.5,34.2,0.88,1.12,73.0,37.2,1.3,-26.1,-0.02,,,,,,,,,-0.47,-0.11,0.0,0.11,0.0,False,-0.001,2026-08-07,,,,,0.07,3.71,1.95,5.66,0.6,29.7,-0.7,95.28,84.31,83.73,True,104.68,61.9,2.74,42.8,-5.0,False,False,,100.0
JNJ,Johnson & Johnson,Health Care,Pharmaceuticals,SP500,258.66,623.34,2026-10-01,501.0,TTM-4Q,2026-06-28,,,1701.5,1.31,True,19.2,29.6,7.34,21.3,5.2,3.4,3.6,-0.08,16.6,25.7,67.9,0.8,0.83,-3.3,4.1,1.31,6.0,5.36,25.9,0.52,49.6,12.3,1.63,1.11,73.0,19.0,-0.02,-11.0,1.93,,,277.91,7.4,,1.91,22.0,,-0.21,-67.78,0.0,67.78,0.0,False,-0.011,2026-09-02,76.7,-0.0,0.98,3.4,0.03,2.02,1.3,3.32,8.1,-7.2,0.9,266.07,247.62,241.5,True,281.07,182.94,5.21,35.2,-4.1,False,False,INSIDER-JUAL,100.0
STBA,"S&T Bancorp, Inc.",Financials,Regional Banks,SP600,49.01,1.73,2026-10-01,501.0,TTM-4Q,2026-06-30,,,14.8,0.88,True,,12.3,1.23,,,8.1,,0.2,,9.9,,,,,0.1,,,,999.0,-0.22,35.3,18.2,1.22,1.11,75.0,22.0,0.63,-11.4,1.0,,,,,,,,,,-0.89,0.0,0.89,0.0,False,-0.051,2026-08-12,,,,,0.01,3.09,0.0,3.09,,7.4,-6.8,50.53,46.68,45.5,True,53.5,34.38,0.92,43.8,-2.8,False,False,,90.0
PAYX,Paychex,Industrials,Human Resource & Employment Services,SP500;NDX,100.84,35.9,2026-10-01,501.0,TTM-4Q,2026-08-31,,,403.4,1.15,True,13.0,19.9,9.69,,7.7,5.0,5.6,0.11,22.8,47.1,74.4,1.3,1.2,-2.8,2.0,1.25,7.0,3.06,9.7,1.95,3.5,41.4,0.75,1.11,37.0,29.8,0.44,-32.1,0.84,,,,,,,,,0.15,-3.35,0.0,3.35,0.0,False,-0.009,2026-07-20,,,,,0.06,4.53,1.26,5.78,14.0,11.9,-1.5,117.28,103.53,103.89,True,129.24,85.45,3.09,27.3,-7.6,False,False,GOODWILL,100.0
FTI,TechnipFMC,Energy,Oil & Gas Equipment & Services,SP400,68.85,27.0,2026-10-01,501.0,TTM-4Q,2026-06-30,,,220.9,0.72,True,12.6,23.0,8.25,19.1,7.9,4.4,5.8,-0.5,34.2,36.0,,37.5,-0.28,-6.7,4.6,1.58,8.0,3.38,25.9,0.92,99.2,12.4,1.73,1.11,85.0,32.1,0.8,-16.4,0.39,,,76.05,10.5,,1.95,21.0,,-0.27,0.5,0.5,0.0,1.0,False,0.002,2026-09-21,101.2,0.01,3.26,4.8,0.01,0.3,4.09,4.38,9.9,29.1,-3.8,74.2,71.26,66.85,True,80.7,35.29,2.08,34.8,0.6,False,False,,100.0
GL,Globe Life,Financials,Life & Health Insurance,SP500,165.83,12.74,2026-10-01,501.0,TTM-4Q,2026-06-30,,,74.5,1.94,True,,10.5,2.07,10.0,,9.5,,0.17,,20.9,,,,,0.2,,,,11.6,0.39,21.5,23.2,1.11,1.11,62.0,20.1,0.47,-11.0,1.25,,,193.91,16.9,,,11.0,,-0.54,-30.34,0.0,30.34,0.0,False,-0.238,2026-09-22,87.3,0.0,0.05,0.1,-0.19,0.71,5.5,6.21,5.2,13.8,-4.7,174.68,162.49,157.26,True,191.55,127.85,3.22,32.9,-10.4,False,False,INSIDER-JUAL,90.0
BE,Bloom Energy,Industrials,Electrical Components & Equipment,SP500,277.58,78.96,2026-10-01,501.0,TTM-4Q,2026-03-31,2026-10-27,18.0,4831.8,0.64,True,366.2,7923.3,85.68,56.3,0.3,0.0,0.3,-1.7,4.8,1.3,29.6,6.6,0.53,-7.9,6.4,29.93,7.0,13.03,3.4,-0.59,152.6,61.3,0.96,1.1,98.0,111.8,2.77,-52.7,-3.0,,,280.24,1.0,,2.24,26.0,91.8,2.79,-1.29,0.0,1.29,0.0,False,-0.002,2026-09-16,86.1,,7.34,1.5,0.07,0.0,-0.09,-0.09,56.5,68.2,38.9,234.72,231.59,206.43,True,351.28,75.7,20.99,55.6,-0.1,False,True,DILUSI,100.0
TXNM,TXNM Energy,Utilities,Electric Utilities,SP400,58.53,6.48,2026-10-01,501.0,TTM-4Q,2026-03-31,,,105.6,0.94,True,12.9,39.3,1.87,,7.7,2.5,-8.8,-1.06,4.8,5.5,,2.7,6.03,-3.7,0.6,3.61,5.0,,1.6,-0.29,5.3,0.0,0.51,1.1,54.0,5.2,0.15,-5.2,1.29,,,,,,,,,-0.91,0.0,0.0,0.0,0.0,False,0.0,,,,,,0.14,2.65,-14.44,-11.79,8.5,-25.4,21.1,57.88,58.24,58.44,True,59.53,55.64,0.38,57.8,0.2,False,False,DILUSI,100.0
BWA,BorgWarner,Consumer Discretionary,Automotive Parts & Equipment,SP400,60.38,12.3,2026-10-01,501.0,TTM-4Q,2026-06-30,2026-10-29,20.0,150.1,0.78,True,11.6,29.6,2.19,10.2,8.6,3.4,9.9,0.0,4.9,7.2,19.5,0.3,2.77,-9.2,1.3,4.16,8.0,3.13,7.4,-0.49,46.3,17.0,0.78,1.1,73.0,40.4,0.65,-23.9,0.77,,,79.93,32.4,,1.93,15.0,11.5,0.22,-5.42,0.5,5.92,1.0,False,-0.044,2026-08-28,109.2,-0.09,3.59,3.6,-0.11,1.14,5.29,6.42,2.2,97.6,-5.5,64.61,62.3,59.37,True,78.82,40.5,1.94,40.7,-7.3,False,False,,100.0
BAC,Bank of America,Financials,Diversified Banks,SP500,53.73,375.72,2026-10-01,501.0,TTM-4Q,2026-06-30,2026-10-14,9.0,2252.5,1.62,True,,11.2,1.25,10.2,,9.0,,0.32,,11.2,,,,,0.1,,,,999.0,-0.24,22.1,26.5,1.09,1.09,46.0,22.3,1.14,-17.9,0.25,,,68.62,27.7,,1.5,21.0,7.7,-0.2,0.0,0.0,0.0,0.0,False,0.0,,71.3,-0.02,0.0,0.0,-0.13,2.6,6.62,9.22,9.7,20.5,-4.7,61.02,55.72,55.31,True,65.23,46.12,1.18,21.9,-10.8,False,False,,90.0
FTDR,"Frontdoor, Inc.",Consumer Discretionary,Specialized Consumer Services,SP600,75.45,5.2,2026-10-01,501.0,TTM-4Q,2026-06-30,,,47.4,0.97,True,10.9,19.0,18.3,14.5,9.2,5.3,7.4,-0.21,23.0,101.9,55.5,4.4,1.02,-6.2,3.3,1.5,7.0,4.04,5.6,0.68,18.2,45.8,0.69,1.09,72.0,46.2,1.48,-29.2,-0.41,,,97.4,29.1,,1.86,5.0,,0.29,-3.55,0.0,3.55,0.0,False,-0.068,2026-08-10,110.2,-0.19,6.95,7.6,-0.3,0.0,5.77,5.77,9.3,6.6,-4.8,79.44,69.97,67.0,True,93.43,48.47,2.6,44.1,-6.3,False,False,GOODWILL,100.0
NEU,NewMarket Corporation,Materials,Specialty Chemicals,SP400,921.14,8.47,2026-10-01,501.0,TTM-4Q,2026-06-30,,,106.8,1.04,True,13.7,19.5,4.61,35.7,7.3,5.1,5.5,0.04,16.2,25.1,31.5,3.8,1.13,-4.1,3.2,1.32,5.0,4.99,15.3,1.0,10.4,42.0,0.78,1.08,84.0,33.7,0.63,-32.8,0.51,,,,,,,,,-0.39,0.0,0.0,0.0,0.0,False,0.0,,67.7,-0.0,7.54,4.8,0.12,1.29,1.49,2.79,-1.3,-9.8,-2.2,890.75,767.22,744.64,True,981.66,580.03,23.24,61.5,14.2,False,True,,100.0
WERN,Werner Enterprises,Industrials,Cargo Ground Transportation,SP600,34.3,2.06,2026-10-01,501.0,TTM-4Q,2026-06-30,,,31.1,0.8,True,,,1.52,,,-2.2,2.6,-0.46,-1.0,-3.3,,,,-10.5,4.3,,4.0,2.61,-0.6,,46.3,28.4,0.91,1.08,57.0,41.1,0.83,-30.5,0.22,,,,,,,,,-0.9,0.0,0.0,0.0,0.0,False,0.0,,,,,,0.07,1.63,0.0,1.63,9.6,-188.3,-1.2,37.45,37.09,36.1,True,47.49,23.06,1.25,37.7,-22.6,False,False,,100.0
ALAB,Astera Labs,Information Technology,Semiconductors,NDX,356.42,61.83,2026-10-01,501.0,TTM-4Q,2026-06-30,2026-11-03,23.0,1318.8,0.98,True,212.3,167.3,35.83,55.7,0.5,0.6,0.4,-0.8,19.1,25.8,75.1,2.9,-4.39,2.1,14.3,0.91,5.0,182.47,999.0,0.51,43.0,163.2,1.04,1.07,96.0,99.3,2.83,-55.5,-2.39,,,389.95,9.4,,1.81,23.0,15.6,2.25,-64.01,0.0,64.01,0.0,False,-0.104,2026-09-02,76.0,0.05,6.57,2.4,-0.18,0.0,0.0,0.0,98.5,268.9,2.9,308.19,267.52,240.05,True,499.48,97.89,21.95,60.8,-14.5,False,False,INSIDER-JUAL,100.0
CPAY,Corpay,Financials,Transaction & Payment Processing Services,SP500,389.73,25.59,2026-10-01,501.0,TTM-4Q,2026-06-30,2026-11-04,24.0,191.4,1.19,True,,22.4,7.22,12.4,,4.5,,-1.42,,30.5,,,,,0.8,,,,5.0,0.63,40.5,39.8,1.1,1.07,83.0,36.4,1.38,-20.2,-0.65,,,461.0,18.3,,1.69,15.0,6.3,0.17,-113.44,0.0,113.44,0.0,False,-0.443,2026-08-25,100.7,0.0,4.94,7.5,-0.37,0.0,6.67,6.67,20.4,8.7,-7.1,401.09,354.04,346.32,True,427.46,252.84,8.22,40.0,7.8,False,False,GOODWILL;INSIDER-JUAL,90.0
NWBI,"Northwest Bancshares, Inc.",Financials,Regional Banks,SP600,14.99,2.2,2026-10-01,501.0,TTM-4Q,2026-06-30,,,17.7,0.95,True,,14.4,1.14,10.4,,7.0,,0.14,,8.6,,,,,0.1,,,,999.0,-0.32,29.6,20.7,1.15,1.06,74.0,21.8,0.63,-9.4,1.09,,,16.57,10.5,,2.75,7.0,,,-0.18,0.02,0.21,1.0,False,-0.008,2026-08-20,72.6,0.01,7.75,10.3,0.03,5.36,0.0,5.36,,6.6,,15.46,14.33,13.91,True,16.16,11.25,0.28,41.0,-3.3,False,False,,90.0
TGTX,"TG Therapeutics, Inc.",Health Care,Biotechnology,SP600,53.62,8.21,2026-10-01,501.0,TTM-4Q,2026-06-30,,,100.0,1.18,True,61.6,18.6,13.59,,1.6,5.4,0.2,-0.58,14.6,100.3,82.4,3.4,1.42,36.2,50.1,0.04,6.0,5.26,3.6,-1.17,55.3,67.0,1.37,1.06,90.0,44.8,0.29,-26.7,0.57,,,,,,,,,2.11,-0.27,0.0,0.27,0.0,False,-0.003,2026-09-10,,,,,0.09,0.0,2.17,2.17,76.1,630.2,-3.2,53.73,44.96,41.2,True,59.3,26.76,2.3,43.7,-1.9,False,False,LABA-KERTAS,100.0
MCRI,"Monarch Casino & Resort, Inc.",Consumer Discretionary,Casinos & Gaming,SP600,116.18,2.06,2026-10-01,501.0,TTM-4Q,2026-03-31,,,23.8,1.06,True,10.2,18.9,3.75,16.8,9.8,5.3,7.5,-0.08,20.1,20.1,24.6,2.1,-0.63,-9.4,1.6,1.62,9.0,9.65,999.0,0.38,12.3,22.5,0.68,1.05,61.0,25.5,0.59,-15.9,1.62,,,127.0,9.3,,,6.0,,0.29,-0.62,0.0,0.62,0.0,False,-0.03,2026-09-17,67.0,0.0,4.89,3.7,0.04,1.05,0.0,1.05,5.8,46.7,-3.3,121.46,116.11,110.78,True,135.93,88.13,2.68,38.7,-12.8,False,False,,90.0
IVZ,Invesco,Financials,Asset Management & Custody Banks,SP500,30.42,13.43,2026-10-01,501.0,TTM-4Q,2026-06-30,,,137.1,1.17,True,,,1.08,9.3,,-0.6,,-1.7,,-0.6,,,,,2.4,,,,-5.1,-1.23,43.9,33.5,1.13,1.05,81.0,34.3,1.34,-22.0,-0.59,,,34.04,11.9,,2.43,13.0,,-0.75,-7.23,0.0,7.23,0.0,False,-0.054,2026-09-11,98.3,0.0,4.27,3.8,-0.07,2.84,1.3,4.14,12.2,-110.1,-0.2,31.38,27.98,27.8,True,33.66,20.67,0.88,43.3,9.8,False,False,,90.0
MS,Morgan Stanley,Financials,Investment Banking & Brokerage,SP500,188.01,295.28,2026-10-01,501.0,TTM-4Q,2026-06-30,,,1101.6,1.85,True,,14.7,2.54,13.8,,6.8,,-0.35,,18.0,,,,,0.2,,,,999.0,-0.03,35.8,28.4,1.12,1.05,55.0,28.5,1.5,-18.8,-0.38,,,235.62,25.3,,2.28,21.0,,0.18,-8.88,0.0,8.88,0.0,False,-0.003,2026-07-28,63.2,-0.02,0.0,0.0,-0.15,2.3,0.0,2.3,18.0,36.6,-1.5,209.94,198.52,193.82,True,232.25,151.84,4.84,24.5,-14.3,False,False,,90.0
HIW,Highwoods Properties,Real Estate,Office REITs,SP600,29.09,3.21,2026-10-01,501.0,TTM-4Q,2026-03-31,,,36.9,0.8,True,7.9,33.4,1.35,41.6,12.7,3.0,,0.79,7.2,4.0,,,4.15,-4.4,1.5,3.91,5.0,,3.5,0.4,3.0,47.1,0.89,1.04,64.0,28.1,0.69,-34.0,-0.94,,,32.33,11.1,,,9.0,,-0.84,0.0,0.0,0.0,0.0,False,0.0,,120.8,0.01,17.57,11.9,0.05,6.79,-1.96,4.83,0.6,-45.8,2.0,31.28,27.66,27.12,True,35.44,20.45,0.72,37.3,-11.0,False,False,,90.0
WAB,Wabtec,Industrials,Construction Machinery & Heavy Transportation Equipment,SP500,287.84,48.62,2026-10-01,501.0,TTM-4Q,2026-06-30,,,220.0,1.1,True,21.7,38.3,4.34,,4.6,2.6,3.5,-0.56,8.8,11.5,35.0,1.5,2.35,-3.4,1.1,1.58,7.0,3.56,6.9,-0.2,40.2,9.5,0.96,1.04,81.0,25.9,0.95,-10.8,1.1,,,,,,,,,0.12,-5.15,0.0,5.15,0.0,False,-0.011,2026-09-02,,,,,0.06,0.39,1.09,1.49,13.4,10.1,-0.9,290.79,270.26,261.13,True,306.64,186.06,5.96,51.5,7.0,False,False,,100.0
VTRS,Viatris,Health Care,Pharmaceuticals,SP500,17.46,20.05,2026-10-01,501.0,TTM-4Q,2026-06-30,,,155.8,1.01,True,12.0,,1.41,,8.4,-2.0,9.7,0.76,-0.2,-2.8,34.8,3.7,4.59,-7.5,4.2,,6.0,1.11,-0.2,-1.1,73.9,23.8,1.54,1.04,88.0,31.7,0.95,-19.0,0.51,,,,,,,,,,0.0,0.0,0.0,0.0,False,0.0,,,,,,0.09,0.0,1.5,1.5,4.4,,-0.8,16.94,15.86,15.29,True,18.43,9.69,0.46,55.3,1.9,False,True,ZONA-BAHAYA;DISTRES,100.0
OGN,Organon & Co.,Health Care,Pharmaceuticals,SP600,13.71,3.6,2026-10-01,501.0,TTM-4Q,2026-06-30,,,34.1,0.82,True,9.9,17.2,3.58,3.8,10.1,5.8,15.7,1.36,6.5,24.0,52.7,3.5,6.64,-4.0,3.7,3.53,5.0,1.25,2.0,-0.81,29.9,124.8,1.23,1.04,93.0,62.8,0.89,-48.0,-1.02,,,11.25,-17.9,,,4.0,,-0.46,-0.2,0.0,0.2,0.0,False,-0.006,2026-08-05,84.8,-0.01,7.59,5.4,0.03,0.5,0.0,0.5,-2.5,-70.1,4.0,13.67,11.83,10.86,True,13.78,5.69,0.04,52.9,-1.4,False,True,ZONA-BAHAYA;GOODWILL,100.0
PSMT,PriceSmart,Consumer Staples,Consumer Staples Merchandise Retail,SP600,167.64,5.17,2026-10-01,501.0,TTM-4Q,2026-05-31,,,36.1,1.0,True,14.3,32.2,3.72,,7.0,3.1,1.4,-0.75,12.6,12.3,17.6,2.1,-0.39,-4.9,0.5,1.71,6.0,6.06,16.3,-0.37,43.2,14.1,1.02,1.03,69.0,28.1,0.49,-15.3,0.47,,,,,,,,,0.41,-5.96,0.0,5.96,0.0,False,-0.115,2026-08-17,,,,,-0.36,0.0,0.19,0.19,10.2,10.4,0.6,176.36,169.45,162.1,True,199.84,111.68,4.22,39.3,-17.4,False,False,,100.0
SNX,TD Synnex,Information Technology,Technology Distributors,SP400,271.76,21.73,2026-10-01,501.0,TTM-4Q,2026-05-31,,,301.5,1.09,True,11.5,19.1,2.43,,8.7,5.2,1.7,0.5,10.7,13.1,7.0,0.4,1.64,1.7,0.2,0.48,7.0,2.71,999.0,-1.39,55.1,35.5,1.32,1.03,92.0,34.4,1.23,-18.8,1.37,,,,,,,,,-0.05,-6.99,0.0,6.99,0.0,False,-0.032,2026-09-15,,,,,0.03,0.69,2.48,3.17,16.3,56.5,-3.8,258.08,234.46,214.92,True,298.77,142.22,11.79,55.7,8.3,False,True,,100.0
LGND,"Ligand Pharmaceuticals, Inc.",Health Care,Biotechnology,SP600,302.74,6.04,2026-10-01,501.0,TTM-4Q,2026-06-30,,,79.2,1.44,True,45.5,30.6,6.24,25.4,2.2,3.3,2.2,-0.41,5.4,22.0,,4.1,-1.81,4.2,4.8,0.67,6.0,4.4,15.3,-1.16,60.5,42.4,1.42,1.02,88.0,36.3,0.91,-14.7,0.55,,,344.25,13.7,,1.27,12.0,,,-2.43,0.0,2.43,0.0,False,-0.04,2026-09-10,116.0,0.02,15.83,14.1,0.03,0.0,0.0,0.0,54.9,,9.6,291.72,257.0,241.2,True,326.63,175.56,9.73,57.0,-7.6,False,True,DILUSI,100.0
FIVE,Five Below,Consumer Discretionary,Specialty Stores,SP400,221.17,12.18,2026-10-01,501.0,TTM-4Q,2026-08-01,,,288.6,0.57,True,11.2,19.7,4.92,20.0,9.0,5.1,4.9,-0.33,27.0,28.3,40.3,1.2,-1.21,-3.7,1.5,1.3,8.0,5.01,999.0,0.61,58.4,4.3,0.78,1.02,79.0,40.3,1.49,-28.8,-0.2,,,310.95,40.6,,1.72,21.0,,2.16,-5.55,0.09,5.65,1.0,False,-0.046,2026-09-14,103.1,0.0,4.49,2.0,0.03,0.0,0.0,0.0,25.6,126.8,0.2,234.24,220.22,214.56,True,263.88,137.77,9.45,39.7,18.2,False,False,,100.0
CHCO,City Holding Company,Financials,Regional Banks,SP600,141.39,1.99,2026-10-01,501.0,TTM-4Q,2026-06-30,2026-10-21,14.0,18.6,1.17,True,,15.1,2.45,14.7,,6.6,,-0.25,,16.8,,,,,0.2,,,,999.0,0.03,18.0,19.6,1.06,1.01,71.0,17.8,0.45,-8.8,1.45,,,140.4,-0.7,,3.0,5.0,5.6,-0.2,-0.71,0.0,0.71,0.0,False,-0.036,2026-08-26,74.1,0.01,9.99,10.3,0.0,2.47,2.77,5.24,,7.9,-2.8,143.68,131.51,129.59,True,148.99,113.21,2.52,47.7,2.2,False,False,,90.0
RELY,Remitly,Financials,Transaction & Payment Processing Services,SP600,21.48,4.55,2026-10-01,501.0,TTM-4Q,2026-06-30,,,92.8,0.49,True,,14.9,4.04,,,6.7,,-0.47,,32.2,,,,,8.0,,,,16.7,1.39,57.7,63.2,1.06,1.0,80.0,57.2,1.36,-29.1,-1.83,,,,,,,,,3.0,-10.27,0.0,10.27,0.0,False,-0.226,2026-09-09,,,,,-0.13,0.0,1.96,1.96,23.8,2066.1,0.9,23.86,21.29,19.48,True,27.48,12.08,0.99,41.2,-11.8,False,False,INSIDER-JUAL,90.0
HXL,Hexcel,Industrials,Aerospace & Defense,SP400,86.74,6.56,2026-10-01,501.0,TTM-4Q,2026-06-30,,,78.9,1.24,True,21.3,42.7,5.05,27.7,4.7,2.3,3.9,-0.56,7.8,10.8,25.0,2.0,2.56,-6.4,1.5,2.17,7.0,5.17,5.1,-0.39,48.1,11.9,0.93,0.99,62.0,32.4,1.09,-23.8,0.39,,,110.64,27.6,,2.47,14.0,,-0.04,-2.27,0.0,2.27,0.0,False,-0.035,2026-09-03,115.6,-0.0,6.64,5.9,-0.04,0.82,5.39,6.21,5.4,74.4,-5.1,95.67,92.37,89.8,True,111.74,60.82,2.43,39.6,-14.9,False,False,,100.0
QNST,"QuinStreet, Inc.",Communication Services,Interactive Media & Services,SP600,14.92,0.85,2026-10-01,501.0,TTM-4Q,2026-06-30,,,18.2,1.14,False,13.1,10.5,2.64,,7.6,9.5,15.0,0.28,11.1,28.6,11.3,1.3,-0.96,-8.7,10.7,1.62,7.0,3.25,8.1,-0.49,22.4,58.0,0.7,0.99,53.0,57.6,1.52,-35.5,-0.77,,,,,,,,,2.29,-0.82,0.0,0.82,0.0,False,-0.097,2026-08-18,,,,,-0.84,0.0,3.69,3.69,18.3,1625.8,-0.2,17.8,14.62,14.33,True,22.29,10.29,0.79,33.1,-8.1,False,False,TIPIS,100.0
USFD,US Foods,Consumer Staples,Food Distributors,SP400,93.93,20.32,2026-10-01,501.0,TTM-4Q,2026-06-27,,,245.0,0.82,True,14.7,27.9,4.75,,6.8,3.6,4.7,-0.42,10.1,16.4,17.6,0.7,2.99,-4.6,1.3,1.88,7.0,4.65,4.1,-0.48,39.2,17.4,0.96,0.99,60.0,29.6,0.58,-21.1,0.15,,,,,,,,,-0.0,-3.64,0.0,3.64,0.0,False,-0.018,2026-08-13,,,,,-0.01,0.0,5.42,5.42,3.8,31.6,-5.2,101.37,94.71,92.08,True,111.42,69.88,2.63,38.0,-12.2,False,False,GOODWILL,100.0
CALY,Callaway Golf Company,Consumer Discretionary,Leisure Products,SP600,14.32,2.56,2026-10-01,501.0,TTM-4Q,2026-06-30,2026-11-05,25.0,32.2,0.83,True,17.4,,1.18,16.2,5.7,-10.3,13.2,-0.21,4.3,-11.3,,1.3,-1.7,-12.2,8.3,,8.0,3.47,999.0,0.65,63.5,12.4,0.73,0.98,60.0,51.8,1.19,-28.3,-0.29,,,20.4,42.5,,2.18,10.0,10.0,-0.42,-1.54,0.0,1.54,0.0,False,-0.06,2026-08-07,89.4,0.03,4.83,4.2,0.07,0.0,3.32,3.32,3.7,,-4.9,16.15,15.82,15.28,True,20.28,8.39,0.42,33.5,-23.5,False,False,,100.0
PR,Permian Resources,Energy,Oil & Gas Exploration & Production,SP400,21.93,18.37,2026-10-01,501.0,TTM-4Q,2026-06-30,,,234.3,0.95,True,,14.9,1.53,,,6.7,,0.27,10.8,11.5,,,,-15.3,1.7,3.23,5.0,2.49,7.8,,91.1,16.5,1.58,0.97,90.0,34.0,0.29,-19.7,0.71,,,,,,,,,-0.25,-0.37,0.0,0.37,0.0,False,-0.002,2026-09-03,,,,,0.15,2.75,0.0,2.75,12.8,8.4,14.6,22.17,20.66,19.34,True,24.65,11.92,0.68,46.9,17.5,False,False,DILUSI,100.0
AMGN,Amgen,Health Care,Biotechnology,SP500;NDX,407.27,220.18,2026-10-01,501.0,TTM-4Q,2026-06-30,2026-11-03,23.0,1293.1,0.77,True,18.7,25.2,18.84,16.7,5.4,4.0,4.6,-0.01,14.6,91.5,69.5,,3.07,-4.1,2.1,1.43,8.0,2.16,4.3,0.24,59.6,25.7,1.45,0.97,81.0,29.5,0.35,-16.6,1.18,,,389.22,-4.4,,2.65,29.0,12.0,-0.19,-4.11,0.0,4.11,0.0,False,-0.002,2026-08-13,85.0,0.01,2.6,5.4,0.05,2.4,0.0,2.4,9.1,32.1,0.6,408.85,370.01,364.15,True,447.03,283.0,10.5,50.0,6.1,False,False,GOODWILL,100.0
ACT,"Enact Holdings, Inc.",Financials,Commercial & Residential Mortgage Finance,SP600,44.15,6.07,2026-10-01,501.0,TTM-4Q,2026-06-30,2026-11-09,27.0,22.7,1.31,True,,8.9,1.12,8.7,,11.3,,0.99,,12.9,,,,,0.9,,,,18.3,0.78,29.0,20.6,1.1,0.97,61.0,22.6,0.49,-13.6,1.04,,,50.2,13.7,,2.67,5.0,6.1,-0.57,-84.55,0.0,84.55,0.0,False,-1.393,2026-08-31,22.6,0.0,12.25,7.2,-1.12,2.05,6.9,8.95,2.5,0.9,-6.9,48.38,44.64,43.65,True,50.56,34.64,1.15,26.6,-5.1,False,False,INSIDER-JUAL,90.0
MSEX,Middlesex Water Company,Utilities,Water Utilities,SP600,52.43,0.99,2026-10-01,501.0,TTM-4Q,2026-06-30,,,7.0,1.0,False,15.0,20.6,1.9,17.5,6.6,4.9,,-0.82,5.2,9.8,,,4.35,-0.8,0.4,1.22,8.0,,4.0,-0.88,10.3,11.8,0.37,0.97,41.0,29.9,-0.2,-21.0,0.03,,,61.0,16.3,,,2.0,,-0.42,-0.04,0.0,0.04,0.0,False,-0.004,2026-08-07,88.6,0.0,5.65,7.2,-0.57,2.64,-4.13,-1.49,5.3,10.5,4.1,56.88,54.34,53.9,True,62.18,44.17,1.15,29.2,-11.2,False,False,TIPIS,100.0
SCSC,"ScanSource, Inc.",Information Technology,Technology Distributors,SP600,62.22,1.25,2026-10-01,501.0,TTM-4Q,2026-06-30,,,16.3,2.51,True,10.4,15.9,1.38,,9.7,6.3,9.1,1.44,7.3,8.7,13.6,0.7,0.11,-2.4,0.3,1.56,8.0,3.71,15.0,-1.17,27.8,53.9,1.07,0.97,91.0,38.3,1.28,-22.7,1.12,,,,,,,,,-0.42,-5.48,0.0,5.48,0.0,False,-0.438,2026-09-11,,,,,-1.55,0.0,7.81,7.81,6.1,10.2,-9.0,56.33,47.77,45.74,True,66.78,33.76,1.93,68.4,19.2,True,True,,100.0
AHR,American Healthcare REIT,Real Estate,Health Care REITs,SP400,50.69,11.05,2026-10-01,501.0,TTM-4Q,2026-06-30,2026-11-05,25.0,172.7,0.89,True,17.0,91.3,2.99,51.2,5.9,1.1,,-0.68,10.5,4.0,21.2,5.6,1.75,-4.7,1.1,2.99,7.0,,6.2,0.3,36.7,19.6,1.09,0.97,57.0,25.8,0.34,-13.6,0.48,,,64.4,27.0,,1.4,15.0,11.5,0.71,0.0,0.0,0.0,0.0,False,0.0,2026-09-01,99.2,0.01,12.96,9.7,0.12,1.62,-12.13,-10.52,16.4,,20.0,54.54,51.78,51.0,True,58.7,40.0,1.05,30.3,-10.2,False,False,DILUSI,90.0
HNI,HNI Corporation,Industrials,Office Services & Supplies,SP600,46.73,3.37,2026-10-01,501.0,TTM-4Q,2026-07-04,,,27.1,0.92,True,16.2,784.4,1.87,9.7,6.2,0.1,,-0.31,2.6,0.3,41.0,2.8,4.41,-5.8,2.6,46.65,4.0,,999.0,-0.5,4.8,44.6,0.69,0.96,76.0,36.0,0.84,-43.9,-0.1,,,69.75,49.3,,,4.0,,2.0,0.0,0.0,0.0,0.0,False,0.0,2026-08-28,90.0,0.02,5.97,8.2,0.02,2.47,0.01,2.48,70.1,-97.1,53.1,47.24,39.8,41.44,True,52.79,28.93,1.41,49.2,10.0,False,False,DILUSI,100.0
FTRE,Fortrea,Health Care,Biotechnology,SP600,19.4,1.84,2026-10-01,501.0,TTM-4Q,2026-06-30,,,29.1,1.33,True,40.5,,3.52,17.0,2.5,-4.6,10.6,0.07,-0.5,-15.3,,,13.12,-11.3,13.7,,6.0,0.73,-999.0,-0.84,110.5,86.3,1.36,0.96,94.0,72.6,1.86,-51.8,-2.26,,,20.55,5.9,,2.33,11.0,,,-4.26,0.0,4.26,0.0,False,-0.231,2026-09-09,110.0,0.05,15.5,11.0,-0.12,0.0,0.0,0.0,-2.1,,4.6,18.8,15.1,15.16,True,21.39,8.39,1.0,52.3,9.4,False,False,ZONA-BAHAYA;DISTRES;GOODWILL,100.0
CATY,Cathay General Bancorp,Financials,Regional Banks,SP600,60.08,4.01,2026-10-01,501.0,TTM-4Q,2026-06-30,2026-10-21,14.0,30.6,0.92,True,,11.5,1.32,10.1,,8.7,,0.36,,11.7,,,,,0.2,,,,999.0,-0.18,30.0,21.3,1.08,0.95,72.0,23.7,0.82,-12.3,0.72,,,65.0,8.2,,2.83,5.0,1.5,-0.19,-2.31,0.0,2.31,0.0,False,-0.058,2026-09-02,79.1,0.01,6.74,7.8,-0.04,2.42,0.0,2.42,11.3,17.8,-4.1,62.41,57.91,56.25,True,65.26,44.57,1.12,39.3,-6.0,False,False,,90.0
IFF,International Flavors & Fragrances,Materials,Specialty Chemicals,SP500,83.12,21.21,2026-10-01,501.0,TTM-4Q,2026-06-30,,,146.9,1.06,True,15.5,72.6,1.52,21.0,6.5,1.4,2.5,-0.26,2.9,2.1,37.5,1.8,3.01,-3.4,3.4,3.98,9.0,1.67,4.0,-0.06,41.8,18.8,0.87,0.95,74.0,34.7,0.79,-19.3,0.75,,,95.66,15.1,,1.81,18.0,,,-1.32,0.0,1.32,0.0,False,-0.006,2026-08-17,109.6,0.0,8.77,11.3,0.09,1.93,0.0,1.93,-4.6,,0.0,83.76,77.6,76.26,True,89.32,59.14,1.81,43.1,-3.3,False,False,ZONA-BAHAYA,100.0
CCEP,Coca-Cola Europacific Partners,Consumer Staples,Soft Drinks,NDX,100.79,,2026-10-01,501.0,,,2027-02-19,101.0,186.0,0.81,True,,,,18.1,,,,,,,,,,,,,,,999.0,,22.2,17.6,0.87,0.95,57.0,22.8,0.36,-18.2,0.71,,,109.47,8.6,,1.92,12.0,-69.3,,0.0,0.0,0.0,0.0,False,,,37.2,0.02,8.04,8.0,0.0,,,,,,,105.85,100.36,98.75,True,113.67,84.66,2.03,41.8,-7.8,False,False,DATA-KURANG;FILER-ASING,0.0
HST,Host Hotels & Resorts,Real Estate,Hotel & Resort REITs,SP500,22.51,15.42,2026-10-01,501.0,TTM-4Q,2026-06-30,,,193.8,1.67,True,11.0,15.0,2.41,21.3,9.1,6.7,8.6,0.62,7.4,15.8,,,1.85,-4.4,2.3,1.56,8.0,,3.8,0.67,36.0,17.6,1.09,0.95,78.0,24.7,0.61,-15.3,0.09,,,25.29,12.4,,1.9,20.0,,-0.35,-2.8,0.0,2.8,0.0,False,-0.018,2026-08-21,105.6,0.02,8.42,5.3,0.13,4.23,0.49,4.71,4.9,55.8,-1.0,22.96,22.18,21.35,True,25.71,15.61,0.43,51.8,-6.0,False,False,,100.0
AIT,Applied Industrial Technologies,Industrials,Trading Companies & Distributors,SP400,339.39,12.46,2026-10-01,501.0,TTM-4Q,2026-06-30,2026-10-27,18.0,93.2,0.65,True,20.5,30.0,6.69,25.7,4.9,3.3,3.7,-0.51,18.4,22.4,30.3,0.5,0.22,-2.2,1.0,1.17,7.0,10.44,31.6,0.44,23.1,18.8,0.81,0.95,78.0,25.8,1.06,-12.9,0.93,,,400.0,17.9,,1.5,6.0,8.6,-0.13,-1.29,0.0,1.29,0.0,False,-0.01,2026-08-26,98.5,0.02,2.81,3.3,0.03,0.58,2.55,3.13,8.8,5.5,-2.5,337.64,313.06,302.95,True,374.8,238.34,7.59,58.6,0.0,False,True,,100.0
MBIN,Merchants Bancorp,Financials,Regional Banks,SP600,49.52,2.27,2026-10-01,501.0,TTM-4Q,2026-06-30,,,12.1,0.81,True,,8.5,0.95,8.2,,11.8,,1.27,,11.7,,,,,0.3,,,,999.0,-0.23,63.9,17.2,1.21,0.95,83.0,33.4,0.89,-13.3,0.21,,,64.5,30.3,,,2.0,,,-0.99,0.0,0.99,0.0,False,-0.044,2026-07-30,99.2,0.0,10.07,15.0,-0.05,2.65,0.0,2.65,,6.1,0.2,52.8,48.56,46.09,True,56.87,30.37,1.37,34.1,-1.1,False,False,,90.0
DDOG,Datadog,Information Technology,Application Software,SP500;NDX,276.46,102.57,2026-10-01,501.0,TTM-4Q,2026-06-30,2026-11-05,25.0,832.9,0.81,True,1245.9,577.6,23.49,93.0,0.1,0.2,1.2,-0.8,0.4,4.7,79.5,1.3,-63.65,-15.7,2.0,6.92,5.0,20.58,1.4,1.56,57.2,88.6,1.08,0.93,95.0,67.8,1.32,-48.6,-0.38,,,286.26,3.5,,1.5,46.0,11.4,0.25,-39.55,0.0,39.55,0.0,False,-0.039,2026-09-23,92.8,0.0,3.53,2.8,0.01,0.0,0.0,0.0,31.5,42.5,3.4,244.01,203.02,184.16,True,292.72,98.01,12.19,70.3,3.5,False,True,INSIDER-JUAL,100.0
EPC,Edgewell Personal Care,Consumer Staples,Household Products,SP600,26.67,1.23,2026-10-01,501.0,TTM-4Q,2026-06-30,2026-11-12,30.0,17.0,0.75,True,20.8,,0.84,13.3,4.8,-7.6,4.3,-0.89,0.5,-6.2,39.5,1.7,8.52,-5.9,0.9,,6.0,1.58,0.3,-1.01,40.4,32.1,0.86,0.93,83.0,42.0,0.31,-32.9,-0.41,,,32.17,20.6,,,6.0,17.6,0.05,0.0,0.0,0.0,0.0,False,0.0,,121.1,0.01,10.17,9.0,0.0,2.31,1.29,3.6,11.6,-243.8,-0.9,27.89,24.02,22.83,True,29.95,15.73,0.98,42.7,-4.4,False,False,ZONA-BAHAYA;DISTRES,100.0
GFF,Griffon Corporation,Industrials,Building Products,SP600,93.15,4.22,2026-10-01,501.0,TTM-4Q,2026-06-30,,,34.3,1.33,True,10.9,23.6,32.67,15.1,9.2,4.2,7.0,0.32,20.5,185.4,40.5,4.8,2.35,-8.3,5.1,1.9,7.0,,5.2,0.84,25.3,29.5,0.77,0.93,74.0,35.7,1.1,-27.9,0.16,,,125.57,34.8,,,7.0,,1.42,-0.69,0.0,0.69,0.0,False,-0.016,2026-08-13,82.0,0.01,6.24,6.0,0.01,0.92,3.33,4.26,26.9,155.8,-0.4,97.21,89.0,87.46,True,108.57,65.01,2.62,42.0,-2.2,False,False,GOODWILL,100.0
IPAR,"Inter Parfums, Inc.",Consumer Staples,Household Products,SP600,111.85,3.58,2026-10-01,501.0,TTM-4Q,2026-06-30,,,25.9,1.78,True,13.1,21.4,4.12,21.5,7.6,4.7,6.9,-0.03,15.9,19.6,63.8,0.2,0.5,-5.8,1.2,1.53,6.0,8.29,38.1,1.42,22.2,27.6,0.81,0.92,70.0,30.6,0.82,-19.8,-0.09,,,126.67,13.2,,2.67,6.0,,-0.13,-0.11,0.0,0.11,0.0,False,-0.003,2026-08-27,70.0,-0.01,11.58,10.1,-0.07,2.86,0.44,3.3,2.9,4.2,-0.4,117.22,104.28,101.54,True,129.29,77.21,3.65,44.0,-8.7,False,False,,100.0
AXTA,Axalta,Materials,Specialty Chemicals,SP400,31.85,6.82,2026-10-01,501.0,TTM-4Q,2026-03-31,2026-10-28,19.0,68.2,0.87,True,9.3,18.5,2.82,11.1,10.8,5.4,7.2,0.65,9.0,16.4,34.2,2.0,2.52,-4.3,1.0,1.87,5.0,2.42,4.1,0.46,22.6,26.8,0.77,0.92,49.0,32.1,0.99,-28.5,0.3,,,39.33,23.5,,2.19,15.0,10.9,-0.18,0.0,0.0,0.0,0.0,False,0.0,,107.6,-0.4,4.32,4.8,0.06,0.0,0.0,0.0,-2.6,-17.8,-2.2,35.01,31.78,32.16,True,38.61,24.94,0.84,34.8,-11.6,False,False,,100.0
OFG,OFG Bancorp,Financials,Regional Banks,SP600,50.69,2.14,2026-10-01,501.0,TTM-4Q,2026-06-30,,,14.6,0.97,True,,9.7,1.52,9.9,,10.3,,0.49,,16.1,,,,,0.1,,,,999.0,0.0,21.8,27.8,1.0,0.92,74.0,24.8,0.7,-14.6,0.7,,,56.5,11.5,,,4.0,,,-3.49,0.0,3.49,0.0,False,-0.163,2026-08-14,99.8,0.04,7.13,9.1,0.15,2.56,4.9,7.46,,13.2,-5.9,52.37,47.29,45.78,True,54.47,35.71,0.95,38.8,-0.1,False,False,,90.0
SAIC,Science Applications Intl Corp,Industrials,Diversified Support Services,SP400,126.3,5.29,2026-10-01,501.0,TTM-4Q,2026-07-31,,,55.8,1.15,True,10.2,13.9,3.69,,9.8,7.2,11.7,1.08,12.7,25.7,12.6,0.2,3.15,-5.3,1.4,1.74,7.0,2.94,999.0,-0.4,29.4,31.2,0.77,0.92,82.0,39.2,0.36,-27.8,0.81,,,,,,,,,-0.69,0.13,0.13,0.0,1.0,False,0.003,2026-09-22,,,,,0.07,1.27,8.67,9.94,-0.8,-4.8,-8.5,126.49,109.79,107.49,True,142.66,81.08,3.84,43.0,11.0,False,False,GOODWILL,100.0
HPQ,HP Inc.,Information Technology,"Technology Hardware, Storage & Peripherals",SP500,32.15,28.99,2026-10-01,501.0,TTM-4Q,2026-07-31,,,527.0,0.85,True,8.2,11.8,,10.2,12.2,8.5,13.4,1.5,31.8,,19.9,1.0,1.2,-5.2,4.2,1.9,7.0,1.65,8.2,-0.14,19.7,67.3,0.96,0.91,93.0,45.3,1.18,-35.6,0.64,,,29.66,-7.7,,,17.0,,-0.37,0.0,0.0,0.0,0.0,False,0.0,2026-08-07,95.9,0.02,9.4,4.5,0.18,3.78,4.23,8.0,8.1,-7.2,-2.8,30.43,24.57,23.59,True,36.23,17.56,1.42,52.8,42.9,False,True,ZONA-BAHAYA;GOODWILL,100.0
KWR,Quaker Chemical Corporation,Materials,Specialty Chemicals,SP600,158.39,2.73,2026-10-01,501.0,TTM-4Q,2026-06-30,,,23.2,0.7,True,15.5,27.9,1.98,16.7,6.4,3.6,2.7,-0.28,4.9,7.2,36.1,2.1,3.24,-1.2,2.2,1.34,7.0,2.54,3.7,-0.15,24.9,31.8,0.76,0.9,70.0,37.5,1.14,-36.5,-0.22,,,192.57,21.6,,,7.0,,,-0.1,0.0,0.1,0.0,False,-0.004,2026-08-04,92.8,0.02,15.8,12.0,0.11,1.28,0.07,1.35,7.8,,-2.2,161.37,146.6,148.88,True,183.01,112.18,4.48,48.4,-4.2,False,False,,100.0
ALL,Allstate,Financials,Property & Casualty Insurance,SP500,224.41,56.74,2026-10-01,501.0,TTM-4Q,2026-06-30,2026-11-04,24.0,579.9,1.26,True,,4.3,1.68,8.1,,23.4,,2.05,,46.0,,,,,3.7,,,,999.0,1.25,22.5,27.5,0.99,0.89,50.0,25.3,0.4,-19.0,0.81,,,276.09,23.0,,2.6,22.0,48.0,0.28,-23.76,0.0,23.76,0.0,False,-0.042,2026-08-11,86.2,-0.01,0.01,0.0,-0.11,1.88,4.33,6.22,5.9,129.2,-3.3,254.27,231.42,224.68,True,277.22,188.08,5.55,28.7,-12.6,False,False,INSIDER-JUAL,90.0
CAT,Caterpillar Inc.,Industrials,Construction Machinery & Heavy Transportation Equipment,SP500,826.35,379.85,2026-10-01,501.0,TTM-4Q,2026-06-30,2026-10-29,20.0,1880.8,0.92,True,25.9,35.0,19.59,25.5,3.9,2.9,2.8,-0.81,21.2,57.0,34.3,,1.39,-2.8,1.9,1.25,8.0,5.02,999.0,0.64,64.8,7.1,0.91,0.89,80.0,39.6,1.04,-26.7,0.16,,,975.61,18.1,,2.14,26.0,31.8,0.5,-26.21,0.0,26.21,0.0,False,-0.007,2026-08-28,73.5,0.01,2.03,3.5,-0.0,0.74,1.92,2.66,18.4,14.9,-1.9,824.43,838.72,793.82,True,1073.46,471.14,22.6,53.4,-16.4,False,False,INSIDER-JUAL,90.0
UNM,Unum,Financials,Life & Health Insurance,SP400,88.08,13.94,2026-10-01,501.0,TTM-4Q,2026-06-30,,,189.7,0.56,True,,19.8,1.29,,,5.0,,0.01,,6.4,,,,,0.6,,,,999.0,-0.46,20.7,25.6,0.98,0.89,64.0,23.6,0.77,-11.5,0.8,,,,,,,,,-0.93,-0.99,0.0,0.99,0.0,False,-0.007,2026-09-10,,,,,0.04,2.21,7.98,10.19,3.4,-53.7,-8.3,91.11,84.74,82.62,True,96.77,69.02,2.32,37.9,-7.0,False,False,,90.0
GEN,Gen Digital,Information Technology,Systems Software,SP500,22.25,13.32,2026-10-01,501.0,TTM-4Q,2026-07-03,,,295.8,0.96,True,8.0,12.6,5.01,6.7,12.5,7.9,11.6,1.52,13.2,41.9,78.0,2.3,2.91,-3.2,3.7,1.49,7.0,1.3,999.0,0.25,7.9,62.0,0.89,0.88,25.0,39.3,0.89,-36.4,0.95,,,32.56,46.3,,2.2,9.0,,0.09,-15.49,0.0,15.49,0.0,False,-0.116,2026-09-04,93.9,0.0,6.54,6.3,-0.3,2.34,4.5,6.84,20.2,76.4,-3.4,28.06,24.42,24.63,True,31.65,17.78,1.26,29.0,-18.7,False,False,ZONA-BAHAYA;GOODWILL;INSIDER-JUAL,100.0
WCC,WESCO International,Industrials,Trading Companies & Distributors,SP400,371.28,18.09,2026-10-01,501.0,TTM-4Q,2026-06-30,,,172.5,1.09,True,15.0,25.5,3.47,,6.7,3.9,0.9,-0.34,9.5,14.2,,,3.31,2.6,0.9,0.37,6.0,3.35,999.0,-1.23,57.8,17.7,0.84,0.88,91.0,44.8,1.47,-20.5,-0.21,,,,,,,,,0.06,-1.0,0.35,1.35,1.0,False,-0.006,2026-08-17,,,,,0.07,0.51,0.36,0.87,12.5,7.2,0.0,350.55,330.77,317.99,True,385.37,207.39,12.14,60.0,17.6,False,True,,100.0
WSM,"Williams-Sonoma, Inc.",Consumer Discretionary,Homefurnishing Retail,SP500,233.39,27.49,2026-10-01,501.0,TTM-4Q,2026-08-02,,,263.1,1.29,True,15.0,23.3,12.84,,6.7,4.3,4.9,-0.57,53.7,55.0,47.2,1.7,-0.58,-8.0,2.1,1.36,8.0,7.87,999.0,1.86,15.2,24.1,0.59,0.88,76.0,33.3,1.28,-23.3,0.43,,,,,,,,,-0.21,0.0,0.0,0.0,0.0,False,0.0,2026-09-16,,,,,0.08,1.22,3.1,4.32,2.2,4.6,-3.8,233.38,210.52,208.62,True,254.89,165.51,6.84,55.1,-0.0,False,True,,100.0
AAPL,Apple Inc.,Information Technology,"Technology Hardware, Storage & Peripherals",SP500;NDX,330.32,4820.75,2026-10-01,501.0,TTM-4Q,2026-06-27,2026-10-29,20.0,14043.2,0.86,True,28.8,37.4,44.84,34.5,3.5,2.7,2.8,-0.28,71.3,148.8,48.7,1.9,0.13,-5.0,1.6,1.14,9.0,13.08,999.0,1.87,28.2,27.4,1.12,0.88,78.0,24.7,1.07,-13.8,1.85,,,328.22,-0.6,,2.2,39.0,6.7,-0.31,0.0,0.0,0.0,0.0,False,0.0,2026-09-22,66.3,0.0,0.88,3.0,0.16,0.32,1.71,2.03,14.2,29.9,-1.6,322.18,296.62,288.86,True,345.34,243.42,7.25,51.4,4.3,False,True,,100.0
AES,AES Corporation,Utilities,Independent Power Producers & Energy Traders,SP500,14.92,10.64,2026-10-01,501.0,TTM-4Q,2026-06-30,2026-11-04,24.0,121.4,1.12,True,,5.7,2.15,6.3,,17.6,-16.2,1.04,,45.0,20.3,2.2,,-6.1,1.9,2.69,6.0,,1.5,0.04,17.8,6.6,0.37,0.88,63.0,32.8,0.58,-19.0,-0.78,,,15.0,0.5,,3.0,8.0,-6.0,1.28,0.0,0.0,0.0,0.0,False,0.0,,91.6,-0.0,2.6,2.4,0.09,4.72,0.0,4.72,8.5,103.0,0.4,14.78,14.6,14.68,True,17.65,13.21,0.05,69.8,-0.2,False,False,UTANG-TAK-TERBACA,90.0
CFR,Frost Bank,Financials,Regional Banks,SP400,153.48,9.54,2026-10-01,501.0,TTM-4Q,2026-06-30,2026-10-29,20.0,83.6,0.8,True,,14.0,2.06,12.9,,7.2,,-0.07,,15.5,,,,,0.1,,,,999.0,-0.08,28.6,15.8,1.08,0.88,69.0,20.6,0.84,-11.4,0.86,,,173.79,13.2,,2.53,14.0,5.2,-0.34,0.0,0.0,0.0,0.0,False,0.0,,96.1,-0.04,0.02,0.0,-0.32,2.7,3.34,6.04,7.4,12.2,-2.9,162.58,149.39,146.38,True,170.8,119.0,3.04,34.4,-3.4,False,False,,90.0
XPEL,"XPEL, Inc.",Consumer Discretionary,Automotive Parts & Equipment,SP600,44.56,1.23,2026-10-01,501.0,TTM-4Q,2026-06-30,,,9.1,0.74,False,14.8,22.4,4.01,,6.8,4.5,-0.2,-0.82,17.8,19.5,42.9,2.4,0.05,-4.9,4.1,1.35,5.0,7.56,256.4,0.29,45.7,7.7,0.66,0.87,48.0,40.3,1.07,-31.8,0.1,,,,,,,,,0.6,0.0,0.0,0.0,0.0,False,0.0,,,,,,0.08,0.0,0.0,0.0,13.2,12.5,-0.1,47.27,45.31,47.0,True,55.91,31.88,1.54,42.1,-10.5,False,False,TIPIS,100.0
SHO,"Sunstone Hotel Investors, Inc.",Real Estate,Hotel & Resort REITs,SP600,11.31,2.1,2026-10-01,501.0,TTM-4Q,2026-06-30,,,22.3,0.97,True,12.4,39.6,1.12,,8.1,2.5,4.7,-0.15,2.9,2.8,,,3.64,-4.8,2.2,3.74,,,2.1,-0.6,20.3,22.9,0.95,0.87,75.0,22.6,0.68,-10.6,0.28,,,,,,,,,0.01,0.0,0.0,0.0,0.0,False,0.0,,,,,,0.06,4.02,2.12,6.15,7.3,164.1,-5.5,11.21,10.63,10.26,True,12.07,8.69,0.2,59.1,-3.1,False,True,,100.0
NSC,Norfolk Southern,Industrials,Rail Transportation,SP500,310.26,69.69,2026-10-01,501.0,TTM-4Q,2026-06-30,,,334.2,1.02,True,15.6,26.4,4.29,21.7,6.4,3.8,2.3,-0.31,9.7,17.0,,,2.85,-2.5,1.4,1.42,6.0,2.44,5.1,-0.56,12.8,17.0,0.73,0.87,53.0,20.5,0.71,-12.5,1.42,,,363.39,17.1,,2.57,18.0,,-0.56,0.0,0.0,0.0,0.0,False,0.0,,77.6,0.0,3.4,6.4,-0.01,1.74,0.12,1.86,3.0,-21.3,-0.1,331.87,315.99,311.33,True,358.6,277.8,5.27,32.7,-6.3,False,False,,100.0
GOOGL,Alphabet Inc. (Class A),Communication Services,Interactive Media & Services,SP500;NDX,338.24,4136.68,2026-10-01,501.0,TTM-4Q,2026-06-30,,,9331.5,1.24,True,23.1,16.9,6.46,22.7,4.3,5.9,1.3,-0.4,21.3,48.7,60.9,1.5,-0.82,8.2,3.1,0.76,5.0,10.86,65.6,-0.41,38.1,12.7,0.81,0.87,66.0,31.5,1.2,-21.0,0.48,,,429.46,27.0,,1.38,54.0,,0.2,0.0,0.0,0.0,0.0,False,0.0,2026-08-28,81.0,0.0,1.49,3.7,0.21,0.25,0.42,0.67,20.1,111.3,0.9,343.85,345.02,338.74,True,408.61,235.84,9.12,45.4,-8.4,False,False,,100.0
BBY,Best Buy,Consumer Discretionary,Computer & Electronics Retail,SP500,87.7,18.39,2026-10-01,501.0,TTM-4Q,2026-08-01,2026-11-24,38.0,311.7,0.94,True,6.9,14.5,5.78,12.2,14.5,6.9,9.6,0.4,30.3,43.1,22.7,0.4,-0.43,-7.7,2.5,1.95,8.0,4.14,38.0,0.58,13.9,30.2,0.58,0.87,84.0,38.1,1.06,-32.0,0.18,,,86.7,-1.1,,2.8,20.0,6.5,-0.01,-38.45,0.0,38.45,0.0,False,-0.209,2026-09-23,97.0,-0.03,8.6,3.8,-0.12,4.37,0.78,5.15,1.4,63.5,0.3,87.54,74.61,72.88,True,96.53,55.1,3.04,45.8,9.6,False,True,INSIDER-JUAL,100.0
TXRH,Texas Roadhouse,Consumer Discretionary,Restaurants,SP400,156.7,10.29,2026-10-01,501.0,TTM-4Q,2026-06-30,,,200.5,0.88,True,14.4,24.4,6.6,,7.0,4.1,4.0,-0.59,27.0,28.1,,,-0.22,-11.0,1.5,1.9,5.0,5.53,999.0,1.49,17.2,19.2,0.6,0.87,25.0,30.3,0.49,-26.8,1.18,,,,,,,,,0.26,-1.2,0.0,1.2,0.0,False,-0.012,2026-08-26,,,,,0.07,1.83,1.57,3.41,9.9,-5.8,-1.0,190.25,179.17,179.65,True,216.3,153.83,4.46,16.6,-21.4,False,False,,100.0
WBD,Warner Bros. Discovery,Communication Services,Broadcasting,SP500;NDX,30.95,77.71,2026-10-01,501.0,TTM-4Q,2026-06-30,,,1466.7,0.93,True,28.0,,2.37,,3.6,-4.1,2.8,-0.56,-1.5,-9.2,,1.6,7.53,-6.6,5.1,,3.0,0.82,-0.6,-0.76,45.0,3.0,0.9,0.87,82.0,26.6,1.21,-15.7,0.73,,,,,,,,,-1.24,-54.74,0.0,54.74,0.0,False,-0.07,2026-09-14,,,,,-0.57,0.0,0.0,0.0,-6.1,-512.4,3.0,28.12,27.45,27.67,True,30.97,17.08,0.36,75.4,13.9,False,False,ZONA-BAHAYA;DISTRES;F-RENDAH;INSIDER-JUAL,100.0
THRM,Gentherm Incorporated,Consumer Discretionary,Automotive Parts & Equipment,SP600,33.63,1.03,2026-10-01,501.0,TTM-4Q,2026-06-30,,,17.7,2.49,True,9.1,38.9,1.43,,10.9,2.6,4.0,-0.13,4.3,3.7,24.0,2.2,0.5,-4.3,2.9,3.29,4.0,3.05,999.0,-0.63,13.4,36.7,0.56,0.86,50.0,44.5,0.86,-30.3,0.21,,,,,,,,,0.11,-0.24,0.0,0.24,0.0,False,-0.024,2026-08-17,,,,,0.06,0.0,0.0,0.0,8.7,-16.0,1.3,39.57,34.51,34.73,True,48.35,27.0,1.47,33.3,-3.2,False,False,,100.0
VTR,Ventas,Real Estate,Health Care REITs,SP500,83.73,42.95,2026-10-01,501.0,TTM-4Q,2026-06-30,,,331.9,0.82,True,18.4,157.3,2.93,,5.4,0.6,,-0.79,4.2,2.1,,,0.03,-5.4,0.4,6.6,,,1.3,0.13,34.0,12.9,1.06,0.85,54.0,22.2,0.19,-16.2,0.8,,,,,,,,,0.82,0.0,0.0,0.0,0.0,False,0.0,,,,,,0.06,2.16,-8.91,-6.75,21.5,36.8,8.4,90.98,87.92,85.89,True,101.6,66.93,1.68,25.1,-11.8,False,False,DILUSI,100.0
CENT,Central Garden & Pet Company,Consumer Staples,Household Products,SP600,39.2,2.43,2026-10-01,501.0,TTM-4Q,2026-06-27,2026-11-25,39.0,3.3,1.12,False,7.9,14.6,1.39,12.8,12.6,6.8,14.2,1.51,6.6,10.0,32.5,1.1,0.59,-6.0,0.8,2.35,8.0,2.68,4.4,-0.11,29.0,15.7,0.85,0.85,58.0,26.3,0.39,-16.4,0.6,,,53.0,35.2,,,2.0,0.6,-0.3,-0.54,0.0,0.54,0.0,False,-0.022,2026-08-13,98.1,0.06,6.97,3.5,0.11,0.0,1.2,1.2,-1.2,20.1,-1.1,42.35,40.34,38.87,True,46.97,28.77,0.92,33.4,-13.1,False,False,TIPIS,100.0
GOOG,Alphabet Inc. (Class C),Communication Services,Interactive Media & Services,SP500;NDX,334.93,4096.19,2026-10-01,501.0,TTM-4Q,2026-06-30,,,5994.2,1.15,True,22.9,16.8,6.4,22.5,4.4,6.0,1.3,-0.4,21.3,48.7,60.9,1.5,-0.82,8.2,3.1,0.76,5.0,10.77,65.6,-0.41,36.6,12.7,0.79,0.85,66.0,31.0,1.18,-20.8,0.51,,,422.34,26.1,,1.38,15.0,,0.2,0.0,0.0,0.0,0.0,False,0.0,,62.1,-0.0,,3.3,0.18,0.25,0.42,0.68,20.1,111.3,0.9,341.33,342.81,337.23,True,404.47,236.68,8.88,45.1,-8.3,False,False,,100.0
NJR,New Jersey Resources,Utilities,Gas Utilities,SP400,51.15,5.19,2026-10-01,501.0,TTM-4Q,2026-06-30,,,39.8,1.12,True,11.7,14.2,1.96,14.8,8.5,7.1,,0.2,7.0,14.5,,3.2,4.86,-3.8,0.9,1.8,4.0,,4.1,0.53,15.5,-0.8,0.4,0.84,46.0,18.3,-0.04,-15.3,0.56,,,59.86,17.0,,2.0,7.0,,-0.74,-0.17,0.0,0.17,0.0,False,-0.003,2026-08-14,81.8,0.03,5.46,7.4,-0.3,3.63,0.0,3.63,7.0,-11.1,1.4,54.49,55.44,53.88,True,60.86,43.46,1.02,35.0,-13.3,False,False,,100.0
RAMP,"LiveRamp Holdings, Inc.",Information Technology,Application Software,SP600,37.7,2.29,2026-10-01,501.0,TTM-4Q,2026-06-30,,,51.2,0.61,True,17.5,14.7,2.34,,5.7,6.8,8.7,0.93,10.0,16.2,70.8,0.7,-3.38,-3.6,6.8,1.29,7.0,7.45,999.0,0.35,39.4,42.6,1.08,0.84,80.0,37.8,0.91,-27.4,1.25,,,,,,,,,0.41,0.0,0.0,0.0,0.0,False,0.0,,,,,,0.15,0.0,7.74,7.74,8.9,979.7,-7.3,37.71,34.2,32.25,True,38.23,21.71,0.17,52.3,-2.6,False,False,,100.0
SCL,Stepan Company,Materials,Specialty Chemicals,SP600,61.53,1.4,2026-10-01,501.0,TTM-4Q,2026-06-30,,,10.1,1.08,True,12.9,,1.15,,7.7,-0.2,2.6,-0.05,0.8,-0.2,11.8,2.1,3.58,-6.6,2.4,,4.0,2.55,999.0,-0.95,32.8,24.6,0.76,0.84,81.0,37.5,0.99,-32.8,0.06,,,,,,,,,-0.22,0.0,0.0,0.0,0.0,False,0.0,,,,,,0.07,2.54,0.0,2.54,7.6,-104.6,0.2,62.83,55.55,55.32,True,68.0,41.82,1.63,44.3,5.7,False,False,,100.0
RUSHA,Rush Enterprises,Industrials,Construction Machinery & Heavy Transportation Equipment,SP600,46.19,3.71,2026-10-01,501.0,TTM-4Q,2026-06-30,,,32.4,1.18,True,6.9,14.0,1.59,,14.4,7.2,9.4,1.79,11.2,11.8,19.7,0.7,0.03,-8.7,1.9,2.54,7.0,3.57,10.2,0.15,38.0,11.1,0.82,0.83,68.0,29.9,0.88,-17.9,0.84,,,,,,,,,-0.96,-9.09,0.0,9.09,0.0,False,-0.245,2026-08-03,,,,,-0.12,1.62,0.0,1.62,-5.9,-7.5,-0.3,50.94,48.16,46.7,True,55.74,30.45,1.3,32.3,-7.7,False,False,,100.0
ARWR,Arrowhead Pharmaceuticals,Health Care,Biotechnology,SP400,64.79,9.15,2026-10-01,501.0,TTM-4Q,2026-06-30,2026-11-24,38.0,166.5,0.65,True,,,19.66,,-2.4,-3.5,-0.8,-1.25,-16.3,-64.8,,,,-14.9,20.2,,2.0,2.81,-2.4,,139.9,31.5,1.41,0.83,63.0,60.8,2.47,-27.7,-1.51,,,107.23,65.5,,1.43,13.0,-10.4,-0.52,-1.19,0.0,1.19,0.0,False,-0.013,2026-08-18,85.5,-0.06,9.13,6.4,-0.01,0.0,0.0,0.0,16.8,,3.1,81.27,74.61,72.51,True,95.49,34.38,3.34,30.9,-24.8,False,False,F-RENDAH,90.0
USB,U.S. Bancorp,Financials,Diversified Banks,SP500,57.36,89.37,2026-10-01,501.0,TTM-4Q,2026-06-30,,,485.0,1.42,True,,10.9,1.33,,,9.1,,0.26,,12.7,,,,,0.2,,,,999.0,-0.2,30.3,17.0,1.05,0.83,60.0,22.5,1.06,-16.2,0.39,,,,,,,,,-0.45,-5.48,0.0,5.48,0.0,False,-0.006,2026-08-28,,,,,0.04,3.61,0.74,4.34,6.7,18.4,-0.3,62.25,58.18,57.65,True,66.08,45.02,1.16,30.1,-9.4,False,False,,90.0
FIX,Comfort Systems USA,Industrials,Construction & Engineering,SP500,1685.29,59.31,2026-10-01,501.0,TTM-4Q,2026-06-30,,,509.2,0.97,True,72.7,41.4,18.44,28.0,1.4,2.4,3.6,-1.13,18.2,55.3,27.5,1.6,-2.28,-16.5,3.7,1.78,8.0,8.2,79.1,1.52,88.8,8.9,0.87,0.83,90.0,56.2,1.71,-26.5,-0.92,,,2197.0,30.4,,,8.0,,-2.1,-43.21,0.0,43.21,0.0,False,-0.073,2026-08-26,96.0,-0.01,2.81,2.4,-0.09,0.15,0.19,0.34,-48.5,107.2,-0.3,1658.94,1690.86,1552.13,True,2073.99,770.47,68.94,55.9,-5.7,False,False,INSIDER-JUAL,100.0
CORT,Corcept Therapeutics,Health Care,Pharmaceuticals,SP400;SP600,114.03,12.33,2026-10-01,501.0,TTM-4Q,2026-06-30,2026-11-04,24.0,196.0,0.5,True,1486.7,223.4,17.47,25.9,0.1,0.4,0.9,-0.81,1.0,8.2,98.3,,-38.12,-6.5,3.6,1.99,6.0,42.81,999.0,2.59,36.4,170.1,1.09,0.83,95.0,94.6,0.43,-64.4,-1.8,,,141.0,23.7,,2.0,5.0,535.3,1.86,-4.61,0.0,4.61,0.0,False,-0.037,2026-09-16,76.9,0.0,11.14,10.7,0.01,0.0,0.34,0.34,16.0,-58.7,-1.7,112.61,76.98,69.78,True,126.38,28.66,5.23,50.5,23.2,False,True,,100.0
M,Macy's,Consumer Discretionary,Broadline Retail,SP400,22.76,5.94,2026-10-01,501.0,TTM-4Q,2026-08-01,,,155.5,1.07,True,3.5,7.9,1.21,9.5,28.5,12.6,23.8,2.7,12.0,16.0,40.7,0.5,0.56,-6.5,2.7,2.35,9.0,,999.0,0.19,25.6,22.1,0.58,0.82,70.0,40.8,0.95,-28.6,0.31,,,23.36,2.7,,2.85,11.0,,-0.06,0.0,0.0,0.0,0.0,False,0.0,,98.5,-0.11,15.23,5.4,-0.13,3.33,3.45,6.78,0.3,51.5,-1.4,23.21,21.5,21.59,True,26.59,16.41,0.82,51.5,-4.6,False,False,,100.0
DOCN,DigitalOcean,Information Technology,Internet Services & Infrastructure,SP400,139.8,16.44,2026-10-01,501.0,TTM-4Q,2026-06-30,2026-11-04,24.0,365.8,0.53,True,51.6,69.9,17.66,75.9,1.9,1.4,1.2,-0.57,9.5,62.3,57.2,1.9,0.48,-3.1,6.1,1.32,6.0,5.08,4.8,-0.2,218.9,24.2,1.48,0.81,98.0,82.4,1.46,-42.2,-0.6,,,175.2,25.3,,1.53,15.0,72.9,1.05,-0.52,0.0,0.52,0.0,False,-0.003,2026-09-21,82.6,0.0,9.21,3.7,0.14,0.0,0.02,0.02,21.4,86.0,25.8,124.56,121.43,104.94,True,187.5,33.74,8.98,57.9,4.7,False,False,DILUSI,100.0
VSH,Vishay Intertechnology,Information Technology,Electronic Components,SP600,34.27,5.07,2026-10-01,501.0,TTM-4Q,2026-07-04,,,104.3,1.42,True,14.0,178.5,1.74,,7.1,0.6,-0.1,0.06,2.1,1.1,20.9,4.3,-0.96,-6.8,5.0,12.18,7.0,2.6,2.8,-1.16,96.5,61.2,1.16,0.81,95.0,67.7,2.19,-54.3,-1.19,,,,,,,,,,0.0,0.0,0.0,0.0,False,0.0,,,,,,0.15,0.0,-0.0,-0.0,13.4,,8.6,32.86,34.76,30.49,True,69.47,11.77,1.64,57.8,-27.2,False,False,DILUSI,100.0
AAT,American Assets Trust,Real Estate,Diversified REITs,SP600,21.39,1.31,2026-10-01,501.0,TTM-4Q,2026-03-31,2026-10-27,18.0,11.0,0.94,True,5.5,54.7,1.16,,18.0,1.8,7.1,1.24,6.6,2.1,60.8,1.4,-0.19,-4.9,0.4,7.03,3.0,,999.0,0.48,15.9,23.9,0.9,0.81,56.0,22.2,0.69,-16.5,0.08,,,23.5,9.9,,3.67,2.0,-10.0,-1.28,20.06,20.06,0.0,1.0,False,1.528,2026-09-14,118.9,0.01,7.15,4.3,1.68,8.02,0.0,8.02,-3.9,-76.5,0.2,22.51,21.99,21.17,True,25.97,17.72,0.38,36.6,-18.3,False,False,F-RENDAH,90.0
CART,Maplebear Inc.,Consumer Staples,Food Retail,SP400,44.11,10.21,2026-10-01,501.0,TTM-4Q,2026-06-30,2026-11-09,27.0,193.7,0.89,True,13.4,21.3,4.4,9.0,7.5,4.7,11.5,0.44,16.5,17.1,72.6,3.1,-1.21,-18.9,21.6,2.57,6.0,6.32,999.0,2.5,36.2,29.5,0.79,0.81,58.0,41.8,0.79,-28.8,-0.74,,,58.14,31.8,,2.03,28.0,-16.6,0.44,-8.11,0.0,8.11,0.0,False,-0.079,2026-09-22,81.2,-0.0,10.58,4.2,-0.32,0.0,18.21,18.21,12.6,-1.6,-11.5,47.31,43.47,42.6,True,52.68,32.73,1.6,40.2,-6.1,False,False,,100.0
OTTR,Otter Tail Corporation,Utilities,Electric Utilities,SP600,88.46,3.71,2026-10-01,501.0,TTM-4Q,2026-06-30,,,22.2,0.65,True,13.2,19.0,1.98,16.6,7.6,5.3,-2.1,-0.13,6.1,10.7,,,2.47,-5.3,1.3,2.1,5.0,,4.6,0.91,12.1,2.8,0.35,0.81,54.0,21.3,0.36,-8.4,0.32,,,90.5,2.3,,,2.0,,-1.92,-0.39,0.0,0.39,0.0,False,-0.011,2026-08-11,78.6,0.01,16.22,24.5,-1.79,2.49,0.0,2.49,-0.2,-31.8,-0.4,90.54,89.07,88.19,True,95.09,74.15,1.81,46.4,-5.6,False,False,,100.0
NVT,nVent Electric plc,Industrials,Electrical Components & Equipment,SP400,165.77,26.83,2026-10-01,501.0,TTM-4Q,2026-06-30,,,311.9,0.85,True,26.5,44.8,6.73,25.6,3.8,2.2,2.2,-0.85,12.0,15.9,37.0,1.7,1.17,-1.3,2.2,1.15,6.0,6.69,999.0,-0.02,50.3,21.8,0.77,0.8,90.0,46.8,1.64,-27.4,-0.65,,,205.12,23.7,,1.33,16.0,,1.8,-12.28,0.0,12.28,0.0,False,-0.046,2026-08-10,93.6,-0.01,3.27,1.8,-0.06,0.5,0.19,0.68,46.2,2.1,0.3,157.21,150.27,140.17,True,184.64,93.22,6.49,58.3,6.2,False,True,INSIDER-JUAL,100.0
AMN,"Amn Healthcare Services, Inc.",Health Care,Health Care Services,SP600,35.86,1.39,2026-10-01,501.0,TTM-4Q,2026-06-30,2026-11-05,25.0,21.4,1.2,True,5.2,13.2,1.87,38.3,19.3,7.6,31.6,3.0,8.6,15.6,27.8,1.8,1.12,-16.0,8.3,4.49,7.0,3.06,5.6,0.04,73.2,80.7,1.2,0.8,95.0,64.2,0.76,-28.7,-0.4,,,36.14,0.8,,2.56,7.0,307.8,3.0,0.0,0.0,0.0,0.0,False,0.0,,124.8,0.03,10.68,6.2,0.07,0.0,0.0,0.0,24.0,,3.4,34.16,28.39,25.81,True,37.22,14.97,1.21,61.3,0.6,False,True,GOODWILL,90.0
SHOO,"Steven Madden, Ltd.",Consumer Discretionary,Footwear,SP600,45.69,3.34,2026-10-01,501.0,TTM-4Q,2026-06-30,,,52.2,0.97,True,14.2,22.6,3.56,,7.0,4.4,6.7,-0.35,13.9,16.7,46.1,0.3,0.51,-6.2,4.8,1.79,6.0,5.88,999.0,0.36,25.7,22.3,0.57,0.8,82.0,42.1,1.14,-31.7,-0.03,,,,,,,,,1.18,-1.19,0.0,1.19,0.0,False,-0.036,2026-08-05,,,,,0.05,1.83,0.41,2.24,18.2,51.3,1.8,44.84,41.02,41.28,True,49.7,31.33,1.42,58.5,11.6,False,False,,100.0
FRT,Federal Realty Investment Trust,Real Estate,Retail REITs,SP500,108.03,9.33,2026-10-01,501.0,TTM-4Q,2026-03-31,,,107.8,1.05,True,9.8,18.4,2.82,33.9,10.2,5.4,,0.48,12.8,15.6,,,1.15,-1.4,0.8,1.24,6.0,,3.7,1.78,20.5,11.4,0.98,0.79,50.0,16.3,0.54,-14.8,0.7,,,132.26,22.4,,1.89,19.0,,-0.15,0.0,0.0,0.0,0.0,False,0.0,,101.1,-0.0,0.02,0.0,-0.06,0.0,0.0,0.0,7.4,67.6,1.4,116.85,115.59,112.45,True,128.21,90.03,1.73,21.3,-13.5,False,False,,90.0
CACC,Credit Acceptance,Financials,Specialized Finance,SP600,511.95,5.31,2026-10-01,501.0,TTM-4Q,2026-06-30,2026-10-29,20.0,71.8,1.95,True,,10.6,3.34,9.3,,9.4,,-0.04,,31.9,,,,,3.7,,,,2.5,0.19,27.3,41.6,0.91,0.79,47.0,37.9,1.4,-22.1,-0.8,,,636.67,24.4,,3.0,3.0,2.2,-0.53,-8.11,0.0,8.11,0.0,False,-0.153,2026-07-16,76.5,0.0,28.68,9.5,-0.14,0.0,9.63,9.63,2.6,18.3,-8.8,579.79,548.63,529.55,True,668.86,401.9,18.14,22.7,-24.1,False,False,SHORT-TINGGI,90.0
EVRG,Evergy,Utilities,Electric Utilities,SP500,78.79,18.16,2026-10-01,501.0,TTM-4Q,2026-03-31,2026-11-05,25.0,190.3,1.07,True,12.3,20.6,1.79,17.3,8.1,4.9,-6.0,-0.34,6.1,8.8,,,5.64,-3.2,0.3,2.22,4.0,,2.4,-0.02,11.0,0.7,0.36,0.79,44.0,16.1,0.13,-11.1,0.65,,,91.27,15.8,,1.92,11.0,9.8,-0.83,0.13,0.13,0.0,1.0,False,0.001,2026-09-11,96.9,0.0,10.35,9.6,0.26,3.4,-0.01,3.39,2.4,0.7,1.5,81.82,82.67,81.06,True,88.62,71.41,1.21,40.4,-12.8,False,False,,100.0
R,Ryder,Industrials,Cargo Ground Transportation,SP400,230.92,8.86,2026-10-01,501.0,TTM-4Q,2026-06-30,,,60.5,1.13,True,4.9,17.9,3.08,,20.6,5.6,7.8,1.95,7.5,16.7,,1.7,2.19,-12.0,1.3,4.94,6.0,1.53,2.7,0.41,31.4,18.6,0.74,0.79,62.0,33.6,0.99,-18.4,0.62,,,,,,,,,-0.58,0.0,0.0,0.0,0.0,False,0.0,,,,,,0.07,1.67,6.83,8.5,1.1,-2.0,-7.0,249.63,241.82,231.52,True,284.25,157.67,5.7,32.0,-13.7,False,False,ZONA-BAHAYA,100.0
DXPE,"DXP Enterprises, Inc.",Industrials,Trading Companies & Distributors,SP600,182.31,2.83,2026-10-01,501.0,TTM-4Q,2026-06-30,2026-11-05,25.0,24.8,1.05,True,17.1,30.4,5.23,23.8,5.8,3.3,4.2,-0.32,11.2,18.5,31.8,1.1,2.99,-2.6,1.6,1.44,6.0,3.76,2.9,-0.2,53.8,28.1,0.75,0.79,89.0,54.3,1.69,-33.0,-1.06,,,200.0,9.7,,,2.0,10.7,0.01,0.0,0.0,0.0,0.0,False,0.0,,77.1,-0.01,3.99,3.2,-0.03,0.0,0.0,0.0,11.5,7.5,-1.1,183.58,163.77,154.76,True,208.0,84.04,6.22,45.6,12.5,False,False,GOODWILL,100.0
AMZN,Amazon,Consumer Discretionary,Broadline Retail,SP500;NDX,248.23,2677.49,2026-10-01,501.0,TTM-4Q,2026-06-30,2026-10-29,20.0,8780.3,0.96,True,15.9,19.8,4.85,23.9,6.3,5.1,-0.4,-0.87,13.5,30.6,50.8,0.1,0.06,-2.9,1.6,1.19,6.0,4.39,28.1,0.26,16.1,21.1,0.55,0.79,63.0,33.8,1.47,-21.7,0.28,,,329.54,32.8,,1.32,57.0,215.0,1.58,0.0,0.0,0.0,0.0,False,0.0,2026-09-01,68.7,0.0,0.83,2.5,0.05,0.0,0.0,0.0,15.8,91.6,0.9,256.19,246.01,241.22,True,287.2,196.0,5.66,44.2,-0.3,False,False,,100.0
HCC,"Warrior Met Coal, Inc.",Materials,Steel,SP600,89.08,4.7,2026-10-01,501.0,TTM-4Q,2026-06-30,,,62.2,1.0,True,10.4,21.4,2.05,13.0,9.7,4.7,,0.33,9.4,10.0,32.1,,-0.34,-3.0,12.0,1.37,7.0,6.73,17.1,0.33,67.5,15.8,0.82,0.78,69.0,50.8,1.19,-29.5,-0.33,,,108.5,21.8,,1.86,6.0,,1.67,-0.84,0.0,0.84,0.0,False,-0.018,2026-08-24,104.8,0.02,9.92,6.8,0.03,0.37,0.0,0.37,37.5,443.7,0.5,94.39,90.2,90.34,True,111.42,61.87,3.91,41.0,7.4,False,False,,100.0
F,Ford Motor Company,Consumer Discretionary,Automobile Manufacturers,SP500,12.27,49.95,2026-10-01,501.0,TTM-4Q,2026-03-31,,,640.5,0.95,True,,,1.33,6.3,,-12.2,19.1,0.62,,-14.8,8.0,3.3,,-8.8,3.3,,3.0,0.87,-999.0,-0.78,21.1,21.3,0.55,0.78,45.0,38.4,0.89,-30.1,0.4,,,16.03,30.6,,2.35,18.0,,-1.47,0.0,0.0,0.0,0.0,False,0.0,,67.9,0.01,0.0,0.0,0.06,4.8,0.62,5.43,3.8,-220.9,1.5,13.83,13.43,13.5,True,17.78,11.11,0.39,33.5,-10.5,False,False,ZONA-BAHAYA;DISTRES;F-RENDAH;UTANG-TAK-TERBACA,90.0
CNS,"Cohen & Steers, Inc.",Financials,Asset Management & Custody Banks,SP600,73.12,3.76,2026-10-01,501.0,TTM-4Q,2026-06-30,2026-10-15,10.0,23.8,1.12,True,,22.3,6.38,18.4,,4.5,,-0.86,,30.1,,,,,12.3,,,,999.0,0.15,22.5,26.9,0.93,0.78,63.0,26.6,0.68,-16.4,0.58,,,76.33,4.4,,,3.0,-0.6,-0.4,-0.09,0.0,0.09,0.0,False,-0.002,2026-07-20,57.7,0.02,5.44,6.0,0.1,3.53,0.51,4.03,7.4,3.8,0.8,79.41,73.4,71.39,True,86.56,58.39,2.21,36.0,-9.3,False,False,,90.0
BNL,"Broadstone Net Lease, Inc.",Real Estate,Industrial REITs,SP600,18.25,3.5,2026-10-01,501.0,TTM-4Q,2026-06-30,2026-10-28,19.0,38.3,1.08,True,,24.0,1.22,24.9,,4.2,7.3,0.29,,5.0,,,,-2.5,0.5,1.94,,,,,22.1,14.1,0.96,0.78,45.0,18.8,0.13,-18.8,1.0,,,23.7,29.9,,1.82,10.0,4.6,-0.28,0.21,0.21,0.0,1.0,False,0.006,2026-08-21,95.0,0.0,14.09,11.1,0.01,6.26,0.0,6.26,7.7,47.4,1.6,20.63,20.33,19.85,True,23.1,17.16,0.36,17.1,-16.3,False,False,,100.0
CLH,Clean Harbors,Industrials,Environmental & Facilities Services,SP400,312.51,16.51,2026-10-01,501.0,TTM-4Q,2026-03-31,2026-11-04,24.0,118.1,0.85,True,16.5,41.8,5.95,31.5,6.1,2.4,2.8,-0.45,9.2,14.8,31.7,,1.86,-6.4,0.9,2.2,6.0,3.92,999.0,-0.1,35.8,8.7,0.79,0.77,77.0,28.1,0.63,-18.1,1.14,,,359.93,15.2,,1.59,15.0,14.0,-0.4,-1.05,0.0,1.05,0.0,False,-0.006,2026-08-14,96.3,0.12,2.25,2.8,0.22,0.0,1.33,1.33,1.9,1.1,-1.9,314.6,301.34,290.5,True,335.94,201.34,5.83,46.7,4.6,False,False,,100.0
DRI,Darden Restaurants,Consumer Discretionary,Restaurants,SP500,197.41,22.52,2026-10-01,501.0,TTM-4Q,2026-05-31,2026-12-24,60.0,277.3,0.99,True,11.2,18.7,10.2,15.9,9.0,5.4,5.0,-0.36,33.4,53.4,20.3,0.5,0.66,-5.1,0.3,1.54,6.0,2.5,12.5,0.33,16.8,13.4,0.56,0.77,53.0,27.2,0.54,-15.1,1.63,,,234.42,18.7,,1.85,24.0,-0.2,0.19,-15.56,0.0,15.56,0.0,False,-0.069,2026-08-05,101.3,-0.0,7.23,6.1,0.0,3.08,2.87,5.95,9.4,15.0,-1.8,211.68,204.36,203.98,True,229.76,169.0,5.41,38.6,-5.8,False,False,INSIDER-JUAL,100.0
MUSA,Murphy USA,Consumer Discretionary,Automotive Retail,SP400,511.37,9.4,2026-10-01,501.0,TTM-4Q,2026-06-30,,,131.3,0.68,True,9.4,15.2,12.01,16.7,10.6,6.6,5.8,-0.17,24.7,86.4,,2.6,1.66,-7.6,2.2,1.6,9.0,7.35,7.9,0.61,38.9,8.7,0.6,0.77,65.0,40.0,-0.01,-19.7,1.56,,,617.8,20.8,,1.9,10.0,,0.48,-0.6,0.0,0.6,0.0,False,-0.006,2026-09-03,87.5,0.02,4.7,3.1,0.08,0.48,4.67,5.15,10.3,25.8,-6.1,546.24,535.66,504.57,True,636.05,349.83,15.34,44.3,-11.1,False,False,,100.0
SCHL,Scholastic Corporation,Consumer Discretionary,Publishing,SP600,35.85,0.63,2026-10-01,501.0,TTM-4Q,2026-08-31,,,17.9,1.01,False,9.9,11.1,0.96,,10.1,9.0,,0.45,1.0,7.4,56.5,1.2,0.97,1.0,1.8,0.67,7.0,2.18,999.0,-0.43,43.8,0.3,0.63,0.77,50.0,35.1,0.67,-31.2,0.68,,,,,,,,,,-13.86,0.0,13.86,0.0,False,-2.197,2026-08-26,,,,,-1.31,2.95,46.15,49.1,-2.5,,-25.0,38.7,40.0,38.15,True,48.07,26.38,1.47,47.4,-24.7,False,False,TIPIS;INSIDER-JUAL,100.0
ZD,Ziff Davis,Communication Services,Advertising,SP600,54.42,1.87,2026-10-01,501.0,TTM-4Q,2026-06-30,,,41.7,0.83,True,4.0,2.9,0.83,,25.2,34.5,17.0,1.82,2.0,31.5,84.9,1.5,-2.59,5.2,4.8,0.7,7.0,2.02,999.0,-0.05,45.0,30.9,0.67,0.76,85.0,56.5,1.0,-33.8,-0.35,,,,,,,,,0.82,-0.43,0.0,0.43,0.0,False,-0.023,2026-08-18,,,,,-0.07,0.0,14.9,14.9,-0.7,873.6,-12.9,55.33,48.66,45.17,True,60.48,22.45,1.69,41.1,1.2,False,False,,100.0
GIII,"G-III Apparel Group, Ltd.",Consumer Discretionary,"Apparel, Accessories & Luxury Goods",SP600,27.57,1.18,2026-10-01,501.0,TTM-4Q,2026-07-31,,,24.2,0.71,True,3.1,8.7,0.65,11.5,31.7,11.5,23.2,3.0,7.5,7.7,44.4,2.6,-2.49,-6.4,4.8,2.28,5.0,3.2,999.0,0.33,22.1,16.6,0.55,0.76,30.0,35.1,0.72,-26.5,0.79,,,37.33,35.4,,,3.0,,-1.16,1.12,1.12,0.0,1.0,False,0.095,2026-09-14,105.5,0.05,28.52,10.2,0.19,0.0,0.0,0.0,-8.7,-25.7,0.3,31.66,31.35,31.05,False,37.54,24.61,0.85,36.7,-19.8,False,False,SHORT-TINGGI,100.0
PCTY,Paylocity,Industrials,Human Resource & Employment Services,SP400,146.6,7.78,2026-10-01,501.0,TTM-4Q,2026-06-30,,,98.3,1.17,True,15.2,28.8,6.37,,6.6,3.5,6.4,-0.06,19.9,22.0,69.2,1.0,-0.38,-5.7,1.3,1.98,8.0,2.31,999.0,1.96,-2.0,48.3,0.56,0.75,75.0,41.4,0.74,-40.3,-0.02,,,,,,,,,0.03,-0.64,0.0,0.64,0.0,False,-0.008,2026-09-15,,,,,0.07,0.0,5.12,5.12,11.0,18.8,-3.1,146.0,121.82,125.09,False,161.93,92.99,4.59,52.9,24.2,False,False,,100.0
SIRI,SiriusXM,Communication Services,Broadcasting,SP400,25.64,8.64,2026-10-01,501.0,TTM-4Q,2026-06-30,,,119.7,0.87,True,8.5,9.8,0.73,,11.8,10.2,17.9,0.8,5.8,7.6,52.8,0.9,4.38,-4.5,6.3,2.39,8.0,1.41,3.7,-0.48,24.0,20.3,0.65,0.75,58.0,34.0,1.07,-20.6,0.51,,,,,,,,,,0.0,0.0,0.0,0.0,False,0.0,,,,,,0.16,4.21,1.09,5.3,0.4,,-4.2,28.68,27.15,25.59,True,32.66,19.77,0.74,31.6,-18.1,False,False,ZONA-BAHAYA;GOODWILL,100.0
MAC,Macerich,Real Estate,Retail REITs,SP600,22.54,6.39,2026-10-01,501.0,TTM-4Q,2026-06-30,,,84.3,1.14,True,,,2.26,355.9,,-2.7,,-1.27,,-6.3,,,,-5.5,1.3,,,,999.0,,32.5,22.2,0.94,0.75,66.0,29.1,1.02,-15.0,-0.75,,,27.07,20.1,,1.73,15.0,,,-0.06,0.0,0.06,0.0,False,-0.001,2026-09-09,113.7,-0.05,16.04,11.5,-0.47,3.02,0.0,3.02,1.3,,8.2,23.94,22.72,21.75,True,26.68,16.03,0.5,39.9,-13.7,False,False,DILUSI,100.0
SOLV,Solventum,Health Care,Health Care Technology,SP500,87.77,14.94,2026-10-01,501.0,TTM-4Q,2026-06-30,,,77.2,0.9,True,7.6,10.4,3.11,,13.2,9.6,-0.8,0.51,16.5,34.0,54.7,1.7,1.81,8.4,3.3,0.15,6.0,2.21,999.0,-0.86,24.6,41.3,1.12,0.75,77.0,29.5,0.77,-27.5,0.5,,,,,,,,,0.52,0.0,0.0,0.0,0.0,False,0.0,,,,,,0.09,0.0,0.0,0.0,-0.9,277.4,-1.1,87.91,77.59,77.92,True,94.16,62.38,1.96,45.5,9.3,False,False,GOODWILL,100.0
PRU,Prudential Financial,Financials,Life & Health Insurance,SP500,113.13,39.03,2026-10-01,501.0,TTM-4Q,2026-06-30,,,181.9,0.98,True,,10.0,1.24,,,10.0,,0.73,,12.6,,,,,0.4,,,,999.0,-0.32,18.9,22.6,0.92,0.75,62.0,22.7,0.73,-21.5,0.51,,,,,,,,,0.22,-0.96,0.0,0.96,0.0,False,-0.002,2026-08-14,,,,,0.05,4.99,2.56,7.55,9.4,140.2,-1.9,120.21,108.3,108.73,True,127.72,91.89,2.41,33.8,-2.4,False,False,,90.0
FCF,"First Commonwealth Financial, Corp.",Financials,Regional Banks,SP600,20.28,2.05,2026-10-01,501.0,TTM-4Q,2026-06-30,,,22.3,1.35,True,,12.2,1.31,10.3,,8.2,,0.17,,10.9,,,,,0.1,,,,2.1,-0.2,24.1,17.2,0.98,0.75,69.0,21.1,0.69,-11.6,0.98,,,24.08,18.8,,2.17,6.0,,,-0.86,0.0,0.86,0.0,False,-0.042,2026-09-04,80.5,0.05,5.35,5.6,0.28,2.74,3.43,6.17,,25.6,-2.3,21.13,19.55,19.09,True,22.34,15.0,0.38,35.5,-3.4,False,False,,90.0
HRMY,"Harmony Biosciences Holdings, Inc.",Health Care,Biotechnology,SP600,39.57,2.3,2026-10-01,501.0,TTM-4Q,2026-06-30,,,46.3,1.1,True,,12.7,2.31,5.9,,7.9,,0.68,16.5,20.5,75.4,1.7,,-14.0,8.2,1.96,4.0,5.73,17.1,1.57,49.7,47.5,1.18,0.75,80.0,41.2,1.03,-34.5,-0.23,,,47.36,19.7,,2.0,11.0,,-0.06,0.0,0.0,0.0,0.0,False,0.0,2026-09-18,99.7,0.03,10.62,5.7,0.07,0.0,0.0,0.0,24.3,0.2,0.6,39.46,34.08,34.64,True,43.49,25.52,1.31,44.1,3.5,False,False,,100.0
EZPW,"EZCORP, Inc.",Financials,Consumer Finance,SP600,30.06,2.51,2026-10-01,501.0,TTM-4Q,2026-06-30,,,21.4,0.91,True,,15.8,2.15,13.6,,6.3,,-0.53,,14.7,,,,,2.0,,,,6.7,0.32,67.0,22.2,1.06,0.74,78.0,42.0,0.32,-24.2,0.0,,,40.8,35.7,,1.6,5.0,,0.8,0.0,0.0,0.0,0.0,False,0.0,2026-08-24,123.6,0.03,27.03,13.1,0.2,0.0,0.36,0.36,28.6,61.4,0.5,30.81,30.63,28.49,True,37.13,16.5,1.2,43.7,-17.7,False,False,SHORT-TINGGI,90.0
JXN,"Jackson Financial, Inc.",Financials,Life & Health Insurance,SP600,129.48,8.77,2026-10-01,501.0,TTM-4Q,2026-06-30,,,123.9,0.67,True,,85.1,0.88,4.2,,1.2,,0.05,,1.0,,,,,0.6,,,,0.8,-0.76,34.5,27.7,0.96,0.74,84.0,32.5,1.31,-16.3,-0.28,,,148.5,14.7,,2.25,4.0,,0.9,-1.66,0.0,1.66,0.0,False,-0.019,2026-08-12,97.5,-0.01,6.45,7.6,-0.09,2.67,8.7,11.37,15.1,232.3,-2.3,131.44,116.64,115.77,True,140.9,89.67,3.91,43.6,20.8,False,False,,90.0
LQDA,Liquidia Corporation,Health Care,Pharmaceuticals,SP600,27.99,2.51,2026-10-01,501.0,TTM-4Q,2026-06-30,,,140.8,9.27,True,,18.1,12.84,5.0,,5.5,6.0,0.13,,131.8,,9.5,,-7.5,18.5,1.21,6.0,5.76,6.3,,194.2,78.6,1.27,0.74,5.0,107.2,1.73,-69.3,-3.0,,,107.75,285.0,,,8.0,,,-39.26,0.0,39.26,0.0,False,-1.567,2026-09-14,81.8,0.01,17.16,10.8,-1.35,0.0,0.0,0.0,2233.6,,18.5,73.18,59.91,54.23,True,93.61,21.35,6.49,19.5,-65.4,False,False,DILUSI;UTANG-TAK-TERBACA;INSIDER-JUAL,90.0
DEA,"Easterly Government Properties, Inc.",Real Estate,Office REITs,SP600,23.23,1.1,2026-10-01,501.0,TTM-4Q,2026-06-30,2026-10-26,17.0,11.7,2.84,True,,107.6,0.84,89.3,,0.9,,-0.19,,0.8,77.3,1.4,,-7.6,0.3,26.3,6.0,,999.0,1.06,15.6,20.3,0.87,0.74,57.0,20.6,0.33,-11.2,0.89,,,25.79,11.0,,,7.0,9.1,-0.05,0.0,0.0,0.0,0.0,False,0.0,,79.9,0.0,6.29,6.7,0.01,7.89,-3.47,4.42,13.0,-41.6,3.5,24.26,23.7,23.48,True,25.96,20.56,0.46,40.5,-11.3,False,False,,100.0
HOPE,"Hope Bancorp, Inc.",Financials,Regional Banks,SP600,13.5,1.72,2026-10-01,501.0,TTM-4Q,2026-06-30,,,12.3,1.31,True,,13.5,0.75,8.6,,7.4,,0.69,,5.7,,,,,0.3,,,,999.0,-0.48,32.5,19.0,0.99,0.74,73.0,25.9,0.86,-14.9,0.49,,,15.5,14.8,,2.2,4.0,,,-0.41,0.0,0.41,0.0,False,-0.024,2026-09-01,95.3,0.03,7.29,9.0,0.13,4.16,0.0,4.16,,185.0,0.2,13.94,12.87,12.59,True,14.59,9.8,0.28,41.2,-3.1,False,False,,90.0
ZBRA,Zebra Technologies,Information Technology,Electronic Equipment & Instruments,SP500,375.45,17.76,2026-10-01,501.0,TTM-4Q,2026-07-04,,,198.6,0.69,True,19.0,33.0,5.17,,5.3,3.0,5.1,0.18,10.9,15.3,49.6,1.1,2.44,-5.3,3.7,1.82,6.0,3.7,999.0,-0.29,15.7,65.8,0.85,0.73,93.0,48.1,1.56,-36.5,0.26,,,,,,,,,-0.21,-1.5,0.0,1.5,0.0,False,-0.008,2026-08-10,,,,,0.12,0.0,5.09,5.09,12.7,-1.6,-6.1,348.5,272.39,266.63,True,386.23,199.05,10.78,63.5,37.0,False,True,GOODWILL,100.0
INCY,Incyte,Health Care,Biotechnology,SP500,117.14,23.4,2026-10-01,501.0,TTM-4Q,2026-03-31,,,192.9,1.52,True,11.7,16.3,4.16,13.2,8.6,6.1,,0.6,28.0,30.8,92.5,0.9,-2.03,-1.3,8.4,1.06,7.0,10.39,689.3,1.43,47.4,32.6,1.21,0.73,75.0,33.1,0.26,-18.3,1.13,,,127.74,9.0,,2.29,23.0,,3.0,0.0,0.0,0.0,0.0,False,0.0,2026-09-15,103.5,0.04,8.39,7.6,0.08,0.0,0.0,0.0,21.5,6631.4,4.4,123.65,108.28,106.77,True,132.6,82.82,3.41,36.2,-2.3,False,False,,100.0
LSTR,Landstar System,Industrials,Cargo Ground Transportation,SP400,170.14,5.77,2026-10-01,501.0,TTM-4Q,2026-03-28,,,59.2,1.44,True,25.5,46.3,7.22,22.3,3.9,2.2,4.0,-0.7,14.6,14.4,,,-1.96,-7.4,5.7,1.98,6.0,10.55,30.8,1.04,46.6,9.1,0.78,0.73,60.0,35.8,0.82,-27.2,0.46,,,193.88,14.0,,2.78,16.0,,-0.79,0.0,0.0,0.0,0.0,False,0.0,,103.9,0.0,6.23,4.7,-0.01,2.13,2.46,4.59,-0.8,-30.2,-3.4,178.09,182.96,174.98,True,228.46,120.01,4.37,44.3,-20.3,False,False,,100.0
ALSN,Allison Transmission,Industrials,Construction Machinery & Heavy Transportation Equipment,SP400,116.28,9.6,2026-10-01,501.0,TTM-4Q,2026-06-30,2026-10-29,20.0,96.5,0.99,True,12.2,18.2,4.85,10.3,8.2,5.5,7.7,0.42,12.9,28.3,36.4,0.7,3.41,-5.8,1.7,1.78,5.0,1.86,999.0,0.3,46.1,3.7,0.8,0.72,68.0,31.0,0.87,-20.4,0.75,,,140.4,20.7,,2.4,10.0,4.5,0.94,-4.17,0.0,4.17,0.0,False,-0.043,2026-08-21,107.0,0.01,4.06,3.3,-0.03,0.98,1.45,2.43,37.6,-30.6,-1.2,122.23,120.35,117.44,True,137.62,76.01,3.91,43.0,-2.6,False,False,GOODWILL,100.0
RVTY,Revvity,Health Care,Health Care Equipment,SP500,149.06,16.63,2026-10-01,501.0,TTM-4Q,2026-07-05,,,324.1,1.1,True,24.4,70.0,2.3,,4.1,1.4,3.4,-0.08,3.1,3.2,,11.4,2.83,-3.2,2.3,2.64,5.0,3.23,3.8,-2.19,44.8,44.2,1.15,0.71,94.0,38.9,0.96,-30.1,0.02,,,,,,,,,-0.26,0.0,0.0,0.0,0.0,False,0.0,2026-09-21,,,,,0.09,0.19,2.86,3.05,4.1,-16.7,-5.0,127.05,106.99,105.99,True,158.28,81.22,4.92,66.6,27.7,False,True,,100.0
HOG,Harley-Davidson,Consumer Discretionary,Motorcycle Manufacturers,SP400,24.83,2.58,2026-10-01,501.0,TTM-4Q,2026-06-30,,,47.3,1.09,True,7.5,12.8,0.83,12.4,13.3,7.8,-5.1,-0.22,1.9,6.3,33.4,,0.89,2.1,1.3,-0.0,5.0,2.15,8.4,-1.22,-0.1,34.6,0.45,0.71,62.0,38.0,0.86,-38.3,0.16,,,28.18,13.5,,2.5,11.0,,-0.86,1.44,1.44,0.0,3.0,True,0.056,2026-09-01,111.7,-0.02,24.16,11.2,1.05,3.21,13.95,17.16,-5.2,-16.5,-11.2,26.54,24.21,23.27,True,29.22,17.09,0.91,37.3,-3.0,False,False,SHORT-TINGGI,100.0
AVNT,Avient,Materials,Specialty Chemicals,SP400,40.54,3.72,2026-10-01,501.0,TTM-4Q,2026-06-30,2026-11-09,27.0,27.5,1.0,True,10.2,21.9,1.53,11.6,9.8,4.6,5.1,0.44,5.4,7.1,31.7,2.3,2.87,-2.1,4.2,1.76,5.0,,999.0,-0.18,32.5,18.0,0.71,0.71,77.0,35.4,1.37,-25.7,-0.08,,,50.86,25.4,,1.57,7.0,7.7,-0.04,0.0,0.0,0.0,0.0,False,0.0,,108.0,0.01,5.95,5.9,0.13,2.68,0.0,2.68,2.4,43.0,0.4,41.75,38.08,37.6,True,46.64,27.48,1.1,42.6,5.9,False,False,,100.0
PRGS,Progress Software Corporation,Information Technology,Systems Software,SP600,36.58,1.5,2026-10-01,501.0,TTM-4Q,2026-05-31,,,24.1,3.47,True,8.3,16.8,2.96,,12.0,5.9,20.3,2.11,7.8,18.6,81.8,1.6,3.69,-9.4,1.6,3.52,8.0,1.2,2.7,0.36,2.9,80.2,0.77,0.71,48.0,54.1,0.72,-46.5,0.43,,,,,,,,,-0.08,0.0,0.0,0.0,0.0,False,0.0,2026-08-14,,,,,0.15,0.03,7.34,7.37,15.5,54.6,-4.2,41.95,35.3,36.83,False,47.37,23.82,1.96,32.7,-7.2,False,False,ZONA-BAHAYA;GOODWILL,100.0
PM,Philip Morris International,Consumer Staples,Tobacco,SP500,188.18,293.3,2026-10-01,501.0,TTM-4Q,2026-06-30,,,844.9,0.81,True,18.6,27.0,,,5.4,3.7,4.3,-0.67,30.5,,67.5,1.8,2.38,-5.0,3.7,1.31,8.0,4.48,999.0,1.86,19.6,19.9,0.71,0.71,71.0,27.9,-0.04,-18.5,0.9,,,,,,,,,0.37,0.0,0.0,0.0,0.0,False,0.0,,,,,,0.05,3.07,0.0,3.07,8.9,32.1,0.1,190.06,179.66,177.76,True,207.76,142.11,4.48,46.3,0.6,False,False,GOODWILL,100.0
DV,DoubleVerify Holdings Inc.,Communication Services,Advertising,SP600,13.49,2.09,2026-10-01,501.0,TTM-4Q,2026-06-30,2026-11-05,25.0,49.9,0.78,True,11.8,35.5,1.91,11.6,8.5,2.8,7.7,-0.04,5.8,5.4,82.4,0.8,-1.32,-11.2,0.8,3.47,9.0,7.33,55.5,0.95,11.5,36.6,0.54,0.7,80.0,44.8,1.18,-29.0,-0.06,,,13.48,-0.1,,,10.0,-9.6,-0.22,0.0,0.0,0.0,0.0,False,0.0,,107.4,0.03,5.4,1.9,0.32,0.0,7.19,7.19,7.6,11.6,-5.3,12.91,11.27,11.08,True,13.65,7.64,0.08,66.8,15.0,False,True,,100.0
GPC,Genuine Parts Company,Consumer Discretionary,Distributors,SP500,125.12,17.25,2026-10-01,501.0,TTM-4Q,2026-06-30,,,123.8,1.05,True,38.2,526.4,3.81,15.1,2.6,0.2,4.4,-0.93,0.0,0.7,36.9,0.7,7.8,-5.6,2.7,36.19,6.0,2.22,999.0,-1.02,0.0,29.6,0.45,0.7,51.0,33.2,0.73,-37.5,0.48,,,140.38,12.2,,,8.0,,-0.59,0.0,0.0,0.0,0.0,False,0.0,,98.8,0.0,6.57,7.6,0.05,3.33,0.0,3.33,5.5,-95.9,-0.9,131.85,116.02,119.94,True,151.57,90.78,3.02,35.4,-8.0,False,False,,100.0
NTNX,Nutanix,Information Technology,Systems Software,SP400,71.52,19.35,2026-10-01,501.0,TTM-4Q,2026-07-31,,,160.2,1.02,True,,12.8,27.54,26.9,,7.8,4.3,0.4,,37460.2,86.8,2.8,,14.1,33.2,0.61,4.0,2.69,999.0,0.04,-10.4,75.3,0.69,0.7,91.0,47.0,1.17,-55.3,-0.01,,,76.41,6.8,,,14.0,,0.31,-4.76,0.0,4.76,0.0,False,-0.025,2026-09-24,96.9,-0.09,5.68,4.3,-0.09,0.0,2.5,2.5,12.4,700.0,-0.6,65.57,52.02,50.39,True,77.9,34.01,2.06,66.1,36.0,False,True,UTANG-TAK-TERBACA,90.0
PARR,"Par Pacific Holdings, Inc.",Energy,Oil & Gas Refining & Marketing,SP600,86.21,4.32,2026-10-01,501.0,TTM-4Q,2026-06-30,,,79.7,1.03,True,3.7,5.0,2.18,,26.7,19.8,9.5,1.71,35.6,54.7,,4.3,0.43,7.2,8.8,0.65,8.0,4.39,16.9,1.24,125.9,29.8,1.34,0.7,97.0,58.1,-0.04,-26.7,0.04,,,,,,,,,,-16.44,0.0,16.44,0.0,False,-0.381,2026-09-11,,,,,-0.02,0.0,1.88,1.88,13.2,,-2.7,79.43,66.4,59.39,True,87.72,33.21,4.45,62.1,43.7,False,True,INSIDER-JUAL,100.0
CCK,Crown Holdings,Materials,Paper & Plastic Packaging Products & Materials,SP400,106.19,11.55,2026-10-01,501.0,TTM-4Q,2026-06-30,2026-10-19,12.0,113.1,0.8,True,8.1,14.7,4.03,11.7,12.3,6.8,10.4,1.19,12.5,27.2,,220.6,2.58,-6.5,3.3,2.2,7.0,,4.1,-0.57,22.3,13.1,0.69,0.69,50.0,25.5,0.61,-20.2,1.1,,,136.57,28.6,,1.73,14.0,15.3,0.37,0.0,0.0,0.0,0.0,False,0.0,2026-07-15,101.9,-0.01,2.69,3.6,0.12,1.19,7.04,8.23,10.3,40.8,-5.2,115.38,107.59,107.4,True,122.91,89.21,2.38,33.5,-8.6,False,False,GOODWILL,100.0
DOC,Healthpeak Properties,Real Estate,Health Care REITs,SP500,19.44,13.4,2026-10-01,501.0,TTM-4Q,2026-06-30,2026-10-22,15.0,106.0,1.1,True,11.6,55.1,1.71,138.9,8.6,1.8,,-0.06,4.2,3.1,,2.7,4.47,-4.8,1.1,5.06,,,2.3,-0.23,15.6,30.4,0.81,0.69,62.0,28.4,0.5,-17.1,-0.03,,,22.95,18.0,,2.41,19.0,198.6,0.96,0.0,0.0,0.0,0.0,False,0.0,,97.8,0.09,4.78,6.1,0.73,6.31,0.75,7.06,5.5,47.5,-0.8,20.97,19.53,18.87,True,22.95,15.7,0.39,29.1,-13.4,False,False,,100.0
FLEX,Flex Ltd.,Information Technology,Electronic Manufacturing Services,SP500,112.78,41.66,2026-10-01,501.0,TTM-4Q,2026-06-26,,,367.8,0.62,True,22.3,42.8,7.57,15.9,4.5,2.3,2.0,-0.2,11.7,18.4,9.4,0.9,1.2,-2.7,0.7,1.61,8.0,3.0,6.5,-1.15,84.3,56.6,1.07,0.69,91.0,65.9,1.91,-36.4,-0.38,,,160.5,42.3,,1.27,10.0,,-0.22,-0.33,0.0,0.33,0.0,False,-0.001,2026-08-18,96.7,0.03,2.73,3.1,0.19,0.0,1.67,1.67,12.2,9.2,-1.8,114.32,111.22,99.37,True,166.86,53.07,5.35,50.1,-19.7,False,False,,100.0
EFC,"Ellington Financial, Inc.",Financials,Specialized Finance,SP600,11.69,1.51,2026-10-01,501.0,TTM-4Q,2026-06-30,2026-11-04,24.0,18.7,1.82,True,,7.8,0.77,5.9,,12.9,,1.75,,10.7,,,,,1.2,,,,1.5,-0.49,13.8,17.0,0.88,0.68,36.0,17.6,0.5,-17.7,1.09,,,14.86,27.1,,,7.0,30.9,0.39,0.0,0.0,0.0,0.0,False,0.0,,53.0,0.0,7.52,7.8,-0.03,13.61,-26.49,-12.88,,71.5,31.2,13.14,13.03,13.11,False,14.12,11.28,0.23,18.0,-15.4,False,False,DILUSI,90.0
RCUS,"Arcus Biosciences, Inc.",Health Care,Biotechnology,SP600,25.23,3.21,2026-10-01,501.0,TTM-4Q,2026-06-30,,,45.3,0.78,True,,,6.92,,-18.2,-14.3,-14.8,-3.0,-63.4,-90.8,,,,1.4,12.4,,0.0,0.72,-44.2,,118.5,36.0,1.25,0.68,73.0,61.6,1.61,-27.8,-1.09,,,,,,,,,,0.0,0.0,0.0,0.0,False,0.0,2026-08-21,,,,,0.09,0.0,-8.93,-8.93,-55.3,,18.4,27.9,25.81,24.76,True,31.74,12.9,1.27,41.0,-18.9,False,False,ZONA-BAHAYA;DISTRES;F-RENDAH;DILUSI,100.0
CRSR,Corsair Gaming,Information Technology,"Technology Hardware, Storage & Peripherals",SP600,13.85,1.5,2026-10-01,501.0,TTM-4Q,2026-06-30,2026-11-03,23.0,14.1,1.33,True,24.9,40.7,2.25,16.7,4.0,2.5,6.0,0.32,5.5,5.8,31.6,2.5,-1.32,-5.7,4.8,2.87,8.0,3.2,999.0,-0.75,30.3,109.4,0.83,0.68,97.0,84.0,2.41,-48.7,-1.53,,,13.22,-4.5,,,9.0,227.6,2.13,-0.12,0.0,0.12,0.0,False,-0.008,2026-08-13,90.8,0.01,18.15,7.0,0.13,0.0,0.0,0.0,3.1,,3.1,12.27,9.09,8.23,True,14.98,4.48,0.6,63.5,51.7,False,True,,100.0
HAS,Hasbro,Consumer Discretionary,Leisure Products,SP500,89.98,12.69,2026-10-01,501.0,TTM-4Q,2026-06-28,,,155.5,2.06,True,11.9,16.0,17.38,13.8,8.4,6.3,9.6,-0.1,22.9,158.8,77.5,2.5,2.06,-8.8,9.1,1.62,7.0,3.7,6.9,1.3,26.8,5.9,0.54,0.68,70.0,30.2,0.78,-27.3,0.88,,,109.5,21.7,,1.47,14.0,,,-6.91,0.0,6.91,0.0,False,-0.054,2026-08-31,100.9,-0.0,5.85,5.4,0.02,3.11,0.0,3.11,25.3,,2.0,91.95,90.3,90.33,True,106.98,69.5,2.39,50.9,9.4,False,False,GOODWILL,100.0
CVS,CVS Health,Health Care,Health Care Services,SP500,85.2,108.97,2026-10-01,501.0,TTM-4Q,2026-06-30,2026-10-28,19.0,687.4,0.86,True,12.2,22.3,1.37,10.0,8.2,4.5,10.8,1.04,4.9,6.2,44.5,1.2,3.7,-3.9,1.1,3.02,7.0,2.42,2.7,-0.55,33.6,36.7,1.11,0.67,51.0,31.6,0.5,-22.6,0.82,,,116.28,36.5,,1.41,25.0,39.4,-0.06,0.0,0.0,0.0,0.0,False,0.0,,90.8,0.02,1.27,2.8,0.06,3.13,0.0,3.13,7.4,7.9,1.3,95.31,90.76,87.65,True,110.68,69.51,2.22,32.0,-20.7,False,False,GOODWILL,100.0
CENTA,Central Garden & Pet Company (Class A),Consumer Staples,Household Products,SP600,33.79,2.09,2026-10-01,501.0,TTM-4Q,2026-06-27,2026-11-25,39.0,10.4,1.01,True,6.9,12.6,1.2,11.1,14.5,7.9,16.5,2.03,6.6,10.0,32.5,1.1,0.59,-6.0,0.8,2.35,8.0,2.58,4.4,-0.11,23.3,13.4,0.73,0.67,52.0,25.2,0.4,-17.4,0.6,,,46.25,36.9,,,4.0,0.6,-0.3,0.0,0.0,0.0,0.0,False,0.0,,96.9,0.02,4.21,5.0,0.03,0.0,1.39,1.39,-1.2,20.1,-1.1,36.77,35.46,34.36,True,40.8,25.97,0.86,32.2,-14.3,False,False,,100.0
MAR,Marriott International,Consumer Discretionary,"Hotels, Resorts & Cruise Lines",SP500;NDX,354.79,92.52,2026-10-01,501.0,TTM-4Q,2026-06-30,,,551.2,0.69,True,,35.8,,27.0,,2.8,3.4,-0.66,,,,,,-4.1,2.5,1.44,7.0,3.97,5.0,,29.5,0.7,0.56,0.67,66.0,27.1,0.94,-18.2,1.15,,,380.8,7.3,,2.21,25.0,,-0.04,0.0,0.0,0.0,0.0,False,0.0,,63.6,0.0,3.03,4.7,0.06,0.79,3.8,4.59,4.7,4.9,-3.7,352.01,356.79,349.13,True,410.98,256.76,7.38,56.6,-7.3,False,False,GOODWILL,100.0
DLTR,Dollar Tree,Consumer Staples,Consumer Staples Merchandise Retail,SP500,114.43,21.47,2026-10-01,501.0,TTM-4Q,2026-08-01,2026-12-02,44.0,333.9,0.66,True,,13.3,6.27,14.5,,7.5,9.2,0.51,26.1,45.9,38.7,2.9,,-11.0,8.9,1.93,8.0,3.55,999.0,1.46,39.6,21.2,0.74,0.67,48.0,41.2,0.46,-38.5,-0.69,,,136.4,19.2,,2.54,25.0,136.1,0.9,-0.47,0.0,0.47,0.0,False,-0.002,2026-09-04,107.7,0.0,4.8,2.6,-0.03,0.0,8.54,8.54,8.2,,-8.1,124.17,113.96,117.38,True,142.4,84.71,3.85,41.3,-10.1,False,False,,100.0
CNK,"Cinemark Holdings, Inc.",Communication Services,Movies & Entertainment,SP600,36.18,4.15,2026-10-01,501.0,TTM-4Q,2026-03-31,2026-11-04,24.0,77.1,0.99,True,,24.3,,13.8,,4.1,,,,,,,,,,,,,,,25.6,22.6,0.6,0.67,86.0,40.3,0.43,-27.6,0.6,,,39.82,10.1,,2.0,11.0,16.1,-0.11,0.0,0.0,0.0,0.0,False,0.0,,108.0,-0.04,10.57,3.6,0.02,0.0,0.0,0.0,6.9,-30.6,-3.9,36.21,31.57,29.72,True,39.07,21.6,1.23,50.1,11.9,False,False,,72.0
V,Visa Inc.,Financials,Transaction & Payment Processing Services,SP500,359.85,675.57,2026-10-01,501.0,TTM-4Q,2026-03-31,,,2253.5,0.86,True,,30.4,18.94,,,3.3,,-1.24,,60.3,,,,,2.3,,,,42.3,3.0,10.0,25.3,0.81,0.67,59.0,21.9,0.77,-17.2,0.66,,,,,,,,,-0.11,-27.55,0.0,27.55,0.0,False,-0.004,2026-09-09,,,,,0.05,0.72,3.16,3.88,14.4,11.8,,368.49,338.44,337.4,True,385.57,293.89,5.82,40.0,-3.1,False,False,INSIDER-JUAL,90.0
NBTB,"NBT Bancorp, Inc.",Financials,Regional Banks,SP600,50.74,2.64,2026-10-01,501.0,TTM-4Q,2026-06-30,,,18.7,1.32,True,,12.3,1.36,11.1,,8.1,,0.13,,11.4,,,,,0.1,,,,999.0,-0.2,24.6,18.9,0.92,0.66,73.0,23.6,0.78,-12.2,0.77,,,56.83,12.0,,2.57,6.0,,,-0.73,0.0,0.73,0.0,False,-0.028,2026-07-29,69.5,0.0,6.29,9.0,-0.04,2.93,0.92,3.85,,60.6,2.8,51.99,47.74,46.81,True,54.5,39.2,0.89,45.2,-1.2,False,False,,90.0
BHE,"Benchmark Electronics, Inc.",Information Technology,Electronic Manufacturing Services,SP600,84.62,3.04,2026-10-01,501.0,TTM-4Q,2026-06-30,2026-11-03,23.0,32.0,1.15,True,20.2,57.2,2.72,25.6,4.9,1.7,4.1,0.14,4.8,4.8,10.3,0.5,-0.93,-5.8,0.8,3.33,7.0,3.87,6.0,-1.16,84.5,23.2,1.21,0.66,94.0,44.4,1.31,-28.8,0.77,,,86.0,1.6,,1.5,3.0,9.2,-0.4,-0.49,0.0,0.49,0.0,False,-0.016,2026-08-11,105.0,-1.99,4.53,4.1,-1.11,0.8,0.55,1.35,8.9,46.7,0.4,77.66,75.71,69.48,True,100.41,35.91,3.03,66.3,-4.2,False,True,,100.0
DBX,Dropbox,Information Technology,Application Software,SP400,34.08,7.73,2026-10-01,501.0,TTM-4Q,2026-06-30,2026-11-05,25.0,170.9,1.0,True,11.9,17.5,,10.3,8.4,5.7,12.4,0.75,50.3,,79.7,1.0,2.6,-19.2,1.9,2.21,5.0,0.65,999.0,2.23,13.4,48.5,0.82,0.66,84.0,37.9,0.75,-29.1,1.32,,,31.8,-6.7,,3.57,5.0,1.5,-0.8,-0.54,0.0,0.54,0.0,False,-0.007,2026-09-15,130.6,0.05,27.05,6.4,0.2,0.0,19.43,19.43,-0.0,-8.8,-18.0,34.21,28.79,28.17,True,38.17,21.69,1.32,48.7,16.3,False,False,ZONA-BAHAYA;GOODWILL;SHORT-TINGGI,90.0
ICUI,ICU Medical,Health Care,Health Care Supplies,SP600,157.18,3.93,2026-10-01,501.0,TTM-4Q,2026-06-30,,,41.0,0.95,True,17.8,130.6,1.83,16.3,5.6,0.8,3.9,0.12,2.1,1.4,39.1,2.5,3.41,-5.1,3.0,7.86,6.0,2.38,0.9,-0.85,42.4,36.4,1.12,0.65,71.0,35.1,0.78,-27.2,0.35,,,193.38,23.0,,1.62,8.0,,,-3.09,0.0,3.09,0.0,False,-0.079,2026-09-03,116.2,0.01,7.26,6.6,-0.02,0.0,0.0,0.0,-9.0,,1.4,168.81,146.03,146.97,True,192.85,112.5,4.66,39.4,-1.1,False,False,,100.0
KRG,Kite Realty Group Trust,Real Estate,Retail REITs,SP400,24.44,4.9,2026-10-01,501.0,TTM-4Q,2026-06-30,,,53.9,1.05,True,,14.6,1.71,71.9,,6.8,,0.42,,10.8,,,,-1.0,2.0,1.19,,,,,23.4,9.4,0.93,0.65,45.0,17.5,0.55,-18.2,0.48,,,30.78,25.9,,2.55,9.0,,-1.05,0.0,0.0,0.0,0.0,False,0.0,,106.1,0.03,10.21,7.2,0.25,0.0,0.03,0.03,-5.6,93.8,-7.6,26.39,26.66,26.04,True,29.92,21.33,0.4,22.9,-16.9,False,False,,100.0
HTLD,"Heartland Express, Inc.",Industrials,Cargo Ground Transportation,SP600,11.64,0.9,2026-10-01,501.0,FY,2025-12-31,,,9.2,0.83,False,10.2,,1.19,23.2,9.8,-5.8,-7.4,-0.78,-4.7,-6.6,,,1.33,-11.2,5.7,,4.0,2.89,-5.0,-0.83,42.9,13.5,0.7,0.65,61.0,40.1,0.78,-30.1,0.3,,,13.2,13.4,,3.0,5.0,,,0.0,0.0,0.0,0.0,False,0.0,,51.9,0.02,7.76,5.3,0.03,0.69,1.15,1.85,-23.1,,-1.1,12.36,12.78,12.19,True,16.64,7.0,0.39,41.6,-23.8,False,False,TIPIS,75.0
PNW,Pinnacle West Capital,Utilities,Multi-Utilities,SP500,94.63,11.47,2026-10-01,501.0,TTM-4Q,2026-06-30,,,112.9,1.82,True,10.7,17.6,1.63,,9.3,5.7,-7.7,-0.05,5.1,9.5,,1.3,5.32,-3.6,0.3,2.72,6.0,,2.5,-0.08,13.1,-2.1,0.33,0.65,41.0,16.6,0.15,-16.0,0.41,,,,,,,,,-0.4,-0.28,0.0,0.28,0.0,False,-0.002,2026-08-10,,,,,-0.33,3.76,0.0,3.76,5.7,9.7,2.2,98.11,101.16,99.02,True,111.16,86.18,1.77,46.8,-15.7,False,False,,100.0
ALKS,Alkermes plc,Health Care,Pharmaceuticals,SP600,40.54,6.8,2026-10-01,501.0,TTM-4Q,2026-06-30,2026-10-28,19.0,99.2,1.17,True,42.9,102.9,3.76,22.4,2.3,1.0,3.3,-0.33,2.5,3.9,84.6,2.1,4.85,-5.6,10.4,3.8,5.0,2.03,2.0,0.34,57.3,34.7,1.15,0.64,65.0,39.9,0.61,-27.3,0.39,,,56.56,39.5,,1.74,18.0,141.3,0.5,-2.24,0.0,2.24,0.0,False,-0.033,2026-09-03,107.9,-0.05,12.52,11.2,-0.02,0.0,0.0,0.0,10.8,-81.0,3.0,47.18,41.59,39.02,True,55.67,27.0,1.46,28.1,-27.6,False,False,,100.0
EIG,"Employers Holdings, Inc.",Financials,Property & Casualty Insurance,SP600,48.65,0.87,2026-10-01,501.0,TTM-4Q,2026-06-30,2026-10-29,20.0,8.8,0.86,False,,115.0,1.02,19.1,,0.9,,-0.28,,0.8,,,,,1.2,,,,999.0,-0.87,19.3,21.9,0.87,0.64,63.0,23.8,0.38,-15.3,1.04,,,54.0,11.0,,,2.0,25.8,-1.12,0.0,0.0,0.0,0.0,False,0.0,,85.9,0.01,11.28,7.5,0.06,3.1,28.5,31.6,-5.8,-92.5,-24.2,49.12,45.72,45.13,True,52.59,35.73,1.06,49.9,-8.7,False,False,TIPIS,90.0
OPLN,"OPENLANE, Inc.",Industrials,Diversified Support Services,SP600,34.87,4.28,2026-10-01,501.0,TTM-4Q,2026-06-30,,,39.1,1.74,True,14.0,21.3,2.73,20.1,7.1,4.7,8.3,0.36,12.7,13.4,,,1.05,-4.3,2.6,2.04,6.0,1.62,7.7,0.16,21.8,19.1,0.63,0.64,58.0,32.4,1.03,-22.1,0.5,,,46.22,32.6,,1.89,9.0,,0.12,-274.38,0.5,274.88,1.0,False,-6.408,2026-08-24,89.6,0.02,2.8,2.0,-1.85,0.0,1.97,1.97,11.8,32.8,7.9,35.97,34.71,33.46,True,42.9,24.32,0.86,48.8,-16.3,False,False,ZONA-BAHAYA;DILUSI;INSIDER-JUAL,100.0
GO,Grocery Outlet,Consumer Staples,Food Retail,SP600,11.77,1.17,2026-10-01,501.0,TTM-4Q,2026-07-04,,,27.1,1.98,True,,,1.43,17.5,-16.7,-32.7,1.0,-3.0,-19.8,-38.1,30.0,0.4,,-17.9,3.8,,3.0,1.53,-999.0,-0.69,-24.5,75.8,0.46,0.64,76.0,55.8,0.96,-64.8,-2.52,,,10.73,-8.8,,,13.0,,-3.0,0.25,0.26,0.02,2.0,True,0.021,2026-08-27,122.1,0.02,32.84,8.2,1.13,0.0,0.0,0.0,5.1,-4787.7,1.3,10.93,9.08,9.28,True,16.99,5.66,0.52,57.3,10.4,False,False,ZONA-BAHAYA;DISTRES;F-RENDAH;SHORT-TINGGI,100.0
FFBC,First Financial Bancorp,Financials,Regional Banks,SP600,31.51,3.31,2026-10-01,501.0,TTM-4Q,2026-06-30,,,30.3,0.95,True,,11.6,1.11,8.9,,8.6,,0.17,,10.3,,,,,0.1,,,,999.0,-0.21,31.4,16.0,0.95,0.64,68.0,24.9,0.81,-14.2,0.61,,,37.86,20.1,,2.0,7.0,,-0.18,-0.92,0.0,0.92,0.0,False,-0.028,2026-09-03,86.7,0.0,6.78,9.1,-0.05,3.05,0.0,3.05,12.1,19.5,9.6,32.95,31.27,30.37,True,36.25,23.06,0.63,40.9,-10.7,False,False,DILUSI,90.0
BRKR,Bruker,Health Care,Health Care Equipment,SP400,61.94,9.44,2026-10-01,501.0,TTM-4Q,2026-06-30,2026-11-03,23.0,137.7,1.04,True,55.5,,3.93,25.9,1.8,-0.8,1.0,-0.6,-0.6,-3.4,46.4,2.0,8.22,-4.2,4.1,,4.0,,-0.5,-0.99,73.0,55.4,1.12,0.63,90.0,57.6,1.15,-39.8,-0.9,,,60.0,-3.1,,2.14,13.0,27.5,-0.63,-0.2,0.0,0.2,0.0,False,-0.002,2026-09-15,95.8,-0.03,15.8,6.3,0.02,0.24,0.0,0.24,1.6,-189.4,0.4,58.88,50.36,49.21,True,66.98,32.37,2.98,54.0,-2.0,False,True,,100.0
IQV,IQVIA,Health Care,Life Sciences Tools & Services,SP500,260.72,43.51,2026-10-01,501.0,TTM-4Q,2026-03-31,,,439.8,0.91,True,17.0,31.4,6.99,18.0,5.9,3.2,4.9,0.07,8.7,22.7,,,4.08,-4.6,0.5,1.95,6.0,2.2,2.9,-0.43,36.0,49.9,1.06,0.63,87.0,40.7,0.92,-35.9,-0.15,,,277.94,6.6,,1.43,18.0,,-0.18,-29.89,0.0,29.89,0.0,False,-0.069,2026-09-02,103.4,0.02,2.9,3.1,-0.0,0.0,3.27,3.27,7.3,3.8,-4.3,252.78,202.98,205.66,True,277.4,154.5,7.17,47.9,22.8,False,False,GOODWILL;INSIDER-JUAL,100.0
HCSG,"Healthcare Services Group, Inc.",Industrials,Environmental & Facilities Services,SP600,20.58,1.41,2026-10-01,501.0,TTM-4Q,2026-06-30,,,15.1,1.77,True,7.5,11.5,2.72,16.7,13.4,8.7,10.5,1.66,24.7,24.7,17.1,0.9,-0.99,-3.9,1.0,1.25,9.0,6.81,999.0,0.65,29.6,22.2,0.64,0.63,49.0,40.8,1.04,-19.9,0.34,,,27.0,31.2,,,6.0,,2.88,-0.36,0.0,0.36,0.0,False,-0.026,2026-08-04,112.8,0.1,5.39,5.3,0.18,0.0,6.5,6.5,5.2,1037.2,-4.5,22.04,21.59,21.08,True,25.75,15.13,0.54,33.2,-20.2,False,False,,90.0
ENS,EnerSys,Industrials,Electrical Components & Equipment,SP400,189.59,6.84,2026-10-01,501.0,TTM-4Q,2026-07-05,2026-11-04,24.0,98.2,1.57,True,12.1,19.4,3.47,13.3,8.3,5.2,10.5,0.66,13.5,18.4,30.5,3.3,0.84,-10.5,2.1,2.2,6.0,4.86,9.9,0.48,61.0,1.9,0.75,0.62,76.0,41.8,1.17,-30.3,-0.14,,,252.58,33.2,,1.8,5.0,29.5,-0.2,0.0,0.0,0.0,0.0,False,0.0,,104.5,-0.0,9.74,5.7,-0.01,0.56,3.96,4.52,3.7,0.4,-4.2,185.38,197.27,189.35,True,244.3,108.88,5.52,61.0,-10.6,False,False,,100.0
NWSA,News Corp (Class A),Communication Services,Publishing,SP500,28.64,15.92,2026-10-01,501.0,TTM-4Q,2026-06-30,,,134.6,0.74,True,10.3,27.8,1.87,18.9,9.7,3.6,5.1,-0.05,6.6,6.6,,,-0.07,-4.3,2.2,2.16,5.0,2.42,999.0,-0.2,0.2,24.0,0.45,0.62,61.0,27.0,0.72,-27.1,0.76,,,36.16,26.3,,1.5,8.0,,-0.31,0.0,0.0,0.0,0.0,False,0.0,,108.5,-0.01,3.29,3.2,0.16,1.28,4.03,5.31,6.8,-51.4,-2.0,29.29,26.93,26.55,True,31.66,22.2,0.71,42.5,4.8,False,False,,100.0
EL,Estée Lauder Companies (The),Consumer Staples,Personal Care Products,SP500,90.19,32.96,2026-10-01,501.0,TTM-4Q,2026-06-30,2026-11-02,22.0,289.1,1.17,True,23.3,181.1,8.66,23.0,4.3,0.6,4.0,-0.93,4.5,4.7,75.5,1.9,2.42,-8.0,5.4,9.74,6.0,3.02,2.3,0.73,15.1,42.5,0.59,0.61,61.0,49.1,1.6,-43.6,-2.23,,,107.48,19.2,,2.27,28.0,22.1,-0.0,-11.78,0.0,11.78,0.0,False,-0.036,2026-09-14,95.7,0.01,3.22,1.8,-0.13,1.54,0.21,1.75,5.0,,1.3,93.51,86.04,92.16,True,121.64,66.22,3.29,39.0,5.0,False,False,INSIDER-JUAL,100.0
ST,Sensata Technologies,Industrials,Electrical Components & Equipment,SP400,42.35,6.16,2026-10-01,501.0,TTM-4Q,2026-06-30,,,55.9,1.15,True,15.6,68.5,2.08,,6.4,1.5,9.4,0.19,3.2,3.1,29.5,,3.86,-8.7,1.7,7.72,6.0,2.45,2.0,-0.6,35.8,17.1,0.65,0.61,74.0,40.4,1.52,-23.3,-0.23,,,,,,,,,-0.66,0.0,0.0,0.0,0.0,False,0.0,,,,,,0.07,1.14,0.41,1.54,0.8,-19.3,0.1,43.65,43.08,41.12,True,53.89,28.16,1.17,49.8,-8.9,False,False,GOODWILL,100.0
DCOM,"Dime Community Bancshares, Inc.",Financials,Regional Banks,SP600,39.52,1.75,2026-10-01,501.0,TTM-4Q,2026-06-30,2026-10-22,15.0,12.5,1.67,True,,13.5,1.15,9.1,,7.4,,0.35,,8.7,,,,,0.4,,,,999.0,-0.38,36.3,16.8,0.95,0.61,75.0,28.0,0.76,-15.1,0.49,,,45.8,15.9,,1.8,5.0,-0.2,1.2,-5.51,0.0,5.51,0.0,False,-0.316,2026-08-13,90.5,0.0,11.46,16.1,-0.27,2.47,0.0,2.47,30.5,192.5,0.4,40.49,37.86,36.55,True,41.97,25.63,0.77,40.0,-4.4,False,False,,90.0
COHU,"Cohu, Inc.",Information Technology,Semiconductor Materials & Equipment,SP600,70.34,3.33,2026-10-01,501.0,TTM-4Q,2026-06-27,2026-10-29,20.0,58.2,1.2,True,350.9,,4.3,38.1,0.3,-1.2,1.0,-0.73,-3.0,-4.8,,3.3,-22.66,-7.5,8.1,,6.0,5.25,-7.3,0.48,117.2,38.8,1.14,0.61,98.0,68.5,1.75,-46.8,-0.65,,,70.88,0.8,,1.12,8.0,87.4,2.73,-0.56,0.0,0.56,0.0,False,-0.017,2026-09-25,116.5,0.03,22.0,9.0,0.13,0.0,-0.0,-0.0,32.7,,1.4,54.21,48.79,43.56,True,74.6,18.67,3.52,70.2,15.7,False,True,SHORT-TINGGI,100.0
BOX,"Box, Inc.",Information Technology,Application Software,SP600,34.6,4.75,2026-10-01,501.0,TTM-4Q,2026-07-31,2026-12-01,43.0,90.4,1.07,True,30.9,36.3,,19.9,3.2,2.8,8.2,0.03,47.9,,79.5,3.0,0.05,-17.4,6.8,3.02,6.0,2.65,11.5,2.1,9.0,48.5,0.76,0.6,82.0,37.7,0.58,-36.3,1.21,,,38.71,11.9,,,7.0,0.5,-0.58,-0.41,0.0,0.41,0.0,False,-0.009,2026-09-15,105.0,0.0,15.31,5.6,0.12,0.0,7.57,7.57,9.6,-42.8,-7.5,33.08,28.02,27.69,True,36.34,21.34,1.14,57.9,20.9,False,True,GOODWILL,100.0
TTC,Toro,Industrials,Agricultural & Farm Machinery,SP400,97.79,9.26,2026-10-01,501.0,TTM-4Q,2026-07-31,,,94.2,0.59,True,15.8,25.5,6.93,,6.3,3.9,7.7,0.02,16.2,26.4,33.4,0.5,1.24,-12.1,2.2,2.17,8.0,5.07,8.7,1.08,31.0,5.2,0.7,0.6,70.0,25.7,0.87,-13.9,1.09,,,,,,,,,-0.32,-0.01,0.0,0.01,0.0,False,-0.0,2026-09-08,,,,,0.07,1.62,3.87,5.49,5.2,9.1,-3.4,96.13,94.67,93.36,True,105.19,67.64,2.22,58.3,-1.8,False,True,,100.0
SMTC,Semtech,Information Technology,Semiconductors,SP400,186.59,17.38,2026-10-01,501.0,TTM-4Q,2026-04-26,,,570.0,1.03,True,,,30.32,,,-0.2,1.0,-0.74,1.6,-5.8,51.6,10.5,,-15.5,23.4,,6.0,12.77,2.3,-0.58,85.1,65.3,0.98,0.6,98.0,76.3,2.22,-40.7,-0.97,,,,,,,,,,-2.34,0.0,2.34,0.0,False,-0.013,2026-09-23,,,,,0.1,0.0,0.0,0.0,14.2,,9.4,144.83,128.28,116.28,True,190.64,60.28,11.37,63.0,34.5,True,True,DILUSI,100.0
MMM,3M,Industrials,Industrial Conglomerates,SP500,163.02,84.07,2026-10-01,501.0,TTM-4Q,2026-06-30,,,507.2,1.07,True,15.6,28.1,28.48,16.6,6.4,3.6,4.7,-0.27,21.5,82.8,39.4,2.9,1.6,-5.2,10.2,1.63,5.0,4.38,5.3,0.86,11.7,18.3,0.57,0.6,58.0,26.3,1.06,-18.8,0.73,,,187.71,15.1,,2.21,18.0,,-0.6,-4.31,0.0,4.31,0.0,False,-0.005,2026-08-05,76.7,0.0,1.94,3.6,-0.0,1.89,4.78,6.67,2.3,-23.9,-3.4,173.53,159.59,160.65,False,184.9,139.34,3.47,38.7,-0.9,False,False,GOODWILL,100.0
ANDE,"The Andersons, Inc.",Consumer Staples,Food Distributors,SP600,65.49,2.23,2026-10-01,501.0,TTM-4Q,2026-06-30,2026-11-03,23.0,26.5,0.81,True,8.8,12.5,1.69,10.3,11.4,8.0,2.6,0.19,7.8,13.2,7.2,0.9,2.39,-4.2,0.2,1.82,6.0,4.68,999.0,-0.93,71.4,-7.2,0.89,0.6,75.0,35.9,0.18,-21.2,0.3,,,88.33,34.9,,1.0,3.0,44.9,-0.25,0.0,0.0,0.0,0.0,False,0.0,2026-07-22,93.8,0.05,5.88,3.5,0.12,1.22,0.0,1.22,-5.2,120.0,-0.1,68.79,70.82,68.07,True,82.11,39.23,2.04,38.0,-3.7,False,False,,100.0
AMAT,Applied Materials,Information Technology,Semiconductor Materials & Equipment,SP500;NDX,529.3,420.05,2026-10-01,501.0,TTM-4Q,2026-07-26,2026-11-12,30.0,2927.2,0.96,True,43.3,45.3,16.39,28.7,2.3,2.2,1.3,-0.47,26.4,41.1,49.4,0.8,-0.15,2.2,1.9,0.91,7.0,17.87,33.0,0.12,117.0,25.2,1.19,0.59,94.0,59.7,1.5,-42.5,-0.14,,,640.89,21.1,,1.46,35.0,3.1,-0.54,-59.61,0.0,59.61,0.0,False,-0.014,2026-09-08,86.3,0.01,1.78,2.2,0.12,0.36,0.48,0.84,7.8,35.6,-0.2,487.56,464.53,426.26,True,739.67,203.4,19.65,66.9,-14.4,False,False,INSIDER-JUAL,100.0
AVTR,Avantor,Health Care,Life Sciences Tools & Services,SP400,15.03,10.26,2026-10-01,501.0,TTM-4Q,2026-03-31,2026-10-28,19.0,139.1,1.17,True,113.7,,1.84,17.1,0.9,-5.4,4.3,-0.41,-2.4,-9.4,32.1,0.6,29.14,-9.4,3.7,,6.0,1.8,-1.7,-1.7,13.8,82.8,0.93,0.59,93.0,52.1,0.9,-52.5,-0.88,,,14.66,-2.5,,2.71,15.0,11.1,-0.75,0.0,0.0,0.0,0.0,False,0.0,,105.3,0.01,9.22,7.4,0.05,0.0,0.0,0.0,-2.0,-177.1,-0.8,14.29,10.61,10.72,True,16.05,7.26,0.46,53.5,42.0,False,False,,100.0
GRMN,Garmin,Consumer Discretionary,Consumer Electronics,SP500,282.46,54.47,2026-10-01,501.0,TTM-4Q,2026-03-28,,,230.9,0.76,True,24.3,31.4,5.88,25.4,4.1,3.2,2.7,-0.89,18.7,19.9,59.1,0.5,-1.27,-0.1,1.3,1.01,9.0,22.16,999.0,0.52,13.2,16.3,0.43,0.58,82.0,33.9,1.09,-28.0,0.43,,,302.0,6.9,,2.57,6.0,,0.81,-3.6,0.0,3.6,0.0,False,-0.007,2026-08-18,58.3,0.0,1.88,3.7,0.05,1.27,0.0,1.27,15.7,18.2,-0.1,287.07,257.22,245.95,True,314.28,186.67,7.22,47.7,14.7,False,False,,100.0
VSAT,"Viasat, Inc.",Information Technology,Communications Equipment,SP600,70.35,9.69,2026-10-01,501.0,TTM-4Q,2026-06-30,,,121.9,0.75,True,10.0,,2.09,,10.0,-0.3,,0.61,0.6,-0.6,,3.2,3.28,-10.8,8.1,,6.0,0.95,0.3,-0.64,126.2,46.5,1.09,0.58,94.0,79.0,1.89,-30.8,-0.48,,,,,,,,,,-20.18,0.0,20.18,0.0,False,-0.208,2026-09-21,,,,,-0.66,0.0,0.0,0.0,1.3,,4.2,75.14,67.05,60.67,True,93.03,26.1,3.98,43.8,-17.4,False,False,ZONA-BAHAYA;DISTRES;INSIDER-JUAL,100.0
HMN,Horace Mann Educators Corporation,Financials,Multi-line Insurance,SP600,44.94,1.82,2026-10-01,501.0,TTM-4Q,2026-06-30,,,17.9,1.11,True,,10.3,1.21,8.5,,9.7,,0.57,,12.4,,,,,0.4,,,,6.7,-0.25,14.9,19.4,0.82,0.58,35.0,21.0,0.3,-17.0,1.17,,,56.5,25.7,,,2.0,,-0.45,-0.61,0.0,0.61,0.0,False,-0.033,2026-09-03,106.7,0.0,3.8,4.5,-0.05,3.16,1.75,4.92,5.9,26.6,-1.0,50.21,47.72,46.85,True,55.56,41.29,1.06,27.9,-18.6,False,False,,90.0
URBN,"Urban Outfitters, Inc.",Consumer Discretionary,Apparel Retail,SP600,78.77,6.75,2026-10-01,501.0,TTM-4Q,2026-07-31,,,78.1,1.34,True,6.9,11.9,2.36,,14.5,8.4,4.4,0.2,21.3,20.9,37.5,2.1,-0.82,-3.0,2.0,1.26,9.0,4.46,999.0,0.24,11.0,24.4,0.42,0.58,70.0,42.6,1.07,-26.3,0.21,,,,,,,,,0.49,-0.78,0.0,0.78,0.0,False,-0.012,2026-09-18,,,,,0.07,0.0,4.48,4.48,11.0,19.7,-4.9,76.64,71.94,72.28,True,85.43,59.54,2.55,57.6,8.6,False,False,,100.0
KSS,Kohl's Corp.,Consumer Discretionary,Broadline Retail,SP600,18.92,2.15,2026-10-01,501.0,TTM-4Q,2026-08-01,,,68.1,1.13,True,2.1,7.9,0.51,12.1,48.7,12.6,48.2,3.0,8.8,6.7,41.2,1.0,0.39,-8.1,2.2,5.01,8.0,1.69,999.0,0.21,18.6,39.4,0.42,0.58,75.0,69.7,2.05,-51.8,-2.54,,,18.73,-1.0,,3.29,13.0,,-0.41,0.0,0.0,0.0,0.0,False,0.0,2026-08-03,107.6,0.03,34.75,7.0,0.09,2.61,0.0,2.61,-2.9,29.8,3.5,18.3,16.05,16.92,False,25.22,11.38,0.95,58.4,1.4,False,False,ZONA-BAHAYA;SHORT-TINGGI,100.0
UFPT,"UFP Technologies, Inc.",Health Care,Health Care Equipment,SP600,294.99,2.28,2026-10-01,501.0,TTM-4Q,2026-06-30,,,32.0,0.92,True,,31.6,4.94,,,3.2,,0.02,13.9,17.1,28.5,1.7,,0.1,2.2,0.99,4.0,8.76,12.4,-1.11,47.3,51.6,1.03,0.57,86.0,47.8,1.37,-30.7,-0.61,,,,,,,,,-0.17,-12.63,0.0,12.63,0.0,False,-0.553,2026-08-25,,,,,-0.4,0.0,0.0,0.0,7.3,7.7,0.2,291.56,242.69,243.34,True,338.71,173.86,8.05,55.7,5.6,False,False,INSIDER-JUAL,100.0
MANH,Manhattan Associates,Information Technology,Application Software,SP400,204.15,11.9,2026-10-01,501.0,TTM-4Q,2026-06-30,,,131.0,0.8,True,41.7,56.6,75.57,33.2,2.4,1.8,3.4,-0.38,93.2,96.4,55.8,1.1,-0.66,-28.4,3.2,1.97,5.0,16.48,999.0,3.0,5.5,61.0,0.72,0.57,86.0,46.4,1.22,-42.1,0.38,,,220.7,8.1,,1.55,10.0,,-0.42,-1.9,0.0,1.9,0.0,False,-0.016,2026-08-11,113.0,0.0,6.56,4.1,0.09,0.0,3.65,3.65,6.5,-4.9,-3.4,201.62,161.21,161.04,True,227.03,119.06,6.94,48.5,31.8,False,True,,100.0
LRCX,Lam Research,Information Technology,Semiconductor Materials & Equipment,SP500;NDX,340.1,425.57,2026-10-01,501.0,TTM-4Q,2026-06-28,,,2869.1,0.93,True,49.0,58.6,34.13,29.0,2.0,1.7,1.1,-0.56,47.2,65.1,50.5,2.1,-0.21,6.3,3.9,0.81,8.0,27.8,52.3,0.68,117.5,30.8,1.15,0.57,95.0,64.6,1.95,-41.8,-0.55,,,373.77,9.9,,1.46,31.0,,0.25,-3.01,0.0,3.01,0.0,False,-0.001,2026-09-09,88.8,-0.0,2.33,3.3,0.15,0.3,0.9,1.2,26.0,35.6,-2.3,305.5,294.71,274.15,True,438.5,131.02,13.94,65.3,-5.7,False,True,,100.0
UBSI,United Bankshares,Financials,Regional Banks,SP400,46.4,6.32,2026-10-01,501.0,TTM-4Q,2026-06-30,,,53.8,1.06,True,,12.3,1.15,,,8.2,,0.14,,9.5,,,,,0.1,,,,999.0,-0.21,28.5,12.5,0.93,0.57,71.0,22.0,0.68,-13.7,0.87,,,,,,,,,,-0.15,0.0,0.15,0.0,False,-0.002,2026-09-01,,,,,0.05,3.35,3.33,6.68,,30.5,-2.8,47.69,44.82,44.03,True,49.62,34.1,0.79,43.3,-2.5,False,False,,90.0
COKE,Coca-Cola Consolidated,Consumer Staples,Soft Drinks & Non-alcoholic Beverages,SP400,187.11,12.45,2026-10-01,501.0,TTM-4Q,2026-07-03,2026-10-28,19.0,108.1,0.95,True,12.3,22.6,,4.8,8.1,4.4,5.2,-0.31,27.1,97.3,39.1,1.9,1.95,-7.9,2.6,1.72,4.0,3.88,999.0,1.26,65.9,-3.6,0.85,0.57,71.0,36.8,0.33,-24.6,0.02,,,,,,,,32.3,0.45,0.0,0.0,0.0,0.0,False,0.0,,75.0,-0.01,6.86,6.1,-0.07,0.61,0.0,0.61,10.7,-6.1,,190.4,189.53,182.09,True,219.65,117.08,5.82,43.8,-6.8,False,False,GOODWILL,100.0
CF,CF Industries,Materials,Fertilizers & Agricultural Chemicals,SP500,114.54,17.33,2026-10-01,501.0,TTM-4Q,2026-06-30,2026-11-04,24.0,329.4,0.92,True,4.4,6.9,3.02,10.7,22.5,14.4,11.0,2.43,22.3,46.7,42.5,6.3,0.18,-3.3,7.6,1.19,9.0,3.58,18.6,1.9,54.3,6.9,0.71,0.57,75.0,43.0,-0.33,-25.4,1.54,,,127.09,11.0,,2.95,20.0,-15.1,-0.03,0.0,0.0,0.0,0.0,False,0.0,,108.9,-0.0,7.73,3.6,0.12,1.81,5.53,7.34,20.0,58.6,-5.6,124.65,120.59,112.31,True,141.96,75.42,4.61,34.6,1.0,False,False,,100.0
ETR,Entergy,Utilities,Electric Utilities,SP500,100.4,45.97,2026-10-01,501.0,TTM-4Q,2026-03-31,2026-10-29,20.0,328.1,1.28,True,14.1,25.5,2.65,19.7,7.1,3.9,-6.2,-0.88,5.0,11.1,,,5.64,-5.1,0.8,3.02,7.0,,2.2,0.04,17.7,-4.7,0.32,0.57,39.0,20.4,0.22,-15.9,0.19,,,122.68,22.2,,1.74,20.0,2.4,0.38,-2.46,0.11,2.57,1.0,False,-0.005,2026-09-14,97.9,0.0,3.98,7.1,-0.89,2.41,-3.22,-0.81,11.4,33.8,5.0,105.88,109.45,106.21,True,118.45,90.87,2.02,39.9,-15.0,False,False,,100.0
BMY,Bristol Myers Squibb,Health Care,Pharmaceuticals,SP500,61.46,125.55,2026-10-01,501.0,TTM-4Q,2026-06-30,2026-10-29,20.0,744.8,0.92,True,9.4,13.5,5.63,9.4,10.6,7.4,9.1,0.9,15.5,46.7,70.2,1.8,1.95,-3.8,6.7,1.38,7.0,2.69,7.9,0.36,55.5,10.8,1.21,0.57,73.0,27.4,0.21,-12.5,1.47,,,66.71,8.5,,2.46,24.0,27.7,0.0,-0.44,0.0,0.44,0.0,False,-0.0,2026-09-09,84.9,-0.03,2.06,5.4,0.02,4.06,0.0,4.06,3.1,83.8,0.5,64.51,60.27,59.36,True,68.64,42.52,1.42,39.1,3.1,False,False,,100.0
IBKR,Interactive Brokers,Financials,Investment Banking & Brokerage,SP500,85.81,38.62,2026-10-01,501.0,TTM-4Q,2026-06-30,,,340.9,1.53,True,,7.9,6.54,26.8,,12.7,,0.17,,91.3,,,,,0.4,,,,999.0,2.1,31.9,33.4,0.83,0.56,72.0,39.3,1.7,-18.7,-1.03,,,105.82,23.3,,1.93,13.0,,0.35,0.0,0.0,0.0,0.0,False,0.0,2026-09-01,88.6,0.01,3.17,3.3,0.04,0.38,0.0,0.38,22.1,29.8,2.0,90.71,84.39,81.16,True,98.75,58.95,2.79,39.7,-8.4,False,False,,90.0
DAL,Delta Air Lines,Industrials,Passenger Airlines,SP500,84.13,55.33,2026-10-01,501.0,TTM-4Q,2026-06-30,2026-10-09,6.0,582.8,0.9,True,7.9,14.0,2.54,10.1,12.6,7.1,,1.53,12.9,20.1,,,1.02,-5.1,2.4,2.06,6.0,1.48,999.0,0.27,36.1,13.6,0.64,0.56,74.0,39.0,1.19,-22.9,0.14,,,103.15,22.6,,1.32,24.0,4.5,-0.16,-33.08,0.0,33.08,0.0,False,-0.06,2026-08-05,80.7,-0.0,4.01,5.1,-0.06,0.9,0.0,0.9,10.3,-11.9,0.9,84.04,77.65,75.73,True,95.68,55.03,2.32,55.1,-11.6,False,True,ZONA-BAHAYA;INSIDER-JUAL,100.0
LGIH,LGI Homes,Consumer Discretionary,Homebuilding,SP600,47.71,1.11,2026-10-01,501.0,TTM-4Q,2026-06-30,,,15.0,0.82,True,27.2,16.8,0.52,14.0,3.7,6.0,11.8,0.34,1.8,3.2,19.4,,15.73,-1.7,6.5,2.0,4.0,,999.0,-2.43,3.9,40.6,0.38,0.56,37.0,58.1,0.92,-44.3,-0.8,,,93.0,94.9,,,1.0,,-1.91,0.0,0.0,0.0,0.0,False,0.0,,94.9,0.03,21.43,11.8,0.1,0.0,-0.34,-0.34,-16.7,-57.6,0.1,54.87,50.33,50.48,True,66.25,33.55,2.36,39.6,-25.0,False,False,SHORT-TINGGI,90.0
WABC,Westamerica Bank,Financials,Regional Banks,SP600,59.12,1.37,2026-10-01,501.0,TTM-4Q,2026-06-30,,,16.0,0.83,True,,12.3,1.6,,,8.1,,0.11,,12.5,,,,,0.4,,,,999.0,-0.16,20.6,13.8,0.88,0.56,70.0,19.6,0.63,-9.4,1.18,,,,,,,,,,0.0,0.0,0.0,0.0,False,0.0,,,,,,0.05,3.34,10.23,13.57,,-12.7,-9.9,59.3,56.39,54.88,True,63.61,44.93,1.22,49.2,-3.2,False,False,,90.0
VMI,Valmont Industries,Industrials,Industrial Machinery & Supplies & Components,SP400,468.28,9.04,2026-10-01,501.0,TTM-4Q,2026-06-27,,,86.4,1.27,True,14.3,18.3,5.24,,7.0,5.5,3.6,-0.06,22.3,30.4,30.4,2.2,0.88,0.6,2.4,0.96,8.0,6.62,15.0,0.3,21.3,15.2,0.6,0.56,56.0,30.4,0.96,-21.7,0.63,,,,,,,,,-0.0,-0.29,0.1,0.4,1.0,False,-0.003,2026-07-27,,,,,0.07,0.61,2.39,2.99,3.8,102.9,-1.5,479.94,485.53,474.05,True,585.71,378.02,11.16,44.2,-17.8,False,False,,100.0
DASH,DoorDash,Consumer Discretionary,Specialized Consumer Services,SP500;NDX,182.18,80.04,2026-10-01,501.0,TTM-4Q,2026-06-30,2026-11-04,24.0,833.0,0.98,True,,95.2,8.07,22.4,,1.1,3.2,-0.64,,8.9,,,,-10.9,7.6,3.37,3.0,5.7,999.0,,-17.0,49.9,0.34,0.56,28.0,48.8,1.68,-48.0,-1.34,,,256.26,40.7,,1.64,43.0,-2.4,1.53,-12.53,0.0,12.53,0.0,False,-0.016,2026-09-17,95.8,0.0,4.01,4.2,0.04,0.0,1.31,1.31,33.6,7.7,0.2,205.44,180.94,186.92,False,285.5,143.3,7.93,36.3,-7.5,False,False,F-RENDAH;UTANG-TAK-TERBACA;INSIDER-JUAL,90.0
KN,Knowles Corporation,Information Technology,Electronic Components,SP600,38.23,3.27,2026-10-01,501.0,TTM-4Q,2026-03-31,,,23.5,1.11,True,28.3,58.5,4.19,23.6,3.5,1.7,,-0.12,7.5,7.3,44.0,2.1,0.76,,15.2,,,7.5,999.0,-0.56,47.3,30.9,0.97,0.55,90.0,40.3,1.6,-23.8,0.81,,,43.75,14.4,,,4.0,,,-0.22,0.0,0.22,0.0,False,-0.007,2026-08-17,103.9,-0.44,7.84,6.1,-0.54,0.0,2.06,2.06,11.2,,-0.1,36.37,34.02,31.62,True,42.93,20.57,1.17,62.9,1.3,False,True,,94.0
UPS,United Parcel Service,Industrials,Air Freight & Logistics,SP500,93.89,79.9,2026-10-01,501.0,TTM-4Q,2026-06-30,,,469.2,1.01,True,10.5,17.5,5.3,,9.5,5.7,6.8,0.55,12.8,29.7,,,2.09,-6.0,4.8,1.94,4.0,2.83,6.0,0.26,31.0,8.3,0.65,0.55,42.0,30.3,0.78,-20.6,0.85,,,,,,,,,-0.73,0.0,0.0,0.0,0.0,False,0.0,,,,,,0.07,6.77,-0.15,6.62,-0.4,-20.2,0.5,102.36,103.87,105.03,True,122.41,82.0,2.04,35.9,-17.3,False,False,,100.0
VRTX,Vertex Pharmaceuticals,Health Care,Biotechnology,SP500;NDX,506.74,128.44,2026-10-01,501.0,TTM-4Q,2026-06-30,,,521.6,1.16,True,24.1,29.2,6.34,,4.1,3.4,3.0,-0.19,21.3,23.5,86.0,0.8,-1.57,0.4,8.5,0.97,6.0,12.95,999.0,0.96,39.8,22.4,1.09,0.55,65.0,28.5,0.45,-15.2,1.15,,,,,,,,,-0.11,0.0,0.0,0.0,0.0,False,0.0,2026-07-02,,,,,0.09,0.0,1.56,1.56,10.2,21.1,-1.4,517.57,476.2,473.37,True,560.25,392.5,12.19,40.1,-6.4,False,False,,100.0
CPF,Central Pacific Financial Corp.,Financials,Regional Banks,SP600,36.07,0.93,2026-10-01,501.0,TTM-4Q,2026-06-30,2026-10-28,19.0,6.8,1.11,False,,11.2,1.56,10.1,,8.9,,0.36,,14.2,,,,,0.2,,,,999.0,-0.15,25.8,16.2,0.88,0.55,64.0,23.8,0.85,-11.0,0.73,,,43.0,19.2,,,3.0,2.2,0.89,0.0,0.0,0.0,0.0,False,0.0,,97.3,0.03,3.27,4.8,0.18,3.22,0.0,3.22,36.6,36.8,-3.5,37.94,35.68,34.92,True,40.99,27.38,0.81,36.3,-8.1,False,False,TIPIS,90.0
JPM,JPMorgan Chase,Financials,Diversified Banks,SP500,333.18,885.65,2026-10-01,501.0,TTM-4Q,2026-06-30,,,2886.0,0.99,True,,13.6,2.36,13.3,,7.3,,-0.22,,17.8,,,,,0.2,,,,999.0,-0.02,14.7,21.3,0.8,0.55,58.0,22.6,1.09,-15.5,0.38,,,375.43,12.7,,2.08,21.0,,-0.13,0.0,0.0,0.0,0.0,False,0.0,2026-09-10,75.7,0.0,0.91,3.9,0.01,1.95,3.58,5.53,13.5,15.1,-3.6,352.59,324.34,321.71,True,366.5,279.1,6.58,35.1,-2.9,False,False,,90.0
SPG,Simon Property Group,Real Estate,Retail REITs,SP500,200.81,65.07,2026-10-01,501.0,TTM-4Q,2026-06-30,,,257.5,0.92,True,18.7,12.1,14.67,,5.4,8.3,4.9,-0.25,8.3,156.4,,,5.57,3.5,2.8,0.77,6.0,,3.1,-0.23,16.9,13.9,0.81,0.55,52.0,19.0,0.76,-14.3,0.24,,,,,,,,,0.5,0.53,0.53,0.0,11.0,True,0.001,2026-06-30,,,,,1.06,0.0,0.0,0.0,15.0,120.7,-0.8,215.46,208.43,203.77,True,238.5,172.19,3.02,29.2,-13.4,False,False,,100.0
HSIC,Henry Schein,Health Care,Health Care Distributors,SP500,84.93,9.47,2026-10-01,501.0,TTM-4Q,2026-06-27,,,98.1,0.91,True,12.7,23.5,3.0,14.2,7.9,4.3,6.0,0.44,7.2,12.2,31.3,0.7,3.28,-2.7,1.6,1.74,5.0,2.76,4.3,-0.83,33.4,21.2,1.08,0.55,67.0,25.3,0.3,-17.2,1.31,,,97.27,14.5,,2.38,15.0,,-0.19,0.0,0.0,0.0,0.0,False,0.0,,112.3,0.02,8.23,8.2,0.06,0.0,7.69,7.69,6.5,3.6,-6.7,87.71,81.06,80.23,True,92.18,61.95,1.78,42.7,-4.2,False,False,GOODWILL,100.0
CAH,Cardinal Health,Health Care,Health Care Distributors,SP500,230.09,53.51,2026-10-01,501.0,FY,2026-06-30,2026-11-05,25.0,428.5,1.04,True,16.1,31.2,,16.4,6.2,3.2,8.5,0.26,34.0,,3.8,0.2,1.13,-6.3,2.0,3.02,6.0,5.06,7.5,-0.44,54.1,13.1,1.17,0.54,70.0,28.8,0.3,-20.4,1.14,,,270.33,17.5,,1.53,15.0,7.4,-0.24,-59.55,0.0,59.55,0.0,False,-0.111,2026-08-19,91.5,0.39,3.33,4.5,0.25,0.92,2.54,3.46,14.2,9.8,-2.1,232.62,219.67,217.89,True,258.3,150.78,5.66,51.4,-6.1,False,False,GOODWILL;INSIDER-JUAL,75.0
H,Hyatt,Consumer Discretionary,"Hotels, Resorts & Cruise Lines",SP400,160.94,15.56,2026-10-01,501.0,TTM-4Q,2026-06-30,,,131.2,1.05,True,22.7,197.0,4.71,33.0,4.4,0.5,1.6,-0.99,3.8,2.3,,,4.33,-2.4,4.1,5.61,4.0,1.78,1.8,-1.27,14.9,13.2,0.42,0.54,43.0,33.7,1.01,-23.3,0.67,,,196.83,22.3,,1.88,24.0,,-0.48,-0.22,0.0,0.22,0.0,False,-0.001,2026-09-14,121.9,0.01,28.68,6.7,0.06,0.37,1.87,2.24,5.8,-81.7,1.2,170.56,171.09,169.44,True,206.86,134.18,4.66,45.3,-18.0,False,False,ZONA-BAHAYA;GOODWILL;SHORT-TINGGI,100.0
RSI,"Rush Street Interactive, Inc.",Consumer Discretionary,Casinos & Gaming,SP600,19.95,2.31,2026-10-01,501.0,TTM-4Q,2026-06-30,,,86.5,0.8,True,11.0,72.5,12.5,,9.1,1.4,7.9,-0.28,30.2,20.7,35.0,1.8,-1.92,-22.6,5.8,5.72,6.0,5.54,999.0,1.97,25.7,17.4,0.43,0.54,15.0,50.3,0.63,-43.4,-0.22,,,,,,,,,2.16,0.03,0.03,0.0,1.0,False,0.001,2026-09-25,,,,,0.08,0.0,0.0,0.0,34.3,26.5,-50.6,25.43,25.84,24.0,True,34.53,15.51,1.17,26.4,-38.6,False,False,,100.0
DXCM,Dexcom,Health Care,Health Care Equipment,SP500;NDX,86.23,32.54,2026-10-01,501.0,TTM-4Q,2026-06-30,2026-10-29,20.0,363.9,0.74,True,,32.5,12.41,27.6,,3.1,4.3,-0.15,,38.5,62.5,3.1,,-10.9,2.8,1.75,8.0,7.39,75.9,0.72,34.0,44.5,0.99,0.53,85.0,39.6,1.12,-22.8,0.05,,,94.48,9.6,,1.32,25.0,15.1,-0.03,0.0,0.0,0.0,0.0,False,0.0,2026-09-15,106.4,-0.0,5.28,4.5,0.04,0.0,-0.08,-0.08,15.5,74.9,-4.4,86.08,73.96,72.95,True,92.59,54.11,2.16,47.2,18.0,False,True,UTANG-TAK-TERBACA,90.0
EBAY,eBay Inc.,Consumer Discretionary,Broadline Retail,SP500,105.89,47.12,2026-10-01,501.0,TTM-4Q,2026-06-30,2026-11-04,24.0,557.5,0.71,True,17.6,21.2,10.1,15.8,5.7,4.7,5.2,-0.61,19.1,47.8,72.5,1.1,1.51,-4.5,21.9,1.37,9.0,6.39,9.9,0.86,16.9,13.4,0.41,0.53,62.0,36.6,0.55,-20.0,1.13,,,115.96,9.5,,2.56,27.0,6.2,0.44,-0.56,0.0,0.56,0.0,False,-0.001,2026-09-09,95.3,-0.0,4.1,4.0,0.05,1.15,4.16,5.3,14.7,2.1,-3.2,107.38,105.16,100.93,True,119.31,78.03,3.33,46.2,-10.1,False,False,,100.0
HLT,Hilton Worldwide,Consumer Discretionary,"Hotels, Resorts & Cruise Lines",SP500,315.44,70.99,2026-10-01,501.0,TTM-4Q,2026-06-30,,,530.0,0.89,True,26.8,44.8,,30.2,3.7,2.2,2.9,-1.03,30.8,,,,3.97,-3.2,2.5,1.33,7.0,2.96,4.4,0.22,20.5,1.3,0.46,0.53,55.0,23.5,0.81,-13.6,1.55,,,353.0,11.9,,,26.0,,0.21,-2.39,0.0,2.39,0.0,False,-0.003,2026-09-14,96.9,0.01,2.65,3.1,0.07,0.2,4.68,4.88,8.7,-0.3,-4.2,317.63,320.72,315.93,True,358.0,253.54,6.56,51.1,-9.1,False,False,GOODWILL,100.0
CUZ,Cousins Properties,Real Estate,Office REITs,SP400,27.63,4.55,2026-10-01,501.0,TTM-4Q,2026-06-30,2026-10-29,20.0,42.5,0.76,True,7.3,707.9,1.01,69.1,13.7,0.1,,0.77,6.7,0.1,68.1,0.9,3.3,-4.7,1.3,67.23,4.0,,4.0,0.41,3.6,31.4,0.67,0.53,55.0,26.2,0.81,-24.9,-0.66,,,33.55,21.4,,1.36,11.0,28.5,-0.01,-0.18,0.0,0.18,0.0,False,-0.004,2026-08-20,112.2,-0.08,10.0,9.6,-0.74,4.74,0.0,4.74,11.9,-89.3,-2.1,29.42,27.23,26.74,True,32.95,21.03,0.61,37.1,-13.3,False,False,,100.0
PWR,Quanta Services,Industrials,Construction & Engineering,SP500,662.6,99.62,2026-10-01,501.0,TTM-4Q,2026-06-30,,,524.5,1.1,True,34.3,75.1,10.34,,2.9,1.3,2.4,-1.04,11.0,15.2,15.5,0.4,1.83,-7.7,0.5,2.4,7.0,5.03,6.9,-0.17,47.7,9.2,0.65,0.53,85.0,43.6,1.15,-28.5,-0.11,,,,,,,,,0.9,0.0,0.0,0.0,0.0,False,0.0,,,,,,0.07,0.06,0.0,0.06,26.3,36.5,1.0,642.58,648.38,604.45,True,788.75,404.51,21.57,57.9,-3.3,False,False,,100.0
WTRG,Essential Utilities,Utilities,Water Utilities,SP400,38.67,10.97,2026-10-01,501.0,TTM-4Q,2026-06-30,,,105.7,1.29,True,14.5,19.8,1.56,,6.9,5.1,,-0.55,5.7,8.1,,,6.31,-2.5,0.2,1.85,5.0,,2.6,-0.47,6.8,3.0,0.23,0.52,46.0,21.8,-0.23,-12.2,0.74,,,,,,,,,-0.52,-0.11,0.0,0.11,0.0,False,-0.001,2026-08-07,,,,,-0.06,3.53,-0.11,3.42,9.9,-14.1,1.2,40.45,39.34,39.18,True,42.51,36.11,0.78,31.6,-4.3,False,False,,100.0
URI,United Rentals,Industrials,Trading Companies & Distributors,SP500,1034.11,64.78,2026-10-01,501.0,TTM-4Q,2026-03-31,,,489.9,1.11,True,17.5,25.8,7.22,,5.7,3.9,,-0.4,13.6,28.2,38.2,1.5,3.07,-9.6,0.9,2.11,4.0,3.58,999.0,0.63,4.6,35.9,0.48,0.51,71.0,42.3,1.21,-30.0,-0.19,,,,,,,,,-0.37,-1.7,0.0,1.7,0.0,False,-0.003,2026-07-24,,,,,0.07,0.73,3.24,3.97,5.0,-1.7,-3.7,1066.05,972.82,946.45,True,1179.18,701.59,32.64,50.6,-8.2,False,False,,100.0
PNC,PNC Financial Services,Financials,Diversified Banks,SP500,220.75,88.07,2026-10-01,501.0,TTM-4Q,2026-06-30,,,415.1,1.26,True,,11.5,1.38,,,8.7,,0.24,,12.6,,,,,0.1,,,,999.0,-0.15,22.1,15.3,0.85,0.51,50.0,22.0,0.92,-17.2,0.51,,,,,,,,,-0.12,-1.16,0.0,1.16,0.0,False,-0.001,2026-08-13,,,,,0.05,3.11,2.45,5.56,13.2,22.5,1.5,242.62,230.19,228.04,True,258.96,176.88,4.63,27.0,-13.7,False,False,,90.0
AME,Ametek,Industrials,Electrical Components & Equipment,SP500,249.09,57.11,2026-10-01,501.0,TTM-4Q,2026-06-30,2026-10-29,20.0,355.2,1.4,True,23.9,36.2,5.07,25.9,4.2,2.8,3.2,-0.65,13.1,14.6,36.4,0.7,0.63,-2.4,0.3,1.24,8.0,8.43,21.1,0.25,23.6,6.0,0.63,0.51,75.0,23.6,0.85,-13.6,1.17,,,278.33,11.7,,1.75,18.0,4.8,0.02,-0.66,1.02,1.68,1.0,False,-0.001,2026-08-11,92.6,-0.01,1.46,2.1,-0.03,0.52,0.78,1.3,12.7,9.6,-0.7,243.62,233.62,230.02,True,261.16,179.24,5.12,58.9,3.5,False,True,,100.0
GNW,"Genworth Financial, Inc.",Financials,Multi-line Insurance,SP600,9.31,3.52,2026-10-01,501.0,TTM-4Q,2026-06-30,,,47.9,1.28,True,,16.6,0.4,8.5,,6.0,,1.94,,2.4,,,,,0.3,,,,4.9,-0.63,12.4,22.1,0.76,0.51,53.0,22.8,0.62,-15.4,0.83,,,11.5,23.5,,2.0,1.0,,-0.7,-1.59,0.0,1.59,0.0,False,-0.045,2026-09-03,90.3,0.02,3.88,2.8,0.09,0.0,8.53,8.53,2.1,12.2,-7.5,9.93,9.21,9.1,True,10.69,7.84,0.27,37.2,-5.6,False,False,,90.0
ROK,Rockwell Automation,Industrials,Electrical Components & Equipment,SP500,442.45,49.13,2026-10-01,501.0,TTM-4Q,2026-06-30,,,295.2,1.27,True,22.0,40.9,14.06,,4.5,2.4,3.1,-0.71,24.4,34.5,49.1,3.6,1.18,-4.8,2.9,1.44,8.0,6.07,14.7,1.26,21.1,13.9,0.57,0.5,67.0,30.8,0.98,-18.7,0.7,,,,,,,,,0.06,-0.47,0.0,0.47,0.0,False,-0.001,2026-09-08,,,,,0.07,1.24,1.68,2.92,11.3,23.7,-1.2,437.92,429.03,423.54,True,497.36,332.71,9.97,59.9,-8.6,False,True,GOODWILL,100.0
LIVN,LivaNova,Health Care,Health Care Equipment,SP400,74.7,4.12,2026-10-01,501.0,TTM-4Q,2026-06-30,,,52.2,1.15,True,16.2,21.8,3.11,16.0,6.2,4.6,3.6,0.13,11.8,15.4,68.1,1.2,-0.94,-2.4,4.4,1.32,8.0,2.28,5.0,0.38,53.0,24.0,1.07,0.5,68.0,35.9,0.89,-18.9,0.46,,,89.1,19.3,,1.6,10.0,,,-0.8,0.0,0.8,0.0,False,-0.019,2026-09-10,113.1,0.01,11.2,9.5,0.04,0.0,0.0,0.0,12.4,,2.9,79.29,73.54,71.29,True,85.76,48.82,2.2,36.4,-12.9,False,False,,100.0
SLG,SL Green Realty,Real Estate,Office REITs,SP600,48.77,3.47,2026-10-01,501.0,TTM-4Q,2026-03-31,,,44.5,1.36,True,8.4,,0.98,,11.9,-4.6,,0.03,6.5,-4.3,,,4.66,-1.9,2.9,,3.0,,999.0,-0.07,-5.0,50.6,0.61,0.5,54.0,37.6,1.11,-41.0,-2.37,,,,,,,,,,-2.32,0.0,2.32,0.0,False,-0.067,2026-08-21,,,,,-0.01,5.34,0.01,5.35,8.3,,0.4,54.2,47.38,46.59,True,60.93,34.77,1.7,33.3,-11.0,False,False,F-RENDAH,90.0
DNOW,NOW Inc,Industrials,Trading Companies & Distributors,SP600,15.28,2.76,2026-10-01,501.0,TTM-4Q,2026-06-30,2026-11-04,24.0,36.2,1.21,True,,,1.32,18.6,-4.1,-7.3,4.9,-2.0,-8.7,-12.4,15.5,2.8,,-13.3,7.4,,3.0,1.88,-999.0,-1.47,4.1,34.1,0.47,0.5,76.0,40.8,1.08,-34.1,-0.15,,,18.75,22.7,,,4.0,41.2,0.88,-7.47,0.0,7.47,0.0,False,-0.271,2026-08-10,109.2,-0.15,7.23,4.4,-0.53,0.0,3.08,3.08,69.8,-395.6,72.1,15.55,13.69,13.86,True,17.26,10.94,0.45,43.2,18.2,False,False,F-RENDAH;DILUSI,100.0
WAT,Waters Corporation,Health Care,Life Sciences Tools & Services,SP500,425.53,41.81,2026-10-01,501.0,TTM-4Q,2026-07-04,,,295.2,1.18,True,49.0,251.6,2.75,,2.0,0.4,,-0.27,2.3,1.9,,0.8,4.61,-2.6,4.2,3.31,,3.54,2.2,-0.47,35.4,35.3,0.99,0.49,83.0,35.8,0.84,-31.3,0.17,,,,,,,,,,-1.44,0.0,1.44,0.0,False,-0.003,2026-08-06,,,,,0.09,0.0,0.04,0.04,,,64.6,409.33,360.88,363.35,True,448.21,282.77,11.78,53.4,9.4,False,False,DILUSI,100.0
LEA,Lear,Consumer Discretionary,Automotive Parts & Equipment,SP400,121.37,5.99,2026-10-01,501.0,TTM-4Q,2026-07-04,,,82.3,0.92,True,5.2,10.8,1.16,7.1,19.1,9.3,14.2,1.34,8.6,10.8,6.9,0.3,1.18,-6.0,0.6,2.66,6.0,2.78,8.8,-0.74,26.8,3.1,0.43,0.49,54.0,34.5,0.58,-20.1,1.17,,,150.86,24.3,,2.44,14.0,,-0.04,-0.2,0.0,0.2,0.0,False,-0.003,2026-08-06,110.8,0.0,6.05,3.8,0.05,2.7,7.56,10.26,3.5,18.3,-6.0,126.9,129.69,128.52,True,150.33,96.04,3.68,45.8,-9.6,False,False,,100.0
NTCT,"NETSCOUT Systems, Inc.",Information Technology,Communications Equipment,SP600,40.33,2.93,2026-10-01,501.0,TTM-4Q,2026-06-30,,,25.4,0.74,True,12.7,24.2,1.76,14.4,7.9,4.1,8.9,1.02,6.8,7.5,79.8,1.6,-2.95,-6.7,7.1,2.25,7.0,3.51,76.0,0.48,47.1,17.6,1.02,0.49,84.0,31.7,0.93,-17.5,1.69,,,43.38,7.6,,,3.0,,-0.39,-0.15,0.0,0.15,0.0,False,-0.005,2026-09-11,97.8,0.04,6.29,6.1,0.19,0.0,1.56,1.56,5.8,66.3,4.0,38.98,37.47,35.1,True,45.28,25.2,1.04,61.4,-3.9,False,True,,100.0
NWS,News Corp (Class B),Communication Services,Publishing,SP500,31.45,17.48,2026-10-01,501.0,TTM-4Q,2026-06-30,,,39.7,1.03,True,11.3,30.5,2.05,20.8,8.8,3.3,4.6,-0.12,6.6,6.6,,,-0.07,-4.3,2.2,2.16,5.0,2.57,999.0,-0.2,-0.6,21.6,0.38,0.49,55.0,27.7,0.75,-25.8,0.75,,,,,,1.5,,,-0.31,-3.19,0.0,3.19,0.0,False,-0.018,2026-08-17,50.2,0.18,8.68,4.5,0.8,1.17,3.67,4.83,6.8,-51.4,-2.0,32.95,30.55,30.16,True,35.76,25.49,0.78,39.2,1.6,False,False,,100.0
ACMR,"ACM Research, Inc.",Information Technology,Semiconductor Materials & Equipment,SP600,83.58,6.0,2026-10-01,501.0,TTM-4Q,2026-06-30,2026-11-04,24.0,83.2,1.32,True,33.4,40.0,3.23,28.9,3.0,2.5,-2.0,-0.45,5.8,10.6,43.8,2.5,-4.64,5.8,1.1,-0.04,5.0,4.99,18.1,-0.73,79.0,73.1,0.87,0.48,95.0,87.4,1.67,-49.6,-1.1,,,115.88,38.6,,1.44,8.0,81.2,1.32,0.0,0.0,0.0,0.0,False,0.0,2026-09-09,78.0,0.05,7.64,4.5,0.22,0.0,0.0,0.0,27.3,34.0,6.5,76.65,71.48,66.8,True,127.19,28.46,5.0,60.8,-16.7,False,False,LABA-KERTAS;DILUSI,100.0
OVV,Ovintiv,Energy,Oil & Gas Exploration & Production,SP400,59.98,16.52,2026-10-01,501.0,TTM-4Q,2026-06-30,,,212.9,0.91,True,6.3,18.0,1.44,,15.9,5.6,13.7,0.67,6.1,8.4,,,0.96,-18.1,7.0,4.84,7.0,2.1,2.4,0.55,67.9,16.6,1.17,0.48,86.0,36.0,0.42,-17.2,0.62,,,,,,,,,-0.29,-0.49,0.0,0.49,0.0,False,-0.003,2026-08-12,,,,,0.15,1.95,3.56,5.51,6.0,54.6,8.4,62.78,58.69,54.61,True,67.51,35.47,1.87,43.8,10.4,False,False,DILUSI,100.0
LLY,Lilly (Eli),Health Care,Pharmaceuticals,SP500,1149.85,1082.42,2026-10-01,501.0,TTM-4Q,2026-06-30,,,2628.6,0.95,True,31.6,40.5,31.95,24.3,3.2,2.5,,-0.31,36.4,102.4,83.4,3.2,1.29,-1.1,4.2,1.05,9.0,7.79,999.0,0.83,53.0,21.9,1.07,0.48,72.0,35.0,0.47,-23.2,0.75,,,1325.39,15.3,,1.63,29.0,,0.4,0.0,0.0,0.0,0.0,False,0.0,2026-08-17,85.3,0.0,0.84,3.1,0.05,0.53,0.57,1.1,49.6,93.6,-0.7,1177.65,1080.12,1073.41,True,1292.65,763.3,32.21,45.0,-7.7,False,False,,100.0
HR,Healthcare Realty Trust,Real Estate,Health Care REITs,SP400,17.43,5.97,2026-10-01,501.0,TTM-4Q,2026-06-30,,,74.3,1.13,True,,,1.42,249.0,,-1.5,,-0.9,,-1.9,,,,-5.5,2.4,,,,,,13.0,15.6,0.74,0.48,38.0,19.2,0.25,-19.3,0.78,,,21.42,22.9,,2.54,12.0,,,-0.4,0.0,0.4,0.0,False,-0.007,2026-09-08,115.3,0.01,8.61,5.3,0.06,5.61,0.1,5.71,-6.3,,-2.1,19.33,19.3,18.79,True,22.04,16.31,0.32,19.7,-17.6,False,False,,100.0
WST,West Pharmaceutical Services,Health Care,Health Care Supplies,SP500,365.01,25.69,2026-10-01,501.0,TTM-4Q,2026-06-30,,,226.8,1.1,True,29.5,45.5,8.59,,3.4,2.2,1.7,-0.4,17.0,19.1,36.8,2.5,-0.27,-2.4,3.3,1.17,8.0,17.49,151.2,-0.53,29.5,34.2,0.96,0.47,82.0,33.1,0.75,-24.7,0.5,,,,,,,,,-0.11,-2.77,0.0,2.77,0.0,False,-0.011,2026-09-15,,,,,0.08,0.24,1.77,2.01,12.4,15.8,-1.7,351.64,316.76,301.85,True,386.0,223.83,8.35,54.2,-2.7,False,True,,100.0
ASML,ASML Holding,Information Technology,Industrial Machinery,NDX,1808.49,,2026-10-01,501.0,,,2026-10-14,9.0,2332.7,1.05,True,,,,30.5,,,,,,,,,,,,,,,999.0,,73.1,22.9,1.04,0.47,90.0,46.3,1.2,-22.0,1.02,,,2123.54,17.4,,1.4,16.0,9.1,,0.0,0.0,0.0,0.0,False,,,20.4,0.01,0.38,1.2,0.01,,,,,,,1720.29,1618.28,1538.88,True,1999.96,935.41,49.94,59.6,-0.4,False,True,DATA-KURANG;FILER-ASING,0.0
LTC,"LTC Properties, Inc.",Real Estate,Health Care REITs,SP600,42.67,2.3,2026-10-01,501.0,TTM-4Q,2026-06-30,,,27.9,0.98,True,11.6,17.0,1.81,27.1,8.6,5.9,5.7,0.18,11.2,12.2,,,2.81,-0.3,0.9,1.04,6.0,,999.0,1.11,18.7,13.0,0.78,0.47,77.0,20.3,0.13,-12.3,1.15,,,45.0,5.5,,2.5,7.0,,2.91,0.03,0.15,0.12,1.0,False,0.001,2026-08-12,83.8,0.0,6.2,5.2,0.01,4.9,-12.38,-7.48,59.8,62.7,13.4,41.25,39.34,38.64,True,43.6,33.64,0.84,54.4,5.9,False,True,DILUSI,100.0
BIO,Bio-Rad Laboratories,Health Care,Life Sciences Tools & Services,SP400,355.57,9.53,2026-10-01,501.0,TTM-4Q,2026-06-30,2026-10-29,20.0,101.3,0.98,True,,42.9,1.33,35.2,,2.3,3.7,0.26,0.4,3.1,51.9,1.6,,-2.6,18.2,2.21,5.0,3.46,1.1,-0.53,35.9,36.9,0.97,0.47,81.0,37.3,0.79,-28.9,0.24,,,328.75,-7.5,,3.0,4.0,50.1,-0.11,0.0,0.0,0.0,0.0,False,0.0,,91.3,0.0,6.28,3.8,0.05,0.0,1.39,1.39,1.4,-30.3,-1.5,364.59,310.11,307.42,True,396.23,236.73,10.87,36.7,16.8,False,False,,100.0
SXI,Standex International Corporation,Industrials,Industrial Machinery & Supplies & Components,SP600,285.12,3.46,2026-10-01,501.0,TTM-4Q,2026-06-30,,,37.3,1.01,True,16.3,33.0,4.58,,6.1,3.0,1.9,-0.44,12.1,14.3,41.7,1.6,1.46,1.0,3.4,0.86,5.0,4.78,6.3,-0.07,35.2,9.9,0.59,0.46,66.0,38.3,1.16,-28.7,0.01,,,,,,,,,0.41,-1.11,0.01,1.13,1.0,False,-0.032,2026-09-04,,,,,0.05,0.47,0.13,0.6,12.8,87.6,0.4,294.11,284.33,273.76,True,363.89,208.12,9.53,54.8,-15.2,False,False,,100.0
NEOG,Neogen,Health Care,Health Care Supplies,SP600,12.24,2.67,2026-10-01,501.0,TTM-4Q,2026-05-31,,,57.1,0.68,True,34.6,,1.28,32.2,2.9,-0.3,1.2,-0.2,-0.6,-0.4,46.9,1.6,6.43,-2.7,11.5,,6.0,1.45,-0.9,-0.91,103.9,24.0,1.11,0.46,94.0,57.7,0.97,-27.7,-0.4,,,13.33,8.9,,2.0,3.0,,,0.0,0.0,0.0,1.0,False,0.0,2026-08-04,111.0,0.01,6.84,5.7,0.05,0.0,0.0,0.0,-2.7,,0.3,11.85,10.18,9.97,True,14.26,5.37,0.55,46.0,27.8,False,True,ZONA-BAHAYA;DISTRES,100.0
MD,Pediatrix Medical Group,Health Care,Health Care Services,SP600,25.76,2.09,2026-10-01,501.0,TTM-4Q,2026-06-30,,,20.0,2.11,True,9.5,12.0,2.38,10.6,10.5,8.4,,1.05,11.5,20.4,,,0.75,-3.4,4.4,1.41,7.0,2.33,6.3,-0.17,58.0,27.9,1.04,0.46,77.0,41.2,0.62,-23.7,0.44,,,26.33,2.2,,2.71,6.0,,-0.08,0.0,0.0,0.0,0.0,False,0.0,,107.8,0.03,8.3,6.5,0.07,0.0,6.98,6.98,0.5,59.0,-4.8,26.36,23.89,23.28,True,27.94,15.7,0.82,44.6,-6.2,False,False,GOODWILL,100.0
BG,Bunge Global,Consumer Staples,Agricultural Products & Services,SP500,106.61,20.68,2026-10-01,501.0,TTM-4Q,2026-03-31,2026-11-04,24.0,234.3,1.51,True,13.8,30.3,1.29,9.5,7.2,3.3,-5.6,-1.24,5.1,5.1,4.4,1.1,5.32,0.3,2.5,0.86,3.0,2.86,2.3,-1.86,52.8,-4.5,0.77,0.46,63.0,31.3,0.07,-20.2,0.61,,,141.78,33.0,,1.56,9.0,2.9,2.51,0.69,0.69,0.0,1.0,False,0.003,2026-08-04,80.4,0.02,5.05,4.2,0.04,2.44,0.0,2.44,56.9,-37.6,44.6,114.08,119.05,116.08,True,134.87,79.11,3.71,34.6,-2.4,False,False,F-RENDAH;DILUSI,100.0
EGP,EastGroup Properties,Real Estate,Industrial REITs,SP400,194.84,10.48,2026-10-01,501.0,TTM-4Q,2026-06-30,2026-10-21,14.0,111.7,0.92,True,,34.4,2.93,35.1,,2.9,4.2,-0.54,,8.7,,,,-3.7,0.2,1.66,,,,,21.1,7.6,0.83,0.46,56.0,17.3,0.48,-12.0,0.83,,,227.9,17.0,,1.75,20.0,1.1,-0.15,0.0,0.0,0.0,0.0,False,0.0,,104.7,-0.01,7.3,8.4,-0.08,3.08,-1.78,1.31,11.0,28.8,2.3,202.4,200.58,196.59,True,226.71,166.11,3.17,33.9,-10.1,False,False,,100.0
FR,First Industrial Realty Trust,Real Estate,Industrial REITs,SP400,58.87,7.8,2026-10-01,501.0,TTM-4Q,2026-06-30,,,67.1,1.13,True,16.7,21.4,2.81,31.2,6.0,4.7,,-0.31,8.1,13.4,,,2.74,-1.5,1.2,1.23,,,999.0,0.47,24.3,7.3,0.84,0.46,53.0,18.8,0.58,-13.8,0.54,,,72.25,22.7,,2.0,16.0,,-0.13,0.0,0.0,0.0,0.0,False,0.0,,103.0,-0.0,4.61,6.0,-0.05,3.19,0.0,3.19,8.4,34.4,0.1,62.76,62.26,61.43,True,69.88,50.24,0.99,26.7,-8.0,False,False,,90.0
SIGI,Selective Insurance Group,Financials,Property & Casualty Insurance,SP400,84.9,5.06,2026-10-01,501.0,TTM-4Q,2026-06-30,,,44.3,1.18,True,,10.2,1.38,,,9.8,,0.58,,14.2,,,,,0.9,,,,12.9,-0.02,14.8,21.5,0.75,0.46,43.0,24.2,0.37,-17.8,0.93,,,,,,,,,-0.39,-1.61,0.0,1.61,0.0,False,-0.032,2026-07-28,,,,,0.02,1.93,2.66,4.59,7.0,29.7,-1.8,91.45,87.76,86.94,True,100.4,72.78,1.8,33.6,-17.4,False,False,,90.0
NBIS,Nebius Group,Information Technology,Computer Services,NDX,232.28,58.77,2026-10-01,488.0,FY,2025-12-31,,,3551.4,0.79,True,,712.4,12.79,,-0.3,0.1,-6.3,-1.35,-7.3,2.1,68.6,79.9,,-3.8,6.6,4.66,7.0,5.06,-9.9,-1.85,77.7,95.7,0.82,0.46,97.0,106.3,2.75,-48.3,-2.26,,,283.58,22.1,,1.89,19.0,,,-23.03,0.0,23.03,0.0,False,-0.039,2026-09-15,69.4,0.07,19.81,2.8,0.11,0.0,0.0,0.0,479.0,,-11.9,218.41,191.35,166.93,True,299.86,73.52,16.07,52.8,5.0,False,True,INSIDER-JUAL,75.0
RNR,RenaissanceRe,Financials,Reinsurance,SP400,322.99,13.42,2026-10-01,501.0,TTM-4Q,2026-06-30,,,102.6,1.26,True,,5.1,1.14,,,19.6,,2.03,,23.3,,,,,3.4,,,,36.1,-0.12,30.2,11.7,0.87,0.45,66.0,24.1,0.22,-13.3,1.25,,,,,,,,,-1.4,-1.67,0.0,1.67,0.0,False,-0.012,2026-09-03,,,,,0.04,0.53,11.7,12.23,-14.0,31.8,-12.1,325.34,309.99,303.64,True,340.24,231.17,6.66,46.4,-3.5,False,False,,90.0
VZ,Verizon,Communication Services,Integrated Telecommunication Services,SP500,45.98,191.04,2026-10-01,501.0,TTM-4Q,2026-06-30,,,1031.8,1.06,True,7.5,11.8,1.82,,13.4,8.5,,0.42,8.4,15.4,,1.6,3.44,-5.7,1.2,2.4,5.0,1.21,3.9,-0.16,22.3,5.1,0.54,0.45,65.0,25.2,0.11,-17.0,1.46,,,,,,,,,-0.37,0.0,0.0,0.0,0.0,False,0.0,2026-09-22,,,,,0.16,6.09,0.0,6.09,1.4,-11.1,-1.3,48.28,47.52,46.39,True,51.68,38.39,0.93,34.8,5.3,False,False,ZONA-BAHAYA,100.0
EWBC,East West Bancorp,Financials,Regional Banks,SP400,125.02,17.13,2026-10-01,501.0,TTM-4Q,2026-06-30,,,106.6,1.01,True,,11.8,1.85,10.9,,8.4,,0.12,,16.6,,,,,0.1,,,,999.0,0.01,22.1,17.4,0.8,0.45,64.0,24.7,1.09,-15.7,0.29,,,149.62,19.7,,1.56,16.0,,,-1.56,0.0,1.56,0.0,False,-0.009,2026-09-08,94.0,0.01,3.41,6.6,0.01,2.27,0.73,3.0,,21.2,-0.4,129.76,123.54,121.69,True,137.47,92.67,2.53,41.6,-5.7,False,False,,90.0
CHE,Chemed Corp.,Health Care,Health Care Services,SP400,502.9,6.57,2026-10-01,501.0,TTM-4Q,2026-06-30,2026-10-27,18.0,79.8,1.31,True,16.1,23.9,7.91,18.3,6.2,4.2,4.9,0.12,24.0,27.1,33.1,1.3,0.24,-7.0,0.9,1.42,5.0,10.34,106.5,0.02,15.7,36.8,0.89,0.45,72.0,29.5,0.33,-23.0,1.03,,,571.6,13.7,,2.2,5.0,8.2,-0.34,-3.81,0.0,3.81,0.0,False,-0.058,2026-09-18,106.5,-0.02,5.89,4.8,-0.02,0.51,9.78,10.29,3.3,-5.3,-10.2,523.29,457.93,454.74,True,557.0,365.21,12.85,42.4,0.1,False,False,,100.0
UNH,UnitedHealth Group,Health Care,Managed Health Care,SP500,365.2,327.8,2026-10-01,501.0,TTM-4Q,2026-06-30,,,1981.0,0.76,True,14.2,23.2,3.14,,7.0,4.3,7.2,0.46,10.4,13.8,88.6,0.5,1.61,-4.2,2.0,1.91,6.0,3.01,5.6,0.96,17.1,45.5,0.88,0.45,59.0,35.5,0.43,-29.0,0.62,,,,,,,,,-0.29,-0.66,0.0,0.66,0.0,False,-0.0,2026-08-21,,,,,0.09,2.47,0.32,2.79,6.5,-33.7,-0.4,394.77,370.35,356.2,True,461.62,255.97,8.64,32.0,-16.3,False,False,GOODWILL,100.0
SLB,Schlumberger,Energy,Oil & Gas Equipment & Services,SP500,48.66,72.22,2026-10-01,501.0,TTM-4Q,2026-06-30,,,724.7,1.04,True,11.0,23.3,2.77,,9.1,4.3,6.7,-0.29,10.1,13.4,,25.7,0.98,-6.6,1.8,2.11,6.0,3.06,8.7,-1.09,69.5,14.8,1.16,0.45,77.0,36.3,0.62,-22.3,0.23,,,,,,,,,-0.59,0.0,0.0,0.0,0.0,False,0.0,2026-09-01,,,,,0.15,2.35,1.68,4.03,2.5,-24.2,10.2,52.89,51.91,50.44,True,60.46,31.64,1.66,31.5,5.1,False,False,DILUSI,100.0
PCAR,Paccar,Industrials,Construction Machinery & Heavy Transportation Equipment,SP500;NDX,109.94,57.87,2026-10-01,501.0,TTM-4Q,2026-06-30,,,414.1,1.14,True,,23.1,2.85,,,4.3,6.4,0.27,,12.8,20.0,1.7,,-4.2,2.5,1.73,,,999.0,-0.63,27.6,4.7,0.6,0.45,43.0,26.7,0.71,-20.3,1.02,,,,,,,,,-1.25,-7.57,0.0,7.57,0.0,False,-0.013,2026-07-31,,,,,0.06,2.49,0.01,2.5,-10.6,-18.5,0.2,125.1,120.94,120.77,True,139.24,92.25,2.68,22.3,-10.3,False,False,UTANG-TAK-TERBACA,90.0
RTX,RTX Corporation,Industrials,Aerospace & Defense,SP500,185.01,249.35,2026-10-01,501.0,TTM-4Q,2026-06-30,,,760.9,0.79,True,18.7,32.2,3.76,,5.4,3.1,4.6,-0.32,8.1,12.0,,,1.91,-3.8,0.7,1.84,8.0,2.62,999.0,-0.47,24.4,6.2,0.59,0.45,45.0,25.9,0.75,-19.3,1.03,,,,,,,,,0.1,-6.86,0.0,6.86,0.0,False,-0.003,2026-08-18,,,,,0.07,1.49,0.0,1.49,11.8,25.9,0.8,207.02,195.27,194.9,True,226.88,155.64,3.73,24.2,-9.5,False,False,,100.0
CFG,Citizens Financial Group,Financials,Regional Banks,SP500,63.7,26.83,2026-10-01,501.0,TTM-4Q,2026-06-30,2026-10-16,11.0,267.7,1.61,True,,12.6,1.02,9.7,,7.9,,0.27,,8.3,,,,,0.2,,,,999.0,-0.35,32.1,14.1,0.86,0.44,56.0,26.9,1.11,-18.3,0.08,,,80.71,26.7,,1.61,17.0,4.4,-0.12,-9.32,0.0,9.32,0.0,False,-0.035,2026-07-24,100.1,-0.08,0.02,0.0,-0.57,2.91,2.7,5.61,11.0,33.5,-2.3,69.97,66.05,65.12,True,75.33,47.96,1.46,29.6,-12.5,False,False,,90.0
EPR,EPR Properties,Real Estate,Other Specialized REITs,SP400,55.49,4.25,2026-10-01,501.0,TTM-4Q,2026-06-30,2026-10-28,19.0,53.9,0.86,True,12.8,16.1,1.84,17.4,7.8,6.2,-3.5,-1.01,7.5,11.3,,,5.57,-3.1,1.1,1.67,6.0,,2.9,0.22,8.7,21.1,0.67,0.44,56.0,22.2,0.56,-19.5,0.14,,,64.68,16.6,,2.5,11.0,4.7,-0.47,-0.21,0.0,0.21,0.0,False,-0.005,2026-08-19,85.0,0.05,13.29,9.2,0.4,6.99,0.29,7.28,4.5,46.5,0.6,59.89,57.87,56.89,True,64.97,48.11,1.07,29.1,-8.5,False,False,,100.0
NLY,Annaly Capital Management,Financials,Mortgage REITs,SP400,18.7,14.09,2026-10-01,501.0,TTM-4Q,2026-06-30,,,249.4,2.0,True,,4.8,0.83,6.0,,20.9,,2.63,,19.5,,,,,1.6,,,,1.6,-0.17,23.4,10.6,0.85,0.44,31.0,19.9,0.61,-18.2,0.86,,,24.23,29.6,,1.92,11.0,,,0.0,0.0,0.0,0.0,False,0.0,2026-08-03,61.8,0.0,0.0,0.0,-0.03,11.13,-18.52,-7.38,,304.4,19.2,22.29,22.2,22.44,False,24.52,18.37,0.47,14.0,-19.2,False,False,DILUSI,90.0
AMP,Ameriprise Financial,Financials,Asset Management & Custody Banks,SP500,494.82,43.71,2026-10-01,501.0,TTM-4Q,2026-06-30,2026-10-29,20.0,359.6,0.88,True,,11.1,6.87,9.6,,9.0,,-0.3,,63.4,,,,,0.2,,,,999.0,1.34,11.9,25.1,0.71,0.44,56.0,26.1,1.06,-20.9,0.07,,,579.45,17.1,,2.5,11.0,2.4,-0.25,-26.15,0.0,26.15,0.0,False,-0.06,2026-08-10,91.6,0.0,4.13,6.2,-0.07,1.37,7.43,8.81,9.1,22.4,-6.0,544.06,491.13,493.12,True,572.56,422.37,13.76,31.8,-1.4,False,False,INSIDER-JUAL,90.0
MGM,MGM Resorts,Consumer Discretionary,Casinos & Gaming,SP500,30.47,7.67,2026-10-01,501.0,TTM-4Q,2026-06-30,,,168.4,1.1,True,5.3,18.0,3.05,14.7,18.8,5.6,19.5,1.36,10.5,15.5,,,1.67,-5.0,1.1,5.78,6.0,0.77,2.5,-0.27,17.6,10.8,0.37,0.44,9.0,38.7,1.03,-39.9,-0.08,,,49.33,61.9,,2.39,19.0,,-0.3,0.0,0.0,0.0,0.0,False,0.0,,68.1,-0.01,15.99,9.8,0.04,0.0,10.09,10.09,3.2,-21.1,-6.5,41.28,41.18,39.78,True,51.59,29.19,1.18,11.6,-36.9,False,False,ZONA-BAHAYA;GOODWILL,100.0
PAYO,Payoneer Global Inc.,Financials,Transaction & Payment Processing Services,SP600,7.14,2.42,2026-10-01,501.0,TTM-4Q,2026-06-30,,,20.9,0.98,True,,48.1,3.7,,,2.1,,-1.18,,7.1,,,,,0.9,,,,999.0,-0.58,17.4,47.0,0.7,0.44,78.0,46.3,1.59,-33.6,-1.76,,,,,,,,,-0.77,0.0,0.0,0.0,0.0,False,0.0,,,,,,0.05,0.0,8.95,8.95,6.3,-49.6,-11.3,7.13,6.07,5.96,True,7.19,4.08,0.03,53.4,-1.8,False,True,,90.0
WSBC,WesBanco,Financials,Regional Banks,SP600,37.62,3.61,2026-10-01,501.0,TTM-4Q,2026-06-30,,,46.3,1.54,True,,10.1,0.88,,,9.9,,1.15,,9.0,,,,,0.2,,,,999.0,-0.29,27.9,15.6,0.82,0.43,63.0,26.4,0.79,-12.9,0.61,,,,,,,,,,-1.42,0.0,1.42,0.0,False,-0.039,2026-08-24,,,,,0.02,3.84,-0.06,3.78,,163.1,0.9,40.54,37.23,36.74,True,43.02,29.57,0.81,31.8,-7.5,False,False,,90.0
ABM,"ABM Industries, Inc.",Industrials,Environmental & Facilities Services,SP600,48.46,2.84,2026-10-01,501.0,TTM-4Q,2026-07-31,2026-12-16,54.0,28.3,0.6,True,10.3,17.1,1.59,11.1,9.7,5.9,11.0,1.16,7.0,9.2,12.0,,3.73,-4.5,1.3,2.45,6.0,2.76,3.0,-1.29,3.3,21.6,0.44,0.43,73.0,28.3,0.73,-22.0,0.91,,,55.93,15.4,,,7.0,2.6,-0.17,-0.18,0.0,0.18,0.0,False,-0.006,2026-07-16,102.4,0.04,4.92,4.2,0.06,2.37,5.93,8.3,6.0,43.6,-5.6,48.36,43.8,44.04,True,51.29,36.96,1.17,47.9,6.7,False,False,GOODWILL,100.0
FULT,Fulton Financial Corporation,Financials,Regional Banks,SP600,22.59,4.31,2026-10-01,501.0,TTM-4Q,2026-06-30,,,41.0,1.19,True,,10.9,1.13,9.5,,9.2,,0.54,,11.1,,,,,0.1,,,,999.0,-0.21,29.2,13.7,0.84,0.43,65.0,25.4,1.02,-15.5,0.33,,,26.5,17.3,,2.29,7.0,,-0.25,-0.41,0.0,0.41,0.0,False,-0.01,2026-08-05,85.0,0.02,6.17,7.4,0.1,3.39,1.96,5.35,10.5,22.4,5.0,23.81,22.5,22.06,True,25.23,16.6,0.44,34.8,-8.7,False,False,,90.0
C,Citigroup,Financials,Diversified Banks,SP500,127.0,222.16,2026-10-01,501.0,TTM-4Q,2025-12-31,2026-10-13,8.0,1341.9,1.42,True,,15.5,1.05,9.8,,6.4,,0.33,,6.8,,,,,0.2,,,,999.0,-0.44,33.3,16.1,0.84,0.43,60.0,29.5,1.49,-14.8,-0.27,,,154.75,21.9,,1.68,20.0,15.6,-0.35,0.0,0.0,0.0,0.0,False,0.0,,82.1,-0.01,0.02,0.0,-0.07,2.42,5.96,8.38,5.6,12.8,-3.5,134.0,128.91,125.79,True,147.96,93.66,3.39,34.8,-11.5,False,False,,90.0
BALL,Ball Corporation,Materials,"Metal, Glass & Plastic Containers",SP500,56.5,14.96,2026-10-01,501.0,TTM-4Q,2026-06-30,2026-11-03,23.0,125.2,1.65,True,10.2,15.8,2.6,12.5,9.8,6.3,5.5,0.39,9.2,17.3,,0.3,3.16,-2.5,7.0,1.5,8.0,2.48,4.6,0.06,26.2,4.7,0.6,0.43,44.0,25.7,0.39,-21.8,1.27,,,72.57,28.4,,1.6,14.0,4.3,0.3,-0.91,0.0,0.91,0.0,False,-0.006,2026-08-25,90.5,0.16,3.48,4.6,0.12,1.44,2.77,4.21,15.6,68.6,-3.8,61.86,60.54,60.03,True,68.29,44.83,1.27,29.9,-13.1,False,False,,100.0
AIR,AAR Corp.,Industrials,Aerospace & Defense,SP600,99.9,3.99,2026-10-01,501.0,TTM-4Q,2026-05-31,2026-09-29,-2.0,70.3,1.66,True,12.3,21.2,2.34,15.3,8.1,4.7,1.6,0.06,10.2,12.9,18.8,0.7,2.08,2.9,2.2,0.53,6.0,3.63,4.4,-0.98,38.8,11.8,0.56,0.42,30.0,44.9,1.15,-35.0,-0.35,,,145.2,45.3,,1.88,5.0,10.5,2.95,0.0,0.0,0.0,0.0,False,0.0,,102.6,0.0,4.1,4.0,-0.01,0.0,-6.87,-6.87,19.0,1401.6,7.3,130.36,122.65,117.24,True,154.0,76.1,5.84,26.2,-30.5,False,False,DILUSI,100.0
YETI,Yeti Holdings,Consumer Discretionary,Leisure Products,SP400,41.37,3.02,2026-10-01,501.0,TTM-4Q,2026-07-04,,,74.3,0.71,True,,16.9,4.95,,,5.9,,-0.07,22.5,25.3,59.2,3.9,,,4.8,,,5.91,999.0,0.93,21.0,8.3,0.37,0.42,45.0,40.0,1.23,-30.1,0.01,,,,,,,,,0.05,0.0,0.0,0.0,0.0,False,0.0,,,,,,0.08,0.0,0.0,0.0,6.2,0.9,-9.2,44.72,43.66,44.41,True,53.99,31.66,1.59,44.9,-18.8,False,False,,94.0
FLR,Fluor,Industrials,Construction & Engineering,SP400,49.33,6.6,2026-10-01,501.0,TTM-4Q,2026-06-30,,,125.7,1.49,True,,,2.46,14.7,-3.3,-30.3,-5.0,-3.0,-3.1,-46.2,-0.8,1.6,,-17.7,11.3,,3.0,3.76,-5.0,-1.09,33.7,18.3,0.53,0.42,64.0,48.9,1.21,-21.9,-0.09,,,61.69,25.1,,2.11,8.0,,-1.49,0.0,0.0,0.0,0.0,False,0.0,2026-08-07,100.4,0.0,10.8,4.5,-0.01,0.0,19.33,19.33,-4.8,-148.3,-15.1,52.64,49.9,48.77,True,58.35,39.33,2.0,39.8,-2.8,False,False,F-RENDAH,100.0
PRK,Park National Corp.,Financials,Regional Banks,SP600,179.16,3.24,2026-10-01,501.0,TTM-4Q,2026-06-30,,,20.3,0.92,True,,17.0,1.87,,,5.9,,-0.3,,12.6,,,,,0.2,,,,999.0,-0.13,21.8,18.8,0.78,0.42,62.0,26.0,0.71,-15.5,0.61,,,,,,,,,-0.23,0.0,0.0,0.0,0.0,False,0.0,,,,,,0.05,2.94,0.0,2.94,11.6,13.8,12.1,194.88,179.46,175.7,True,215.0,149.06,3.86,30.6,-6.3,False,False,DILUSI,90.0
DGX,Quest Diagnostics,Health Care,Health Care Services,SP500,231.09,25.51,2026-10-01,501.0,TTM-4Q,2026-06-30,2026-10-22,15.0,270.6,0.87,True,13.8,24.0,3.39,19.2,7.2,4.2,5.3,0.32,9.5,14.4,33.1,2.2,2.27,-5.1,3.3,1.79,7.0,3.61,999.0,-0.71,26.1,20.5,0.96,0.42,77.0,24.2,0.02,-11.6,1.76,,,247.73,7.2,,2.12,15.0,10.5,-0.24,0.0,0.0,0.0,0.0,False,0.0,2026-09-01,98.9,-0.13,3.27,3.9,-0.06,1.42,0.0,1.42,9.9,11.8,-0.9,237.68,211.97,205.83,True,248.84,171.18,5.52,41.3,4.4,False,False,GOODWILL,100.0
ANET,Arista Networks,Information Technology,Communications Equipment,SP500,204.49,257.91,2026-10-01,501.0,TTM-4Q,2026-06-30,2026-11-03,23.0,951.8,0.86,True,52.7,63.8,17.43,39.4,1.9,1.6,2.0,-0.5,28.7,31.5,63.0,1.3,-2.88,-6.3,3.1,1.31,4.0,19.79,999.0,0.89,29.9,51.6,0.75,0.42,92.0,54.2,2.01,-28.3,0.06,,,241.93,18.3,,1.29,28.0,15.2,0.33,0.0,0.0,0.0,0.0,False,0.0,2026-09-21,73.3,0.01,1.27,2.6,0.16,0.0,0.24,0.24,32.6,24.4,0.4,192.8,166.82,158.51,True,214.89,114.52,7.07,57.4,24.6,False,True,,100.0
NPO,"EnPro Industries, Inc.",Industrials,Industrial Machinery & Supplies & Components,SP600,315.91,6.69,2026-10-01,501.0,TTM-4Q,2026-06-30,,,48.1,0.8,True,25.5,151.6,4.21,29.0,3.9,0.7,2.5,-0.85,6.6,2.9,42.8,1.7,1.77,-6.9,2.7,4.96,4.0,5.18,5.2,0.19,27.9,13.4,0.54,0.42,79.0,38.5,1.26,-26.7,-0.03,,,389.5,23.3,,,4.0,,-0.13,0.0,0.0,0.0,0.0,False,0.0,,102.2,0.03,3.55,3.9,0.06,0.4,0.0,0.4,13.3,-47.9,0.9,311.96,304.16,288.47,True,390.42,202.0,10.39,59.2,-8.2,False,True,,100.0
SNEX,StoneX Group Inc.,Financials,Investment Banking & Brokerage,SP600,65.4,7.89,2026-10-01,501.0,TTM-4Q,2026-06-30,,,60.9,0.99,True,,15.0,2.77,,,6.7,,-0.43,,21.9,,,,,0.2,,,,999.0,0.07,51.2,25.9,0.83,0.42,75.0,46.5,1.0,-30.2,-1.08,,,,,,,,,0.49,0.16,0.16,0.0,1.0,False,0.002,2026-09-16,,,,,0.05,0.0,0.0,0.0,20.6,77.5,10.8,69.12,69.44,64.32,True,94.66,36.45,2.61,42.1,-20.7,False,False,DILUSI,90.0
TXN,Texas Instruments,Information Technology,Semiconductors,SP500;NDX,281.31,256.91,2026-10-01,501.0,TTM-4Q,2026-06-30,,,1558.3,0.63,True,28.2,42.4,14.27,,3.6,2.4,2.1,-0.31,20.3,35.2,58.3,4.7,0.75,-7.4,9.1,1.43,7.0,12.33,999.0,0.21,41.5,30.4,0.86,0.42,88.0,41.7,1.25,-23.4,1.05,,,,,,,,,-0.07,-1.85,0.0,1.85,0.0,False,-0.001,2026-08-27,,,,,0.15,1.99,-0.08,1.91,16.7,20.1,0.9,270.36,264.46,248.23,True,334.03,152.73,7.56,61.8,-6.4,False,True,,100.0
VNO,Vornado Realty Trust,Real Estate,Office REITs,SP400,33.56,6.27,2026-10-01,501.0,TTM-4Q,2026-06-30,,,49.4,1.16,True,14.0,92.3,1.08,,7.1,1.1,,-0.26,0.5,1.1,,,3.3,-2.1,2.5,5.76,,,999.0,-1.44,-7.6,43.3,0.55,0.42,37.0,32.3,1.22,-38.8,-2.14,,,,,,,,,-0.87,0.0,0.0,0.0,0.0,False,0.0,,,,,,0.06,0.0,0.0,0.0,1.4,-92.2,-3.4,37.31,33.79,33.36,False,41.85,24.57,1.02,33.6,-19.4,False,False,,100.0
BDX,Becton Dickinson,Health Care,Health Care Equipment,SP500,178.07,48.5,2026-10-01,501.0,TTM-4Q,2026-06-30,2026-11-05,25.0,329.3,0.71,True,13.0,51.5,1.99,13.4,7.7,1.9,6.6,0.49,5.1,3.8,46.9,1.2,3.23,-5.7,0.4,4.2,7.0,2.18,4.2,-0.32,29.6,20.5,0.97,0.42,76.0,25.7,0.35,-23.1,1.09,,,195.67,9.9,,2.07,12.0,2.9,-0.37,-0.44,0.0,0.44,0.0,False,-0.001,2026-08-26,99.8,0.05,4.74,6.8,0.08,2.42,5.15,7.57,17.4,-40.6,-4.2,179.62,162.01,162.41,True,193.07,127.59,3.88,44.2,9.8,False,False,GOODWILL,100.0
FFIV,"F5, Inc.",Information Technology,Communications Equipment,SP500,443.68,25.12,2026-10-01,501.0,TTM-4Q,2026-06-30,,,234.7,1.02,True,25.9,34.6,6.52,24.5,3.9,2.9,3.9,-0.05,18.9,19.8,81.9,0.9,-1.77,-5.0,2.1,1.44,7.0,6.94,999.0,0.87,22.4,33.8,0.77,0.42,89.0,36.6,0.8,-34.7,1.13,,,436.1,-1.7,,2.54,10.0,,-0.31,-1.56,0.0,1.56,0.0,False,-0.006,2026-09-14,101.7,0.02,3.16,2.9,0.16,0.0,0.0,0.0,9.4,8.9,-1.6,410.09,369.07,344.12,True,462.0,223.76,13.48,60.1,6.0,False,True,,100.0
VVX,"V2X, Inc.",Industrials,Aerospace & Defense,SP600,70.71,2.22,2026-10-01,501.0,TTM-4Q,2026-07-03,,,55.0,0.8,True,9.8,24.1,1.95,,10.2,4.1,5.9,0.68,7.3,8.3,8.5,,2.71,-1.5,2.2,1.53,8.0,2.67,999.0,-1.57,33.3,11.6,0.55,0.42,64.0,40.6,1.08,-22.1,0.24,,,,,,,,,0.18,-0.69,0.0,0.69,0.0,False,-0.031,2026-08-14,,,,,0.05,0.0,0.0,0.0,13.0,30.1,-1.1,78.69,75.25,72.34,True,93.98,50.89,2.8,36.9,-7.0,False,False,GOODWILL,100.0
VIR,"Vir Biotechnology, Inc.",Health Care,Biotechnology,SP600,11.29,1.91,2026-10-01,501.0,TTM-4Q,2026-06-30,,,22.6,1.22,True,,,1.94,,-19.4,-13.2,-10.7,-3.0,-22.9,-26.1,,3.3,,-4.1,30.2,,5.0,3.46,-999.0,-1.57,103.7,28.9,1.05,0.41,93.0,63.2,0.63,-25.6,-0.17,,,,,,,,,,0.0,0.0,0.0,0.0,False,0.0,,,,,,0.09,0.0,0.0,0.0,1495.9,,22.0,10.1,9.69,9.0,True,11.94,4.82,0.56,58.6,9.6,False,True,DILUSI,100.0
SEZL,Sezzle,Financials,Transaction & Payment Processing Services,SP600,109.71,3.69,2026-10-01,501.0,TTM-4Q,2026-06-30,,,53.7,0.77,True,,22.9,15.86,,,4.4,,-1.0,,88.9,,,,,28.9,,,,15.5,1.99,44.0,79.8,0.71,0.41,79.0,87.7,3.3,-43.3,-3.0,,,,,,,,,1.48,-0.08,0.04,0.13,2.0,True,-0.002,2026-09-18,,,,,1.05,0.0,1.81,1.81,43.1,54.4,-2.2,127.81,114.44,102.88,True,195.71,49.5,5.77,39.9,-41.6,False,False,RESTATEMENT,90.0
AMCR,Amcor,Materials,Paper & Plastic Packaging Products & Materials,SP500,41.81,19.33,2026-10-01,501.0,TTM-4Q,2026-06-30,2026-11-05,25.0,141.4,0.92,True,9.6,17.5,1.64,9.6,10.4,5.7,6.4,0.66,6.3,9.4,20.0,0.6,3.85,-2.8,1.4,1.94,6.0,1.34,2.8,-0.47,17.2,14.5,0.51,0.41,50.0,31.2,0.57,-26.5,0.82,,,50.18,20.0,,2.07,12.0,4.2,1.56,0.0,0.0,0.0,0.0,False,0.0,,79.7,0.02,5.01,6.2,0.13,6.18,-0.03,6.16,56.6,116.4,45.6,45.0,42.14,42.8,True,50.94,36.25,0.95,37.7,-9.4,False,False,ZONA-BAHAYA;DILUSI;GOODWILL,100.0
AGNC,AGNC Investment,Financials,Mortgage REITs,SP400,8.95,10.61,2026-10-01,501.0,TTM-4Q,2026-06-30,2026-10-19,12.0,410.5,1.27,True,,4.7,0.85,6.0,,21.4,,2.66,,19.8,,,,,1.3,,,,999.0,-0.12,22.5,11.8,0.82,0.41,29.0,20.9,0.62,-18.9,0.79,,,11.06,23.5,,,9.0,4.9,2.57,-0.22,0.0,0.22,0.0,False,-0.002,2026-08-19,42.8,,9.19,5.6,0.05,16.52,-11.62,4.9,,499.5,14.2,10.46,10.54,10.72,False,12.19,8.87,0.22,16.8,-20.7,False,False,DILUSI,90.0
PH,Parker Hannifin,Industrials,Industrial Machinery & Supplies & Components,SP500,965.88,121.75,2026-10-01,501.0,TTM-4Q,2026-06-30,,,562.2,0.84,True,21.6,33.4,7.9,,4.6,3.0,3.2,-0.61,17.3,25.1,37.7,0.7,1.33,-2.4,2.5,1.2,9.0,7.13,12.6,0.51,26.6,3.8,0.58,0.4,65.0,26.3,1.18,-19.3,0.6,,,,,,,,,-0.18,-18.57,0.0,18.57,0.0,False,-0.015,2026-09-08,,,,,0.06,0.77,1.04,1.81,8.3,3.3,-1.6,988.47,945.88,944.46,True,1099.94,715.37,21.04,49.5,-2.2,False,False,INSIDER-JUAL,100.0
LAUR,"Laureate Education, Inc.",Consumer Discretionary,Education Services,SP600,38.0,5.23,2026-10-01,501.0,TTM-4Q,2026-06-30,,,37.4,1.38,True,,16.3,4.59,15.6,,6.1,5.5,-0.21,25.7,29.3,27.3,1.0,,-3.8,4.8,1.27,7.0,3.97,35.9,0.02,18.1,5.8,0.36,0.4,62.0,33.1,0.61,-16.3,1.32,,,41.21,8.5,,2.14,7.0,,1.01,-19.1,0.0,19.1,0.0,False,-0.365,2026-09-02,100.4,0.03,4.14,4.7,-0.14,0.0,6.29,6.29,17.9,26.3,-4.7,37.3,35.38,35.12,True,40.92,24.98,1.02,57.4,-3.0,False,True,INSIDER-JUAL,100.0
MHO,"M/I Homes, Inc.",Consumer Discretionary,Homebuilding,SP600,135.27,3.42,2026-10-01,501.0,TTM-4Q,2026-06-30,,,28.3,0.91,True,6.5,10.8,1.06,9.6,15.4,9.3,5.7,0.56,9.7,10.1,21.5,,-1.78,2.3,1.9,0.65,4.0,,999.0,-0.95,1.1,18.7,0.3,0.4,38.0,32.8,0.69,-21.3,1.09,,,170.67,26.2,,,3.0,,-0.97,-7.48,0.0,7.48,0.0,False,-0.219,2026-08-05,101.7,0.04,7.4,7.6,-0.03,0.0,5.9,5.9,-5.0,-37.9,-4.4,146.38,138.91,138.18,True,163.66,116.78,3.7,35.5,-15.9,False,False,,90.0
SPNT,SiriusPoint Ltd.,Financials,Reinsurance,SP600,24.41,2.84,2026-10-01,501.0,TTM-4Q,2026-06-30,,,27.5,0.51,True,,5.6,1.25,,,17.8,,1.63,,23.1,,,,,2.5,,,,8.9,-0.04,34.9,12.9,0.85,0.4,68.0,28.2,0.29,-14.7,0.96,,,,,,,,,1.72,0.0,0.0,0.0,0.0,False,0.0,,,,,,0.05,0.0,2.59,2.59,22.6,335.9,0.3,24.27,23.21,22.63,True,26.5,17.39,0.64,47.2,-3.4,False,True,,90.0
MDU,"MDU Resources Group, Inc.",Utilities,Multi-Utilities,SP600,18.47,3.89,2026-10-01,501.0,TTM-4Q,2026-06-30,,,41.0,0.94,True,12.2,19.8,1.33,17.4,8.2,5.1,-9.9,-0.41,5.5,7.0,,,4.83,-2.8,0.7,2.05,7.0,,2.6,-0.29,14.3,-4.5,0.25,0.4,32.0,20.0,0.48,-18.2,-0.14,,,23.62,27.9,,1.78,8.0,,-1.49,0.0,0.0,0.0,0.0,False,0.0,,94.3,0.01,10.61,10.8,0.19,2.89,-2.85,0.04,-1.1,-8.7,3.1,19.74,20.83,20.67,False,22.98,17.43,0.38,34.5,-13.1,False,False,,100.0
HSTM,"HealthStream, Inc.",Health Care,Health Care Technology,SP600,30.36,0.89,2026-10-01,501.0,TTM-4Q,2026-06-30,,,5.8,0.98,False,11.7,41.9,2.49,34.3,8.6,2.4,7.9,0.61,5.6,6.0,,1.3,-0.95,-9.9,1.0,3.39,8.0,4.38,999.0,0.6,5.7,45.8,0.8,0.4,80.0,32.1,0.64,-29.5,0.5,,,34.5,13.6,,2.2,2.0,,-0.17,-4.25,0.0,4.25,0.0,False,-0.479,2026-09-14,77.3,0.05,6.17,6.5,-0.35,0.44,2.39,2.83,8.8,4.2,-3.7,28.88,25.37,24.52,True,31.11,19.5,0.75,66.1,4.2,False,True,TIPIS,100.0
UNIT,Uniti Group,Communication Services,Alternative Carriers,SP600,7.94,1.93,2026-10-01,501.0,TTM-4Q,2026-06-30,,,21.8,2.6,True,9.8,1.8,11.93,,10.2,55.9,,1.75,1.8,,,,8.24,4.4,,0.47,,,0.2,-2.2,59.3,-2.6,0.59,0.4,33.0,47.7,0.95,-37.7,-0.2,,,,,,,,,3.0,0.0,0.0,0.0,0.0,False,0.0,,,,,,0.16,0.0,0.0,0.0,199.7,2951.0,75.9,9.74,10.26,9.6,True,12.94,5.3,0.36,21.3,-28.0,False,False,DILUSI;GOODWILL,100.0
BIIB,Biogen,Health Care,Biotechnology,SP500,222.82,32.9,2026-10-01,501.0,TTM-4Q,2026-03-31,2026-10-28,19.0,233.9,1.7,True,12.9,24.0,1.76,13.5,7.7,4.2,7.4,0.65,6.9,7.7,75.5,0.2,0.74,-4.2,3.0,1.89,4.0,3.61,6.9,0.64,54.2,17.6,1.03,0.4,82.0,34.8,0.46,-14.3,1.01,,,238.18,6.9,,1.89,31.0,77.4,0.14,0.0,0.0,0.0,0.0,False,0.0,2026-08-04,99.5,-0.02,4.39,8.1,0.03,0.0,0.0,0.0,1.2,-7.3,1.2,214.91,199.58,194.97,True,230.49,138.0,5.56,53.8,0.5,False,True,,100.0
DG,Dollar General,Consumer Staples,Consumer Staples Merchandise Retail,SP500,118.93,26.24,2026-10-01,501.0,TTM-4Q,2026-07-31,2026-12-03,45.0,298.3,0.76,True,8.3,15.4,2.82,14.4,12.1,6.5,7.7,0.58,13.5,19.7,31.2,0.7,0.85,-5.1,2.2,1.95,7.0,2.57,999.0,0.26,29.4,13.0,0.57,0.39,52.0,37.2,-0.0,-34.6,0.03,,,140.76,18.4,,2.43,29.0,23.5,0.16,-0.73,0.0,0.73,0.0,False,-0.003,2026-09-03,100.8,-0.0,3.09,2.2,-0.04,1.98,0.0,1.98,4.8,43.0,0.3,124.21,120.96,126.92,True,158.23,95.11,3.8,41.3,-1.9,False,False,,100.0
PATH,UiPath,Information Technology,Systems Software,SP400,13.32,6.97,2026-10-01,501.0,TTM-4Q,2026-07-31,,,754.4,0.77,True,31.8,19.2,3.58,,3.1,5.2,5.2,0.26,8.5,20.0,82.6,1.3,-7.18,-0.4,13.3,1.03,7.0,4.79,999.0,0.58,35.6,64.6,0.73,0.39,59.0,68.9,1.2,-51.4,-0.4,,,,,,,,,1.16,0.0,0.0,0.0,0.0,False,0.0,2026-09-17,,,,,0.15,0.0,3.85,3.85,15.0,1694.5,-3.7,14.53,12.19,12.69,False,19.84,9.2,0.76,44.8,10.9,False,False,,100.0
UMBF,UMB Financial Corp.,Financials,Regional Banks,SP400,129.79,9.86,2026-10-01,501.0,TTM-4Q,2026-06-30,,,93.6,1.08,True,,10.5,1.23,,,9.6,,0.42,,12.3,,,,,0.1,,,,999.0,-0.17,17.8,20.7,0.74,0.39,55.0,26.2,1.02,-18.6,0.19,,,,,,,,,,-5.42,0.14,5.56,2.0,True,-0.055,2026-09-01,,,,,1.01,1.53,0.4,1.94,,78.4,0.2,141.84,132.12,129.96,True,153.32,103.38,2.88,28.3,-12.0,False,False,,90.0
HAFC,Hanmi Financial Corporation,Financials,Regional Banks,SP600,31.21,0.93,2026-10-01,501.0,TTM-4Q,2026-06-30,,,7.7,0.95,False,,10.4,1.14,9.3,,9.7,,0.76,,11.3,,,,,0.3,,,,999.0,-0.25,29.9,18.1,0.79,0.39,70.0,30.3,0.82,-16.2,0.3,,,34.25,9.7,,,4.0,,0.07,0.0,0.0,0.0,0.0,False,0.0,,95.4,-0.01,5.1,6.6,-0.1,3.58,1.76,5.34,15.7,36.7,-1.2,31.74,30.11,29.51,True,33.5,22.85,0.6,43.2,-6.4,False,False,TIPIS,90.0
BGC,"BGC Group, Inc.",Financials,Investment Banking & Brokerage,SP600,11.62,5.57,2026-10-01,501.0,TTM-4Q,2026-06-30,2026-11-05,25.0,48.7,0.81,True,,28.0,5.03,7.4,,3.6,,-1.17,,19.5,,,,,1.2,,,,999.0,0.11,27.8,22.3,0.77,0.39,75.0,32.6,0.97,-19.7,-0.07,,,15.5,33.4,,,2.0,4.5,0.54,0.0,0.0,0.0,0.0,False,0.0,,87.3,0.02,3.79,4.0,0.14,0.7,4.04,4.73,27.6,33.6,-1.2,11.64,11.07,10.57,True,12.89,8.27,0.38,44.2,2.8,False,False,,90.0
MHK,Mohawk Industries,Consumer Discretionary,Home Furnishings,SP600,125.12,8.48,2026-10-01,501.0,TTM-4Q,2026-07-04,,,142.6,0.84,True,7.6,18.3,0.99,12.5,13.2,5.5,9.6,0.57,4.6,5.5,24.3,1.9,0.85,-5.9,3.5,2.74,6.0,2.95,42.6,-0.52,-3.0,25.7,0.28,0.39,66.0,40.0,1.05,-31.1,0.15,,,135.57,8.4,,2.47,14.0,,-0.08,-22.43,0.0,22.43,0.0,False,-0.265,2026-09-18,83.2,0.01,12.55,5.2,-0.11,0.0,2.43,2.43,4.6,-1.5,-2.7,128.12,113.46,115.13,True,140.3,92.99,4.22,48.7,2.2,False,False,INSIDER-JUAL,100.0
LYV,Live Nation Entertainment,Communication Services,Movies & Entertainment,SP500,166.85,39.32,2026-10-01,501.0,TTM-4Q,2026-06-30,,,347.7,1.33,True,26.5,291.9,477.54,88.4,3.8,0.3,3.5,-0.53,6.0,60.9,,,0.09,-9.6,3.4,19.37,3.0,1.72,2.3,0.27,8.4,16.1,0.39,0.39,50.0,31.2,0.85,-23.1,0.66,,,201.96,21.0,,1.64,24.0,,-0.28,-0.53,0.0,0.53,0.0,False,-0.001,2026-08-24,85.5,-0.01,14.7,13.0,0.15,0.0,0.0,0.0,10.8,-85.3,4.1,177.38,169.27,163.66,True,189.25,125.34,4.04,36.3,-12.8,False,False,ZONA-BAHAYA;F-RENDAH;GOODWILL,100.0
LFUS,Littelfuse,Information Technology,Electronic Components,SP400,435.55,11.01,2026-10-01,501.0,TTM-4Q,2026-03-28,,,78.5,0.72,True,54.2,,4.38,21.7,1.8,-0.4,3.5,-0.38,1.4,-1.6,38.3,1.3,0.73,-12.6,4.6,,5.0,6.51,2.1,-0.55,59.3,18.8,0.96,0.38,89.0,40.7,1.52,-19.8,0.98,,,488.75,12.2,,,4.0,,-0.32,0.0,0.0,0.0,0.0,False,0.0,,103.6,-0.0,5.54,6.0,0.15,0.67,0.0,0.67,12.6,-142.1,1.8,424.96,412.86,385.75,True,500.57,233.36,14.25,58.7,1.5,False,True,,100.0
MSA,MSA Safety,Industrials,Office Services & Supplies,SP400,179.03,6.91,2026-10-01,501.0,TTM-4Q,2026-06-30,,,45.2,0.71,True,15.0,22.0,4.93,18.0,6.7,4.5,5.1,-0.04,16.1,23.7,47.6,1.6,0.82,-3.6,4.8,1.29,7.0,5.92,12.7,0.77,10.2,13.3,0.46,0.38,61.0,25.4,0.84,-22.6,0.85,,,209.14,16.8,,2.43,7.0,,-0.23,-3.97,0.0,3.97,0.0,False,-0.057,2026-08-07,95.8,-0.03,2.29,4.2,-0.12,1.2,1.85,3.05,6.5,13.4,-1.7,185.21,175.39,176.4,True,208.92,151.11,3.74,42.0,1.8,False,False,,100.0
AGYS,"Agilysys, Inc.",Information Technology,Application Software,SP600,100.31,2.83,2026-10-01,501.0,TTM-4Q,2026-06-30,2026-10-26,17.0,23.4,1.72,True,,66.0,8.36,31.3,,1.5,2.8,-0.28,12.9,13.8,63.1,0.8,,-8.7,9.4,1.92,6.0,14.47,139.4,0.44,6.9,61.6,0.62,0.38,49.0,54.8,0.56,-55.9,0.24,,,134.5,34.1,,1.5,6.0,21.7,0.06,-23.05,0.0,23.05,0.0,False,-0.815,2026-09-01,107.0,0.03,7.35,7.2,-1.75,0.0,0.0,0.0,14.4,206.2,0.5,107.72,89.75,92.73,False,145.25,61.5,3.99,42.7,-11.8,False,False,UTANG-TAK-TERBACA;INSIDER-JUAL,90.0
FAF,First American Financial Corporation,Financials,Property & Casualty Insurance,SP400,61.51,6.28,2026-10-01,501.0,TTM-4Q,2026-06-30,,,70.1,1.76,True,,8.4,1.12,8.3,,11.9,,0.66,,13.9,,,,,2.8,,,,6.7,-0.34,17.5,25.1,0.71,0.38,39.0,30.0,0.71,-22.6,0.18,,,87.67,42.5,,1.33,6.0,,1.54,-0.24,0.0,0.24,0.0,False,-0.004,2026-07-24,99.1,0.0,6.87,8.8,-0.02,3.57,1.39,4.97,22.6,294.9,-0.8,72.06,68.4,67.25,True,79.87,56.2,2.09,26.2,-13.7,False,False,,90.0
TROW,T. Rowe Price,Financials,Asset Management & Custody Banks,SP500,105.83,22.58,2026-10-01,501.0,TTM-4Q,2026-06-30,,,162.0,1.43,True,,10.2,2.05,,,9.8,,0.09,,20.6,,,,,4.9,,,,999.0,0.79,10.4,22.7,0.68,0.38,54.0,24.3,0.98,-19.8,0.26,,,,,,,,,-0.48,-1.12,0.0,1.12,0.0,False,-0.005,2026-08-25,,,,,0.05,5.05,3.51,8.56,7.0,9.0,-2.8,110.3,104.55,103.87,True,122.0,85.22,2.12,46.4,-13.0,False,False,,90.0
HWM,Howmet Aerospace,Industrials,Aerospace & Defense,SP500,228.38,91.08,2026-10-01,501.0,TTM-4Q,2026-06-30,,,814.1,0.74,True,34.0,48.7,15.89,35.4,2.9,2.1,2.0,-1.04,22.1,34.7,,27.7,1.41,-2.9,4.2,1.19,7.0,9.29,999.0,-0.44,30.2,6.7,0.54,0.37,43.0,34.0,1.4,-23.2,0.06,,,337.74,47.9,,1.43,21.0,,0.46,0.0,0.0,0.0,0.0,False,0.0,,93.3,-0.01,2.49,2.6,-0.03,0.21,1.1,1.31,18.1,33.9,-1.0,259.3,257.35,248.31,True,310.0,183.83,7.09,39.2,-17.7,False,False,,100.0
AMR,"Alpha Metallurgical Resources, Inc.",Materials,Steel,SP600,170.29,2.16,2026-10-01,501.0,TTM-4Q,2026-06-30,2026-11-06,26.0,61.1,0.94,True,15.6,,1.44,9.3,6.4,-2.1,-0.1,-0.65,-2.3,-3.0,,,-2.87,-8.0,25.1,,3.0,4.17,-13.6,-0.74,42.2,17.7,0.53,0.37,40.0,56.9,1.27,-45.1,-1.02,,,180.0,5.7,,,3.0,1.0,-1.37,12.64,12.64,0.0,2.0,True,0.585,2026-09-08,90.5,0.02,14.72,3.4,2.86,0.0,0.0,0.0,-12.9,,-2.6,181.56,183.68,189.67,True,253.82,133.64,10.09,39.6,3.8,False,False,F-RENDAH,100.0
ELV,Elevance Health,Health Care,Managed Health Care,SP500,381.67,82.77,2026-10-01,501.0,TTM-4Q,2026-06-30,2026-10-21,14.0,514.8,0.94,True,11.2,16.7,1.84,12.9,8.9,6.0,7.6,0.81,6.1,11.2,89.1,1.3,-0.7,-2.0,0.6,1.5,7.0,2.97,3.8,0.74,26.7,35.6,0.88,0.37,64.0,35.5,0.45,-26.5,0.67,,,451.38,18.3,,1.82,21.0,20.0,-0.24,1.37,1.37,0.0,2.0,True,0.002,2026-07-17,94.1,0.01,2.75,5.1,1.06,1.81,3.27,5.08,6.3,-7.4,-3.5,397.08,370.74,365.67,True,436.24,274.84,10.06,34.1,-11.0,False,False,,100.0
SKT,"Tanger Factory Outlet Centers, Inc.",Real Estate,Retail REITs,SP600,34.45,,2026-10-01,501.0,,,,,32.1,0.99,True,,,,,,,,,,,,,,,,,,,999.0,,16.3,13.2,0.71,0.37,41.0,20.7,0.53,-17.9,0.34,,,,,,,,,,0.0,0.0,0.0,0.0,False,,,,,,,0.0,,,,,,,37.91,37.4,36.52,True,42.53,31.13,0.64,21.0,-15.0,False,False,DATA-KURANG,0.0
AZZ,"AZZ, Inc.",Industrials,Heavy Electrical Equipment,SP600,135.41,4.07,2026-10-01,501.0,TTM-4Q,2026-05-31,2026-10-13,8.0,33.3,0.8,True,12.5,20.5,2.96,17.3,8.0,4.9,4.2,0.18,11.4,15.3,24.0,1.8,1.32,-2.2,5.6,1.25,7.0,4.62,5.6,-0.4,25.2,7.9,0.53,0.36,62.0,31.5,1.04,-17.0,0.67,,,164.0,21.1,,,9.0,9.6,-0.35,-1.05,0.0,1.05,0.0,False,-0.026,2026-08-14,97.0,0.03,4.06,4.8,0.04,0.59,0.0,0.59,5.7,-23.7,-0.2,141.81,140.12,135.68,True,162.2,92.98,3.53,44.3,-12.0,False,False,,100.0
SITM,SiTime,Information Technology,Semiconductors,SP400,678.87,20.41,2026-10-01,501.0,TTM-4Q,2026-06-30,,,290.2,0.88,True,651.7,1448.6,19.92,,0.2,0.1,0.4,-0.85,-1.7,1.3,58.7,5.2,-67.7,-6.0,7.1,9.06,8.0,9.29,-999.0,0.51,83.4,56.0,0.83,0.36,95.0,83.8,2.8,-48.7,-1.81,,,,,,,,,,-12.56,0.0,12.56,0.0,False,-0.062,2026-09-11,,,,,-0.09,0.0,0.0,0.0,83.0,,14.9,607.69,577.9,527.13,True,901.81,243.68,38.7,60.6,10.0,False,True,DILUSI;INSIDER-JUAL,100.0
NOV,NOV Inc.,Energy,Oil & Gas Equipment & Services,SP400,18.91,6.79,2026-10-01,501.0,TTM-4Q,2026-03-31,,,65.2,1.18,True,9.6,74.6,1.09,14.8,10.4,1.3,10.8,0.09,3.1,1.4,19.5,3.0,0.5,-8.9,4.1,11.98,5.0,2.01,4.4,-0.5,64.2,15.4,1.09,0.36,75.0,36.6,0.7,-16.7,0.35,,,22.24,17.6,,,19.0,,-0.85,-0.18,0.0,0.18,0.0,False,-0.003,2026-07-31,108.4,-0.08,14.14,8.9,-0.58,2.87,4.44,7.31,-1.4,-84.6,-5.0,20.39,19.86,19.37,True,21.93,12.29,0.61,32.5,2.3,False,False,,100.0
IESC,IES Holdings,Industrials,Construction & Engineering,SP400,330.16,6.58,2026-10-01,501.0,TTM-4Q,2026-06-30,,,83.4,0.67,True,11.2,14.4,5.35,,8.9,7.0,3.5,0.3,36.8,45.5,26.3,3.9,-0.7,4.6,6.5,0.81,5.0,7.28,140.8,0.79,51.2,24.2,0.5,0.36,88.0,75.0,1.59,-35.3,-1.56,,,440.0,33.3,,1.0,1.0,,0.83,0.0,0.0,0.0,0.0,False,0.0,,97.8,0.02,8.85,4.3,0.03,0.0,0.3,0.3,22.7,66.5,0.5,334.28,312.04,289.72,True,408.26,170.07,16.3,52.0,-1.6,False,False,,100.0
DAN,Dana Incorporated,Consumer Discretionary,Automotive Parts & Equipment,SP600,27.63,2.97,2026-10-01,501.0,TTM-4Q,2026-06-30,2026-10-28,19.0,44.7,1.06,True,7.1,2.7,1.55,6.6,14.1,37.5,3.9,0.97,3.5,71.4,9.5,,1.81,9.6,2.0,0.39,7.0,2.3,1.5,-2.5,48.9,-13.8,0.4,0.36,69.0,43.5,1.24,-35.8,-0.31,,,39.0,41.2,,2.0,6.0,-57.5,-0.79,0.0,0.0,0.0,0.0,False,0.0,,102.5,0.04,6.24,3.4,0.12,1.72,18.91,20.62,3.7,,-23.9,29.35,31.58,30.86,True,39.56,17.74,1.08,38.2,8.1,False,False,,100.0
KEYS,Keysight Technologies,Information Technology,Electronic Equipment & Instruments,SP500,373.88,63.65,2026-10-01,501.0,TTM-4Q,2026-07-31,,,350.9,1.27,True,37.0,50.5,9.69,27.0,2.7,2.0,2.3,-0.35,13.9,20.6,64.7,1.0,-0.05,-3.0,2.8,1.27,8.0,9.28,12.3,0.18,82.5,10.2,1.06,0.36,94.0,43.7,1.55,-20.5,0.87,,,415.08,11.0,,1.58,12.0,,0.31,-2.36,0.0,2.36,0.0,False,-0.004,2026-09-23,93.0,0.01,1.59,1.7,0.16,0.0,0.97,0.97,25.5,131.6,0.0,332.92,328.08,301.64,True,376.67,158.79,10.8,70.4,16.1,False,True,,100.0
RAL,Ralliant Corp,Information Technology,Electronic Equipment & Instruments,SP600,70.8,7.83,2026-10-01,320.0,TTM-4Q,2026-07-03,,,96.5,0.58,True,,,5.11,,-12.0,-15.7,4.2,-2.4,-26.8,-53.9,50.9,0.7,,-36.0,,,,1.35,-19.2,-0.39,40.0,43.4,0.77,0.36,89.0,54.3,0.81,-31.8,0.82,,,,,,,,,-0.84,0.0,0.0,0.0,0.0,False,0.0,2026-09-14,,,,,0.15,0.29,0.0,0.29,5.9,-532.3,-0.1,67.01,58.93,56.62,True,75.41,37.27,2.12,62.8,1.0,False,True,ZONA-BAHAYA;DISTRES;GOODWILL,100.0
SABR,Sabre,Consumer Discretionary,"Hotels, Resorts & Cruise Lines",SP600,1.99,0.8,2026-10-01,501.0,TTM-4Q,2026-06-30,,,14.1,1.4,False,10.3,1.1,,,9.7,89.3,-2.0,0.38,7.9,,56.2,1.0,8.43,14.6,9.4,0.1,6.0,-0.23,999.0,-1.66,9.8,39.6,0.29,0.36,76.0,85.4,2.17,-62.5,-3.0,,,,,,,,,,0.0,0.0,0.0,0.0,False,0.0,,,,,,0.08,0.0,0.0,0.0,4.7,,2.2,2.1,1.85,1.7,True,2.5,0.81,0.13,40.9,-7.2,False,False,TIPIS;ZONA-BAHAYA;GOODWILL,100.0
IVT,InvenTrust Properties,Real Estate,Retail REITs,SP600,30.37,2.37,2026-10-01,501.0,TTM-4Q,2026-06-30,,,21.9,1.31,True,32.2,155.4,1.34,,3.1,0.6,5.1,-0.85,-1.1,0.8,,,9.68,-5.1,1.6,10.54,4.0,,-0.9,-2.11,16.4,7.6,0.75,0.36,44.0,16.0,0.33,-17.4,0.92,,,37.29,22.8,,,7.0,,-0.19,0.0,0.0,0.0,0.0,False,0.0,,92.1,0.0,8.35,9.1,-0.01,3.16,0.0,3.16,10.5,-86.4,0.6,32.74,32.82,31.96,True,37.22,26.81,0.57,29.7,-16.8,False,False,,100.0
ELF,e.l.f. Beauty,Consumer Staples,Personal Care Products,SP400,104.09,6.14,2026-10-01,501.0,TTM-4Q,2026-06-30,2026-11-04,24.0,143.3,1.28,True,30.2,103.0,5.25,27.0,3.3,1.0,4.6,-0.89,5.9,6.0,74.4,2.7,2.23,-12.6,4.8,4.98,5.0,3.94,999.0,1.08,-20.3,69.4,0.35,0.35,87.0,71.0,2.06,-65.8,-3.0,,,102.12,-1.9,,1.72,16.0,143.9,1.91,-0.1,0.0,0.1,0.0,False,-0.002,2026-09-08,98.8,0.04,8.42,2.6,0.1,0.0,1.5,1.5,31.2,-39.1,3.6,96.35,76.2,78.15,True,147.75,48.82,4.22,59.7,32.8,False,False,,100.0
SKY,"Champion Homes, Inc.",Consumer Discretionary,Homebuilding,SP600,87.48,4.75,2026-10-01,501.0,TTM-4Q,2026-06-27,,,45.4,1.02,True,14.2,24.8,3.02,,7.1,4.0,5.6,-0.41,11.4,12.2,26.0,2.4,-2.7,-5.1,8.3,1.57,6.0,7.65,999.0,-0.01,12.2,15.5,0.3,0.35,63.0,45.8,0.85,-33.1,0.08,,,,,,,,,-0.15,-0.24,0.0,0.24,0.0,False,-0.005,2026-08-10,,,,,0.07,0.0,4.21,4.21,4.5,-11.9,-4.0,87.26,81.17,83.18,True,99.17,63.69,2.97,52.8,0.0,False,False,,100.0
KVUE,Kenvue,Consumer Staples,Personal Care Products,SP500,17.22,33.08,2026-10-01,501.0,TTM-4Q,2026-06-28,,,478.0,0.83,True,10.4,19.9,3.13,13.9,9.6,5.0,5.8,0.07,16.2,15.6,58.2,1.1,0.09,-2.5,1.3,1.4,8.0,2.13,6.2,0.79,21.1,10.4,0.53,0.35,45.0,29.5,0.05,-16.2,0.82,,,19.5,13.2,,2.79,12.0,,-0.18,0.0,0.0,0.0,0.0,False,0.0,,95.9,0.0,3.48,2.1,-0.02,4.81,0.21,5.02,1.8,16.9,-0.3,18.67,18.16,18.03,True,20.13,14.02,0.34,30.5,-15.3,False,False,,100.0
AMH,American Homes 4 Rent,Real Estate,Single-Family Residential REITs,SP400,30.53,11.02,2026-10-01,501.0,TTM-4Q,2026-06-30,2026-10-28,19.0,104.7,0.84,True,,20.3,1.62,45.1,,4.9,7.4,0.31,,7.8,,,,-2.4,0.7,1.59,,,,,3.7,19.8,0.6,0.35,39.0,19.7,0.26,-16.3,0.85,,,37.11,21.6,,2.0,22.0,111.9,0.45,0.53,0.53,0.0,2.0,True,0.005,2026-09-11,93.3,-0.02,4.67,5.8,0.81,4.2,0.0,4.2,4.3,12.2,-2.8,32.88,31.79,31.67,False,35.07,27.22,0.5,28.2,-12.7,False,False,,100.0
COCO,The Vita Coco Company,Consumer Staples,Soft Drinks & Non-alcoholic Beverages,SP600,57.01,3.27,2026-10-01,501.0,TTM-4Q,2026-06-30,2026-10-28,19.0,86.0,0.77,True,21.9,29.9,8.16,24.4,4.6,3.3,3.8,-0.75,29.7,31.4,41.1,5.4,-2.04,-4.5,5.8,1.2,6.0,14.96,999.0,0.62,36.7,19.5,0.53,0.34,60.0,53.3,1.01,-39.2,-1.71,,,83.22,46.0,,1.64,9.0,58.5,1.57,0.0,0.0,0.0,0.0,False,0.0,,95.4,0.0,12.55,5.0,-0.02,0.0,0.65,0.65,26.1,69.9,1.7,60.94,63.67,61.35,True,85.83,38.07,2.43,45.6,-16.0,False,False,,100.0
MRTN,"Marten Transport, Ltd.",Industrials,Cargo Ground Transportation,SP600,13.08,1.07,2026-10-01,501.0,TTM-4Q,2026-06-30,,,10.5,0.91,True,8.3,84.5,1.39,20.1,12.1,1.2,,1.13,1.5,1.6,,,-0.89,-7.4,4.0,6.71,5.0,5.55,999.0,-0.41,31.8,4.0,0.54,0.34,42.0,32.9,0.76,-29.2,0.53,,,17.5,33.8,,2.33,2.0,,-1.15,0.0,0.0,0.0,0.0,False,0.0,,76.6,0.09,9.81,7.4,0.16,1.83,0.0,1.83,-6.9,-39.5,0.1,14.36,15.03,14.43,True,18.48,9.35,0.34,35.0,-27.0,False,False,,90.0
EXEL,Exelixis,Health Care,Biotechnology,SP400,57.94,14.36,2026-10-01,501.0,TTM-4Q,2026-07-03,,,123.3,0.62,True,13.5,16.7,7.79,13.6,7.4,6.0,8.2,0.51,39.6,44.4,96.5,,-0.84,-12.5,7.9,1.38,7.0,15.78,999.0,2.72,37.7,29.2,0.91,0.34,81.0,36.9,0.93,-16.5,0.47,,,53.69,-7.3,,2.37,16.0,,-0.06,0.0,0.0,0.0,0.0,False,0.0,2026-08-10,106.9,-0.0,14.56,12.8,0.04,0.0,7.77,7.77,9.2,42.9,-8.7,55.78,50.7,48.99,True,61.14,33.76,1.67,54.1,1.1,False,True,,100.0
KHC,Kraft Heinz,Consumer Staples,Packaged Foods & Meats,SP500,22.46,26.63,2026-10-01,501.0,TTM-4Q,2026-06-27,,,543.3,0.8,True,,,0.74,10.8,-5.1,-12.8,14.3,-0.89,-4.3,-8.8,33.4,1.3,,-10.4,3.8,,4.0,0.46,-4.7,-0.6,4.5,18.3,0.43,0.34,34.0,26.7,0.24,-17.4,0.71,,,25.47,13.4,,3.05,18.0,,,0.0,0.0,0.0,0.0,False,0.0,,66.7,0.02,10.98,4.2,0.03,7.12,0.11,7.22,-1.6,,0.1,25.06,23.93,23.96,False,28.09,21.03,0.63,25.7,-13.7,False,False,ZONA-BAHAYA;DISTRES,100.0
LW,Lamb Weston,Consumer Staples,Packaged Foods & Meats,SP600,41.18,5.66,2026-10-01,501.0,TTM-4Q,2026-05-31,,,71.3,1.39,True,9.6,19.5,3.1,12.2,10.4,5.1,9.5,0.54,7.1,16.3,20.6,3.1,3.9,-8.8,5.7,3.25,7.0,2.42,999.0,-0.75,-6.6,38.9,0.37,0.34,30.0,43.8,0.36,-41.4,-0.78,,,55.25,34.2,,,12.0,,-0.21,0.0,0.0,0.0,0.0,False,0.0,,97.8,-0.0,5.53,5.1,-0.04,3.67,0.0,3.67,2.5,-18.8,-2.5,50.4,45.84,45.94,False,67.07,37.62,1.45,20.3,-12.6,False,False,,100.0
MTB,M&T Bank,Financials,Regional Banks,SP500,217.35,31.39,2026-10-01,501.0,TTM-4Q,2026-06-30,,,246.0,1.01,True,,10.3,1.12,10.3,,9.7,,0.42,,10.7,,,,,0.1,,,,999.0,-0.19,20.8,12.5,0.76,0.33,51.0,21.9,0.86,-17.0,0.59,,,257.86,18.6,,2.7,18.0,,-0.49,-0.67,0.0,0.67,0.0,False,-0.002,2026-09-14,92.4,0.0,4.17,5.1,-0.0,2.89,8.3,11.18,6.4,12.3,-8.3,239.17,226.01,223.84,True,255.95,174.76,4.29,26.7,-11.3,False,False,,90.0
PECO,Phillips Edison & Company,Real Estate,Retail REITs,SP600,37.49,4.82,2026-10-01,501.0,TTM-4Q,2026-06-30,,,42.3,1.42,True,,33.6,2.03,,,3.0,,-0.29,,6.2,,,,-4.1,0.6,2.54,,,999.0,,17.0,5.9,0.75,0.33,48.0,15.2,0.22,-16.1,1.16,,,,,,,,,-0.02,0.0,0.0,0.0,0.0,False,0.0,,,,,,0.06,3.38,0.0,3.38,8.1,108.8,0.2,39.54,39.79,38.95,True,44.38,32.98,0.62,38.7,-13.1,False,False,,100.0
NEM,Newmont,Materials,Gold,SP500,114.67,120.83,2026-10-01,501.0,TTM-4Q,2026-06-30,,,840.1,0.82,True,7.4,14.1,3.43,11.2,13.6,7.1,8.1,1.04,21.7,25.5,,,-0.25,-7.1,6.1,1.47,8.0,4.78,999.0,2.49,46.5,8.0,0.54,0.33,77.0,50.4,1.03,-32.1,-0.23,,,136.6,19.1,,1.57,21.0,,0.62,-1.2,0.0,1.2,0.0,False,-0.001,2026-09-01,81.6,-0.01,1.83,2.1,0.12,0.91,3.65,4.56,25.2,37.0,-4.0,117.42,110.48,111.42,True,135.29,76.05,3.91,39.7,15.2,False,False,,100.0
DT,Dynatrace,Information Technology,Application Software,SP400,59.26,17.13,2026-10-01,501.0,TTM-4Q,2026-06-30,2026-11-04,24.0,383.1,0.77,True,57.2,113.1,6.99,25.8,1.7,0.9,3.3,-0.39,6.4,5.9,81.4,0.3,-3.96,-10.9,3.7,3.95,5.0,7.16,363.6,0.76,9.1,43.8,0.62,0.33,89.0,42.4,1.05,-36.5,0.76,,,59.71,0.8,,1.75,34.0,8.2,-0.24,-0.01,0.0,0.01,0.0,False,-0.0,2026-09-18,108.2,-0.01,5.09,2.0,0.14,0.0,4.14,4.14,17.9,-69.3,-3.4,51.11,43.39,42.49,True,59.42,31.64,1.75,70.2,29.0,True,True,,100.0
INVX,"Innovex International, Inc.",Energy,Oil & Gas Equipment & Services,SP600,27.52,1.92,2026-10-01,501.0,TTM-4Q,2026-06-30,,,24.6,0.62,True,10.6,31.3,1.82,14.7,9.5,3.2,,-0.54,6.1,6.0,32.4,,-1.21,-7.5,9.5,2.56,5.0,6.15,344.9,-0.27,63.2,24.8,1.01,0.33,82.0,43.5,0.83,-24.0,-0.26,,,33.4,21.4,,1.6,5.0,,-0.38,-143.55,0.0,143.55,0.0,False,-7.459,2026-08-10,87.5,0.0,7.51,4.0,-1.98,0.0,0.73,0.73,15.0,-57.4,0.5,29.03,27.31,26.55,True,33.71,17.01,1.09,42.1,11.4,False,False,INSIDER-JUAL,100.0
CACI,CACI International,Industrials,Diversified Support Services,SP400,627.06,13.86,2026-10-01,501.0,TTM-4Q,2026-06-30,2026-10-21,14.0,161.0,1.16,True,18.6,25.9,3.11,16.6,5.4,3.9,5.6,-0.16,8.7,12.8,,0.3,4.72,-3.4,0.4,1.65,6.0,2.91,4.3,-0.38,26.2,12.2,0.48,0.32,80.0,39.9,0.55,-33.4,0.42,,,735.21,17.2,,1.56,14.0,23.2,0.08,0.0,0.0,0.0,0.0,False,0.0,,104.7,-0.02,5.61,3.9,-0.06,0.0,0.12,0.12,10.9,7.2,-1.0,606.42,552.79,562.12,True,683.5,434.7,18.4,54.4,21.6,False,False,GOODWILL,100.0
PLXS,Plexus Corp.,Information Technology,Electronic Manufacturing Services,SP600,270.27,7.2,2026-10-01,501.0,TTM-4Q,2026-07-04,,,54.2,0.91,True,22.7,38.8,4.71,,4.4,2.6,0.9,-0.21,12.7,12.6,11.4,0.4,-0.73,0.4,0.9,0.92,7.0,4.51,18.0,-1.07,64.9,15.1,0.95,0.32,90.0,41.9,1.07,-21.8,1.22,,,,,,,,,-0.56,0.0,0.0,0.0,0.0,False,0.0,2026-09-16,,,,,0.15,0.0,1.19,1.19,1.8,14.0,-0.9,253.89,248.93,231.17,True,307.06,132.03,8.35,63.2,-4.2,False,True,,90.0
VIAV,Viavi Solutions,Information Technology,Communications Equipment,SP400,44.78,11.05,2026-10-01,501.0,TTM-4Q,2026-06-27,,,219.5,1.29,True,63.4,,7.63,,1.6,-0.3,0.7,-0.68,4.4,-2.7,57.7,0.9,-2.41,-6.1,1.4,,6.0,-29.84,2.2,-0.09,174.3,-1.4,1.15,0.32,97.0,75.0,0.98,-41.7,-0.07,,,,,,,,,0.54,-6.24,0.0,6.24,0.0,False,-0.056,2026-09-23,,,,,-0.07,0.0,-4.93,-4.93,40.0,-187.4,1.7,38.19,41.6,36.64,True,60.43,12.23,2.54,68.8,4.8,False,False,ZONA-BAHAYA,100.0
SAH,"Sonic Automotive, Inc.",Consumer Discretionary,Automotive Retail,SP600,63.76,2.05,2026-10-01,501.0,TTM-4Q,2026-06-30,,,24.2,1.16,True,5.6,9.7,2.0,,17.7,10.4,11.9,0.99,19.1,20.6,15.7,0.4,2.59,0.7,2.2,0.8,6.0,3.27,999.0,-0.82,4.1,20.0,0.26,0.31,22.0,45.8,0.86,-46.6,-0.39,,,,,,,,,0.18,0.0,0.0,0.0,0.0,False,0.0,,,,,,0.08,-2.31,0.76,-1.55,5.3,34.3,-5.9,78.88,76.96,73.39,True,113.67,54.11,3.28,37.4,-25.8,False,False,,100.0
RXO,"RXO, Inc.",Industrials,Cargo Ground Transportation,SP600,21.36,3.52,2026-10-01,501.0,TTM-4Q,2026-06-30,,,36.2,1.05,True,133.4,,2.34,,0.7,-3.0,-2.2,-1.75,-3.0,-6.8,,,16.0,-2.6,6.4,,3.0,2.71,-999.0,-3.0,30.8,33.4,0.43,0.31,81.0,73.9,2.02,-43.1,-2.21,,,,,,,,,,0.0,0.0,0.0,0.0,False,0.0,,,,,,0.07,0.0,0.0,0.0,9.5,,0.7,21.29,21.13,19.52,True,29.9,10.43,1.07,56.6,-21.7,False,False,F-RENDAH,100.0
CVX,Chevron Corporation,Energy,Integrated Oil & Gas,SP500,207.1,409.18,2026-10-01,501.0,TTM-4Q,2026-06-30,2026-10-30,21.0,2053.9,0.61,True,7.2,19.9,2.15,14.6,13.9,5.0,6.6,0.05,12.6,12.2,45.4,1.0,-0.17,-8.5,3.4,2.2,8.0,3.73,22.5,0.66,41.3,8.8,1.05,0.31,85.0,23.8,0.08,-20.8,1.19,,,223.92,8.1,,1.72,24.0,8.8,-0.22,-228.6,0.0,228.6,0.0,False,-0.056,2026-08-18,71.2,0.0,1.06,2.6,-0.03,3.39,2.72,6.11,10.2,50.1,14.5,202.3,192.61,186.35,True,217.78,146.49,4.18,52.4,19.3,False,True,DILUSI;INSIDER-JUAL,100.0
THC,Tenet Health,Health Care,Health Care Facilities,SP400,253.97,20.45,2026-10-01,501.0,TTM-4Q,2026-06-30,,,198.9,0.55,True,5.8,6.4,4.39,,17.2,15.5,14.8,2.1,19.4,75.5,,,2.04,-2.8,3.8,1.26,8.0,2.12,5.5,-0.06,30.9,39.7,0.84,0.31,85.0,42.3,0.88,-34.1,-0.1,,,,,,,,,-0.12,-49.99,0.0,49.99,0.0,False,-0.244,2026-09-14,,,,,-0.13,0.0,8.07,8.07,5.4,32.4,-8.5,260.54,216.11,213.17,True,283.05,157.58,8.0,44.8,21.5,False,False,GOODWILL;INSIDER-JUAL,100.0
CSW,"CSW Industrials, Inc.",Industrials,Industrial Conglomerates,SP600,292.38,4.76,2026-10-01,501.0,TTM-4Q,2026-06-30,2026-10-29,20.0,38.1,0.92,True,21.1,39.4,4.44,21.4,4.7,2.5,3.0,-0.58,9.5,11.1,42.4,1.5,3.06,-2.3,1.9,1.36,4.0,3.78,999.0,-0.07,24.4,15.8,0.46,0.31,64.0,43.7,1.44,-24.6,-0.27,,,351.86,20.3,,,7.0,10.9,0.63,-1.81,0.0,1.81,0.0,False,-0.038,2026-09-15,103.0,0.15,7.9,9.1,0.26,0.39,3.36,3.74,27.7,-13.0,-3.0,312.6,287.74,292.26,True,355.48,230.45,9.41,43.6,3.2,False,False,,100.0
KLIC,"Kulicke and Soffa Industries, Inc.",Information Technology,Semiconductor Materials & Equipment,SP600,96.03,5.03,2026-10-01,501.0,TTM-4Q,2026-07-04,,,65.3,1.0,True,31.9,43.4,5.51,16.3,3.1,2.3,0.8,-0.35,11.5,13.2,48.2,4.2,-3.65,5.0,13.9,0.48,6.0,10.51,836.9,-0.53,93.8,18.0,0.97,0.31,93.0,57.3,1.39,-41.7,0.03,,,106.67,11.1,,,3.0,,2.23,0.0,0.0,0.0,0.0,False,0.0,,94.5,0.06,5.29,3.2,0.24,0.85,0.49,1.34,44.4,1844.9,1.4,88.2,90.93,82.8,True,135.8,35.02,3.87,64.6,-22.8,False,False,,100.0
CHD,Church & Dwight,Consumer Staples,Household Products,SP500,94.11,22.32,2026-10-01,501.0,TTM-4Q,2026-06-30,2026-10-30,21.0,179.1,1.37,True,18.6,30.0,5.13,23.3,5.4,3.3,,-0.39,12.9,17.0,45.6,1.3,1.53,,1.9,,,5.0,11.3,0.64,14.9,7.8,0.5,0.31,53.0,22.5,0.14,-13.8,1.07,,,105.11,11.7,,2.24,19.0,-1.0,-0.03,-5.46,0.0,5.46,0.0,False,-0.024,2026-08-26,94.8,-0.0,5.24,5.9,-0.13,1.29,0.0,1.29,2.7,41.8,-3.3,98.48,97.07,95.95,True,106.04,81.33,1.65,37.5,-7.0,False,False,,94.0
FCFS,FirstCash,Financials,Consumer Finance,SP400,208.15,9.03,2026-10-01,501.0,TTM-4Q,2026-06-30,,,82.2,1.03,True,,23.3,3.89,16.1,,4.3,,-1.08,,17.4,,,,,1.0,,,,999.0,0.61,37.3,13.9,0.79,0.3,69.0,32.4,0.22,-16.1,0.8,,,249.25,19.7,,1.0,4.0,,0.34,-0.83,0.0,0.83,0.0,False,-0.009,2026-09-03,100.2,0.01,6.5,5.6,0.03,0.82,1.91,2.73,21.6,33.0,-1.2,215.04,212.52,202.12,True,238.93,146.08,6.28,38.6,-8.6,False,False,,90.0
MTSI,MACOM Technology Solutions,Information Technology,Semiconductors,SP400,301.63,23.04,2026-10-01,501.0,TTM-4Q,2026-07-03,,,363.2,0.89,True,86.4,95.6,14.95,35.5,1.2,1.0,0.9,-0.66,9.7,17.2,56.5,2.5,-1.23,-1.5,12.3,1.13,7.0,24.02,999.0,-0.22,110.5,14.2,1.01,0.3,93.0,61.9,1.61,-44.2,-0.32,,,395.33,31.1,,1.56,15.0,,,0.0,0.0,0.0,0.0,False,0.0,2026-08-28,97.3,0.01,4.35,2.3,0.17,0.0,0.0,0.0,28.4,,3.4,274.7,293.53,272.54,True,418.9,121.97,14.02,61.5,-8.8,False,False,,100.0
JCI,Johnson Controls,Industrials,Building Products,SP500,151.77,92.6,2026-10-01,501.0,TTM-4Q,2026-03-31,,,481.1,0.82,True,30.7,26.2,6.85,25.0,3.3,3.8,2.9,-0.77,8.2,24.1,36.6,0.8,2.67,1.2,1.7,0.86,7.0,3.1,999.0,-0.51,27.4,3.6,0.51,0.3,79.0,30.3,0.99,-12.7,0.89,,,165.15,8.8,,2.05,20.0,,-0.19,-4.07,0.0,4.07,0.0,False,-0.004,2026-08-19,92.2,0.0,2.11,3.1,-0.01,1.05,5.99,7.04,5.1,41.0,-7.1,145.73,141.75,137.44,True,157.06,104.49,3.46,62.1,5.1,False,True,GOODWILL,100.0
MCY,Mercury General,Financials,Property & Casualty Insurance,SP600,100.27,5.55,2026-10-01,501.0,TTM-4Q,2026-06-30,,,33.0,1.13,True,,5.9,1.96,8.2,,16.9,,1.18,,39.0,,,,,5.1,,,,999.0,0.55,20.5,16.9,0.72,0.3,58.0,26.0,0.86,-12.9,0.56,,,120.0,19.7,,,1.0,,0.24,0.0,0.0,0.0,0.0,False,0.0,,48.1,0.02,3.52,4.5,0.1,1.27,0.0,1.27,10.0,140.2,0.0,103.92,99.82,97.53,True,113.06,74.29,2.26,46.2,-11.5,False,False,,90.0
ASB,Associated Bank,Financials,Regional Banks,SP400,28.72,5.42,2026-10-01,501.0,TTM-4Q,2026-06-30,2026-10-22,15.0,66.2,1.1,True,,10.7,0.96,8.6,,9.3,,0.63,,9.7,,,,,0.3,,,,1.7,-0.32,20.4,16.2,0.72,0.3,60.0,25.4,1.1,-16.4,0.23,,,34.4,19.8,,2.4,10.0,-12.4,1.07,-6.7,0.0,6.7,0.0,False,-0.123,2026-09-03,81.9,0.04,0.0,0.0,0.13,3.03,0.0,3.03,,262.5,14.2,30.54,28.77,28.37,True,32.46,23.86,0.57,35.7,-8.6,False,False,DILUSI,90.0
OMC,Omnicom Group,Communication Services,Advertising,SP500,74.7,21.29,2026-10-01,501.0,TTM-4Q,2026-03-31,,,259.1,0.89,True,16.7,337.9,2.26,6.4,6.0,0.3,14.0,-0.02,5.5,0.9,9.5,4.2,-4.13,-8.0,2.1,50.35,4.0,1.01,2.0,-0.65,8.9,15.7,0.34,0.29,38.0,35.9,0.81,-17.9,0.71,,,102.0,36.5,,2.08,12.0,,0.04,-0.12,0.0,0.12,0.0,False,-0.001,2026-08-24,110.7,0.02,9.57,11.1,0.27,3.12,15.99,19.11,25.9,-95.7,50.9,81.91,78.61,78.34,True,89.57,66.33,2.15,36.9,-7.4,False,False,ZONA-BAHAYA;DILUSI;GOODWILL,100.0
SNA,Snap-on,Industrials,Industrial Machinery & Supplies & Components,SP500,367.72,19.02,2026-10-01,501.0,TTM-4Q,2026-07-04,,,108.6,0.91,True,13.1,18.4,3.15,,7.6,5.4,5.8,0.27,14.8,17.6,,0.3,-0.31,-1.8,0.6,1.15,5.0,7.36,26.6,0.41,13.0,5.2,0.47,0.29,45.0,19.5,0.67,-12.8,1.48,,,,,,,,,-0.4,-1.8,0.0,1.8,0.0,False,-0.009,2026-08-26,,,,,0.06,2.58,1.86,4.44,4.0,3.4,-0.9,390.71,383.71,379.3,True,423.02,320.8,6.16,35.4,-13.0,False,False,,100.0
TRNO,Terreno Realty Corporation,Real Estate,Industrial REITs,SP600,63.98,6.97,2026-10-01,501.0,TTM-4Q,2026-06-30,,,52.1,1.02,True,,17.9,1.57,,,5.6,,0.24,,9.3,,,,1.9,1.7,0.74,,,,,20.1,8.4,0.72,0.29,57.0,19.8,0.5,-14.0,0.58,,,,,,,,,0.6,-1.1,0.0,1.1,0.0,False,-0.016,2026-08-11,,,,,0.04,3.07,-4.41,-1.34,18.0,52.9,3.6,67.79,66.31,65.28,True,78.94,55.92,1.05,32.6,-7.4,False,False,,100.0
ED,Consolidated Edison,Utilities,Multi-Utilities,SP500,103.5,38.14,2026-10-01,501.0,TTM-4Q,2026-03-31,2026-11-05,25.0,225.5,1.65,True,7.3,17.7,1.49,15.9,13.7,5.6,,1.35,9.1,8.7,,,0.14,-2.7,0.5,1.92,5.0,,2.4,1.7,10.7,-3.9,0.2,0.29,41.0,17.1,-0.26,-10.0,1.04,,,110.03,6.3,,3.33,16.0,7.4,-0.09,0.0,0.0,0.0,1.0,False,0.0,2026-09-15,78.7,0.0,3.62,5.1,0.12,3.13,0.0,3.13,9.1,14.0,3.7,107.25,109.05,107.88,True,116.23,94.96,1.66,41.7,-11.5,False,False,,100.0
POR,Portland General Electric,Utilities,Electric Utilities,SP400,44.76,5.26,2026-10-01,501.0,TTM-4Q,2026-06-30,,,70.1,1.21,True,9.4,20.5,1.28,,10.7,4.9,-3.6,0.51,4.9,6.4,,,4.52,-5.9,0.2,4.04,5.0,,2.1,0.37,15.1,-6.6,0.22,0.29,29.0,19.5,0.09,-16.7,0.33,,,,,,,,,-1.33,0.0,0.0,0.0,0.0,False,0.0,2026-07-27,,,,,0.14,4.48,0.0,4.48,1.3,-12.6,6.0,48.83,50.55,50.42,False,54.62,42.58,1.02,29.5,-17.2,False,False,DILUSI,100.0
NMIH,"NMI Holdings, Inc.",Financials,Commercial & Residential Mortgage Finance,SP600,38.08,2.86,2026-10-01,501.0,TTM-4Q,2026-06-30,,,30.1,2.43,True,,7.2,1.06,6.9,,13.8,,1.38,,15.4,,,,,0.7,,,,18.8,0.96,15.5,18.5,0.68,0.28,37.0,25.1,0.56,-18.4,0.69,,,49.86,30.9,,1.86,7.0,,-0.47,-8.8,0.0,8.8,0.0,False,-0.307,2026-09-04,101.4,0.04,3.21,4.2,-0.0,0.0,4.02,4.02,7.5,4.7,-3.4,43.75,40.35,40.19,True,46.74,34.84,1.18,20.5,-9.5,False,False,,90.0
CPK,Chesapeake Utilities Corp.,Utilities,Gas Utilities,SP600,124.33,3.0,2026-10-01,501.0,TTM-4Q,2026-06-30,2026-11-05,25.0,24.9,1.44,True,13.1,20.0,1.79,16.9,7.7,5.0,-6.9,-0.47,6.1,9.5,,,4.79,-4.0,0.4,2.05,5.0,,3.7,0.29,-0.1,4.2,0.1,0.28,44.0,19.7,-0.01,-13.0,0.57,,,147.42,18.6,,2.0,6.0,-1.9,0.25,0.0,0.0,0.0,0.0,False,0.0,,94.3,0.0,5.01,6.7,0.11,2.14,-2.62,-0.48,14.6,16.4,3.3,132.57,128.81,128.57,False,140.83,118.88,2.95,31.3,-3.0,False,False,,100.0
MSFT,Microsoft,Information Technology,Systems Software,SP500;NDX,512.8,3807.82,2026-10-01,501.0,TTM-4Q,2026-06-30,,,10835.6,0.92,True,19.4,28.5,8.61,21.7,5.2,3.5,1.8,-0.1,28.8,34.0,67.9,0.6,-0.19,-7.1,0.9,1.37,6.0,9.01,50.9,0.94,-2.5,36.2,0.52,0.28,81.0,32.3,1.12,-34.5,1.0,,,577.26,12.6,,1.33,52.0,,-0.02,-7.27,0.0,7.27,0.0,False,-0.0,2026-09-14,75.8,0.0,0.91,3.2,0.16,0.69,0.53,1.23,17.8,31.3,-0.2,485.01,427.82,432.62,True,553.72,349.2,11.73,60.2,28.0,False,False,,100.0
MLI,Mueller Industries,Industrials,Industrial Machinery & Supplies & Components,SP400,61.32,13.56,2026-10-01,501.0,TTM-4Q,2026-06-27,,,114.2,0.98,True,10.7,15.9,3.82,14.0,9.4,6.3,4.9,0.47,24.7,26.3,,,-1.24,2.8,4.8,0.87,6.0,15.84,999.0,0.79,21.7,8.8,0.46,0.28,68.0,32.8,0.98,-22.3,0.53,,,80.0,30.5,,1.0,2.0,,0.23,-29.4,0.0,29.4,0.0,False,-0.217,2026-08-27,94.5,-0.04,2.48,4.1,-0.27,0.96,0.56,1.53,14.8,19.8,-0.3,63.56,62.72,62.33,True,71.12,48.26,1.47,48.8,5.8,False,False,INSIDER-JUAL,100.0
ESS,Essex Property Trust,Real Estate,Multi-Family Residential REITs,SP500,269.51,17.32,2026-10-01,501.0,TTM-4Q,2026-06-30,2026-10-27,18.0,151.5,1.03,True,19.1,39.6,3.25,42.8,5.2,2.5,,-0.66,4.1,8.0,70.1,0.1,5.1,-5.2,1.2,2.55,5.0,,2.4,-0.06,7.3,15.8,0.6,0.27,50.0,19.4,0.58,-9.6,0.66,,,304.07,12.8,,2.58,25.0,-36.0,-0.97,0.0,0.0,0.0,0.0,False,0.0,,104.5,0.01,5.4,4.5,0.04,3.83,0.0,3.83,4.7,-49.8,-0.2,281.31,272.56,268.36,True,303.35,238.46,4.44,38.1,-11.9,False,False,,100.0
NPK,"National Presto Industries, Inc.",Industrials,Aerospace & Defense,SP600,150.12,1.07,2026-10-01,501.0,TTM-4Q,2026-07-05,,,16.9,1.02,True,18.1,25.0,2.6,172.6,5.5,4.0,2.5,-0.32,10.5,10.9,16.5,1.6,-0.28,1.9,1.5,0.78,5.0,10.69,999.0,-0.87,32.0,3.6,0.5,0.27,84.0,35.5,0.75,-23.3,0.65,,,,,,,,,0.48,0.0,0.0,0.0,0.0,False,0.0,,67.2,0.0,9.33,2.4,-0.01,0.67,0.0,0.67,20.9,3.0,0.3,143.42,137.01,132.61,True,158.17,91.28,4.56,55.2,18.8,False,True,,100.0
NWN,NW Natural,Utilities,Gas Utilities,SP600,46.66,1.96,2026-10-01,501.0,TTM-4Q,2026-06-30,,,13.5,0.96,True,9.8,15.6,1.26,14.4,10.2,6.4,-13.5,-0.03,5.8,8.3,,,5.56,-1.4,0.2,1.69,7.0,,999.0,-0.61,14.5,-6.2,0.2,0.27,42.0,20.3,0.12,-14.8,0.35,,,57.4,23.0,,2.0,5.0,,-0.25,0.0,0.0,0.0,0.0,False,0.0,2026-09-18,84.3,0.0,6.0,8.4,0.13,4.02,-2.3,1.72,4.4,22.0,4.2,49.36,50.69,49.92,True,55.99,43.64,0.84,31.2,-8.5,False,False,,100.0
ARM,Arm Holdings,Information Technology,Semiconductors,NDX,292.34,311.07,2026-10-01,501.0,TTM-4Q,2026-06-30,2026-11-04,24.0,1678.5,0.56,True,269.2,298.0,36.04,95.7,0.4,0.3,0.5,-0.83,9.3,13.4,97.5,0.9,-3.41,-10.2,2.1,2.01,8.0,74.59,999.0,1.12,66.0,51.4,0.75,0.27,95.0,78.1,2.42,-48.8,-1.41,,,288.7,-1.2,,1.93,40.0,11.4,0.08,0.0,0.0,0.0,0.0,False,0.0,2026-09-21,96.2,0.02,10.69,3.9,0.19,0.0,0.0,0.0,25.1,49.4,1.2,265.3,247.89,214.87,True,452.7,100.02,18.49,54.2,-9.6,False,False,,100.0
CTAS,Cintas,Industrials,Diversified Support Services,SP500;NDX,195.6,78.27,2026-10-01,501.0,TTM-4Q,2026-05-31,2026-12-17,55.0,414.8,0.86,True,25.5,39.1,15.23,31.8,3.9,2.6,2.4,-0.84,30.4,40.7,50.7,1.6,0.37,-2.7,1.7,1.14,8.0,12.47,24.5,1.78,-1.3,17.2,0.34,0.27,60.0,23.5,0.69,-20.0,1.13,,,218.25,11.6,,2.2,16.0,0.2,-0.18,-2.73,0.0,2.73,0.0,False,-0.003,2026-07-22,70.1,0.39,3.76,6.4,0.77,0.9,1.22,2.11,8.9,10.4,-1.0,201.89,186.52,188.06,True,219.17,161.16,3.89,44.2,5.1,False,False,,100.0
GPN,Global Payments,Financials,Transaction & Payment Processing Services,SP500,80.29,21.25,2026-10-01,501.0,TTM-4Q,2026-06-30,,,211.7,1.13,True,,,0.92,5.0,,-4.4,,-3.0,,-4.1,,,,,1.0,,,,1.5,-1.2,9.5,38.3,0.6,0.27,59.0,40.0,1.32,-29.0,-1.07,,,105.52,31.4,,2.34,29.0,,-0.0,0.0,0.0,0.0,0.0,False,0.0,,113.0,0.0,7.39,6.6,-0.01,1.18,7.53,8.72,32.5,-165.3,10.9,88.02,76.57,76.5,True,95.88,61.16,2.53,32.8,-0.5,False,False,DILUSI;GOODWILL,90.0
NTST,NETSTREIT Corp.,Real Estate,Retail REITs,SP600,17.39,1.77,2026-10-01,501.0,TTM-4Q,2026-06-30,,,30.4,1.2,True,19.0,126.6,1.12,42.4,5.3,0.8,,-0.61,2.7,1.0,,,8.32,-4.0,0.4,8.59,,,1.2,-1.15,18.4,10.4,0.68,0.27,29.0,21.1,0.27,-21.0,0.57,,,22.92,31.8,,1.5,19.0,,,0.02,0.02,0.0,1.0,False,0.001,2026-09-04,160.6,0.29,16.22,8.1,1.26,4.46,-16.8,-12.34,21.9,,24.6,20.06,20.29,19.85,True,22.47,17.02,0.4,18.5,-21.7,False,False,DILUSI,100.0
AEP,American Electric Power,Utilities,Electric Utilities,SP500;NDX,119.75,65.16,2026-10-01,501.0,TTM-4Q,2026-03-31,2026-10-29,20.0,492.0,1.03,True,,17.2,2.05,17.5,,5.8,4.0,0.88,6.8,12.8,,,,-2.9,0.4,1.85,8.0,,2.6,,12.7,-5.2,0.2,0.27,38.0,18.9,-0.05,-14.6,0.58,,,142.98,19.4,,2.0,20.0,-8.2,0.25,0.0,0.0,0.0,0.0,False,0.0,2026-09-08,94.3,0.01,4.7,7.9,0.15,3.11,-1.62,1.49,11.3,37.0,2.3,124.16,129.38,127.03,True,140.58,111.73,1.99,42.5,-15.7,False,False,,100.0
CASY,Casey's,Consumer Staples,Food Retail,SP500,619.5,22.9,2026-10-01,501.0,TTM-4Q,2026-07-31,2026-12-08,48.0,500.8,0.88,True,,29.6,5.59,26.4,,3.4,2.8,-0.81,,20.0,,0.9,,-7.0,0.5,1.8,6.0,,,,36.1,4.2,0.54,0.27,29.0,37.0,0.48,-36.1,-0.48,,,790.53,27.6,,1.6,19.0,8.1,0.63,-29.11,0.0,29.11,0.0,False,-0.127,2026-07-09,91.0,0.34,4.55,2.7,0.69,0.37,0.94,1.31,13.8,32.9,-0.6,750.63,771.24,731.99,True,927.85,497.38,22.9,37.3,-24.3,False,False,INSIDER-JUAL,100.0
KNTK,"Kinetik Holdings, Inc.",Energy,Oil & Gas Storage & Transportation,SP600,51.01,3.87,2026-10-01,501.0,TTM-4Q,2026-06-30,,,72.1,1.0,True,12.6,19.7,,23.4,7.9,5.1,4.1,-0.74,7.6,,,28.1,6.2,-6.2,2.0,3.26,7.0,0.54,0.9,-1.78,38.4,24.1,0.9,0.26,81.0,34.6,0.7,-24.4,0.13,,,57.31,12.4,,,16.0,,0.37,-84.84,0.0,84.84,0.0,False,-2.194,2026-09-23,90.8,0.02,9.54,5.8,-0.87,5.45,0.0,5.45,14.1,221.6,21.8,52.54,49.3,46.74,True,56.92,31.33,1.56,38.5,4.1,False,False,ZONA-BAHAYA;DISTRES;DILUSI;GOODWILL;INSIDER-JUAL,100.0
NNN,NNN Reit,Real Estate,Retail REITs,SP400,40.2,7.72,2026-10-01,501.0,FY,2025-12-31,,,89.4,1.31,True,9.2,19.8,1.75,19.0,10.8,5.1,,0.63,7.0,8.9,,,0.23,-3.0,0.3,1.71,5.0,,2.9,0.56,12.4,9.5,0.66,0.26,34.0,16.7,0.22,-17.9,1.02,,,47.73,18.7,,2.88,15.0,,-0.33,0.0,0.0,0.0,0.0,False,0.0,,102.1,0.01,4.48,4.9,0.05,5.74,-1.11,4.64,6.6,-1.8,2.1,45.0,44.99,44.21,True,50.0,38.9,0.71,15.5,-17.5,False,False,,75.0
EMR,Emerson Electric,Industrials,Electrical Components & Equipment,SP500,158.57,88.45,2026-10-01,501.0,TTM-4Q,2026-06-30,2026-11-04,24.0,366.1,1.41,True,20.9,34.3,4.34,21.8,4.8,2.9,3.9,-0.48,7.6,12.8,53.2,4.3,2.29,-3.1,10.7,1.52,9.0,4.48,999.0,0.01,14.3,12.4,0.42,0.26,77.0,32.0,1.45,-23.4,0.05,,,173.5,9.4,,1.9,28.0,2.0,-0.38,-2.73,0.0,2.73,0.0,False,-0.003,2026-08-11,84.1,0.01,1.51,4.0,0.0,1.39,1.04,2.43,4.8,-2.8,-0.6,154.31,144.18,144.5,True,166.35,122.64,3.84,58.8,11.2,False,False,,100.0
EQIX,Equinix,Real Estate,Data Center REITs,SP500,1012.33,99.89,2026-10-01,501.0,TTM-4Q,2026-06-30,2026-10-28,19.0,524.9,1.07,True,27.3,65.2,6.95,54.4,3.7,1.5,,-1.08,5.8,10.8,51.5,,4.1,-6.0,0.6,2.57,5.0,,3.8,-0.05,34.0,4.2,0.77,0.26,72.0,24.9,0.51,-13.7,0.29,,,1233.48,21.8,,1.5,31.0,6.3,-0.14,-4.39,0.0,4.39,0.0,False,-0.004,2026-09-04,100.7,-0.05,1.97,3.2,-0.45,1.96,0.0,1.96,9.6,54.2,1.1,1043.98,1040.8,986.19,True,1128.68,720.62,26.45,43.5,-1.5,False,False,,100.0
ICHR,"Ichor Holdings, Ltd.",Information Technology,Semiconductor Materials & Equipment,SP600,62.48,2.34,2026-10-01,501.0,TTM-4Q,2026-06-26,,,39.9,1.0,True,264.8,,2.7,19.1,0.4,-1.7,-1.1,-0.81,-2.1,-5.2,10.4,2.7,-16.32,-3.7,5.7,,4.0,5.77,-3.7,-0.89,195.4,8.3,1.03,0.26,97.0,98.5,2.34,-54.5,-1.98,,,95.86,53.4,,1.43,7.0,,,0.0,0.0,0.0,0.0,False,0.0,2026-09-15,92.5,0.02,8.79,4.3,0.18,0.0,0.0,0.0,9.1,,6.2,62.52,66.97,57.93,True,113.58,14.06,3.35,57.4,-38.0,False,False,DILUSI,100.0
CR,Crane,Industrials,Industrial Machinery & Supplies & Components,SP400,206.32,11.93,2026-10-01,501.0,TTM-4Q,2026-06-30,2026-10-26,17.0,76.4,0.62,True,23.3,35.5,5.48,26.4,4.3,2.8,3.2,-0.64,13.5,16.5,41.7,,1.37,-2.8,1.7,1.28,5.0,5.75,12.9,0.3,9.2,16.0,0.39,0.26,60.0,32.3,1.11,-23.4,0.38,,,237.2,15.0,,1.3,10.0,6.8,0.14,-0.22,0.0,0.22,0.0,False,-0.002,2026-08-31,80.0,0.0,2.17,2.7,-0.0,0.47,0.0,0.47,16.3,-4.5,0.3,209.55,197.36,196.96,True,230.5,159.58,5.03,52.8,-7.6,False,False,,100.0
BAX,Baxter International,Health Care,Health Care Equipment,SP500,23.64,12.22,2026-10-01,501.0,TTM-4Q,2026-06-30,2026-10-29,20.0,165.8,1.08,True,16.1,,1.97,11.6,6.2,-8.7,,-0.09,-3.0,-15.7,30.1,3.5,-1.92,-11.7,6.3,,3.0,2.26,-0.9,-0.57,12.1,52.0,0.73,0.26,74.0,43.8,1.09,-33.7,-0.33,,,28.73,21.5,,2.69,11.0,52.5,0.18,0.0,0.0,0.0,0.0,False,0.0,,110.2,0.12,7.09,4.7,0.13,1.51,0.0,1.51,5.4,,0.8,25.22,21.03,20.81,True,30.0,15.73,0.73,43.4,1.7,False,False,F-RENDAH,100.0
VRT,Vertiv,Industrials,Electrical Components & Equipment,SP500,246.12,94.75,2026-10-01,501.0,TTM-4Q,2026-06-30,,,1346.5,0.65,True,37.0,54.7,19.92,,2.7,1.8,3.1,-1.02,25.9,43.9,38.0,3.3,0.05,-12.3,4.0,1.94,6.0,6.65,41.4,1.72,69.8,-1.3,0.52,0.26,72.0,65.6,2.2,-40.7,-2.1,,,,,,,,,1.21,0.0,0.0,0.0,0.0,False,0.0,2026-09-01,,,,,0.07,0.09,0.0,0.09,26.2,113.2,0.7,261.8,288.58,264.16,True,379.93,147.35,12.16,45.7,-20.2,False,False,,100.0
DD,DuPont,Industrials,Industrial Conglomerates,SP500,129.2,17.45,2026-10-01,501.0,TTM-4Q,2026-06-30,2026-11-05,25.0,148.9,0.83,True,20.6,317.2,1.27,16.2,4.8,0.3,4.0,-0.29,1.8,0.3,35.1,37.5,1.52,-3.4,6.2,18.93,9.0,0.41,999.0,-1.62,37.5,-3.9,0.55,0.26,56.0,30.6,1.15,-18.6,0.54,,,170.0,31.6,,,16.0,6.8,-0.58,0.0,0.0,0.0,0.0,False,0.0,,79.9,0.03,4.12,4.0,0.05,2.39,-0.77,1.62,3.3,,-2.2,135.63,138.64,137.6,True,157.98,92.49,2.62,42.3,-10.0,False,False,ZONA-BAHAYA,100.0
IART,Integra Lifesciences Holdings,Health Care,Health Care Equipment,SP600,16.09,1.25,2026-10-01,501.0,TTM-4Q,2026-06-30,,,14.8,0.7,True,,,1.2,6.2,,-0.6,2.1,0.02,2.9,-0.7,52.5,1.2,,-2.6,6.7,,6.0,1.28,0.7,-0.38,16.0,73.7,0.73,0.26,76.0,61.1,1.83,-44.8,-1.75,,,19.56,21.5,,,9.0,,,0.0,0.0,0.0,0.0,False,0.0,,98.7,0.0,12.07,9.8,0.04,0.0,0.0,0.0,1.6,,1.9,16.87,14.72,14.06,True,20.49,8.7,0.67,47.9,-13.1,False,False,ZONA-BAHAYA;DISTRES,100.0
BXP,"BXP, Inc.",Real Estate,Office REITs,SP500,60.24,9.62,2026-10-01,501.0,TTM-4Q,2026-06-30,2026-10-27,18.0,90.4,1.0,True,,32.4,1.87,27.1,,3.1,11.9,0.87,,5.7,59.1,1.4,,-3.9,1.3,4.33,5.0,,,0.05,-6.6,32.8,0.48,0.25,33.0,27.5,0.99,-31.9,-1.25,,,76.35,26.7,,2.14,20.0,14.8,2.62,0.0,0.0,0.0,0.0,False,0.0,,113.3,-0.05,10.32,10.6,-0.48,5.67,0.0,5.67,1.9,5922.3,0.5,66.93,62.06,62.92,False,76.37,49.72,1.47,30.9,-15.3,False,False,,100.0
RGEN,Repligen,Health Care,Biotechnology,SP400,177.23,10.0,2026-10-01,501.0,TTM-4Q,2026-06-30,,,197.4,1.85,True,67.9,240.8,4.74,,1.5,0.4,1.1,-0.6,2.0,2.0,53.8,,-1.81,-3.2,3.2,3.25,7.0,8.16,2.9,-0.32,27.2,43.7,0.78,0.25,86.0,45.4,1.4,-40.3,-0.84,,,,,,,,,,0.0,0.0,0.0,0.0,False,0.0,2026-09-24,,,,,0.09,0.0,0.0,0.0,16.5,,0.2,168.78,139.55,143.4,True,198.87,100.99,7.49,48.9,21.3,False,False,,100.0
VEEV,Veeva Systems,Health Care,Health Care Technology,SP500,281.93,45.65,2026-10-01,501.0,TTM-4Q,2026-07-31,,,412.0,0.62,True,,45.0,6.14,,,2.2,,-0.1,11.2,14.4,75.0,1.6,,-7.6,0.9,1.64,5.0,19.19,999.0,0.89,-6.3,61.6,0.65,0.25,89.0,42.3,0.99,-50.5,-0.67,,,,,,,,,-0.05,-0.2,0.0,0.2,0.0,False,-0.0,2026-09-14,,,,,0.09,0.0,0.0,0.0,16.5,25.3,-1.6,248.86,198.5,200.96,True,310.5,148.05,8.99,64.7,42.6,False,False,,100.0
GS,Goldman Sachs,Financials,Investment Banking & Brokerage,SP500,896.67,261.08,2026-10-01,501.0,TTM-4Q,2026-06-30,,,2056.1,1.21,True,,12.4,2.13,12.2,,8.0,,-0.03,,17.0,,,,,0.4,,,,999.0,-0.12,28.4,17.6,0.72,0.25,46.0,32.1,1.42,-21.8,-0.57,,,1126.65,25.6,,2.6,20.0,,0.16,-1.09,0.0,1.09,0.0,False,-0.0,2026-08-28,75.9,0.02,2.39,3.8,0.08,2.35,5.36,7.71,17.8,34.8,-4.2,1007.22,972.07,959.64,True,1153.99,740.01,24.49,29.7,-14.4,False,False,,90.0
WAFD,"WaFd, Inc.",Financials,Regional Banks,SP600,29.98,2.22,2026-10-01,501.0,TTM-4Q,2026-06-30,,,47.6,0.87,True,,8.6,0.73,,,11.6,,1.41,,8.5,,,,,0.2,,,,999.0,-0.33,20.6,13.6,0.71,0.25,25.0,24.1,0.69,-23.3,0.42,,,,,,,,,-0.31,0.0,0.0,0.0,0.0,False,0.0,,,,,,0.05,3.65,7.86,11.51,10.1,13.2,-7.3,35.13,34.84,34.33,True,39.49,26.31,0.76,19.9,-23.8,False,False,,90.0
SDGR,"Schrödinger, Inc.",Health Care,Health Care Services,SP600,30.46,2.31,2026-10-01,501.0,TTM-4Q,2026-06-30,,,73.1,2.13,True,,,7.02,,-7.8,-2.4,-5.6,-1.94,-36.1,-16.2,56.9,6.3,,10.9,10.0,,3.0,3.12,-999.0,-3.0,3.9,80.4,0.69,0.25,97.0,61.0,1.79,-50.8,-1.87,,,,,,,,,,0.0,0.0,0.0,0.0,False,0.0,2026-09-17,,,,,0.09,0.0,0.0,0.0,8.9,,3.2,21.01,16.0,15.9,True,32.45,10.94,1.8,70.8,75.9,False,True,F-RENDAH,100.0
PII,Polaris,Consumer Discretionary,Leisure Products,SP400,52.37,2.98,2026-10-01,501.0,TTM-4Q,2026-03-31,,,46.6,1.29,True,,,3.97,,-1.6,-15.0,5.4,-1.57,-9.1,-45.1,20.0,1.6,,-14.7,7.2,,5.0,1.52,-2.8,-0.59,10.1,14.5,0.25,0.25,23.0,50.2,1.05,-34.2,-0.3,,,,,,,,,-3.0,0.0,0.0,0.0,0.0,False,0.0,,,,,,0.08,5.09,0.31,5.39,4.3,-1209.7,0.9,63.13,62.88,64.03,False,77.98,47.14,2.08,27.3,-19.1,False,False,ZONA-BAHAYA;DISTRES,100.0
HWC,Hancock Whitney,Financials,Regional Banks,SP400,71.93,5.77,2026-10-01,501.0,TTM-4Q,2026-06-30,,,65.4,1.01,True,,13.5,1.3,9.8,,7.4,,0.12,,9.7,,,,,0.1,,,,999.0,-0.26,19.6,15.1,0.7,0.25,63.0,24.9,0.97,-17.5,0.33,,,84.22,17.1,,1.8,10.0,,,-2.11,0.0,2.11,0.0,False,-0.037,2026-08-20,98.8,0.01,10.49,9.1,-0.01,2.74,5.68,8.42,,-9.2,-5.2,75.64,70.78,70.17,True,80.13,54.05,1.42,35.9,-6.0,False,False,,90.0
ACAD,Acadia Pharmaceuticals,Health Care,Pharmaceuticals,SP600,19.89,3.43,2026-10-01,501.0,TTM-4Q,2026-06-30,2026-11-04,24.0,55.1,1.23,True,25.1,9.0,2.62,22.4,4.0,11.1,4.2,0.24,8.1,35.7,91.1,1.4,-9.72,14.8,24.7,0.42,5.0,4.7,999.0,0.13,35.4,29.4,0.82,0.24,14.0,39.3,1.16,-34.9,-0.31,,,32.16,61.7,,1.8,19.0,317.2,2.13,0.0,0.0,0.0,0.0,False,0.0,2026-08-06,99.8,0.01,8.87,6.9,0.06,0.0,-1.37,-1.37,11.8,71.3,2.5,27.05,24.01,24.43,True,30.96,19.59,1.0,15.6,-25.3,False,False,,100.0
CVBF,CVB Financial Corp.,Financials,Regional Banks,SP600,22.01,3.87,2026-10-01,501.0,TTM-4Q,2026-06-30,2026-10-21,14.0,32.8,1.21,True,,18.7,1.22,11.0,,5.3,,-0.24,,7.6,,,,,0.1,,,,999.0,-0.31,20.4,13.2,0.71,0.24,68.0,23.8,0.73,-13.3,0.77,,,26.0,18.1,,2.17,6.0,4.4,-0.25,-0.24,0.68,0.92,2.0,False,-0.006,2026-08-31,85.6,0.01,7.38,9.7,0.03,2.83,1.16,3.99,,1.5,21.9,22.53,21.19,20.87,True,23.41,17.95,0.42,44.7,-5.9,False,False,DILUSI,90.0
CL,Colgate-Palmolive,Consumer Staples,Household Products,SP500,84.53,67.39,2026-10-01,501.0,TTM-4Q,2026-06-30,2026-10-30,21.0,471.5,0.93,True,19.6,33.1,285.53,20.6,5.1,3.0,5.7,-0.57,27.7,434.3,60.4,1.3,1.71,-14.1,2.0,2.19,5.0,6.63,12.3,2.6,14.9,6.2,0.47,0.24,45.0,22.4,0.19,-17.0,0.94,,,98.8,16.9,,2.05,20.0,4.5,0.01,-31.01,0.0,31.01,0.0,False,-0.046,2026-08-24,86.4,0.01,2.58,4.2,-0.17,2.7,1.92,4.62,5.2,-30.0,-1.4,89.75,89.07,88.45,True,99.33,74.55,1.51,33.7,-13.4,False,False,GOODWILL;INSIDER-JUAL,100.0
FLS,Flowserve,Industrials,Industrial Machinery & Supplies & Components,SP400,73.06,9.29,2026-10-01,501.0,TTM-4Q,2026-06-30,,,118.3,0.74,True,21.9,25.0,4.11,15.7,4.6,4.0,4.4,-0.4,7.5,16.6,,,2.88,-1.9,1.3,1.31,6.0,2.89,4.6,-0.85,45.5,1.9,0.49,0.24,65.0,48.0,1.66,-29.8,-0.77,,,89.1,22.0,,1.82,10.0,,,0.0,0.0,0.0,0.0,False,0.0,,116.0,0.0,6.28,5.0,0.0,1.18,2.44,3.62,,27.3,-2.5,76.61,75.73,76.35,True,92.41,48.71,2.28,42.3,-1.5,False,False,,100.0
FRPT,Freshpet,Consumer Staples,Packaged Foods & Meats,SP600,57.72,2.77,2026-10-01,501.0,TTM-4Q,2026-06-30,,,65.5,1.05,True,14.9,13.6,2.24,29.4,6.7,7.3,2.2,-0.35,6.1,17.6,41.4,4.0,0.25,-0.2,5.4,1.02,8.0,3.95,6.8,-1.13,27.6,17.0,0.45,0.24,47.0,49.4,1.17,-44.6,-1.88,,,84.25,46.0,,1.65,16.0,,1.65,0.06,0.06,0.0,1.0,False,0.002,2026-09-14,133.9,0.0,18.65,7.1,-0.02,0.0,0.0,0.0,12.8,504.2,11.2,65.85,62.23,63.63,True,86.0,46.45,2.19,26.8,-0.2,False,False,DILUSI,90.0
APA,APA Corporation,Energy,Oil & Gas Exploration & Production,SP500,43.34,15.18,2026-10-01,501.0,TTM-4Q,2026-06-30,2026-11-04,24.0,272.4,1.14,True,3.1,9.1,2.16,9.7,32.5,11.0,,1.76,26.1,25.9,,,0.55,-15.8,9.6,2.7,,,13.4,2.54,88.8,8.6,1.06,0.24,93.0,46.0,0.35,-27.7,-0.01,,,45.96,6.0,,2.56,25.0,1.0,-0.19,0.0,0.0,0.0,0.0,False,0.0,,110.1,-0.01,9.21,4.7,-0.11,2.34,0.0,2.34,,55.1,-1.9,41.43,38.31,35.25,True,47.44,21.63,1.54,51.8,30.6,False,True,,94.0
CZR,Caesars Entertainment,Consumer Discretionary,Casinos & Gaming,SP600,29.62,6.03,2026-10-01,501.0,TTM-4Q,2026-06-30,2026-10-27,18.0,134.3,0.71,True,5.2,,1.79,40.9,19.3,-7.7,10.1,0.55,9.2,-12.8,,,3.33,-5.5,1.8,,6.0,,0.8,-0.51,9.8,11.8,0.24,0.23,63.0,45.8,1.35,-33.5,-0.42,,,31.27,5.6,,2.93,15.0,-246.4,-1.98,-9.77,0.0,9.77,0.0,False,-0.162,2026-09-15,97.9,-0.0,10.76,7.4,-0.05,0.0,0.0,0.0,2.4,,-2.4,29.73,28.63,27.12,True,30.88,17.86,0.11,45.7,-5.0,False,False,GOODWILL,100.0
BC,Brunswick,Consumer Discretionary,Leisure Products,SP400,64.22,4.16,2026-10-01,501.0,TTM-4Q,2026-07-04,2026-10-22,15.0,55.3,1.05,True,21.5,,2.48,11.9,4.6,-2.1,8.2,-0.55,-0.4,-4.8,25.6,2.7,6.54,-10.8,5.8,,6.0,2.69,-0.2,-0.85,18.7,1.5,0.27,0.23,23.0,37.4,1.24,-26.9,0.2,,,90.71,41.2,,2.05,17.0,31.0,-1.26,0.0,0.0,0.0,0.0,False,0.0,2026-08-03,107.1,0.01,0.01,0.0,0.07,2.72,1.64,4.36,10.5,-306.7,-0.8,75.35,77.34,78.74,True,90.25,58.56,2.22,25.3,-20.8,False,False,,100.0
CCS,"Century Communities, Inc.",Consumer Discretionary,Homebuilding,SP600,60.16,1.71,2026-10-01,501.0,TTM-4Q,2026-06-30,2026-10-21,14.0,16.8,0.88,True,16.5,12.8,0.67,13.1,6.1,7.8,2.0,-0.19,3.2,5.2,,,7.96,1.4,4.8,0.51,,,999.0,-2.24,4.4,14.2,0.22,0.23,36.0,41.6,0.59,-35.0,0.41,,,78.0,29.7,,,2.0,106.4,-0.85,0.0,0.0,0.0,0.0,False,0.0,,95.4,0.06,9.26,6.9,0.14,2.08,5.82,7.9,-8.9,-48.5,-6.6,66.25,61.68,62.66,True,76.0,47.28,1.98,38.9,-16.2,False,False,,100.0
SCHW,Charles Schwab Corporation,Financials,Investment Banking & Brokerage,SP500,98.37,170.11,2026-10-01,501.0,TTM-4Q,2026-06-30,,,877.0,0.78,True,,16.8,3.39,,,5.9,,-0.64,,20.3,,,,,0.3,,,,999.0,0.11,14.9,18.0,0.65,0.23,53.0,25.4,0.83,-19.8,0.36,,,,,,,,,0.3,-125.38,0.0,125.38,0.0,False,-0.074,2026-09-01,,,,,-0.01,1.41,0.0,1.41,20.3,38.6,-4.6,106.42,97.72,98.33,True,114.53,83.96,2.21,33.1,-1.1,False,False,INSIDER-JUAL,90.0
BRC,Brady Corporation,Industrials,Commercial Printing,SP600,84.14,4.02,2026-10-01,501.0,TTM-4Q,2026-07-31,2026-11-17,33.0,25.0,0.71,True,12.5,19.6,2.96,11.7,8.0,5.1,4.8,0.24,15.7,16.1,51.7,1.2,-0.56,-2.2,1.0,1.19,7.0,7.58,27.2,0.89,17.2,10.0,0.42,0.23,48.0,32.7,0.52,-26.1,0.87,,,110.0,30.7,,1.0,2.0,1.0,-0.14,-0.48,0.0,0.48,0.0,False,-0.012,2026-09-18,88.1,0.0,2.38,4.5,-0.02,1.15,1.05,2.2,9.8,8.5,-0.7,90.76,86.93,86.69,True,99.29,70.57,2.25,38.4,-10.8,False,False,,100.0
CTS,CTS Corporation,Information Technology,Electronic Manufacturing Services,SP600,59.81,1.71,2026-10-01,501.0,TTM-4Q,2026-03-31,2026-10-27,18.0,13.7,0.84,True,13.7,24.7,3.07,20.9,7.3,4.0,5.1,0.5,11.0,12.6,39.0,1.2,-0.23,-4.5,5.9,1.5,8.0,7.32,22.9,-0.43,41.1,16.2,0.82,0.23,81.0,35.1,1.37,-20.3,1.2,,,70.67,18.2,,,3.0,21.3,-0.24,0.0,0.0,0.0,0.0,False,0.0,,100.8,0.03,4.4,6.0,0.19,0.27,3.41,3.68,7.8,19.8,-4.4,59.91,58.21,56.02,True,69.55,36.03,1.6,57.3,-3.6,False,False,,90.0
ALV,Autoliv,Consumer Discretionary,Automotive Parts & Equipment,SP400,113.07,8.28,2026-10-01,501.0,TTM-4Q,2026-06-30,2026-10-23,16.0,82.6,0.93,True,6.9,12.9,3.33,9.6,14.6,7.8,9.1,0.45,16.2,25.9,19.2,1.2,1.15,-6.1,1.4,1.81,8.0,2.91,9.9,-0.24,-1.3,13.0,0.2,0.22,43.0,28.7,0.9,-22.0,1.0,,,134.31,18.8,,2.06,16.0,-2.0,-0.15,0.0,0.0,0.0,0.0,False,0.0,,84.7,0.0,7.22,8.2,0.05,3.14,5.43,8.57,5.9,-10.2,-4.0,120.24,117.5,119.05,False,132.17,99.16,2.78,39.8,-5.2,False,False,,100.0
PLD,Prologis,Real Estate,Industrial REITs,SP500,128.18,119.51,2026-10-01,501.0,TTM-4Q,2026-03-31,,,481.8,1.54,True,20.7,31.5,2.23,,4.8,3.2,,-0.61,4.9,7.1,,,4.57,-1.4,0.7,1.35,4.0,,4.6,-0.52,24.8,5.5,0.71,0.22,46.0,21.3,0.74,-13.9,0.16,,,,,,,,,-0.32,0.0,0.0,0.0,0.0,False,0.0,2026-07-16,,,,,0.06,3.2,0.0,3.2,6.7,-0.1,0.2,139.01,139.8,137.93,True,153.35,111.03,2.25,26.1,-10.4,False,False,,100.0
SANM,Sanmina Corporation,Information Technology,Electronic Manufacturing Services,SP400,221.96,11.9,2026-10-01,501.0,TTM-4Q,2026-06-27,,,122.5,0.93,True,17.6,38.6,4.31,,5.7,2.6,5.0,0.2,9.8,11.8,9.0,0.4,0.47,-7.9,0.8,2.92,6.0,,5.6,-0.99,62.7,43.9,0.73,0.22,91.0,73.0,1.41,-42.0,-0.36,,,,,,,,,1.3,0.0,0.0,0.0,0.0,False,0.0,2026-09-17,,,,,0.15,0.0,0.0,0.0,58.6,18.9,1.2,201.78,199.0,188.12,True,288.68,112.6,11.04,58.7,-1.5,False,True,,100.0
SHC,Sotera Health,Health Care,Health Care Services,SP400,18.12,5.17,2026-10-01,501.0,TTM-4Q,2026-06-30,,,37.4,0.82,True,17.9,31.6,7.77,,5.6,3.2,2.2,-0.16,6.2,27.8,55.0,0.4,4.58,-3.9,4.3,1.79,7.0,1.77,999.0,-0.17,18.8,25.6,0.77,0.22,63.0,28.6,1.26,-32.1,-0.06,,,,,,,,,1.44,-24.0,0.0,24.0,0.0,False,-0.464,2026-08-17,,,,,-0.32,0.0,0.0,0.0,8.1,580.5,0.8,18.61,16.68,16.98,True,19.85,13.09,0.43,41.2,-1.5,False,False,ZONA-BAHAYA;GOODWILL;INSIDER-JUAL,100.0
SFNC,Simmons First National Corporation,Financials,Regional Banks,SP600,22.73,3.28,2026-10-01,501.0,TTM-4Q,2026-06-30,,,33.9,1.09,True,,,0.94,,,-10.6,,-1.92,,-9.9,,,,,1.0,,,,999.0,-1.32,19.7,15.3,0.68,0.22,71.0,25.7,0.8,-14.0,0.59,,,,,,,,,,0.0,0.0,0.0,0.0,False,0.0,,,,,,0.05,3.77,0.0,3.77,,-318.1,15.0,23.17,21.78,21.36,True,24.32,17.0,0.48,46.6,-3.0,False,False,DILUSI,90.0
ES,Eversource Energy,Utilities,Electric Utilities,SP500,64.31,24.22,2026-10-01,501.0,TTM-4Q,2026-06-30,2026-11-04,24.0,173.0,0.89,True,9.7,16.6,1.48,13.1,10.3,6.0,1.2,0.9,6.1,9.1,,,5.16,-4.8,1.4,3.04,8.0,,2.2,0.46,2.5,2.4,0.1,0.22,30.0,24.5,0.2,-15.1,0.08,,,73.58,14.4,,2.69,12.0,-0.3,0.68,-0.21,0.0,0.21,0.0,False,-0.001,2026-08-25,88.2,0.0,3.17,4.8,-0.05,4.68,0.0,4.68,7.8,68.3,2.2,70.17,70.4,70.16,False,76.57,62.72,1.23,31.7,-15.8,False,False,,100.0
A,Agilent Technologies,Health Care,Life Sciences Tools & Services,SP500,166.68,46.99,2026-10-01,501.0,TTM-4Q,2026-07-31,2026-11-25,39.0,396.1,1.12,True,25.8,32.6,6.38,24.7,3.9,3.1,2.7,-0.24,41.6,21.0,53.8,1.4,1.15,-1.3,0.5,1.12,6.0,5.58,15.5,0.48,17.5,31.1,0.75,0.21,87.0,32.6,0.95,-29.7,0.19,,,175.43,5.2,,1.78,21.0,9.0,-0.25,-0.1,0.0,0.1,0.0,False,-0.0,2026-09-04,95.5,0.04,2.05,2.1,0.07,0.61,0.81,1.42,8.6,18.0,-0.7,151.97,131.83,132.69,True,177.05,108.35,4.96,59.9,24.3,False,False,,100.0
KIM,Kimco Realty,Real Estate,Retail REITs,SP500,22.21,14.9,2026-10-01,501.0,TTM-4Q,2026-06-30,,,129.3,1.08,True,16.0,24.5,1.45,25.2,6.2,4.1,,-0.2,4.2,5.8,,,5.41,-2.9,1.6,1.94,7.0,,2.3,-0.61,14.3,8.6,0.65,0.21,46.0,17.7,0.58,-14.8,0.55,,,26.82,20.8,,2.39,21.0,,-0.48,0.0,0.0,0.0,0.0,False,0.0,,104.1,-0.03,6.41,7.0,-0.29,4.87,1.12,5.99,4.4,1.6,-0.5,23.92,23.95,23.26,True,26.65,19.76,0.34,26.7,-14.5,False,False,,90.0
TPC,Tutor Perini Corporation,Industrials,Construction & Engineering,SP600,83.26,4.38,2026-10-01,501.0,TTM-4Q,2026-06-30,,,36.9,1.15,True,12.2,35.3,3.46,,8.2,2.8,14.2,0.76,11.1,10.1,11.5,4.1,-1.73,-13.2,2.9,6.43,7.0,2.17,4.9,0.07,32.4,10.1,0.43,0.21,73.0,49.6,1.33,-29.3,-0.46,,,,,,,,,,-216.82,0.0,216.82,0.0,False,-4.954,2026-08-31,,,,,-1.8,0.0,0.0,0.0,24.7,,0.5,88.03,81.61,80.3,True,102.3,57.9,2.89,42.1,5.8,False,False,INSIDER-JUAL,100.0
MMSI,"Merit Medical Systems, Inc.",Health Care,Health Care Supplies,SP600,86.15,5.14,2026-10-01,501.0,TTM-4Q,2026-06-30,,,52.9,1.13,True,16.7,35.3,3.06,18.7,6.0,2.8,4.0,0.1,6.5,9.2,49.5,1.4,0.88,-5.1,0.8,1.95,9.0,4.19,6.3,-0.16,9.0,32.9,0.71,0.21,72.0,29.5,0.62,-35.3,0.42,,,101.45,17.8,,1.82,11.0,,-0.11,-2.5,0.0,2.5,0.0,False,-0.049,2026-08-24,108.3,0.02,8.91,6.2,0.02,0.0,-0.25,-0.25,10.2,22.2,-1.0,87.06,74.35,76.74,True,94.75,59.74,1.85,45.8,18.1,False,False,,100.0
TER,Teradyne,Information Technology,Semiconductor Materials & Equipment,SP500;NDX,415.79,65.0,2026-10-01,501.0,TTM-4Q,2026-06-28,,,913.1,0.69,True,,56.5,18.91,,,1.8,1.2,-0.5,41.2,36.7,59.2,0.8,,2.0,5.2,0.93,6.0,29.37,118.8,1.07,144.1,7.5,0.99,0.21,96.0,76.9,1.47,-34.0,-0.23,,,,,,,,,1.38,0.0,0.0,0.0,0.0,False,0.0,2026-09-17,,,,,0.15,0.12,0.77,0.89,57.9,145.2,-1.5,373.42,362.14,333.79,True,487.91,131.75,19.27,62.5,9.8,False,True,UTANG-TAK-TERBACA,90.0
POWL,"Powell Industries, Inc.",Industrials,Electrical Components & Equipment,SP600,190.6,6.94,2026-10-01,501.0,TTM-4Q,2026-06-30,,,96.2,0.88,True,26.7,36.4,9.18,,3.7,2.7,3.5,-0.75,26.2,28.3,30.1,5.5,-2.68,-5.3,7.3,1.34,5.0,9.03,999.0,0.97,69.8,-6.7,0.5,0.2,83.0,62.8,1.99,-47.0,-2.02,,,,,,,,,-0.22,-0.0,0.0,0.0,0.0,False,-0.0,2026-08-14,,,,,0.07,0.19,0.0,0.19,7.0,8.8,0.2,194.92,227.7,207.22,True,328.0,92.59,8.35,51.8,-24.6,False,False,,100.0
OKE,Oneok,Energy,Oil & Gas Storage & Transportation,SP500,87.16,54.94,2026-10-01,501.0,TTM-4Q,2026-06-30,,,344.8,0.87,True,11.5,15.0,2.4,14.0,8.7,6.7,5.3,-0.22,8.5,16.3,27.2,1.1,4.3,-3.8,0.9,1.68,5.0,1.62,3.4,-0.44,38.3,12.2,0.93,0.2,67.0,27.0,0.38,-12.6,1.1,,,101.5,16.5,,2.27,20.0,,0.45,0.0,0.0,0.0,0.0,False,0.0,,84.8,0.0,4.88,8.0,-0.03,4.81,0.0,4.81,40.8,18.2,0.6,92.3,89.7,86.67,True,99.85,64.02,2.5,36.3,-3.3,False,False,ZONA-BAHAYA,100.0
XOM,ExxonMobil,Energy,Integrated Oil & Gas,SP500,163.82,673.61,2026-10-01,501.0,TTM-4Q,2026-06-30,,,2316.6,0.82,True,9.3,20.6,2.6,,10.7,4.9,4.5,-0.27,11.1,12.6,,,0.42,-5.9,3.4,1.82,6.0,4.67,59.5,-0.03,50.2,3.7,1.04,0.2,85.0,25.9,-0.02,-20.1,1.25,,,,,,,,,-0.35,0.0,0.0,0.0,0.0,False,0.0,,,,,,0.15,2.56,3.05,5.6,9.1,5.6,-3.6,160.4,153.86,148.86,True,176.41,110.39,3.56,54.6,16.5,False,True,,100.0
DUOL,Duolingo,Consumer Discretionary,Education Services,SP400,146.57,7.33,2026-10-01,501.0,TTM-4Q,2026-06-30,2026-11-04,24.0,166.6,0.72,True,35.6,17.9,5.2,19.2,2.8,5.6,5.6,-0.73,13.2,34.4,72.7,0.4,-6.83,-1.1,13.8,1.05,6.0,8.25,999.0,1.22,-50.7,65.1,0.11,0.2,53.0,65.5,1.45,-74.1,-2.49,,,134.29,-8.4,,2.71,18.0,-19.7,2.44,-0.31,0.0,0.31,0.0,False,-0.004,2026-09-22,99.7,-0.13,18.72,5.5,-0.15,0.0,0.0,0.0,29.4,250.5,2.1,141.99,120.58,127.59,False,353.0,87.89,7.18,51.8,13.6,False,False,,100.0
FITB,Fifth Third Bancorp,Financials,Regional Banks,SP500,50.41,45.72,2026-10-01,501.0,TTM-4Q,2026-06-30,,,332.2,1.64,True,,19.5,1.33,10.2,,5.1,,-0.3,,8.4,,,,,0.1,,,,999.0,-0.32,21.9,14.0,0.68,0.19,53.0,26.6,1.0,-21.2,0.09,,,62.65,24.3,,1.67,20.0,,-0.97,0.0,0.0,0.0,0.0,False,0.0,,93.0,0.0,0.0,0.0,-0.01,2.83,0.66,3.48,-2.3,0.4,35.9,54.98,52.08,51.67,True,59.5,40.05,1.08,30.3,-14.0,False,False,DILUSI,90.0
CRBG,Corebridge Financial,Financials,Asset Management & Custody Banks,SP400,33.66,15.0,2026-10-01,501.0,TTM-4Q,2026-06-30,2026-11-02,22.0,164.7,1.15,True,,16.5,1.41,5.8,,6.0,,0.09,,7.9,,,,,0.9,,,,3.0,-0.6,3.1,34.5,0.54,0.19,78.0,35.1,1.31,-30.6,-0.91,,,38.83,15.4,,1.64,12.0,3.5,1.22,-491.37,0.0,491.37,0.0,False,-3.275,2026-09-23,113.7,0.26,4.83,3.7,-0.6,3.15,20.23,23.39,29.5,,-17.5,33.28,29.07,29.4,True,35.64,22.19,0.88,49.0,10.3,False,False,INSIDER-JUAL,90.0
ALRM,"Alarm.Com, Inc.",Financials,Application Software,SP600,54.86,2.69,2026-10-01,501.0,TTM-4Q,2026-06-30,2026-11-05,25.0,26.1,1.11,True,,23.0,3.12,17.9,,4.4,,-0.76,,14.1,,,,,0.9,,,,8.6,0.34,4.8,28.4,0.55,0.19,68.0,30.4,1.04,-20.7,-0.09,,,63.0,14.8,,,5.0,18.9,-0.28,-0.3,0.0,0.3,0.0,False,-0.011,2026-08-24,101.7,0.04,9.09,7.9,0.26,0.0,2.84,2.84,8.7,-8.7,-7.0,55.35,49.25,49.28,True,58.15,41.49,1.31,52.0,7.6,False,False,,90.0
LH,Labcorp,Health Care,Health Care Services,SP500,304.6,24.7,2026-10-01,501.0,TTM-4Q,2026-06-30,,,260.8,0.67,True,13.9,24.6,2.87,15.3,7.2,4.1,4.7,0.29,8.4,11.7,28.9,3.9,2.61,-3.5,3.2,1.63,7.0,3.3,6.6,-1.24,15.3,20.7,0.75,0.19,67.0,24.0,0.35,-15.2,1.36,,,344.81,13.2,,1.72,16.0,,-0.11,-0.72,0.0,0.72,0.0,False,-0.003,2026-08-17,101.9,-0.04,3.03,3.5,0.01,0.97,2.84,3.81,6.4,31.3,-2.3,319.0,284.44,280.12,True,341.8,244.52,7.25,37.6,3.5,False,False,,100.0
TDW,"Tidewater, Inc.",Energy,Oil & Gas Equipment & Services,SP600,82.18,4.09,2026-10-01,501.0,TTM-4Q,2026-06-30,,,51.6,0.99,True,9.0,16.6,2.94,,11.1,6.0,6.6,-0.1,13.0,19.5,,6.3,0.09,-2.9,9.0,1.26,6.0,3.61,999.0,-0.06,80.2,15.2,0.97,0.19,87.0,49.1,0.9,-29.1,-0.69,,,,,,,,,-0.54,-4.46,0.0,4.46,0.0,False,-0.109,2026-09-16,,,,,0.1,0.0,0.0,0.0,-1.0,24.1,0.2,87.41,81.29,76.23,True,101.58,46.65,3.08,39.4,17.6,False,False,,100.0
SBH,"Sally Beauty Holdings, Inc.",Consumer Discretionary,Specialty Stores,SP600,16.07,1.5,2026-10-01,501.0,TTM-4Q,2026-06-30,,,21.5,1.64,True,5.2,7.8,1.73,,19.3,12.8,16.0,1.46,14.1,23.5,52.1,0.5,1.55,-6.3,0.9,1.92,7.0,2.89,999.0,0.4,0.6,15.6,0.19,0.18,67.0,42.9,1.01,-30.5,0.12,,,,,,,,,-0.32,0.0,0.0,0.0,0.0,False,0.0,,,,,,0.08,0.0,6.15,6.15,1.1,-0.9,-5.2,16.2,14.65,14.87,True,17.92,11.54,0.57,46.2,10.8,False,False,,100.0
COLM,Columbia Sportswear,Consumer Discretionary,"Apparel, Accessories & Luxury Goods",SP400,57.69,2.95,2026-10-01,501.0,TTM-4Q,2026-06-30,2026-10-29,20.0,39.6,1.5,True,7.4,14.3,1.84,13.8,13.5,7.0,10.9,0.54,11.8,12.7,52.2,0.8,-1.99,-6.2,2.1,1.86,7.0,4.31,999.0,0.64,10.9,5.1,0.22,0.18,50.0,36.3,0.63,-19.1,1.1,,,69.83,21.0,,,6.0,233.2,0.23,0.0,0.0,0.0,0.0,False,0.0,,53.1,0.0,17.46,6.5,0.05,2.15,7.43,9.58,-0.1,-8.3,-6.4,58.3,60.01,59.41,True,69.06,47.47,1.55,49.7,-11.2,False,False,,100.0
CNH,CNH Industrial,Industrials,Agricultural & Farm Machinery,SP400,12.85,15.9,2026-10-01,501.0,TTM-4Q,2026-06-30,2026-11-09,27.0,246.1,0.85,True,,51.1,2.04,18.8,,2.0,,0.02,0.8,4.0,30.6,2.0,,-3.4,1.4,5.74,6.0,,999.0,-1.02,16.3,14.5,0.37,0.18,82.0,41.4,0.71,-24.1,0.52,,,13.94,8.5,,1.95,19.0,22.4,-0.6,0.0,0.0,0.0,0.0,False,0.0,,78.3,-0.0,6.03,2.1,-0.02,0.87,0.0,0.87,0.6,-62.2,-1.0,12.05,11.15,11.1,True,14.46,9.0,0.49,48.9,16.9,False,True,,100.0
TALO,"Talos Energy, Inc.",Energy,Oil & Gas Exploration & Production,SP600,16.64,2.78,2026-10-01,501.0,TTM-4Q,2026-06-30,,,35.3,0.92,True,4.8,,1.37,,20.8,-14.6,,-1.01,-5.7,-17.8,,,0.91,-21.1,7.9,,5.0,0.53,-1.6,-0.45,80.1,15.7,0.97,0.18,89.0,49.6,0.35,-22.2,0.09,,,,,,,,,,-30.21,0.0,30.21,0.0,False,-1.087,2026-09-15,,,,,-0.34,0.0,3.7,3.7,2.4,,-4.1,16.24,15.18,14.31,True,18.73,8.97,0.64,49.7,19.4,False,True,ZONA-BAHAYA;DISTRES;INSIDER-JUAL,100.0
GE,GE Aerospace,Industrials,Aerospace & Defense,SP500,312.39,324.12,2026-10-01,501.0,TTM-4Q,2026-06-30,,,1387.2,0.8,True,29.7,36.1,18.37,34.4,3.4,2.8,2.6,-0.9,23.8,48.8,,,0.87,-0.7,3.6,1.09,7.0,3.43,999.0,0.88,10.5,13.3,0.36,0.18,36.0,33.1,1.38,-20.9,0.18,,,400.05,28.1,,1.55,21.0,,0.57,-7.18,0.0,7.18,0.0,False,-0.002,2026-08-11,81.0,0.01,1.52,4.0,0.02,0.51,2.58,3.09,21.7,15.7,-2.2,342.51,326.5,323.8,True,388.84,268.91,8.37,36.7,-19.3,False,False,,100.0
CMI,Cummins,Industrials,Construction Machinery & Heavy Transportation Equipment,SP500,517.0,71.17,2026-10-01,501.0,TTM-4Q,2026-06-30,2026-11-05,25.0,623.4,1.44,True,14.9,25.2,5.54,14.9,6.7,4.0,4.7,-0.11,13.7,23.0,25.3,0.6,0.66,-5.2,3.3,1.64,6.0,4.49,12.1,0.18,32.4,0.9,0.45,0.18,36.0,36.7,1.18,-28.7,0.03,,,745.96,44.3,,1.87,20.0,-6.1,-0.54,-0.4,0.0,0.4,0.0,False,-0.001,2026-08-24,87.8,0.01,3.04,3.6,0.0,1.55,0.0,1.55,2.9,-7.8,0.0,583.47,617.24,603.29,True,737.76,400.72,14.36,31.0,-23.8,False,False,,100.0
COHR,Coherent Corp.,Information Technology,Electronic Components,SP500,319.19,62.51,2026-10-01,501.0,TTM-4Q,2026-06-30,2026-11-04,24.0,1991.9,1.79,True,46.5,77.6,5.73,22.9,2.1,1.3,-1.6,-0.68,6.5,9.7,37.5,3.0,0.9,4.4,2.7,0.1,7.0,6.22,999.0,-1.06,152.5,9.8,0.94,0.18,94.0,86.3,2.47,-48.0,-1.6,,,415.36,30.1,,1.61,22.0,7.6,0.87,-2.37,0.0,2.37,0.0,False,-0.004,2026-09-11,87.5,0.02,6.09,1.7,0.17,0.02,-3.2,-3.18,22.5,1530.7,26.3,296.55,315.61,288.23,True,440.0,105.02,21.37,56.5,-6.7,False,False,DILUSI,100.0
ABBV,AbbVie,Health Care,Biotechnology,SP500,259.93,459.33,2026-10-01,501.0,TTM-4Q,2026-06-30,2026-10-29,20.0,1075.8,0.94,True,21.1,72.8,,16.0,4.7,1.4,4.0,-0.22,18.1,,71.5,,2.59,-9.7,2.3,3.09,8.0,2.59,5.8,0.9,15.8,22.8,0.74,0.18,68.0,26.0,0.06,-17.3,1.52,,,278.61,7.2,,1.7,28.0,1.2,-0.18,-8.18,0.0,8.18,0.0,False,-0.002,2026-08-14,77.4,0.0,1.23,4.4,0.05,2.61,0.33,2.94,10.4,67.7,0.0,257.72,233.74,231.34,True,269.39,190.75,5.07,48.5,-2.9,False,True,GOODWILL,100.0
ROG,Rogers Corporation,Information Technology,Electronic Components,SP600,155.8,2.78,2026-10-01,501.0,TTM-4Q,2026-03-31,,,37.0,1.22,True,122.5,,2.33,,0.8,-2.0,2.5,-0.48,-2.2,-4.5,32.2,1.9,-9.28,-10.3,4.3,,6.0,9.06,-999.0,-0.47,52.9,16.0,0.8,0.17,92.0,42.9,0.96,-30.1,1.02,,,,,,,,,-0.9,0.0,0.0,0.0,0.0,False,0.0,,,,,,0.15,0.0,0.0,0.0,1.7,-430.8,-3.2,131.64,130.67,122.83,True,169.0,75.14,6.71,73.0,5.5,False,True,,100.0
TTEK,Tetra Tech,Industrials,Construction & Engineering,SP400,33.72,8.63,2026-10-01,501.0,TTM-4Q,2026-06-28,,,74.4,0.91,True,13.8,19.8,4.66,,7.3,5.1,6.3,0.17,17.1,24.3,18.8,0.7,0.86,-3.0,1.4,1.3,8.0,4.35,15.4,0.01,7.9,16.9,0.34,0.17,62.0,36.9,0.41,-38.3,0.49,,,,,,,,,-0.6,0.0,0.0,0.0,0.0,False,0.0,,,,,,0.07,0.81,2.92,3.72,-7.6,101.9,-1.9,35.14,31.95,33.04,True,43.14,25.81,0.93,39.2,9.9,False,False,GOODWILL,100.0
LECO,Lincoln Electric,Industrials,Industrial Machinery & Supplies & Components,SP400,269.4,14.68,2026-10-01,501.0,TTM-4Q,2026-06-30,,,110.3,0.82,True,17.9,26.5,9.45,21.5,5.6,3.8,3.7,-0.41,22.1,37.7,36.0,1.4,1.04,-3.6,2.0,1.24,8.0,7.68,13.1,0.83,15.0,7.9,0.39,0.17,65.0,29.4,1.07,-20.1,0.6,,,304.91,13.2,,2.0,11.0,,-0.1,0.0,0.0,0.0,0.0,False,0.0,,83.0,0.0,2.26,2.3,-0.0,1.16,1.62,2.78,9.3,10.1,-1.5,270.71,263.9,263.97,True,310.0,216.22,7.27,52.4,1.6,False,False,,100.0
APD,Air Products,Materials,Industrial Gases,SP500,273.33,60.87,2026-10-01,501.0,TTM-4Q,2026-06-30,2026-11-05,25.0,343.0,1.35,True,63.9,,4.38,18.9,1.6,-0.1,-0.5,-1.37,-2.6,-0.3,32.1,1.5,-0.09,-11.2,4.0,,5.0,2.37,-2.7,0.01,14.9,6.1,0.4,0.17,40.0,26.4,0.74,-15.0,1.11,,,345.11,26.3,,1.82,19.0,3.8,-0.25,0.0,0.0,0.0,0.0,False,0.0,,93.1,-0.02,1.86,4.1,0.12,2.63,0.0,2.63,4.5,-103.1,-0.0,296.1,292.26,285.52,True,314.87,229.11,5.8,29.9,-15.2,False,False,,100.0
ONTO,Onto Innovation,Information Technology,Semiconductor Materials & Equipment,SP400,314.88,15.45,2026-10-01,501.0,TTM-4Q,2026-06-30,,,226.2,0.79,True,62.1,116.5,8.04,26.8,1.6,0.9,1.6,-0.54,5.8,6.8,50.4,1.6,-8.62,-4.6,2.5,2.01,6.0,6.73,999.0,-0.01,98.4,21.1,0.84,0.17,95.0,71.4,2.15,-42.3,-0.86,,,386.36,22.7,,1.18,11.0,,-0.39,0.0,0.0,0.0,0.0,False,0.0,2026-08-21,101.4,0.13,7.1,3.0,0.34,0.0,1.33,1.33,8.1,-33.7,1.4,281.92,272.08,252.75,True,386.46,118.97,14.93,63.9,-0.2,False,True,,100.0
INVH,Invitation Homes,Real Estate,Single-Family Residential REITs,SP500,26.4,15.59,2026-10-01,501.0,TTM-4Q,2026-06-30,,,150.4,0.84,True,,23.6,1.72,37.1,,4.2,,-0.02,,7.1,,,,-2.9,0.6,1.82,,,999.0,,2.7,18.4,0.51,0.17,35.0,20.8,0.32,-15.9,0.72,,,33.52,27.0,,2.08,23.0,,-0.28,0.0,0.0,0.0,0.0,False,0.0,,102.7,-0.05,3.61,3.8,-0.48,4.61,0.0,4.61,6.7,21.2,-3.4,28.83,28.19,27.85,False,30.89,24.25,0.43,24.4,-15.7,False,False,,100.0
GEV,GE Vernova,Industrials,Heavy Electrical Equipment,SP500,987.45,262.99,2026-10-01,501.0,TTM-4Q,2026-06-30,,,1989.8,1.4,True,84.2,27.6,21.99,39.3,1.2,3.6,4.7,-1.0,13.9,91.5,20.2,3.1,-3.42,-6.9,3.9,1.48,7.0,2.99,999.0,0.24,46.5,0.5,0.45,0.17,79.0,52.2,1.31,-25.5,-0.4,,,1237.34,25.3,,1.54,33.0,,3.0,0.0,0.0,0.0,0.0,False,0.0,,81.7,0.0,3.29,4.2,-0.01,0.16,2.06,2.21,13.0,724.3,-2.2,965.89,981.85,915.96,True,1195.94,530.16,36.28,57.5,-13.5,False,False,,100.0
TMO,Thermo Fisher Scientific,Health Care,Life Sciences Tools & Services,SP500,652.51,241.26,2026-10-01,501.0,TTM-4Q,2026-06-27,,,1500.6,1.04,True,25.2,34.6,4.58,,4.0,2.9,3.0,-0.19,8.3,13.5,,,3.45,-1.9,1.2,1.29,7.0,3.9,5.6,-0.69,24.1,21.5,0.76,0.16,84.0,30.1,0.73,-31.4,0.41,,,,,,,,,-0.18,-10.65,0.0,10.65,0.0,False,-0.004,2026-08-31,,,,,0.09,0.27,2.07,2.35,7.2,5.8,-1.9,615.8,531.32,542.21,True,683.63,435.27,15.9,55.6,21.5,False,False,GOODWILL;INSIDER-JUAL,100.0
OHI,Omega Healthcare Investors,Real Estate,Health Care REITs,SP400,45.23,13.71,2026-10-01,501.0,TTM-4Q,2026-06-30,,,97.1,0.83,True,9.5,16.0,2.54,22.4,10.5,6.3,6.0,0.43,13.8,16.5,,,-0.02,-0.3,1.1,1.04,,,5.3,2.02,17.5,8.5,0.63,0.16,51.0,20.7,0.13,-11.4,1.15,,,51.89,14.7,,2.4,18.0,,0.43,0.0,0.0,0.0,0.0,False,0.0,,83.2,0.01,4.77,7.9,0.09,5.8,-1.86,3.94,15.0,82.4,4.3,47.45,47.04,46.5,True,52.39,39.26,0.81,34.6,-10.7,False,False,,90.0
MTUS,Metallus Inc,Materials,Steel,SP600,19.42,0.8,2026-10-01,501.0,TTM-4Q,2026-06-30,,,6.4,0.93,False,10.5,99.4,1.16,14.7,9.5,1.0,-12.1,-1.73,1.2,1.2,8.2,3.4,-1.64,0.2,5.8,0.74,7.0,2.37,999.0,-1.63,14.2,15.0,0.36,0.16,72.0,41.0,1.44,-32.3,-0.47,,,22.5,15.9,,,2.0,,,0.0,0.0,0.0,0.0,False,0.0,,87.8,0.01,7.07,6.4,0.13,0.0,1.5,1.5,16.1,,-0.5,19.98,18.79,18.92,True,22.58,14.19,0.7,51.5,8.2,False,False,TIPIS,90.0
SBRA,Sabra Health Care REIT,Real Estate,Health Care REITs,SP400,19.2,4.9,2026-10-01,501.0,TTM-4Q,2026-06-30,,,50.7,1.29,True,18.9,75.0,1.78,,5.3,1.3,,-0.67,3.2,2.4,,,6.21,-5.6,1.9,5.68,,,1.5,-0.66,19.3,10.6,0.62,0.16,51.0,24.2,0.13,-16.1,0.79,,,,,,,,,0.34,0.0,0.0,0.0,0.0,False,0.0,2026-09-08,,,,,0.06,6.08,0.0,6.08,17.3,-64.1,4.7,20.6,20.18,19.95,True,22.77,17.17,0.39,28.6,-7.2,False,False,,100.0
SON,Sonoco,Materials,Paper & Plastic Packaging Products & Materials,SP400,48.5,4.8,2026-10-01,501.0,TTM-4Q,2026-03-29,,,61.6,0.83,True,6.0,4.7,1.34,,16.6,21.2,4.5,1.4,8.9,33.8,20.9,1.3,2.9,4.1,3.9,0.52,5.0,1.78,4.6,-0.85,31.0,0.0,0.46,0.16,43.0,33.9,0.67,-20.3,0.85,,,,,,,,,1.62,0.23,0.25,0.02,1.0,False,0.005,2026-08-07,,,,,0.1,4.36,0.15,4.52,31.2,563.3,0.4,54.28,53.03,51.94,True,60.67,38.65,1.34,33.0,-17.7,False,False,ZONA-BAHAYA,100.0
GD,General Dynamics,Industrials,Aerospace & Defense,SP500,332.72,89.98,2026-10-01,501.0,TTM-4Q,2026-04-05,,,452.3,0.96,True,14.6,20.7,3.45,17.9,6.8,4.8,6.9,0.18,13.8,18.0,,12.4,0.68,-5.3,0.4,1.71,8.0,4.07,999.0,-0.71,10.2,6.3,0.37,0.16,34.0,22.2,0.59,-16.2,1.38,,,421.64,26.7,,2.08,21.0,,-0.1,-41.84,0.0,41.84,0.0,False,-0.046,2026-09-23,87.6,0.01,1.11,2.7,-0.03,1.79,0.28,2.08,9.3,9.2,0.9,370.54,356.52,355.27,True,400.0,306.77,6.26,22.5,-13.2,False,False,INSIDER-JUAL,100.0
PFS,"Provident Financial Services, Inc.",Financials,Regional Banks,SP600,22.35,2.91,2026-10-01,501.0,TTM-4Q,2026-06-30,,,20.3,1.52,True,,9.3,1.0,,,10.7,,1.07,,11.1,,,,,0.3,,,,999.0,-0.24,24.7,10.3,0.7,0.16,61.0,25.0,0.82,-14.5,0.58,,,,,,,,,-0.4,-1.86,0.0,1.86,0.0,False,-0.064,2026-09-14,,,,,-0.0,4.27,0.0,4.27,6.2,35.4,-0.1,23.69,22.74,22.41,True,25.49,17.69,0.43,36.0,-7.4,False,False,,90.0
TECH,Bio-Techne,Health Care,Life Sciences Tools & Services,SP500,72.4,11.35,2026-10-01,501.0,TTM-4Q,2026-06-30,,,228.0,0.88,True,32.3,62.4,5.39,,3.1,1.6,2.3,-0.36,8.3,9.0,65.8,1.3,-0.19,-4.3,3.4,1.61,9.0,15.92,26.2,0.32,30.5,35.4,0.73,0.15,78.0,44.8,0.77,-39.3,-0.21,,,,,,,,,0.16,0.0,0.0,0.0,0.0,False,0.0,,,,,,0.09,0.44,0.37,0.81,-0.4,147.8,-1.7,72.26,61.7,61.97,True,72.69,43.2,0.21,55.5,-0.4,False,False,,100.0
SYY,Sysco,Consumer Staples,Food Distributors,SP500,77.77,37.26,2026-10-01,501.0,TTM-4Q,2026-06-27,,,387.0,0.97,True,12.0,21.2,13.98,,8.3,4.7,5.2,-0.23,15.2,78.1,18.5,0.2,2.88,-3.2,0.8,1.5,7.0,,999.0,-0.16,2.6,15.4,0.32,0.15,45.0,27.8,0.15,-24.0,0.56,,,,,,,,,-0.07,0.0,0.0,0.0,0.0,False,0.0,2026-09-14,,,,,0.05,2.78,0.54,3.32,3.9,-3.9,-1.9,81.89,79.65,79.84,True,91.85,68.19,1.56,37.6,-10.6,False,False,GOODWILL,100.0
WEN,The Wendy's Company,Consumer Discretionary,Restaurants,SP600,6.25,1.19,2026-10-01,501.0,TTM-4Q,2026-06-28,,,42.5,1.05,True,7.9,9.5,9.89,,12.7,10.6,22.2,1.13,7.4,108.0,63.0,1.7,5.26,-4.8,0.3,2.84,6.0,1.01,2.3,-0.07,-3.9,23.1,0.16,0.15,10.0,59.0,0.61,-31.8,-0.09,,,,,,,,,-0.67,0.0,0.0,0.0,0.0,False,0.0,,,,,,0.08,8.95,1.36,10.31,-1.0,-34.4,-0.8,7.66,7.38,7.56,False,10.12,6.07,0.3,30.3,-29.2,False,False,ZONA-BAHAYA;GOODWILL,100.0
APH,Amphenol,Information Technology,Electronic Components,SP500,85.67,105.63,2026-10-01,501.0,TTM-4Q,2026-06-30,2026-10-28,19.0,1000.2,0.96,True,13.0,20.5,6.82,26.1,7.7,4.9,4.5,0.39,20.5,38.1,38.5,2.0,1.46,-2.1,1.1,1.14,6.0,3.98,12.4,-0.3,32.6,28.0,0.66,0.15,81.0,45.9,1.54,-28.2,0.59,,,99.39,16.0,,1.44,18.0,13.2,0.89,-180.41,0.0,180.41,0.0,False,-0.171,2026-08-05,96.8,0.05,1.45,2.8,-0.44,0.96,0.67,1.64,54.2,61.8,1.3,80.98,74.8,74.03,True,89.26,59.01,2.8,61.4,1.5,False,True,GOODWILL;INSIDER-JUAL,100.0
AWK,American Water Works,Utilities,Water Utilities,SP500,127.86,25.41,2026-10-01,501.0,TTM-4Q,2026-06-30,2026-10-28,19.0,252.7,1.3,True,14.3,22.5,2.18,19.5,7.0,4.4,-4.1,-0.56,5.7,10.1,,,5.47,-3.4,0.7,2.07,6.0,,3.0,-0.09,1.4,1.8,0.07,0.15,35.0,22.4,-0.38,-15.0,0.75,,,141.45,10.6,,2.62,11.0,4.0,-0.51,0.0,0.0,0.0,0.0,False,0.0,,107.0,0.08,8.52,6.6,0.62,2.59,0.0,2.59,6.8,4.2,0.5,135.89,132.6,131.97,True,145.64,120.57,2.6,28.4,-8.9,False,False,,100.0
GILD,Gilead Sciences,Health Care,Biotechnology,SP500;NDX,147.5,182.89,2026-10-01,501.0,TTM-4Q,2026-06-30,,,879.2,0.75,True,,,15.46,14.9,-1.0,-1.8,7.1,-0.5,-4.8,-20.6,79.6,,,-32.0,4.4,,5.0,3.5,-2.5,2.79,37.6,7.6,0.86,0.15,77.0,26.3,0.32,-21.6,1.15,,,158.65,7.6,,1.7,26.0,,-0.63,0.0,0.0,0.0,0.0,False,0.0,2026-09-15,92.2,0.01,1.48,3.4,0.05,2.22,0.62,2.84,5.5,-151.3,-1.0,142.92,137.21,136.57,True,157.29,108.46,3.41,49.6,9.5,False,True,,100.0
FOXA,Fox Corporation (Class A),Communication Services,Broadcasting,SP500,61.28,26.47,2026-10-01,501.0,TTM-4Q,2026-06-30,,,317.3,0.98,True,9.3,15.3,2.28,10.5,10.7,6.5,5.5,0.05,11.0,14.6,,,0.78,-1.1,1.7,1.14,5.0,3.22,6.7,-0.47,5.1,12.8,0.25,0.14,49.0,35.7,0.7,-35.6,0.33,,,76.42,24.7,,2.0,18.0,,-0.31,0.0,0.0,0.0,0.0,False,0.0,,131.5,-0.27,26.45,9.0,-1.03,1.08,7.55,8.64,5.1,-24.7,-4.8,64.18,61.41,63.19,False,76.39,48.34,1.64,36.0,5.8,False,False,SHORT-TINGGI,100.0
SM,SM Energy Company,Energy,Oil & Gas Exploration & Production,SP600,35.06,8.34,2026-10-01,501.0,TTM-4Q,2026-06-30,,,152.8,0.62,True,,8.3,1.07,,,12.0,,1.33,11.1,16.1,,10.2,,-12.2,6.5,2.7,4.0,1.24,5.2,0.28,57.8,29.8,0.84,0.14,92.0,52.2,0.22,-30.7,-0.18,,,,,,,,,1.3,-0.79,0.0,0.79,0.0,False,-0.009,2026-09-10,,,,,0.15,2.17,0.0,2.17,75.4,23.1,108.7,34.75,31.16,28.28,True,41.56,17.45,1.51,48.7,27.3,False,True,ZONA-BAHAYA;DILUSI,90.0
CRM,Salesforce,Information Technology,Application Software,SP500,236.69,194.8,2026-10-01,501.0,TTM-4Q,2026-07-31,2026-12-02,44.0,3034.3,0.75,True,17.6,20.2,5.08,14.8,5.7,5.0,7.8,0.55,9.2,19.4,77.3,1.8,2.2,-5.9,2.5,1.63,6.0,2.6,8.9,0.25,9.6,39.3,0.53,0.14,80.0,46.6,1.12,-43.3,0.41,,,281.08,18.8,,1.74,53.0,80.4,0.88,-0.17,1.0,1.17,1.0,False,-0.0,2026-09-18,87.5,-0.0,4.54,2.0,0.15,0.78,18.0,18.78,11.2,45.0,-14.7,218.51,191.84,200.6,True,269.11,146.32,9.04,52.9,38.9,False,False,GOODWILL,100.0
GTY,Getty Realty Corp.,Real Estate,Retail REITs,SP600,27.84,1.72,2026-10-01,501.0,TTM-4Q,2026-06-30,,,22.3,1.04,True,13.1,17.3,1.54,19.2,7.6,5.8,8.0,0.37,5.7,9.5,,,4.99,-1.8,0.9,1.39,6.0,,3.1,-0.3,26.5,2.4,0.7,0.14,33.0,20.7,0.06,-22.7,0.84,,,36.43,30.8,,2.38,7.0,,0.08,0.0,0.0,0.0,0.0,False,0.0,,95.8,0.03,15.35,10.0,0.27,6.69,0.0,6.69,10.9,49.9,9.2,32.2,32.97,32.16,True,36.83,25.39,0.62,12.0,-21.0,False,False,DILUSI,100.0
OC,Owens Corning,Industrials,Building Products,SP400,117.09,9.26,2026-10-01,501.0,TTM-4Q,2026-06-30,,,146.8,1.42,True,18.6,,2.45,9.8,5.4,-7.2,9.7,-0.54,0.4,-15.0,26.0,1.7,6.46,-17.8,5.9,,3.0,1.94,0.1,-0.22,-3.1,25.3,0.27,0.13,27.0,41.2,1.43,-30.1,-0.38,,,175.07,49.5,,1.71,15.0,,-2.25,0.0,0.0,0.0,0.0,False,0.0,2026-08-28,111.0,0.05,3.42,2.4,0.1,2.6,7.37,9.97,-7.2,-301.5,-5.7,138.15,127.23,126.14,True,159.91,97.53,4.6,32.1,-24.4,False,False,F-RENDAH,100.0
EQH,Equitable Holdings,Financials,Diversified Financial Services,SP400,51.95,14.18,2026-10-01,501.0,TTM-4Q,2026-06-30,2026-11-03,23.0,173.2,0.68,True,,,,5.8,,-6.5,,-2.54,,-508.8,,,,,0.4,,,,-999.0,-3.0,-0.2,33.0,0.49,0.13,76.0,33.5,1.24,-30.0,-0.76,,,62.09,19.5,,,11.0,3.4,-2.63,-1.73,0.0,1.73,0.0,False,-0.012,2026-09-21,100.7,-0.02,0.0,0.0,-0.17,2.23,10.34,12.57,-22.1,-295.4,-8.2,51.17,44.94,45.27,True,55.06,35.19,1.39,49.2,11.0,False,False,,90.0
PRG,"PROG Holdings, Inc.",Financials,Consumer Finance,SP600,31.15,1.24,2026-10-01,501.0,TTM-4Q,2026-06-30,,,23.2,0.86,True,,8.5,1.54,,,11.8,,0.29,,19.9,,,,,3.5,,,,3.8,0.21,18.2,33.4,0.57,0.13,27.0,45.4,1.11,-34.7,-1.31,,,,,,,,,-0.67,-0.18,0.0,0.18,0.0,False,-0.015,2026-08-05,,,,,0.04,1.74,0.82,2.56,6.6,-31.7,0.4,39.07,36.57,35.62,True,47.73,25.8,1.28,22.3,-31.2,False,False,,90.0
MTG,MGIC Investment Corporation,Financials,Reinsurance,SP400,26.37,5.41,2026-10-01,501.0,TTM-4Q,2026-06-30,,,72.6,2.04,True,,7.6,1.08,7.6,,13.1,,1.27,,13.9,,,,,1.4,,,,25.8,0.83,10.6,18.2,0.57,0.13,35.0,25.0,0.56,-17.9,0.71,,,31.0,17.6,,2.83,5.0,,-0.98,0.0,0.0,0.0,0.0,False,0.0,2026-09-24,101.9,0.0,5.95,5.0,-0.02,2.49,13.94,16.43,-1.9,-7.2,-11.4,30.17,27.95,27.87,True,31.89,24.69,0.78,22.3,-8.9,False,False,,90.0
ADI,Analog Devices,Information Technology,Semiconductors,SP500;NDX,404.6,196.06,2026-10-01,501.0,TTM-4Q,2026-08-01,2026-11-24,38.0,1235.7,0.96,True,29.4,47.4,5.84,24.7,3.4,2.1,2.5,-0.22,10.2,12.2,65.8,2.3,0.98,-2.9,1.2,1.34,7.0,8.92,14.1,-0.04,46.1,11.2,0.79,0.13,88.0,36.3,1.58,-20.7,1.01,,,470.72,16.3,,1.38,32.0,3.3,0.21,0.0,0.0,0.0,0.0,False,0.0,2026-09-22,93.8,0.03,1.99,2.3,0.2,1.04,1.59,2.64,33.6,111.2,-1.6,374.74,376.06,358.85,True,445.91,223.47,10.86,67.1,4.6,False,False,,100.0
VLY,Valley Bank,Financials,Regional Banks,SP400,12.67,7.0,2026-10-01,501.0,TTM-4Q,2026-06-30,,,100.1,1.6,True,,10.1,0.88,,,9.9,,0.77,,9.0,,,,,0.2,,,,999.0,-0.31,29.6,8.4,0.71,0.13,52.0,26.9,0.89,-16.3,0.37,,,,,,,,,,0.0,0.0,0.0,0.0,False,0.0,,,,,,0.05,3.54,1.62,5.15,,53.2,-1.0,13.99,13.61,13.32,True,15.2,9.64,0.31,28.9,-15.3,False,False,,90.0
ESNT,Essent Group Ltd.,Financials,Commercial & Residential Mortgage Finance,SP400,58.86,5.29,2026-10-01,501.0,TTM-4Q,2026-06-30,2026-11-06,26.0,57.8,1.47,True,,7.8,0.93,7.5,,12.9,,1.44,,12.0,,,,,1.7,,,,26.1,0.49,9.0,18.2,0.56,0.13,32.0,24.1,0.53,-16.8,0.81,,,74.71,26.9,,2.38,7.0,18.4,-0.45,-0.17,0.0,0.17,0.0,False,-0.003,2026-09-15,97.7,0.01,4.69,4.8,0.02,2.34,11.55,13.89,4.3,-4.8,-9.6,67.13,62.88,62.99,True,70.37,55.34,1.6,21.0,-11.5,False,False,,90.0
ASTH,"Astrana Health, Inc.",Health Care,Health Care Facilities,SP600,34.91,1.95,2026-10-01,501.0,TTM-4Q,2026-06-30,2026-11-05,25.0,15.0,0.63,True,15.2,48.0,2.34,9.6,6.6,2.1,4.9,0.24,4.4,5.1,,2.5,3.28,-3.6,2.3,2.66,5.0,2.82,1.5,-0.53,36.2,57.5,0.69,0.12,66.0,67.7,1.06,-46.4,-1.25,,,51.67,48.0,,1.4,9.0,9.6,0.18,0.0,0.0,0.0,0.0,False,0.0,,66.1,0.03,12.57,10.5,0.07,0.1,0.91,1.01,58.9,60.5,0.6,37.2,35.65,32.61,True,51.6,18.08,1.79,42.5,-30.8,False,False,GOODWILL,100.0
AAL,American Airlines Group,Industrials,Passenger Airlines,SP400,13.13,8.69,2026-10-01,501.0,TTM-4Q,2026-06-30,2026-10-22,15.0,923.6,0.78,True,9.0,,,6.5,11.2,-3.8,3.3,-0.48,3.8,,,,5.97,-7.3,1.6,,3.0,0.65,0.6,-0.93,15.2,16.4,0.33,0.12,31.0,47.4,1.44,-37.4,-0.78,,,17.33,32.0,,2.28,23.0,227.6,0.3,-3.47,0.0,3.47,0.0,False,-0.04,2026-07-31,78.6,0.0,13.93,1.4,-0.04,0.0,0.0,0.0,7.5,-157.5,0.3,14.04,13.55,13.86,False,18.79,10.09,0.47,43.8,-28.6,False,False,ZONA-BAHAYA;DISTRES;F-RENDAH;GOODWILL,100.0
PGNY,"Progyny, Inc.",Health Care,Health Care Services,SP600,24.85,1.91,2026-10-01,501.0,TTM-4Q,2026-06-30,,,31.9,1.35,True,14.2,24.2,4.21,,7.1,4.1,9.4,0.57,15.2,16.2,24.6,0.8,-2.01,-16.6,5.4,2.56,7.0,7.66,999.0,0.49,19.2,52.2,0.66,0.12,57.0,53.9,0.63,-42.6,-0.41,,,,,,,,,-0.07,-0.63,0.0,0.63,0.0,False,-0.033,2026-09-10,,,,,0.06,0.0,12.08,12.08,5.5,48.0,-8.4,27.34,24.2,24.21,True,33.06,16.1,0.78,35.4,-19.8,False,False,,100.0
PHIN,"PHINIA, Inc.",Consumer Discretionary,Automotive Retail,SP600,60.03,2.2,2026-10-01,501.0,TTM-4Q,2026-06-30,,,26.9,1.26,True,6.9,16.3,1.43,,14.5,6.1,11.4,0.69,6.7,8.5,22.0,0.6,1.57,-5.8,1.5,2.66,6.0,2.06,999.0,-0.53,17.8,-3.7,0.21,0.1,24.0,34.4,1.0,-29.9,0.44,,,,,,,,,0.29,-3.7,0.0,3.7,0.0,False,-0.168,2026-09-15,,,,,-0.03,1.96,0.0,1.96,7.7,25.0,-5.5,69.5,72.94,71.94,True,86.93,50.79,1.96,33.1,-22.7,False,False,,100.0
BCPC,Balchem Corporation,Materials,Specialty Chemicals,SP600,163.69,5.22,2026-10-01,501.0,TTM-4Q,2026-06-30,2026-10-20,13.0,37.2,1.16,True,19.8,31.7,4.01,26.1,5.1,3.2,,-0.52,11.6,12.8,36.3,2.4,0.41,-3.3,0.9,1.34,9.0,10.39,999.0,0.72,16.2,0.8,0.4,0.1,49.0,21.2,0.41,-14.7,1.57,,,209.25,27.8,,,4.0,4.6,0.08,0.0,0.0,0.0,0.0,False,0.0,,93.8,0.05,2.67,3.6,0.13,0.59,2.18,2.77,10.1,15.2,-1.5,171.82,168.56,167.98,True,183.9,139.17,3.32,35.7,-5.5,False,False,,90.0
MO,Altria,Consumer Staples,Tobacco,SP500,66.95,111.79,2026-10-01,501.0,TTM-4Q,2026-06-30,,,535.6,0.75,True,12.0,14.0,,11.4,8.4,7.1,8.2,0.2,38.8,,63.0,2.9,1.98,-4.4,8.1,1.18,8.0,5.04,999.0,1.99,10.7,7.8,0.35,0.1,56.0,26.1,-0.21,-16.4,1.2,,,70.0,4.6,,2.64,11.0,,-0.41,0.1,0.1,0.0,1.0,False,0.0,2026-09-09,65.2,0.0,2.34,4.5,-0.02,6.32,0.66,6.97,-0.6,-9.3,-0.8,68.53,69.12,67.32,True,77.06,54.7,1.35,39.2,-10.2,False,False,GOODWILL,100.0
EG,Everest Group,Financials,Reinsurance,SP500,368.72,14.14,2026-10-01,501.0,TTM-4Q,2026-06-30,2026-10-28,19.0,160.0,1.0,True,,7.4,0.92,6.2,,13.5,,1.55,,12.6,,,,,1.4,,,,999.0,-0.21,9.4,17.6,0.56,0.1,60.0,24.3,0.38,-16.4,0.97,,,411.38,11.6,,2.41,16.0,2.2,-0.4,0.0,0.0,0.0,0.0,False,0.0,,105.2,0.0,5.82,6.2,-0.01,2.29,7.94,10.23,-5.1,137.3,-7.2,374.16,353.44,348.09,True,401.07,302.44,7.03,45.4,-3.2,False,False,,90.0
FOX,Fox Corporation (Class B),Communication Services,Broadcasting,SP500,54.92,23.73,2026-10-01,501.0,TTM-4Q,2026-06-30,,,72.3,1.31,True,8.5,13.7,2.04,9.6,11.8,7.3,6.2,0.14,11.0,14.6,,,0.78,-1.1,1.7,1.14,5.0,3.07,6.7,-0.47,3.6,11.6,0.22,0.1,49.0,34.3,0.72,-34.1,0.39,,,,,,,,,-0.31,0.0,10.27,10.27,1.0,False,0.0,2026-09-15,65.0,-0.05,7.76,10.1,-0.05,1.21,8.43,9.64,5.1,-24.7,-4.8,57.29,55.14,56.76,False,68.18,44.08,1.49,37.2,5.9,False,False,,100.0
HASI,"Hannon Armstrong Sustainable Infrastructure Capital, Inc.",Financials,Specialized Finance,SP600,36.03,4.63,2026-10-01,501.0,TTM-4Q,2026-06-30,,,40.1,1.36,True,,53.7,1.75,10.8,,1.9,,-0.63,,3.3,,,,,0.8,,,,1.4,-0.61,35.2,7.6,0.71,0.1,58.0,30.1,0.34,-17.0,0.74,,,49.8,38.2,,,15.0,,0.18,0.0,0.0,0.0,0.0,False,0.0,,111.6,0.01,14.92,13.2,0.04,4.75,-2.52,2.23,26.5,-58.1,3.7,38.7,38.79,37.74,True,44.13,27.28,0.92,37.7,-8.2,False,False,,90.0
TRU,TransUnion,Industrials,Research & Consulting Services,SP400,62.18,11.99,2026-10-01,501.0,TTM-4Q,2026-03-31,,,200.8,1.47,True,11.7,17.0,2.52,,8.5,5.9,5.8,0.47,6.9,15.4,,0.8,3.39,-2.7,5.2,1.45,8.0,2.09,3.5,-0.53,0.5,22.0,0.27,0.09,11.0,42.0,1.4,-30.2,-0.37,,,,,,,,,0.33,-1.79,0.0,1.79,0.0,False,-0.015,2026-09-14,,,,,0.06,0.77,2.39,3.17,11.0,91.8,-1.4,77.95,73.82,75.54,False,89.12,60.96,2.86,25.2,-22.6,False,False,GOODWILL,100.0
TFIN,"Triumph Bancorp, Inc.",Financials,Regional Banks,SP600,61.13,1.46,2026-10-01,501.0,TTM-4Q,2026-06-30,,,15.0,1.57,True,,37.8,1.52,,,2.6,,-0.74,,4.1,,,,,0.7,,,,999.0,-0.62,38.9,15.4,0.66,0.09,37.0,41.2,1.23,-26.0,-0.92,,,,,,,,,-2.08,-0.3,0.0,0.3,0.0,False,-0.02,2026-08-20,,,,,0.03,0.22,0.15,0.37,-69.7,183.7,1.6,70.69,68.35,67.51,True,83.52,46.43,1.78,28.9,-22.6,False,False,,90.0
COP,ConocoPhillips,Energy,Oil & Gas Exploration & Production,SP500,127.06,152.64,2026-10-01,501.0,TTM-4Q,2026-06-30,2026-11-05,25.0,902.7,0.88,True,6.4,16.4,2.34,13.2,15.7,6.1,,0.08,10.7,14.2,62.0,2.3,0.59,-10.2,4.7,2.36,6.0,3.34,999.0,0.81,48.5,7.6,0.91,0.09,83.0,30.9,0.16,-22.3,0.84,,,146.08,15.0,,1.74,25.0,10.6,-0.34,-3.3,0.0,3.3,0.0,False,-0.002,2026-08-21,86.9,0.0,1.34,2.5,-0.01,2.67,3.53,6.19,9.6,1.1,-3.6,127.87,121.56,116.37,True,141.62,85.57,3.24,45.3,18.3,False,False,,100.0
ITGR,Integer Holdings Corporation,Health Care,Health Care Equipment,SP600,126.42,4.3,2026-10-01,501.0,TTM-4Q,2026-07-03,,,103.2,0.5,True,17.4,33.5,2.5,18.4,5.7,3.0,2.6,0.02,5.7,7.5,25.7,0.6,3.84,-2.3,0.6,1.6,6.0,2.85,4.6,-1.04,21.3,45.1,0.66,0.09,90.0,50.7,0.5,-42.0,-0.18,,,121.8,-3.7,,,5.0,,-0.07,-5.17,0.0,5.17,0.0,False,-0.12,2026-09-15,123.3,0.01,8.99,3.5,-0.05,0.0,0.0,0.0,2.7,55.3,-4.4,122.43,100.07,95.84,True,126.8,62.0,0.44,73.9,29.5,False,True,,100.0
CLF,Cleveland-Cliffs,Materials,Steel,SP400,11.47,6.54,2026-10-01,501.0,TTM-4Q,2026-06-30,2026-10-19,12.0,168.9,1.04,True,49.9,,1.17,15.7,2.0,-13.4,-13.1,-2.73,-4.6,-15.3,-1.1,8.1,26.88,-3.1,8.5,,3.0,1.23,-999.0,-2.73,-5.4,39.5,0.24,0.08,67.0,69.9,2.09,-51.7,-2.35,,,12.3,7.2,,2.92,10.0,7.2,-0.2,0.0,0.0,0.0,0.0,False,0.0,,84.5,0.0,14.21,5.7,0.12,0.0,0.0,0.0,4.0,,15.4,11.9,10.86,11.39,False,16.7,7.73,0.6,45.8,13.4,False,False,ZONA-BAHAYA;DISTRES;F-RENDAH;DILUSI,100.0
ESI,Element Solutions,Materials,Specialty Chemicals,SP600,36.33,8.85,2026-10-01,501.0,TTM-4Q,2026-03-31,2026-10-27,18.0,155.0,0.55,True,20.3,59.5,3.24,17.2,4.9,1.7,1.4,-0.74,5.4,5.7,40.8,1.8,3.72,-0.9,0.8,1.33,4.0,2.46,999.0,0.05,37.8,-0.3,0.4,0.08,70.0,46.4,1.31,-35.1,-0.53,,,46.73,28.6,,1.27,11.0,9.0,0.19,0.0,0.0,0.0,0.0,False,0.0,,106.0,0.01,3.88,1.4,0.13,0.88,0.0,0.88,13.0,-48.0,0.3,35.94,38.14,35.92,True,49.25,22.86,1.33,55.7,-18.8,False,False,,100.0
BKNG,Booking Holdings,Consumer Discretionary,"Hotels, Resorts & Cruise Lines",SP500;NDX,160.28,120.43,2026-10-01,501.0,TTM-4Q,2026-06-30,2026-10-27,18.0,1535.7,0.74,True,12.5,16.7,,13.0,8.0,6.0,7.9,-0.3,67.9,,,4.9,0.3,-8.8,6.0,1.37,7.0,5.88,8.4,2.53,-8.8,17.2,0.11,0.08,16.0,37.9,1.06,-29.7,0.26,,,238.78,49.0,,1.51,37.0,4.5,0.57,0.0,0.0,0.0,0.0,False,0.0,2026-09-15,98.5,0.03,2.62,3.2,0.1,1.06,8.74,9.81,12.9,49.8,-5.5,189.87,178.12,182.94,False,225.0,150.14,6.17,31.3,-15.3,False,False,GOODWILL,100.0
CMG,Chipotle Mexican Grill,Consumer Discretionary,Restaurants,SP500,32.32,40.9,2026-10-01,501.0,TTM-4Q,2026-06-30,2026-10-28,19.0,470.8,1.36,True,18.3,28.8,18.59,23.6,5.5,3.5,3.8,-0.75,48.2,49.6,,,-0.31,-10.0,2.8,1.64,6.0,5.7,999.0,2.46,-4.3,15.0,0.12,0.08,26.0,43.1,0.89,-33.5,0.13,,,44.02,36.2,,1.77,31.0,4.0,-0.03,-0.1,0.0,0.1,0.0,False,-0.0,2026-08-21,92.8,-0.0,3.6,3.0,0.05,0.0,6.81,6.81,7.3,-7.9,-5.3,34.68,33.72,34.89,True,42.82,28.04,1.15,38.5,-11.0,False,False,,100.0
CMC,Commercial Metals,Materials,Steel,SP400,62.72,6.94,2026-10-01,501.0,TTM-4Q,2026-05-31,2026-10-15,10.0,72.4,0.96,True,9.3,11.7,1.53,8.6,10.8,8.6,5.8,0.71,9.1,13.8,18.6,,2.56,-3.8,7.0,1.54,7.0,2.86,999.0,-0.26,18.6,7.5,0.35,0.08,49.0,37.3,1.37,-30.0,-0.25,,,80.73,28.7,,,11.0,1.3,1.99,0.6,0.6,0.0,2.0,False,0.009,2026-08-13,95.7,0.02,7.39,5.8,0.17,1.19,1.82,3.0,15.2,1516.6,-1.6,68.17,68.07,69.9,True,84.87,53.08,2.0,39.5,-1.0,False,False,,100.0
ORA,Ormat Technologies,Utilities,Renewable Electricity,SP400,89.66,5.51,2026-10-01,501.0,TTM-4Q,2026-06-30,,,96.7,0.88,True,10.1,43.5,2.12,34.9,9.9,2.3,-4.8,-0.49,7.1,5.0,27.9,4.3,-0.82,-2.4,0.4,2.21,6.0,,1.2,0.14,11.9,-5.4,0.09,0.08,15.0,37.2,0.46,-38.1,-1.6,,,132.42,47.7,,2.0,12.0,,1.82,-0.05,0.0,0.05,0.0,False,-0.001,2026-07-01,96.6,-0.0,11.42,7.2,-0.09,0.53,0.0,0.53,31.1,-3.6,2.5,101.52,112.6,114.02,False,146.39,87.06,3.27,34.9,-22.3,False,False,,100.0
CHRD,Chord Energy,Energy,Oil & Gas Exploration & Production,SP400,136.85,7.49,2026-10-01,501.0,TTM-4Q,2026-06-30,2026-11-03,23.0,104.0,1.1,True,3.1,8.8,0.9,8.7,32.7,11.3,,2.22,10.0,10.3,71.3,3.4,0.32,-13.2,12.8,3.05,7.0,1.88,12.1,1.07,57.9,11.8,0.88,0.08,86.0,39.6,0.21,-24.8,0.44,,,173.12,26.5,,1.47,16.0,-1.2,0.31,-3.39,0.0,3.39,0.0,False,-0.045,2026-09-01,103.0,0.02,8.25,5.4,0.07,3.96,4.12,8.08,19.2,219.1,-2.0,141.54,135.0,125.34,True,157.06,84.25,4.41,43.2,17.7,False,False,,100.0
KRC,Kilroy Realty Corp,Real Estate,Office REITs,SP400,33.3,3.87,2026-10-01,501.0,TTM-4Q,2026-03-31,,,50.7,0.85,True,,15.9,0.74,97.9,,6.3,11.8,1.46,,4.6,,,,-3.1,1.6,2.37,,,,,-10.1,30.8,0.38,0.07,33.0,27.6,0.91,-34.7,-1.25,,,40.14,20.5,,2.76,14.0,,-0.89,0.0,0.0,0.0,0.0,False,0.0,,123.6,0.01,12.5,9.6,0.05,6.66,0.0,6.66,-1.4,10.6,-0.9,36.36,34.56,34.89,False,43.58,27.36,0.73,28.3,-17.4,False,False,,90.0
RF,Regions Financial Corporation,Financials,Regional Banks,SP500,26.96,22.97,2026-10-01,501.0,TTM-4Q,2026-06-30,,,258.8,1.32,True,,10.3,1.22,,,9.7,,0.36,,11.9,,,,,0.1,,,,999.0,-0.17,15.6,13.4,0.59,0.07,43.0,24.4,1.04,-18.4,0.24,,,,,,,,,,-0.0,0.0,0.0,0.0,False,-0.0,2026-09-10,,,,,0.05,3.99,4.97,8.96,,7.5,-4.8,30.04,28.72,28.7,True,32.47,22.7,0.58,25.8,-13.2,False,False,,90.0
XPO,"XPO, Inc.",Industrials,Cargo Ground Transportation,SP400,179.73,21.04,2026-10-01,501.0,TTM-4Q,2026-06-30,,,201.1,0.9,True,18.5,52.1,10.73,,5.4,1.9,2.8,-0.63,11.0,21.6,,1.0,2.14,-8.3,2.3,2.69,8.0,3.5,3.6,0.43,43.2,-6.7,0.43,0.07,61.0,42.6,1.45,-24.2,-0.25,,,,,,,,,-0.19,-1.01,0.0,1.01,0.0,False,-0.005,2026-09-14,,,,,0.07,0.0,1.02,1.02,7.0,17.1,-0.8,191.84,202.06,192.41,True,232.05,121.48,6.13,45.7,-15.1,False,False,,100.0
FORM,"FormFactor, Inc.",Information Technology,Semiconductor Materials & Equipment,SP600,148.44,11.6,2026-10-01,501.0,TTM-4Q,2026-06-27,,,148.9,0.98,True,72.2,100.4,10.43,41.9,1.4,1.0,1.2,-0.6,9.5,11.0,43.1,1.0,-2.14,-5.1,1.5,1.56,7.0,31.78,999.0,-0.28,162.0,-5.5,0.92,0.07,98.0,84.8,2.02,-47.8,-1.24,,,138.62,-6.6,,2.0,8.0,,0.09,-0.2,0.0,0.2,0.0,False,-0.002,2026-09-16,94.7,0.05,5.84,3.0,0.21,0.0,0.01,0.01,18.0,162.9,2.7,114.55,119.04,108.08,True,160.27,36.05,7.43,72.5,17.1,False,False,,100.0
HFWA,Heritage Financial Corporation,Financials,Regional Banks,SP600,27.89,1.14,2026-10-01,501.0,TTM-4Q,2026-06-30,,,12.6,1.08,True,,14.6,1.03,10.6,,6.8,,0.21,,7.8,,,,,0.3,,,,999.0,-0.37,22.5,11.1,0.63,0.07,62.0,26.5,0.73,-13.0,0.66,,,32.8,17.6,,2.17,5.0,,,-1.06,0.0,1.06,0.0,False,-0.093,2026-09-15,82.2,0.0,8.56,8.5,-0.1,3.01,0.98,3.99,,57.4,20.6,29.0,27.94,27.44,True,31.25,21.32,0.56,41.3,-8.5,False,False,DILUSI,90.0
INDV,Indivior,Health Care,Pharmaceuticals,SP600,35.38,4.18,2026-10-01,501.0,TTM-4Q,2026-06-30,,,68.0,0.95,True,10.3,11.8,,7.2,9.7,8.5,-2.7,-0.13,218.6,,82.1,1.6,0.62,29.4,9.9,-0.11,,3.43,15.6,1.57,43.3,12.8,0.77,0.07,62.0,36.2,0.65,-21.4,0.6,,,49.0,38.5,,,4.0,,0.5,0.11,0.11,0.0,1.0,False,0.003,2026-08-27,99.1,0.02,11.25,5.6,0.06,0.0,7.21,7.21,13.5,228.7,-1.6,36.92,36.09,35.73,True,42.81,22.56,1.01,45.6,-13.3,False,False,,100.0
DIOD,Diodes Incorporated,Information Technology,Semiconductors,SP600,97.49,4.49,2026-10-01,501.0,TTM-4Q,2026-06-30,2026-11-05,25.0,44.8,0.68,True,18.5,52.1,2.3,16.7,5.4,1.9,3.2,0.17,2.5,4.5,31.7,3.8,-1.9,-6.5,5.0,2.9,7.0,,27.6,-0.86,63.7,26.4,0.68,0.07,92.0,66.1,1.96,-38.0,-0.47,,,162.5,66.7,,,2.0,15.7,-0.05,0.0,0.0,0.0,0.0,False,0.0,,101.4,0.04,8.8,4.1,0.21,0.0,0.0,0.0,17.8,35.3,-0.0,92.54,92.41,83.91,True,125.99,42.28,4.16,57.3,-1.3,False,True,,100.0
MAS,Masco,Industrials,Building Products,SP500,68.28,13.77,2026-10-01,501.0,TTM-4Q,2026-03-31,,,166.3,0.81,True,11.4,16.5,,14.7,8.8,6.1,6.8,0.34,32.7,,35.4,1.8,1.79,-5.1,3.6,1.32,8.0,3.95,12.7,1.55,1.7,16.8,0.26,0.07,39.0,35.2,0.92,-24.4,0.46,,,80.33,17.7,,2.43,18.0,,-0.62,0.0,0.0,0.0,0.0,False,0.0,,106.7,0.0,5.27,4.7,0.0,1.89,4.67,6.56,-0.3,5.5,-4.2,72.36,70.43,70.11,True,83.64,58.16,1.82,43.9,-19.6,False,False,GOODWILL,100.0
REGN,Regeneron Pharmaceuticals,Health Care,Biotechnology,SP500;NDX,734.81,77.89,2026-10-01,501.0,TTM-4Q,2026-06-30,,,587.3,1.42,True,16.4,18.0,2.46,,6.1,5.6,4.8,0.29,9.8,14.0,,1.0,-1.37,-0.9,10.0,1.08,6.0,6.97,69.4,-0.01,47.3,6.3,0.8,0.06,66.0,33.3,0.6,-25.9,0.6,,,,,,,,,-0.18,0.0,0.0,0.0,0.0,False,0.0,2026-09-03,,,,,0.09,0.49,3.27,3.75,9.3,-2.9,-2.4,783.2,724.98,736.13,True,859.34,541.0,22.29,34.7,9.5,False,False,,100.0
PFBC,Preferred Bank,Financials,Regional Banks,SP600,105.99,,2026-10-01,501.0,,,,,19.5,1.13,True,,,,,,,,,,,,,,,,,,,999.0,,16.3,12.8,0.59,0.06,66.0,24.5,0.74,-18.6,0.53,,,,,,,,,,0.0,0.0,0.0,0.0,False,,,,,,,0.0,,,,,,,105.08,99.01,97.6,True,112.26,81.5,2.4,51.2,-3.6,False,True,DATA-KURANG,0.0
PRI,Primerica,Financials,Life & Health Insurance,SP400,274.72,8.46,2026-10-01,501.0,TTM-4Q,2026-06-30,,,56.7,0.84,True,,10.6,3.35,,,9.4,,-0.05,,33.0,,,,,0.8,,,,999.0,0.79,6.4,15.3,0.52,0.06,48.0,20.8,0.78,-16.2,0.73,,,,,,,,,-0.36,-0.09,0.0,0.09,0.0,False,-0.001,2026-08-17,,,,,0.05,1.69,5.6,7.28,8.6,17.3,-5.1,299.14,282.02,276.72,True,327.28,230.09,5.36,32.7,-9.8,False,False,,90.0
HL,Hecla Mining,Materials,Silver,SP400,17.0,11.42,2026-10-01,501.0,TTM-4Q,2026-06-30,,,681.6,0.65,True,12.0,34.2,4.26,16.3,8.3,2.9,4.2,-0.06,21.8,13.4,53.8,10.3,-0.52,-12.3,4.4,2.2,8.0,14.97,999.0,3.0,58.1,-0.3,0.39,0.06,57.0,73.7,1.36,-55.8,-1.8,,,23.08,35.7,,2.3,10.0,,2.65,-1.0,0.0,1.0,0.0,False,-0.009,2026-08-20,77.3,-0.24,0.0,0.0,0.04,0.09,-0.33,-0.24,74.4,233.1,5.7,18.22,17.92,19.19,True,34.17,11.57,0.9,39.2,1.5,False,False,DILUSI,90.0
GSHD,"Goosehead Insurance, Inc.",Financials,Insurance Brokers,SP600,47.15,1.68,2026-10-01,501.0,TTM-4Q,2026-06-30,,,27.8,1.18,True,,47.7,,17.5,,2.1,,-1.5,,,,,,,2.9,,,,4.1,0.43,-8.0,63.8,0.44,0.06,16.0,64.0,0.55,-56.1,-2.22,,,68.92,46.2,,,12.0,,0.09,-0.54,18.55,19.09,2.0,True,-0.032,2026-09-22,115.3,0.65,12.4,7.3,2.22,0.0,8.01,8.01,17.7,18.0,-7.4,61.32,49.89,53.64,False,79.85,33.68,3.16,35.6,-12.8,False,False,,90.0
ZION,Zions Bancorporation,Financials,Regional Banks,SP400,62.65,9.14,2026-10-01,501.0,TTM-4Q,2026-06-30,,,102.3,1.24,True,,7.8,1.19,,,12.8,,1.12,,16.4,,,,,0.2,,,,999.0,-0.07,20.9,15.5,0.6,0.06,53.0,30.4,1.14,-18.1,-0.09,,,,,,,,,-0.4,-6.28,0.0,6.28,0.0,False,-0.069,2026-08-04,,,,,-0.0,2.97,1.45,4.43,5.8,38.7,-0.6,67.99,64.33,63.37,True,73.34,46.19,1.41,31.4,-11.9,False,False,,90.0
MKSI,MKS Instruments,Information Technology,Semiconductor Materials & Equipment,SP400,271.24,18.34,2026-10-01,501.0,TTM-4Q,2026-06-30,,,327.9,1.06,True,21.4,41.7,6.14,15.4,4.7,2.4,2.5,-0.12,8.8,15.9,47.0,1.4,3.41,-2.2,10.2,1.44,6.0,2.78,3.7,-0.58,99.9,4.6,0.84,0.06,87.0,62.3,2.31,-47.9,-0.95,,,410.86,51.5,,1.64,14.0,,-0.05,0.0,0.0,0.0,0.0,False,0.0,2026-09-01,107.0,-0.01,10.21,4.6,0.14,0.34,0.0,0.34,16.3,64.8,7.9,277.22,292.2,271.45,True,447.62,120.91,11.51,53.9,-27.7,False,False,DILUSI,100.0
LNC,Lincoln Financial,Financials,Multi-line Insurance,SP600,39.73,7.61,2026-10-01,501.0,TTM-4Q,2026-06-30,,,85.2,1.19,True,,3.2,0.67,4.6,,31.0,,3.0,,22.6,,,,,0.4,,,,999.0,-0.05,11.1,24.4,0.52,0.05,58.0,34.1,1.01,-29.1,-0.52,,,47.92,20.6,,2.54,12.0,,0.0,-0.9,0.0,0.9,0.0,False,-0.012,2026-08-17,87.0,0.0,0.01,0.0,-0.03,4.52,0.0,4.52,7.9,107.7,8.8,43.35,38.57,39.44,True,47.67,32.18,1.17,32.1,4.7,False,False,DILUSI,90.0
PFGC,Performance Food Group,Consumer Staples,Food Distributors,SP400,91.84,14.47,2026-10-01,501.0,TTM-4Q,2026-06-27,,,139.9,0.77,True,11.4,40.3,2.95,,8.8,2.5,7.1,-0.01,6.6,7.7,11.9,0.6,2.89,-5.7,0.8,3.93,5.0,4.69,2.1,-0.68,-4.7,17.8,0.23,0.05,29.0,29.0,0.77,-23.7,-0.09,,,,,,,,,0.19,0.0,0.0,0.0,0.0,False,0.0,2026-09-01,,,,,0.05,0.0,0.01,0.01,7.2,5.6,0.4,102.13,97.97,96.87,False,117.47,80.82,2.22,36.2,-20.8,False,False,,100.0
SW,Smurfit Westrock,Materials,Paper & Plastic Packaging Products & Materials,SP500,43.04,22.58,2026-10-01,501.0,TTM-4Q,2026-06-30,,,192.6,1.22,True,8.6,45.4,1.25,,11.7,2.2,4.5,0.57,3.1,2.7,17.9,2.6,3.2,-6.2,2.1,6.63,5.0,1.46,1.8,-0.55,9.9,15.5,0.29,0.05,54.0,44.4,0.8,-30.5,0.18,,,,,,,,,-0.21,0.0,0.0,0.0,0.0,False,0.0,,,,,,0.07,4.09,0.0,4.09,1.7,41.2,0.8,46.71,43.36,43.24,True,52.65,32.73,1.42,38.7,-8.6,False,False,ZONA-BAHAYA,100.0
MYRG,"MYR Group, Inc.",Industrials,Construction & Engineering,SP600,297.92,4.64,2026-10-01,501.0,TTM-4Q,2026-06-30,,,71.7,0.57,True,15.3,28.1,6.15,20.4,6.5,3.6,4.2,-0.22,23.4,24.7,12.5,1.5,-0.44,-8.2,2.2,1.81,8.0,6.59,61.0,0.66,37.7,-1.0,0.38,0.05,55.0,48.9,1.41,-45.9,-1.05,,,412.0,38.3,,,5.0,,0.69,0.0,0.0,0.0,0.0,False,0.0,,103.5,-0.14,5.55,2.5,-0.3,0.0,0.0,0.0,16.1,116.4,1.0,310.74,356.46,328.84,True,503.57,190.14,12.2,51.2,-32.9,False,False,,100.0
PKG,Packaging Corporation of America,Materials,Paper & Plastic Packaging Products & Materials,SP500,229.71,20.47,2026-10-01,501.0,TTM-4Q,2026-06-30,,,144.6,0.98,True,13.2,29.6,4.39,,7.6,3.4,3.6,-0.2,9.9,14.9,20.1,1.5,1.86,-9.3,1.8,2.35,5.0,3.86,999.0,0.49,7.1,9.2,0.29,0.05,57.0,28.1,0.59,-17.2,1.16,,,,,,,,,0.0,-10.2,0.0,10.2,0.0,False,-0.05,2026-08-20,,,,,-0.2,2.19,0.0,2.19,10.3,-23.5,-0.8,243.06,228.0,226.35,True,259.98,191.5,5.27,40.0,-6.0,False,False,INSIDER-JUAL,100.0
NVDA,Nvidia,Information Technology,Semiconductors,SP500;NDX,230.86,5563.73,2026-10-01,501.0,TTM-4Q,2026-07-26,,,24592.9,0.87,True,27.7,28.8,24.3,14.7,3.6,3.5,2.3,-0.24,89.4,117.2,74.7,6.5,0.05,25.4,27.7,0.7,7.0,41.09,426.7,1.23,16.7,23.9,0.54,0.05,83.0,37.5,1.85,-20.2,0.8,,,327.7,41.9,,1.3,59.0,,2.2,-946.63,0.0,946.63,0.0,False,-0.017,2026-09-21,71.4,0.01,1.27,2.3,0.09,0.12,0.99,1.12,83.4,122.7,-1.0,217.77,205.37,200.43,True,236.54,164.27,5.82,60.1,15.5,False,True,INSIDER-JUAL,100.0
WEX,WEX Inc.,Financials,Transaction & Payment Processing Services,SP400,168.66,5.75,2026-10-01,501.0,TTM-4Q,2026-06-30,,,103.8,1.34,True,,16.4,4.28,,,6.1,,-1.5,,30.2,,,,,0.3,,,,999.0,0.4,19.8,25.5,0.55,0.05,70.0,41.0,1.04,-31.4,-0.93,,,,,,,,,-0.43,-1.19,0.0,1.19,0.0,False,-0.021,2026-09-14,,,,,0.03,0.0,1.11,1.11,7.5,14.5,1.5,188.85,163.8,161.58,True,203.99,125.29,6.06,31.2,12.2,False,False,GOODWILL,90.0
ONB,Old National Bank,Financials,Regional Banks,SP400,24.98,9.65,2026-10-01,501.0,TTM-4Q,2026-03-31,,,115.4,1.9,True,,12.7,1.13,8.6,,7.9,,0.21,,10.1,,,,,0.1,,,,999.0,-0.24,16.9,13.4,0.58,0.05,61.0,25.9,1.17,-17.7,0.08,,,30.07,20.4,,1.8,14.0,,,-0.84,0.0,0.84,0.0,False,-0.009,2026-07-30,98.0,0.0,7.03,6.5,-0.01,2.45,1.68,4.13,,34.5,20.9,25.97,24.6,24.42,True,27.36,19.39,0.5,43.0,-6.3,False,False,DILUSI,90.0
ARR,Armour Residential REIT,Real Estate,Mortgage REITs,SP600,13.81,1.95,2026-10-01,501.0,TTM-4Q,2026-06-30,2026-10-28,19.0,67.2,1.14,True,,4.5,0.76,4.7,,22.0,,3.0,,20.3,,,,0.6,1.6,0.74,,,999.0,,25.9,2.4,0.63,0.04,28.0,22.5,0.68,-19.1,-0.03,,,18.38,33.1,,,4.0,-0.1,,-0.56,0.0,0.56,0.0,False,-0.029,2026-09-10,56.6,0.0,0.0,0.0,-0.04,17.52,-41.22,-23.7,,,55.1,15.84,16.68,16.99,False,19.31,13.55,0.33,19.5,-21.4,False,False,DILUSI;UTANG-TAK-TERBACA,84.0
MA,Mastercard,Financials,Transaction & Payment Processing Services,SP500,550.0,485.65,2026-10-01,501.0,TTM-4Q,2026-06-30,,,1550.3,1.07,True,,29.9,86.55,23.9,,3.3,,-1.24,,241.5,,,,,1.8,,,,27.4,3.0,2.8,18.6,0.48,0.04,51.0,22.4,0.79,-18.5,0.57,,,666.71,21.2,,1.42,37.0,,0.01,0.0,0.0,0.0,0.0,False,0.0,2026-09-02,91.2,-0.0,0.83,2.7,-0.05,0.6,3.26,3.86,16.0,19.7,-2.9,570.26,527.22,532.25,True,601.23,464.52,9.28,36.6,-0.6,False,False,GOODWILL,90.0
WDAY,"Workday, Inc.",Information Technology,Application Software,SP500;NDX,186.75,46.0,2026-10-01,501.0,TTM-4Q,2026-07-31,,,489.5,0.96,True,34.8,36.8,7.12,,2.9,2.7,6.2,0.03,9.8,16.0,,6.6,-0.32,-10.8,4.1,2.46,7.0,3.79,9.8,-0.24,-17.6,53.7,0.34,0.04,76.0,53.4,1.04,-54.2,-0.03,,,,,,,,,-0.1,0.0,0.0,0.0,0.0,False,0.0,2026-09-23,,,,,0.15,0.0,11.37,11.37,13.3,114.6,-8.8,184.72,148.75,157.39,False,247.4,110.36,8.0,47.6,34.5,False,False,,100.0
P,Everpure,Information Technology,"Technology Hardware, Storage & Peripherals",SP500,134.13,44.7,2026-10-01,501.0,TTM-4Q,2026-08-02,,,831.3,0.61,True,117.3,176.5,29.01,,0.9,0.6,0.3,-0.79,14.2,17.7,69.7,1.3,-1.02,-3.8,3.2,1.69,7.0,8.21,213.9,0.35,11.9,53.6,0.46,0.04,97.0,70.4,2.1,-42.3,-0.8,,,,,,,,,0.33,-1.46,0.0,1.46,0.0,False,-0.003,2026-09-24,,,,,0.14,0.0,0.75,0.75,27.2,82.0,2.3,100.75,80.92,78.26,True,135.68,56.78,6.5,75.3,79.8,True,True,,100.0
ENR,Energizer,Consumer Staples,Household Products,SP600,21.21,1.45,2026-10-01,501.0,TTM-4Q,2026-06-30,2026-11-17,33.0,19.6,0.87,True,11.4,17.8,7.15,6.3,8.8,5.6,10.4,0.45,5.5,42.2,36.8,1.7,7.77,-3.0,3.5,2.67,5.0,1.32,1.8,-1.0,-11.2,30.2,0.21,0.04,60.0,46.2,1.0,-33.6,-1.26,,,22.33,5.3,,,6.0,-9.2,-0.28,13.48,13.48,0.0,1.0,False,0.928,2026-07-24,103.6,-0.03,11.22,7.9,1.6,5.85,2.24,8.09,2.2,-67.6,-4.0,21.54,19.85,20.22,True,25.35,15.75,0.79,47.2,-4.9,False,False,ZONA-BAHAYA;GOODWILL,100.0
PDFS,"PDF Solutions, Inc.",Information Technology,Semiconductor Materials & Equipment,SP600,53.39,2.25,2026-10-01,501.0,TTM-4Q,2026-06-30,,,28.4,0.83,True,85.3,218.7,6.05,,1.2,0.5,-0.1,-0.69,3.3,3.3,71.5,8.0,-1.87,-6.2,3.3,3.75,7.0,10.0,4.3,-0.18,61.9,25.1,0.66,0.04,92.0,65.8,1.56,-41.8,-0.29,,,,,,,,,0.97,-0.23,0.0,0.23,0.0,False,-0.01,2026-08-31,,,,,0.11,0.0,0.0,0.0,23.0,1100.0,6.4,47.0,46.69,42.91,True,71.69,23.55,2.57,66.3,-12.1,False,False,DILUSI,100.0
MMI,"Marcus & Millichap, Inc.",Real Estate,Real Estate Services,SP600,28.96,1.1,2026-10-01,501.0,TTM-4Q,2026-06-30,,,5.2,0.98,False,43.6,76.4,1.89,31.1,2.3,1.3,7.7,-0.63,1.0,2.4,,0.3,-10.37,-10.1,7.5,6.48,8.0,,14.0,0.65,7.6,19.4,0.47,0.04,48.0,28.7,0.7,-20.3,-0.46,,,28.0,-3.3,,,1.0,,,0.0,0.0,0.0,0.0,False,0.0,,98.5,0.03,7.37,9.5,0.24,1.85,3.96,5.82,11.9,,-2.5,31.09,29.32,28.67,True,33.55,24.43,0.83,36.8,-11.4,False,False,TIPIS,100.0
SYNA,Synaptics,Information Technology,Semiconductors,SP400,106.15,4.15,2026-10-01,501.0,TTM-4Q,2026-06-27,,,57.5,1.66,True,,,4.47,,-0.8,-11.8,2.4,-1.45,-2.7,-42.2,44.7,4.2,,-27.3,10.7,,5.0,3.1,-2.9,-0.1,39.3,31.1,0.59,0.03,83.0,59.8,2.17,-39.5,-0.53,,,,,,,,,,0.0,0.0,0.0,0.0,False,0.0,2026-09-21,,,,,0.15,0.0,2.23,2.23,11.4,,-1.0,101.16,103.85,98.58,True,149.11,58.28,4.46,59.7,-13.4,False,False,,100.0
APPF,AppFolio,Information Technology,Application Software,SP400,204.24,7.24,2026-10-01,501.0,TTM-4Q,2026-06-30,2026-10-29,20.0,59.4,0.66,True,34.6,46.0,13.77,24.2,2.9,2.2,3.7,-0.24,30.8,32.1,,0.7,-1.07,-19.0,19.6,1.73,8.0,39.64,999.0,1.43,-18.3,46.2,0.31,0.03,60.0,44.3,0.36,-48.0,0.86,,,234.16,14.7,,1.44,8.0,1.2,-0.26,0.0,0.0,0.0,0.0,False,0.0,2026-08-21,99.4,0.01,9.74,7.1,0.17,0.0,1.73,1.73,20.7,-22.4,-2.1,205.68,178.5,185.85,False,277.73,142.56,7.86,46.4,16.5,False,False,,100.0
DCI,Donaldson Company,Industrials,Industrial Machinery & Supplies & Components,SP400,87.76,10.17,2026-10-01,501.0,TTM-4Q,2026-07-31,2026-12-03,45.0,60.7,1.03,True,15.9,22.4,5.77,18.1,6.3,4.5,4.2,-0.19,17.8,28.2,34.6,1.1,1.53,-1.1,0.7,1.09,7.0,5.5,16.7,0.31,11.1,5.0,0.31,0.03,50.0,26.0,0.76,-26.0,0.81,,,99.6,13.5,,,5.0,2.1,-0.27,-3.19,0.0,3.19,0.0,False,-0.031,2026-09-04,92.8,0.1,3.07,4.7,0.17,1.39,1.09,2.48,5.3,23.7,-2.1,91.62,88.47,91.22,False,112.84,79.42,1.74,44.6,-4.0,False,False,,100.0
TTMI,TTM Technologies,Information Technology,Electronic Manufacturing Services,SP400,126.5,13.33,2026-10-01,501.0,TTM-4Q,2026-06-29,,,232.9,0.95,True,28.3,56.3,6.89,,3.5,1.8,-0.1,-0.45,11.0,13.3,21.2,1.4,0.96,-2.2,1.8,1.36,7.0,4.87,7.6,-0.95,100.2,18.8,0.74,0.03,90.0,80.7,2.19,-54.0,-1.47,,,,,,,,,0.39,-2.08,1.64,3.72,2.0,True,-0.016,2026-08-25,,,,,1.09,0.0,0.0,0.0,27.6,154.1,2.6,123.32,137.34,124.94,True,223.83,53.36,7.73,53.2,-20.9,False,False,,100.0
EXTR,"Extreme Networks, Inc.",Information Technology,Communications Equipment,SP600,21.97,2.87,2026-10-01,501.0,TTM-4Q,2026-06-30,,,31.2,1.17,True,35.2,68.1,32.36,14.5,2.8,1.5,3.3,-0.36,20.6,54.6,61.5,2.5,-0.58,-7.0,5.2,2.92,7.0,1.72,4.5,0.43,5.5,43.3,0.44,0.03,59.0,55.0,1.48,-37.7,0.14,,,33.5,52.5,,,8.0,,,0.0,0.0,0.0,0.0,False,0.0,2026-09-01,100.3,-1.26,8.51,5.8,-1.05,0.0,3.03,3.03,12.6,,2.0,23.94,23.32,21.36,True,33.73,13.48,0.76,46.0,-28.1,False,False,ZONA-BAHAYA;GOODWILL,100.0
FHI,Federated Hermes,Financials,Asset Management & Custody Banks,SP400,56.16,4.04,2026-10-01,501.0,TTM-4Q,2026-06-30,,,41.0,0.99,True,,9.8,3.23,9.6,,10.2,,-0.43,,34.8,,,,,2.4,,,,999.0,2.16,22.9,8.5,0.63,0.03,54.0,24.9,0.6,-14.1,0.81,,,61.0,8.6,,,7.0,,-0.07,-0.77,0.0,0.77,0.0,False,-0.019,2026-08-20,93.4,0.01,6.2,7.9,0.03,2.66,5.09,7.75,15.0,13.0,-4.2,61.02,58.17,57.03,True,67.2,46.66,1.46,33.3,-3.3,False,False,,90.0
FDS,FactSet,Financials,Financial Exchanges & Data,SP500,277.61,9.87,2026-10-01,501.0,TTM-4Q,2026-05-31,,,256.3,1.52,True,,17.4,4.86,14.1,,5.7,,-1.06,,27.0,,,,,2.4,,,,13.6,1.29,8.5,37.0,0.48,0.03,64.0,47.0,0.54,-36.0,-0.86,,,270.0,-2.7,,3.22,16.0,,-0.51,0.0,0.0,0.0,0.0,False,0.0,,115.2,0.0,12.43,4.2,0.01,1.66,6.2,7.87,6.6,6.2,-5.6,282.17,246.45,249.22,False,320.48,185.0,12.17,49.5,8.2,False,False,,90.0
CVCO,"Cavco Industries, Inc.",Consumer Discretionary,Homebuilding,SP600,577.2,4.44,2026-10-01,501.0,TTM-4Q,2026-06-27,2026-10-29,20.0,57.6,0.82,True,17.0,24.5,4.0,20.0,5.9,4.1,5.3,-0.55,15.5,16.7,23.2,1.1,-1.03,-7.1,3.3,1.58,6.0,9.8,434.1,0.1,-4.8,13.8,0.1,0.03,51.0,47.2,0.82,-34.7,0.01,,,646.67,12.0,,,3.0,-2.2,0.1,-0.2,0.0,0.2,0.0,False,-0.005,2026-08-18,103.7,0.01,5.77,4.0,0.06,0.0,3.15,3.15,9.7,-3.8,-3.2,565.53,543.26,558.2,False,713.01,443.34,17.95,60.4,-6.0,False,False,,90.0
PI,"Impinj, Inc.",Information Technology,Electronic Equipment & Instruments,SP600,183.87,5.62,2026-10-01,501.0,TTM-4Q,2026-06-30,,,71.6,0.86,True,648.0,,24.26,,0.2,-0.5,1.1,-0.84,-1.1,-12.9,52.9,1.4,12.32,-18.9,9.8,,4.0,11.17,-2.0,-0.62,-6.9,65.0,0.4,0.03,87.0,73.1,2.2,-62.2,-1.56,,,,,,,,,-3.0,-0.14,0.0,0.14,0.0,False,-0.002,2026-09-21,,,,,0.14,0.0,0.0,0.0,3.5,-4363.8,4.6,167.81,139.67,143.83,True,247.06,87.36,7.4,61.2,26.6,False,False,,100.0
NIC,Nicolet Bankshares,Financials,Regional Banks,SP600,163.62,3.43,2026-10-01,501.0,TTM-4Q,2026-06-30,,,26.7,1.48,True,,22.2,1.51,12.2,,4.5,,-0.5,,8.9,,,,,0.3,,,,999.0,-0.32,24.6,11.6,0.61,0.02,70.0,29.8,0.65,-17.9,0.42,,,191.8,17.2,,2.17,5.0,,,-0.72,0.0,0.72,0.0,False,-0.021,2026-07-28,65.1,0.03,5.32,7.4,0.17,0.7,2.42,3.12,,13.7,40.8,170.86,157.3,152.85,True,180.0,114.12,3.62,37.3,-4.3,False,False,DILUSI,90.0
FTV,Fortive,Industrials,Industrial Machinery & Supplies & Components,SP500,55.84,17.02,2026-10-01,501.0,TTM-4Q,2026-04-03,,,120.7,0.99,True,16.5,31.3,2.8,17.2,6.0,3.2,5.6,-0.09,5.6,6.7,63.3,3.0,2.57,-3.7,0.6,1.98,5.0,3.04,999.0,0.31,16.3,1.7,0.34,0.02,43.0,26.7,0.92,-14.8,0.98,,,64.31,15.2,,2.73,13.0,,-0.57,-0.53,0.0,0.53,0.0,False,-0.003,2026-08-10,112.5,0.02,5.76,5.8,0.03,0.49,11.21,11.7,3.6,-31.8,-9.2,58.47,59.03,58.27,True,64.56,47.71,1.09,45.6,-13.1,False,False,GOODWILL,100.0
SLAB,Silicon Labs,Information Technology,Semiconductors,SP400,222.51,7.42,2026-10-01,501.0,TTM-4Q,2026-07-04,,,62.7,1.29,True,,,6.78,,-0.3,-0.5,-0.1,-0.88,-3.1,-3.6,60.6,3.0,,-5.8,36.5,,6.0,30.26,-47.0,-0.53,67.1,5.5,0.78,0.02,86.0,46.6,1.19,-15.7,1.22,,,,,,,,,,0.0,0.0,0.0,0.0,False,0.0,2026-08-14,,,,,0.15,0.0,0.0,0.0,21.7,,1.6,219.23,215.68,202.17,True,222.92,115.51,1.07,67.2,-0.6,False,True,,100.0
RJF,Raymond James Financial,Financials,Investment Banking & Brokerage,SP500,159.76,30.73,2026-10-01,501.0,TTM-4Q,2026-06-30,,,217.4,0.73,True,,13.3,2.42,,,7.5,,-0.13,,18.5,,,,,0.2,,,,999.0,0.15,1.9,21.4,0.46,0.02,48.0,25.4,1.07,-18.9,0.16,,,,,,,,,-0.43,-4.09,0.0,4.09,0.0,False,-0.013,2026-08-28,,,,,0.04,1.39,0.0,1.39,8.0,8.1,-4.0,172.66,159.59,160.91,True,182.73,138.82,3.74,36.0,-4.3,False,False,,90.0
FIBK,"First Interstate BancSystem, Inc.",Financials,Regional Banks,SP600,35.77,3.41,2026-10-01,501.0,TTM-4Q,2026-06-30,,,47.1,1.08,True,,10.5,1.03,12.6,,9.5,,0.45,,9.6,,,,,0.1,,,,999.0,-0.26,20.0,11.0,0.59,0.01,55.0,26.3,0.95,-16.9,0.31,,,37.25,4.1,,3.44,8.0,,,-1.43,0.0,1.43,0.0,False,-0.042,2026-09-16,98.8,0.01,16.11,11.0,0.04,5.54,8.09,13.63,,41.3,-6.4,37.42,36.16,36.3,True,40.6,29.1,0.72,38.0,-10.9,False,False,,90.0
NOVT,Novanta,Information Technology,Electronic Equipment & Instruments,SP400,143.58,5.43,2026-10-01,501.0,TTM-4Q,2026-07-03,,,50.3,0.69,True,32.1,87.9,3.36,32.9,3.1,1.1,2.1,-0.24,4.6,5.1,44.5,0.9,-3.18,-3.9,1.0,2.17,5.0,7.58,999.0,-0.41,43.5,21.4,0.62,0.01,70.0,52.1,1.76,-27.0,0.33,,,194.5,35.5,,,2.0,,-0.38,0.0,0.0,0.0,0.0,False,0.0,2026-09-11,123.6,0.02,15.11,15.6,0.18,0.0,0.95,0.95,7.6,0.7,14.1,147.06,142.89,140.23,True,176.38,98.27,5.28,50.4,-13.4,False,False,DILUSI,100.0
CVNA,Carvana,Consumer Discretionary,Automotive Retail,SP500,63.04,46.65,2026-10-01,501.0,TTM-4Q,2026-06-30,2026-10-28,19.0,506.4,1.52,True,,29.7,11.58,27.9,,3.4,2.0,-0.69,19.6,54.5,19.4,4.3,,3.7,11.2,0.71,5.0,5.75,5.3,-1.19,-4.3,15.6,0.09,0.01,22.0,62.9,2.38,-41.2,-2.15,,,82.98,31.6,,2.0,20.0,10.1,2.71,-0.68,1.54,2.23,1.0,False,-0.001,2026-09-14,105.3,0.02,11.63,8.1,0.09,0.0,0.0,0.0,54.0,178.5,3.3,68.67,68.32,72.08,False,97.38,54.46,3.32,41.2,-10.4,False,False,,100.0
CTRE,CareTrust REIT,Real Estate,Health Care REITs,SP400,35.91,8.49,2026-10-01,501.0,TTM-4Q,2026-06-30,2026-11-09,27.0,81.7,1.0,True,18.3,23.9,1.89,20.2,5.5,4.2,,-0.38,8.0,9.1,,0.8,2.19,-1.7,2.6,1.26,,,8.2,0.46,18.6,8.6,0.54,0.0,38.0,25.1,0.15,-16.4,0.68,,,45.15,25.7,,1.31,13.0,0.3,2.19,0.0,0.0,0.0,0.0,False,0.0,,107.7,0.0,8.21,7.3,-0.01,3.6,-14.03,-10.43,53.0,61.6,21.5,39.43,39.49,39.05,True,43.62,32.79,0.74,24.8,-16.2,False,False,DILUSI,100.0
CIEN,Ciena,Information Technology,Communications Equipment,SP500,379.14,53.77,2026-10-01,501.0,TTM-4Q,2026-08-01,2026-12-10,50.0,985.7,0.89,True,61.3,82.2,17.59,32.1,1.6,1.2,1.5,-0.58,12.6,22.4,44.1,2.0,0.68,-5.8,3.5,1.61,7.0,7.73,10.6,-0.29,147.4,-13.3,0.92,-0.0,90.0,73.3,1.59,-49.4,-0.72,,,516.83,36.3,,1.75,19.0,22.1,0.66,-1.34,0.0,1.34,0.0,False,-0.002,2026-09-23,95.9,0.01,3.99,1.5,0.16,0.0,0.71,0.71,32.6,364.5,1.0,374.29,433.78,390.45,True,637.51,143.19,22.26,55.8,-12.5,False,False,,100.0
UCTT,"Ultra Clean Holdings, Inc.",Information Technology,Semiconductor Materials & Equipment,SP600,78.64,3.56,2026-10-01,501.0,TTM-4Q,2026-06-26,,,64.8,1.48,True,35.0,,5.57,,2.9,-0.7,-3.2,-0.87,3.1,-3.4,15.8,1.9,3.08,2.3,5.9,,2.0,3.62,2.3,-1.62,138.9,2.5,0.81,0.0,96.0,87.4,2.14,-54.3,-1.59,,,,,,,,,,0.0,0.0,0.0,0.0,False,0.0,2026-07-02,,,,,0.15,0.0,1.12,1.12,2.5,,2.0,77.65,81.47,71.53,True,144.22,21.49,4.44,54.4,-28.0,False,False,F-RENDAH,100.0
CBSH,Commerce Bancshares,Financials,Regional Banks,SP400,54.83,7.86,2026-10-01,501.0,TTM-4Q,2026-06-30,2026-10-15,10.0,60.9,0.79,True,,13.5,1.8,12.0,,7.4,,-0.02,,14.6,,,,,0.1,,,,999.0,-0.05,2.0,16.6,0.45,-0.01,50.0,20.5,0.64,-15.7,0.91,,,66.56,21.4,,2.7,9.0,5.3,-0.27,-2.01,0.0,2.01,0.0,False,-0.026,2026-08-27,78.1,0.04,4.56,7.0,0.2,1.98,4.28,6.27,9.8,4.6,,58.2,54.47,54.22,True,60.92,46.99,0.93,30.0,-7.9,False,False,,90.0
DORM,"Dorman Products, Inc.",Consumer Discretionary,Automotive Parts & Equipment,SP600,122.89,3.65,2026-10-01,501.0,TTM-4Q,2026-06-27,2026-10-26,17.0,26.0,1.31,True,10.8,16.6,2.41,13.4,9.3,6.0,5.9,-0.15,12.1,15.0,42.3,3.6,0.84,-1.2,1.4,1.14,7.0,4.81,11.9,-0.28,-18.4,20.9,0.03,-0.01,33.0,36.4,0.81,-36.4,0.32,,,161.62,31.5,,1.5,8.0,62.9,-0.06,-0.51,0.0,0.51,0.0,False,-0.014,2026-08-17,99.3,0.0,7.96,9.5,0.04,0.0,0.0,0.0,3.3,-3.0,-2.2,130.2,122.58,123.53,False,164.0,98.45,3.61,40.5,-13.0,False,False,,100.0
PJT,"PJT Partners, Inc.",Financials,Investment Banking & Brokerage,SP600,140.3,3.59,2026-10-01,501.0,TTM-4Q,2026-06-30,,,69.0,1.13,True,,18.0,11.49,,,5.6,,-0.89,,83.2,,,,,1.3,,,,999.0,2.95,1.7,27.9,0.44,-0.01,20.0,33.4,1.11,-32.5,-0.72,,,,,,,,,0.37,-2.06,0.0,2.06,0.0,False,-0.057,2026-08-21,,,,,0.0,0.7,3.32,4.03,22.9,24.4,,167.13,156.88,160.03,False,195.62,127.73,5.26,23.5,-16.1,False,False,,90.0
NX,Quanex Building Products Corporation,Industrials,Building Products,SP600,19.2,0.88,2026-10-01,501.0,TTM-4Q,2026-07-31,,,11.6,0.76,False,7.1,19.4,1.18,9.7,14.2,5.2,10.3,1.82,8.3,6.2,26.6,1.8,2.87,-5.1,8.7,3.21,8.0,1.89,2.2,-0.41,31.9,2.5,0.32,-0.01,78.0,54.0,1.48,-31.3,-0.79,,,26.0,35.4,,,4.0,,,0.0,0.0,0.0,0.0,False,0.0,,118.1,0.01,11.87,8.8,0.01,1.66,0.55,2.2,1.3,,-0.1,20.09,18.81,18.75,True,23.33,11.04,0.91,44.0,9.6,False,False,TIPIS,100.0
KGS,"Kodiak Gas Services, Inc.",Energy,Oil & Gas Equipment & Services,SP600,53.56,5.42,2026-10-01,501.0,TTM-4Q,2026-06-30,,,112.3,0.57,True,12.0,67.4,2.5,16.5,8.4,1.5,0.1,-0.82,6.2,4.6,,0.7,3.87,-8.1,1.9,5.96,7.0,1.49,999.0,-0.21,67.2,4.3,0.87,-0.01,66.0,41.0,0.82,-31.6,-0.45,,,83.13,55.2,,1.33,15.0,,-0.39,0.0,0.0,0.0,0.0,False,0.0,2026-09-16,105.4,0.0,9.75,4.5,-0.03,3.24,1.55,4.79,8.2,-3.5,7.5,59.04,63.24,57.9,True,77.68,32.55,2.43,38.6,-23.1,False,False,ZONA-BAHAYA;DILUSI,100.0
VCEL,Vericel,Health Care,Biotechnology,SP600,39.44,2.02,2026-10-01,501.0,TTM-4Q,2026-06-30,,,19.9,1.0,True,59.6,83.4,5.46,,1.7,1.2,3.1,-0.43,4.3,7.2,74.6,2.9,-5.21,-9.7,3.7,2.88,8.0,9.3,28.5,0.88,28.7,24.4,0.64,-0.01,56.0,41.5,0.77,-31.0,0.09,,,,,,,,,0.6,0.0,0.0,0.0,0.0,False,0.0,2026-08-12,,,,,0.09,0.0,-0.35,-0.35,23.0,240.8,3.9,42.24,38.65,38.26,True,49.32,28.95,1.3,43.4,-18.2,False,False,,100.0
FANG,Diamondback Energy,Energy,Oil & Gas Exploration & Production,SP500;NDX,185.51,51.95,2026-10-01,501.0,TTM-4Q,2026-06-30,,,629.0,0.58,True,9.9,35.4,1.37,9.9,10.1,2.8,,-0.41,1.6,3.8,,,1.68,-12.2,5.1,6.91,5.0,1.55,999.0,-0.57,45.4,7.8,0.81,-0.02,73.0,32.6,0.33,-19.1,0.74,,,234.52,26.4,,1.48,29.0,,-0.23,-3749.64,0.0,3749.64,0.0,False,-7.218,2026-09-16,73.4,-0.02,3.93,4.0,-2.14,2.27,0.0,2.27,21.4,-61.8,-3.7,198.06,193.52,184.48,True,216.9,137.03,5.44,39.2,5.1,False,False,ZONA-BAHAYA;INSIDER-JUAL,100.0
CBT,Cabot Corp,Materials,Diversified Chemicals,SP400,76.35,3.94,2026-10-01,501.0,TTM-4Q,2026-06-30,2026-11-02,22.0,32.6,1.5,True,7.4,20.7,2.46,10.9,13.6,4.8,7.1,0.93,10.9,12.1,22.7,1.8,1.52,-7.9,2.1,2.62,4.0,3.18,6.7,0.55,8.6,8.3,0.26,-0.02,46.0,32.8,0.75,-22.8,0.72,,,91.33,19.6,,,6.0,0.7,-0.53,-19.65,0.0,19.65,0.0,False,-0.498,2026-08-28,106.3,0.02,12.32,13.3,-1.74,2.46,3.55,6.01,-4.7,-55.3,-3.3,83.22,81.27,78.88,True,94.53,58.33,2.04,34.6,-13.8,False,False,INSIDER-JUAL,100.0
SPSC,"SPS Commerce, Inc.",Information Technology,Application Software,SP600,84.2,3.03,2026-10-01,501.0,TTM-4Q,2026-06-30,,,43.9,0.69,True,23.4,38.9,3.23,,4.3,2.6,6.6,0.28,7.8,8.3,69.8,1.2,-1.42,-13.4,0.3,2.92,7.0,11.47,999.0,0.48,-20.4,47.5,0.29,-0.02,81.0,47.3,0.98,-55.8,0.1,,,,,,,,,-0.31,0.0,0.0,0.0,0.0,False,0.0,,,,,,0.15,0.0,5.05,5.05,9.8,-6.0,-4.0,78.03,64.07,68.67,False,114.87,49.04,2.97,61.2,39.0,False,False,,100.0
FBNC,First Bancorp (Southern Pines NC),Financials,Regional Banks,SP600,61.57,2.55,2026-10-01,501.0,TTM-4Q,2026-06-30,,,15.3,0.9,True,,19.1,1.48,12.2,,5.2,,-0.33,,8.1,,,,,0.3,,,,999.0,-0.35,19.2,10.8,0.57,-0.02,64.0,26.3,0.88,-15.3,0.44,,,69.4,12.7,,2.0,5.0,,,0.01,0.01,0.0,1.0,False,0.001,2026-09-11,85.0,0.0,6.34,12.9,-0.02,1.51,0.29,1.8,,37.1,-0.2,63.92,60.64,59.67,True,66.78,45.96,1.41,40.0,-5.9,False,False,,90.0
JLL,Jones Lang LaSalle,Real Estate,Real Estate Services,SP400,308.07,14.17,2026-10-01,501.0,TTM-4Q,2026-06-30,,,127.1,2.23,True,9.7,14.2,1.9,10.8,10.3,7.0,,0.71,12.5,13.8,,,0.3,-2.1,1.7,1.36,8.0,,999.0,1.85,18.9,16.0,0.49,-0.02,38.0,35.3,1.1,-22.2,-1.5,,,427.0,38.6,,1.83,10.0,,0.14,0.0,0.0,0.0,0.0,False,0.0,2026-08-21,96.1,0.0,2.14,3.1,-0.01,0.0,3.96,3.96,11.2,76.7,-2.9,352.6,324.76,327.72,True,393.84,259.83,9.61,26.8,-8.3,False,False,,100.0
ODFL,Old Dominion,Industrials,Cargo Ground Transportation,SP500;NDX,178.1,36.93,2026-10-01,501.0,TTM-4Q,2026-06-30,,,347.2,0.97,True,20.2,33.9,8.12,26.8,5.0,2.9,3.0,-0.59,24.2,24.8,,,-0.15,-5.4,3.2,1.28,7.0,21.6,999.0,1.59,33.5,-6.2,0.36,-0.03,43.0,38.0,0.98,-30.3,0.15,,,228.78,28.5,,,23.0,,-0.66,-3.96,0.0,3.96,0.0,False,-0.011,2026-08-25,81.3,0.07,4.94,5.2,0.13,0.64,1.48,2.12,-0.6,-0.5,-1.6,197.58,207.19,199.69,True,252.03,126.01,5.3,41.2,-20.2,False,False,,100.0
CRGY,Crescent Energy Company,Energy,Oil & Gas Exploration & Production,SP600,13.27,4.38,2026-10-01,501.0,TTM-4Q,2026-06-30,2026-11-02,22.0,93.4,0.75,True,4.2,80.1,0.85,5.7,23.5,1.2,,0.75,6.3,1.1,,,2.24,-17.4,1.2,35.8,6.0,0.98,2.5,0.41,64.5,12.7,0.8,-0.03,91.0,48.2,0.68,-33.7,-0.61,,,17.47,31.7,,1.71,17.0,17.5,0.28,0.0,0.0,0.0,0.0,False,0.0,,93.5,0.13,11.45,5.9,0.83,3.2,-0.01,3.19,24.3,137.1,,12.94,12.26,11.47,True,15.47,7.68,0.48,48.4,38.5,False,True,ZONA-BAHAYA,100.0
GRBK,"Green Brick Partners, Inc.",Consumer Discretionary,Homebuilding,SP600,66.44,2.86,2026-10-01,501.0,TTM-4Q,2026-06-30,,,25.5,0.76,True,7.3,9.8,1.45,11.1,13.8,10.2,3.9,0.26,14.8,15.7,30.0,2.7,0.26,7.1,2.1,0.4,4.0,,999.0,-0.98,-4.0,8.5,0.07,-0.03,30.0,34.1,0.85,-24.0,0.79,,,62.0,-6.7,,3.0,1.0,,-0.89,0.0,0.0,0.0,0.0,False,0.0,,83.4,0.01,0.03,0.0,0.07,0.1,1.39,1.49,-5.7,-16.7,-1.2,70.24,69.45,69.81,True,83.18,60.44,1.81,40.6,-18.3,False,False,RESTATEMENT;LABA-KERTAS,90.0
PLUS,"ePlus, Inc.",Information Technology,Technology Distributors,SP600,92.89,2.42,2026-10-01,501.0,TTM-4Q,2026-06-30,,,21.3,0.83,True,10.1,19.4,2.26,,9.9,5.2,,1.1,11.3,12.0,25.2,0.7,-2.31,3.6,1.3,0.47,6.0,4.69,999.0,-0.88,23.4,14.4,0.57,-0.03,78.0,33.1,1.0,-20.7,1.51,,,,,,,,,-0.09,-0.04,0.0,0.04,0.0,False,-0.002,2026-09-22,,,,,0.15,1.1,2.03,3.13,16.5,4.5,-1.2,89.88,84.8,85.16,True,98.14,69.25,2.6,59.3,12.0,False,False,,100.0
CVLT,CommVault Systems,Information Technology,Systems Software,SP400,147.77,6.12,2026-10-01,501.0,TTM-4Q,2026-06-30,2026-10-27,18.0,85.0,1.2,True,62.6,89.7,117.66,23.8,1.6,1.1,4.2,-0.42,25.1,32.8,81.1,1.4,-11.2,-12.8,7.8,3.88,6.0,2.1,15.0,1.74,-31.6,64.8,0.26,-0.03,75.0,63.0,1.37,-60.2,-0.67,,,160.55,8.7,,1.84,17.0,22.2,-0.04,-0.24,0.0,0.24,0.0,False,-0.004,2026-09-11,111.0,0.02,9.55,6.8,0.17,0.0,7.2,7.2,15.5,-15.8,-7.5,137.96,117.72,115.36,True,190.1,71.75,5.79,56.7,-4.0,False,True,GOODWILL,100.0
J,Jacobs Solutions,Industrials,Construction & Engineering,SP500,139.79,16.36,2026-10-01,501.0,TTM-4Q,2026-06-26,,,114.3,1.26,True,25.5,48.3,5.01,16.9,3.9,2.1,3.9,-0.68,6.4,9.6,22.1,1.6,3.26,-3.4,1.2,2.17,5.0,2.78,3.9,-0.81,-1.3,14.6,0.2,-0.04,59.0,33.6,0.87,-34.4,0.24,,,162.53,16.3,,1.94,15.0,,0.3,-2.48,0.0,2.48,0.0,False,-0.015,2026-08-07,94.8,-0.0,3.13,4.1,-0.02,0.99,4.15,5.14,20.1,-31.3,-1.3,143.1,131.57,133.1,True,168.44,105.68,3.61,46.5,6.6,False,False,GOODWILL,100.0
AGCO,AGCO,Industrials,Agricultural & Farm Machinery,SP400,111.81,7.83,2026-10-01,501.0,TTM-4Q,2026-06-30,2026-10-30,21.0,134.9,0.84,True,10.5,14.7,1.92,15.0,9.5,6.8,4.2,0.64,6.5,12.9,25.3,1.1,2.19,-0.5,5.4,1.11,8.0,2.48,999.0,-0.82,15.4,4.5,0.28,-0.04,47.0,35.7,0.78,-29.5,0.42,,,124.0,10.9,,2.5,15.0,-3.1,0.93,-57.57,0.1,57.67,1.0,False,-0.735,2026-09-15,98.1,0.0,6.06,2.8,-0.59,1.09,0.0,1.09,1.7,435.5,-4.6,113.7,115.89,116.38,True,143.78,98.22,4.19,40.3,-6.4,False,False,INSIDER-JUAL,100.0
BBT,Beacon Financial Corp.,Financials,Regional Banks,SP600,28.1,2.36,2026-10-01,501.0,TTM-4Q,2026-06-30,2026-10-28,19.0,35.6,1.1,True,,14.7,0.93,8.5,,6.8,,0.37,,8.4,,,,,0.2,,,,999.0,-0.34,34.0,2.6,0.66,-0.04,54.0,27.7,0.68,-14.9,0.59,,,34.83,24.0,,2.43,6.0,0.4,0.29,0.0,0.0,0.0,0.0,False,0.0,,93.6,0.0,5.52,5.7,-0.03,3.95,0.0,3.95,,102.8,-6.3,30.76,30.15,29.78,True,32.83,22.81,0.67,30.3,-9.4,False,False,,90.0
MTH,Meritage Homes Corporation,Consumer Discretionary,Homebuilding,SP600,64.37,4.2,2026-10-01,501.0,TTM-4Q,2026-06-30,,,58.6,1.13,True,11.5,12.7,0.83,11.0,8.7,7.8,9.9,0.39,4.8,6.4,,,2.22,-1.4,4.4,1.33,,,154.0,-1.03,-4.9,9.4,0.06,-0.04,27.0,37.8,0.6,-27.3,0.8,,,80.38,24.9,,2.22,8.0,,,0.0,0.0,0.0,0.0,False,0.0,,105.9,0.0,10.31,7.0,0.05,2.93,10.37,13.3,,-48.4,-8.0,69.07,68.76,69.71,False,85.38,58.03,2.15,44.5,-23.3,False,False,,84.0
CB,Chubb Limited,Financials,Property & Casualty Insurance,SP500,331.3,128.5,2026-10-01,501.0,TTM-4Q,2026-03-31,2026-10-27,18.0,558.7,0.82,True,,11.4,1.74,11.4,,8.8,,-0.03,,16.2,,,,,0.6,,,,19.4,0.21,20.7,3.9,0.63,-0.04,52.0,19.5,0.15,-10.3,1.62,,,365.91,10.4,,2.44,23.0,7.6,-0.22,-5.0,0.0,5.0,0.0,False,-0.004,2026-08-21,83.8,-0.0,0.93,2.3,-0.04,1.18,3.25,4.43,8.2,33.6,-2.5,343.25,334.68,329.85,True,365.91,265.3,5.2,41.0,-10.6,False,False,,90.0
WS,Worthington Steel,Materials,Steel,SP600,36.33,1.85,2026-10-01,501.0,TTM-4Q,2026-05-31,,,10.8,1.33,True,24.4,217.8,1.74,,4.1,0.5,4.3,-0.32,-0.1,0.8,11.7,1.4,2.08,-9.1,2.9,23.67,5.0,2.92,-0.0,-0.77,13.4,9.8,0.25,-0.04,72.0,45.7,1.72,-42.0,-1.17,,,,,,,,,-0.07,0.0,0.0,0.0,0.0,False,0.0,,,,,,0.07,1.76,0.0,1.76,11.3,-92.3,0.6,35.58,36.32,37.27,True,49.17,27.22,1.51,56.8,10.6,False,False,,100.0
SONO,"Sonos, Inc.",Consumer Discretionary,Consumer Electronics,SP600,17.75,2.1,2026-10-01,501.0,TTM-4Q,2026-06-27,,,35.2,1.05,True,16.2,36.9,5.2,,6.2,2.7,6.0,-0.54,13.2,14.2,46.5,1.4,-1.78,-10.5,8.3,2.58,8.0,4.85,143.7,0.83,-4.2,10.3,0.06,-0.04,80.0,48.3,1.68,-33.7,-0.83,,,,,,,,,,0.0,0.0,0.0,0.0,False,0.0,2026-09-01,,,,,0.08,0.0,5.51,5.51,5.6,,0.5,15.91,14.91,15.28,False,19.82,12.44,0.67,63.6,27.0,False,False,,100.0
IDA,Idacorp,Utilities,Electric Utilities,SP400,131.86,7.24,2026-10-01,501.0,TTM-4Q,2025-12-31,,,84.9,1.5,True,16.9,22.4,2.03,19.0,5.9,4.5,-8.0,-1.01,5.3,9.4,,,5.09,-2.9,0.1,1.86,6.0,,2.1,-0.36,5.9,-4.0,0.05,-0.04,33.0,17.7,0.11,-16.9,0.37,,,157.33,19.3,,1.67,9.0,,-1.04,0.0,0.0,0.0,0.0,False,0.0,,107.1,0.0,11.46,11.0,0.12,2.6,-1.3,1.3,-1.2,11.9,4.2,137.82,142.08,139.78,True,154.91,124.12,2.48,44.2,-16.8,False,False,,100.0
DIS,Walt Disney Company (The),Communication Services,Movies & Entertainment,SP500,101.33,174.97,2026-10-01,501.0,TTM-4Q,2026-06-27,2026-11-12,30.0,907.4,1.08,True,9.1,20.3,1.59,13.5,11.0,4.9,4.7,0.04,8.3,7.8,,,1.72,-4.2,2.0,1.98,5.0,2.36,999.0,-0.37,-5.9,10.8,0.09,-0.04,41.0,26.9,1.02,-20.2,0.74,,,126.74,25.1,,1.48,32.0,11.1,-0.18,-0.38,0.0,0.38,0.0,False,-0.0,2026-09-01,78.6,0.0,1.14,2.6,0.19,0.0,4.71,4.71,4.6,-25.5,-3.4,104.11,101.79,103.89,False,117.09,92.19,2.17,39.5,-0.7,False,False,,100.0
APAM,"Artisan Partners Asset Management, Inc.",Financials,Asset Management & Custody Banks,SP600,36.2,2.93,2026-10-01,501.0,TTM-4Q,2026-06-30,2026-10-27,18.0,32.1,1.49,True,,9.8,6.99,9.1,,10.2,,-0.17,,74.9,,,,,4.5,,,,47.8,3.0,5.9,18.7,0.46,-0.04,46.0,26.6,1.07,-22.2,-0.02,,,39.5,9.1,,,4.0,3.0,-0.26,-0.3,0.0,0.3,0.0,False,-0.01,2026-08-19,100.0,0.02,6.86,5.1,0.11,9.6,0.0,9.6,9.8,10.7,1.1,40.13,37.96,39.19,False,46.53,33.96,0.96,34.6,-0.3,False,False,,90.0
MDLZ,Mondelez International,Consumer Staples,Packaged Foods & Meats,SP500;NDX,57.76,74.14,2026-10-01,501.0,TTM-4Q,2026-03-31,,,501.5,0.93,True,18.5,28.4,2.88,17.2,5.4,3.5,3.5,-0.6,5.9,10.1,28.8,4.1,3.84,-1.8,1.5,1.49,5.0,2.24,6.0,-1.56,1.2,8.9,0.22,-0.05,46.0,23.2,0.05,-17.7,1.02,,,69.13,19.7,,1.96,23.0,,0.16,0.0,0.0,0.0,0.0,False,0.0,2026-08-19,89.4,0.01,2.44,3.9,-0.0,3.38,1.16,4.55,7.8,-27.5,-1.5,61.96,60.36,59.58,True,66.65,51.2,1.19,28.5,-7.6,False,False,,100.0
SMP,"Standard Motor Products, Inc.",Consumer Discretionary,Automotive Parts & Equipment,SP600,37.29,0.83,2026-10-01,501.0,TTM-4Q,2026-06-30,,,7.3,0.53,False,6.7,16.3,1.16,,14.9,6.1,10.5,0.71,8.4,7.3,32.0,1.1,2.55,-3.5,2.4,2.38,5.0,2.27,5.1,-0.54,-4.6,7.8,0.05,-0.05,48.0,30.5,0.87,-22.6,0.95,,,,,,,,,0.58,-0.92,0.0,0.92,0.0,False,-0.11,2026-09-09,,,,,0.01,3.4,0.03,3.44,11.3,29.5,2.0,38.46,38.04,38.63,True,46.0,34.27,1.03,45.0,-4.2,False,False,TIPIS,100.0
COTY,Coty,Consumer Staples,Personal Care Products,SP600,2.65,2.33,2026-10-01,501.0,TTM-4Q,2026-06-30,2026-11-05,25.0,13.9,1.41,False,13.0,,0.78,10.4,7.7,-25.9,14.9,-0.39,-0.9,-18.5,62.9,0.7,7.17,-10.3,3.5,,3.0,-0.13,-0.4,0.25,-29.7,39.2,0.09,-0.06,51.0,50.5,1.11,-58.4,-2.28,,,2.69,1.5,,3.11,14.0,-132.3,-1.47,0.0,0.0,0.0,0.0,False,0.0,,42.6,-0.0,12.91,7.0,-0.03,0.57,0.0,0.57,-1.5,,0.7,2.73,2.38,2.54,False,4.47,1.82,0.12,48.9,12.3,False,False,TIPIS;ZONA-BAHAYA;DISTRES;F-RENDAH;GOODWILL,100.0
EBC,"Eastern Bankshares, Inc.",Financials,Regional Banks,SP600,21.08,4.82,2026-10-01,501.0,TTM-4Q,2026-06-30,2026-10-22,15.0,53.4,0.91,True,,12.8,1.12,9.9,,7.8,,0.55,,9.4,,,,,0.3,,,,999.0,-0.28,21.0,9.5,0.56,-0.06,61.0,27.2,0.8,-15.0,0.49,,,25.12,19.2,,1.75,8.0,5.9,0.21,-1.41,0.0,1.41,0.0,False,-0.029,2026-09-14,92.3,0.01,7.44,8.8,0.01,2.43,4.19,6.62,15.2,,10.2,22.34,21.03,20.79,True,23.77,16.61,0.43,36.4,-8.1,False,False,DILUSI,90.0
TOL,Toll Brothers,Consumer Discretionary,Homebuilding,SP400,136.36,12.57,2026-10-01,501.0,TTM-4Q,2026-07-31,,,155.2,0.91,True,10.8,10.5,1.47,,9.3,9.5,8.7,0.21,7.8,14.4,23.7,,2.77,0.0,1.6,0.99,4.0,,999.0,-1.26,2.3,2.8,0.07,-0.06,34.0,34.3,0.91,-25.1,0.68,,,,,,,,,-0.55,-0.11,0.0,0.11,0.0,False,-0.001,2026-09-24,,,,,0.07,0.77,5.42,6.2,-1.1,-12.9,-4.8,143.4,143.44,144.39,True,168.36,123.15,3.69,45.7,-15.4,False,False,,90.0
NEE,NextEra Energy,Utilities,Multi-Utilities,SP500,76.35,159.22,2026-10-01,501.0,TTM-4Q,2026-03-31,,,983.6,1.77,True,17.3,19.5,2.88,17.4,5.8,5.1,,-1.2,5.2,15.6,,,6.7,-2.0,0.6,1.51,5.0,,999.0,-0.86,13.0,-9.4,0.09,-0.06,28.0,21.3,0.25,-21.7,-0.1,,,98.74,29.3,,1.9,19.0,,0.74,0.0,0.0,0.0,0.0,False,0.0,,87.0,0.0,0.0,0.0,0.13,3.02,-1.29,1.74,8.3,48.5,1.5,83.32,88.07,87.43,False,98.75,74.41,1.34,29.1,-15.7,False,False,,100.0
JOE,St. Joe Company,Real Estate,Real Estate Development,SP600,65.16,3.71,2026-10-01,501.0,TTM-4Q,2026-06-30,,,19.3,0.78,True,18.7,30.1,4.85,592.4,5.3,3.3,5.7,-0.46,10.6,16.4,44.1,1.4,1.2,-6.1,1.0,1.76,8.0,,5.7,0.84,32.8,1.6,0.58,-0.06,68.0,29.8,0.73,-17.8,-0.48,,,,,,,,,1.34,0.0,0.0,0.0,0.0,False,0.0,,89.0,0.02,4.94,6.0,0.12,0.96,1.67,2.63,28.4,48.7,-1.5,65.75,65.5,65.38,True,73.54,46.37,1.54,48.1,3.6,False,False,,100.0
IIPR,"Innovative Industrial Properties, Inc.",Real Estate,Industrial REITs,SP600,51.0,1.41,2026-10-01,501.0,TTM-4Q,2026-06-30,,,23.4,1.55,True,8.6,10.2,0.76,11.6,11.6,9.8,,1.48,4.6,7.4,,,1.92,-2.4,0.7,1.43,5.0,,5.2,-0.24,16.7,17.2,0.45,-0.07,49.0,37.3,0.57,-21.3,-0.82,,,64.5,26.5,,,4.0,,-1.41,-0.0,0.03,0.03,1.0,False,-0.0,2026-09-15,78.8,0.06,20.92,12.5,0.54,15.35,3.2,18.54,-8.4,0.3,5.9,57.1,56.7,54.98,True,65.38,44.58,1.28,24.3,-21.5,False,False,DILUSI;SHORT-TINGGI,90.0
TNL,Travel + Leisure Co.,Consumer Discretionary,"Hotels, Resorts & Cruise Lines",SP400,62.96,3.85,2026-10-01,501.0,TTM-4Q,2026-06-30,,,47.8,1.14,True,13.5,16.2,,,7.4,6.2,11.5,-0.18,8.1,,92.9,1.5,7.9,-4.5,1.0,2.29,5.0,,2.4,0.34,14.0,-6.6,0.1,-0.07,27.0,35.9,1.21,-21.1,0.48,,,,,,,,,-0.32,-13.24,0.0,13.24,0.0,False,-0.343,2026-08-26,,,,,-0.14,3.87,7.73,11.6,4.5,-40.1,-4.7,70.05,70.72,71.18,False,81.0,58.07,1.82,36.7,-19.9,False,False,GOODWILL;INSIDER-JUAL,100.0
RL,Ralph Lauren Corporation,Consumer Discretionary,"Apparel, Accessories & Luxury Goods",SP500,362.66,22.23,2026-10-01,501.0,TTM-4Q,2026-06-27,,,238.7,0.88,True,14.5,22.6,8.17,,6.9,4.4,,-0.53,24.3,37.5,70.3,1.8,-0.47,-4.3,2.0,1.34,8.0,6.19,22.4,1.13,9.5,-3.2,0.09,-0.07,49.0,34.6,1.15,-19.4,0.64,,,,,,,,,0.77,-3.74,0.0,3.74,0.0,False,-0.017,2026-08-18,,,,,0.06,0.99,2.81,3.81,14.7,23.7,-1.9,363.18,366.04,365.28,False,421.6,306.55,10.24,57.9,-11.2,False,False,,100.0
MOH,Molina Healthcare,Health Care,Managed Health Care,SP400,180.85,9.44,2026-10-01,501.0,TTM-4Q,2026-06-30,,,119.0,1.81,True,11.6,,2.26,18.6,8.6,-0.1,2.9,0.19,2.0,-0.2,12.6,1.9,-13.87,-2.3,1.8,,4.0,4.02,1.0,-0.63,6.1,49.5,0.5,-0.08,42.0,55.4,-0.17,-39.7,0.37,,,209.12,15.6,,2.68,17.0,,-0.51,0.0,0.0,0.0,0.0,False,0.0,,111.8,-0.0,7.15,5.4,0.04,0.0,5.3,5.3,2.6,-100.6,-4.5,198.45,186.17,181.58,True,244.89,121.06,6.81,33.2,-23.3,False,False,,100.0
EOG,EOG Resources,Energy,Oil & Gas Exploration & Production,SP500,141.31,74.12,2026-10-01,501.0,TTM-4Q,2026-06-30,2026-11-05,25.0,476.8,0.95,True,5.6,10.8,2.33,9.5,17.8,9.3,,0.5,19.0,22.5,,,0.22,-12.8,3.4,1.94,8.0,3.92,33.0,1.51,36.9,7.3,0.76,-0.08,76.0,28.9,0.03,-13.7,1.34,,,162.0,14.6,,2.34,28.0,2.1,-0.13,-6.55,0.0,6.55,0.0,False,-0.009,2026-09-11,98.1,0.0,3.3,5.4,-0.01,2.94,3.88,6.82,19.1,20.0,-3.1,144.43,139.0,131.84,True,154.16,101.59,3.57,46.3,5.3,False,False,,100.0
ADT,ADT Inc.,Consumer Discretionary,Specialized Consumer Services,SP600,6.23,4.55,2026-10-01,501.0,TTM-4Q,2026-06-30,2026-11-05,25.0,56.0,1.08,True,4.6,7.4,1.31,6.3,21.7,13.5,43.3,2.75,8.1,17.2,,,2.91,-9.7,2.1,3.52,6.0,0.56,999.0,-0.04,-13.4,13.5,0.0,-0.08,20.0,29.0,0.7,-29.0,0.94,,,8.23,32.1,,,5.0,3.1,-0.3,0.0,0.0,0.0,0.0,False,0.0,,110.3,-0.12,5.63,3.8,-0.13,3.97,15.64,19.61,2.1,-1.6,,7.16,6.93,7.21,False,8.89,6.03,0.17,28.4,-11.1,False,False,ZONA-BAHAYA;GOODWILL,100.0
AUB,"Atlantic Union Bankshares, Corp.",Financials,Regional Banks,SP600,38.47,5.49,2026-10-01,501.0,TTM-4Q,2026-06-30,2026-10-22,15.0,55.3,0.95,True,,11.3,1.07,9.5,,8.9,,0.25,,9.8,,,,,0.2,,,,999.0,-0.26,16.4,11.8,0.51,-0.09,55.0,27.5,1.13,-18.3,0.04,,,47.5,23.5,,1.78,8.0,2.4,0.51,0.0,0.0,0.0,0.0,False,0.0,,88.4,0.01,7.73,7.8,0.01,3.99,0.0,3.99,,139.1,0.4,40.77,39.0,38.85,True,43.62,30.87,0.76,38.6,-11.3,False,False,,90.0
STRL,Sterling Infrastructure,Industrials,Construction & Engineering,SP400,505.12,15.45,2026-10-01,501.0,TTM-4Q,2026-06-30,,,263.7,0.69,True,22.0,35.8,11.38,,4.5,2.8,3.1,-0.67,33.0,38.5,23.8,3.1,-0.26,-6.2,2.9,1.39,7.0,7.38,999.0,1.33,34.3,8.3,0.25,-0.09,74.0,84.6,2.06,-54.1,-2.87,,,,,,,,,2.61,0.0,0.0,0.0,0.0,False,0.0,,,,,,0.07,0.0,0.42,0.42,60.8,51.4,1.2,525.05,597.47,538.05,True,1005.68,281.58,26.02,48.8,-29.7,False,False,,100.0
RH,RH,Consumer Discretionary,Homefurnishing Retail,SP400,120.51,2.28,2026-10-01,501.0,TTM-4Q,2026-08-01,,,114.0,0.85,True,9.0,20.5,18.96,,11.1,4.9,11.0,0.15,10.1,280.7,44.3,2.6,4.47,-6.4,5.6,3.82,5.0,1.1,999.0,-0.23,-28.9,28.0,-0.01,-0.09,8.0,61.2,2.55,-51.5,-2.44,,,,,,,,,-0.13,-19.38,1.83,21.21,1.0,False,-0.849,2026-09-22,,,,,-0.46,0.0,0.0,0.0,3.3,4.4,-0.3,152.96,146.68,160.17,False,239.4,106.3,6.46,30.7,-30.5,False,False,ZONA-BAHAYA;GOODWILL;INSIDER-JUAL,100.0
ITW,Illinois Tool Works,Industrials,Industrial Machinery & Supplies & Components,SP500,260.84,74.29,2026-10-01,501.0,TTM-4Q,2026-06-30,,,371.7,1.13,True,17.7,23.3,25.66,21.0,5.6,4.3,3.9,-0.39,27.9,104.6,53.0,4.2,1.89,-0.8,1.9,1.04,6.0,7.81,14.5,1.21,5.5,4.2,0.22,-0.09,48.0,21.7,0.64,-17.4,1.3,,,302.5,16.0,,3.19,14.0,,-0.42,-11.97,0.0,11.97,0.0,False,-0.016,2026-08-19,86.8,0.0,3.09,8.2,-0.02,2.47,2.43,4.9,4.3,-5.1,-2.0,279.04,268.88,268.67,True,303.16,238.82,5.32,36.8,-6.8,False,False,GOODWILL;INSIDER-JUAL,100.0
TRMK,Trustmark Corp.,Financials,Regional Banks,SP600,45.08,2.62,2026-10-01,501.0,TTM-4Q,2026-06-30,,,19.9,0.77,True,,11.2,1.22,,,9.0,,0.43,,11.1,,,,,0.3,,,,999.0,-0.25,16.7,7.5,0.54,-0.1,61.0,22.4,0.81,-9.5,0.89,,,,,,,,,,-0.02,0.0,0.02,0.0,False,-0.001,2026-09-02,,,,,0.05,2.24,3.62,5.87,,7.9,-3.3,46.72,45.06,44.26,True,49.0,36.33,0.9,39.0,-5.2,False,False,,90.0
CRI,"Carter's, Inc.",Consumer Discretionary,"Apparel, Accessories & Luxury Goods",SP600,31.71,1.16,2026-10-01,501.0,TTM-4Q,2026-07-04,2026-11-02,22.0,48.7,0.71,True,3.2,6.0,1.13,8.6,30.9,16.8,25.2,3.0,15.1,20.7,48.6,1.1,-0.26,-5.3,2.4,1.71,7.0,2.75,6.8,0.43,16.9,-8.8,0.08,-0.1,30.0,49.6,0.94,-33.1,-0.13,,,42.29,33.4,,,7.0,320.6,1.06,0.0,0.0,0.0,0.0,False,0.0,,113.6,0.02,19.1,3.9,0.08,3.14,0.0,3.14,5.2,43.6,0.5,34.7,36.43,36.35,False,44.44,27.15,1.19,47.7,-24.0,False,False,,100.0
HLIT,Harmonic Inc.,Information Technology,Communications Equipment,SP600,10.72,1.17,2026-10-01,501.0,TTM-4Q,2026-07-03,,,16.5,1.35,True,19.0,,3.24,13.3,5.3,-4.0,0.1,-0.59,5.6,-11.7,45.2,1.9,-2.2,-8.0,5.5,,4.0,-0.8,13.7,-0.3,15.1,29.1,0.43,-0.1,38.0,51.2,1.53,-38.3,0.16,,,16.14,50.6,,2.43,7.0,,-1.21,0.0,0.0,0.0,0.0,False,0.0,,86.9,0.03,8.13,4.8,0.2,0.0,6.15,6.15,-13.7,-168.7,-3.3,11.71,11.97,11.52,True,17.68,8.47,0.43,39.0,-25.7,False,False,ZONA-BAHAYA,100.0
WOR,Worthington Enterprises,Industrials,Building Products,SP600,59.14,2.89,2026-10-01,501.0,TTM-4Q,2026-05-31,,,31.5,0.44,True,23.8,18.5,2.82,,4.2,5.4,5.9,-0.19,4.6,15.9,27.4,2.1,2.09,-4.0,2.3,1.45,7.0,3.73,12.2,-0.69,3.3,8.4,0.2,-0.1,68.0,30.1,0.79,-20.5,0.85,,,,,,,,,0.66,-0.93,0.0,0.93,0.0,False,-0.032,2026-07-01,,,,,0.05,1.27,1.51,2.79,19.7,62.5,-0.8,58.05,55.57,55.39,True,67.54,45.01,2.46,50.9,5.6,False,True,,100.0
ALB,Albemarle Corporation,Materials,Specialty Chemicals,SP500,105.03,12.39,2026-10-01,501.0,TTM-4Q,2026-06-30,2026-11-04,24.0,309.3,0.73,True,14.1,55.3,1.21,9.3,7.1,1.8,10.8,0.95,1.2,2.2,23.8,14.5,0.27,-9.5,9.7,8.03,7.0,2.42,999.0,-0.29,68.5,-23.9,0.39,-0.1,17.0,57.3,1.63,-51.0,-1.59,,,171.56,63.3,,1.95,20.0,15.7,0.93,0.0,0.0,0.0,0.0,False,0.0,,101.8,0.02,0.04,0.0,0.13,1.54,0.0,1.54,18.3,,15.8,123.09,152.5,155.49,False,221.0,81.97,4.67,33.3,-24.5,False,False,DILUSI,100.0
QRVO,Qorvo,Information Technology,Semiconductors,SP600,112.21,9.88,2026-10-01,501.0,TTM-4Q,2026-03-28,,,209.0,3.21,True,15.1,29.1,2.95,,6.6,3.4,6.9,0.55,7.1,10.1,45.9,4.6,0.49,-8.0,5.4,2.39,8.0,3.59,5.6,-0.49,5.8,25.1,0.39,-0.1,88.0,39.3,1.47,-23.8,0.92,,,,,,,,,-0.28,0.0,0.0,0.0,0.0,False,0.0,2026-09-15,,,,,0.15,0.0,5.39,5.39,-1.1,509.5,-2.0,102.1,92.85,90.4,True,121.09,74.92,4.21,53.1,24.9,False,True,,100.0
AFG,American Financial Group,Financials,Multi-line Insurance,SP400,138.08,11.45,2026-10-01,501.0,TTM-4Q,2026-06-30,2026-11-03,23.0,57.3,0.81,True,,12.0,2.37,11.4,,8.3,,-0.05,,20.4,,,,,0.4,,,,13.5,0.21,2.9,12.9,0.42,-0.1,51.0,18.7,0.5,-13.2,1.21,,,155.83,12.9,,2.43,6.0,18.9,-0.52,-13.72,0.0,13.72,0.0,False,-0.12,2026-09-14,68.4,0.01,2.5,5.4,-0.08,5.03,0.68,5.71,-0.2,24.7,-0.6,142.68,136.26,135.26,True,150.02,123.09,2.16,38.1,-5.7,False,False,INSIDER-JUAL,90.0
IRM,Iron Mountain,Real Estate,Other Specialized REITs,SP500,111.13,33.08,2026-10-01,501.0,TTM-4Q,2026-06-30,,,181.3,1.04,True,20.0,76.1,,40.7,5.0,1.3,-1.5,-1.57,7.8,,,,6.84,-5.8,1.2,3.81,7.0,,1.6,0.44,14.9,13.9,0.44,-0.1,67.0,32.5,0.96,-25.1,-1.25,,,144.91,30.4,,1.67,11.0,,1.98,0.0,0.0,0.0,0.0,False,0.0,2026-09-01,88.3,0.01,3.62,5.2,0.06,3.01,0.0,3.01,17.4,867.3,1.5,119.24,118.6,112.12,True,134.68,77.77,3.17,39.2,-7.5,False,False,GOODWILL,100.0
LSCC,Lattice Semiconductor,Information Technology,Semiconductors,SP400,128.86,18.3,2026-10-01,501.0,TTM-4Q,2026-07-04,,,201.8,0.93,True,,503.8,23.24,40.1,,0.2,1.1,-0.68,5.3,4.9,69.0,2.5,,-23.2,11.2,6.7,7.0,59.76,999.0,0.77,52.3,16.9,0.57,-0.11,89.0,60.5,2.28,-31.5,-0.38,,,164.54,27.7,,,13.0,,0.47,0.0,0.0,0.0,0.0,False,0.0,2026-09-15,103.1,-0.0,8.14,4.6,0.15,0.0,0.19,0.19,33.3,14.8,1.9,121.04,121.18,112.13,True,157.01,60.5,5.36,61.0,-8.0,False,False,,100.0
NDAQ,"Nasdaq, Inc.",Financials,Financial Exchanges & Data,SP500,91.67,51.24,2026-10-01,501.0,TTM-4Q,2026-06-30,,,299.5,0.96,True,,26.1,4.27,19.6,,3.8,,-1.37,,16.5,,,,,1.1,,,,7.4,0.45,11.4,15.0,0.47,-0.11,58.0,27.9,0.86,-23.4,0.09,,,109.67,19.6,,1.76,15.0,,-0.35,-4.81,0.0,4.81,0.0,False,-0.009,2026-09-22,87.1,-0.01,1.97,2.7,-0.08,1.24,2.54,3.78,7.7,30.4,-1.9,94.92,89.92,90.67,True,101.79,76.55,2.08,42.3,5.6,False,False,GOODWILL,90.0
CNMD,CONMED Corporation,Health Care,Health Care Equipment,SP600,45.93,1.38,2026-10-01,501.0,FY,2025-12-31,2026-11-04,24.0,15.5,0.66,True,14.0,29.2,1.33,9.6,7.1,3.4,11.0,0.95,3.6,4.7,54.6,0.8,5.12,-5.3,3.2,3.63,6.0,1.91,3.3,-0.24,4.4,38.2,0.48,-0.11,81.0,44.4,0.68,-34.2,0.02,,,45.5,-0.9,,,6.0,24.3,-0.35,0.0,0.0,0.0,0.0,False,0.0,,116.6,0.01,8.48,7.0,0.05,1.8,0.0,1.8,5.2,-64.5,-0.0,47.81,40.63,40.88,True,53.66,31.44,1.5,44.9,32.4,False,False,,75.0
UE,Urban Edge Properties,Real Estate,Retail REITs,SP600,19.56,2.46,2026-10-01,501.0,TTM-4Q,2026-03-31,,,17.8,1.31,True,7.7,22.8,1.78,,13.0,4.4,2.8,0.24,12.9,7.9,,,-0.06,-2.4,2.3,1.75,,,2.6,2.02,7.5,8.4,0.43,-0.11,35.0,18.4,0.57,-16.8,0.46,,,,,,,,,-0.21,0.0,0.0,0.0,0.0,False,0.0,,,,,,0.06,3.98,0.01,3.99,7.3,38.2,4.4,21.29,21.66,21.18,True,24.11,18.46,0.33,23.6,-17.0,False,False,,90.0
RGLD,Royal Gold,Materials,Gold,SP400,232.33,19.68,2026-10-01,501.0,TTM-4Q,2026-06-30,,,165.4,0.81,True,15.9,26.7,2.59,,6.3,3.7,,-0.23,9.7,13.5,66.8,6.4,0.17,-4.7,1.3,1.42,5.0,7.28,999.0,1.73,27.8,-3.5,0.29,-0.11,62.0,41.8,0.65,-38.2,0.15,,,,,,,,,2.4,-0.13,0.0,0.13,0.0,False,-0.001,2026-09-03,,,,,0.07,0.71,0.0,0.71,93.5,64.2,29.2,239.4,234.93,241.11,True,306.25,168.88,7.16,36.8,11.0,False,False,DILUSI,100.0
FCPT,"Four Corners Property Trust, Inc.",Real Estate,Other Specialized REITs,SP600,21.42,2.35,2026-10-01,501.0,TTM-4Q,2026-06-30,,,27.6,1.06,True,,19.8,1.45,18.7,,5.0,,0.18,,7.6,,,,-2.6,0.4,1.64,,,,,7.6,8.2,0.44,-0.11,28.0,18.1,0.24,-17.9,0.9,,,28.11,31.2,,2.33,9.0,,-0.08,0.0,0.0,0.0,0.0,False,0.0,,106.0,0.02,4.94,5.9,0.13,6.5,-8.61,-2.1,9.6,12.0,8.5,24.4,24.8,24.68,False,26.86,21.35,0.43,13.0,-16.8,False,False,DILUSI,100.0
FOXF,Fox Factory,Consumer Discretionary,Automotive Parts & Equipment,SP600,18.37,0.77,2026-10-01,501.0,TTM-4Q,2026-07-03,,,10.2,1.36,False,,,1.16,9.9,-14.8,-38.7,1.7,-2.89,-15.8,-36.7,29.5,1.3,,-18.6,15.0,,4.0,1.49,-5.3,-0.26,-17.5,17.7,0.0,-0.11,52.0,55.5,1.26,-48.5,-1.17,,,21.83,18.9,,2.67,6.0,,,0.0,0.0,0.0,0.0,False,0.0,,103.0,0.01,9.55,7.4,0.07,0.0,0.0,0.0,1.6,,1.0,19.83,18.13,18.24,True,26.01,13.08,0.81,38.1,8.5,False,False,TIPIS;ZONA-BAHAYA;DISTRES,100.0
CWST,"Casella Waste Systems, Inc.",Industrials,Environmental & Facilities Services,SP600,78.07,4.97,2026-10-01,501.0,TTM-4Q,2026-06-30,2026-11-05,25.0,47.3,1.34,True,16.1,871.6,3.15,53.2,6.2,0.1,2.1,-0.54,1.5,0.4,33.4,0.4,3.39,-10.1,1.5,61.56,3.0,2.07,1.0,-0.19,-2.4,13.6,0.16,-0.11,16.0,34.5,0.24,-30.2,0.97,,,111.8,43.2,,1.73,10.0,36.1,0.11,-1.71,0.0,1.71,0.0,False,-0.034,2026-09-03,126.7,0.01,10.84,11.9,-0.01,0.0,0.0,0.0,13.6,-48.4,0.2,89.75,88.02,91.35,False,107.96,74.05,2.71,20.5,-21.9,False,False,F-RENDAH,100.0
CVSA,Covista Inc.,Consumer Discretionary,Education Services,SP600,123.32,4.2,2026-10-01,501.0,TTM-4Q,2026-06-30,2026-10-29,20.0,45.1,1.0,True,10.2,16.7,2.9,12.3,9.8,6.0,9.4,0.09,14.5,17.5,57.3,1.8,0.59,-7.6,2.6,1.87,8.0,4.11,8.4,0.67,-13.5,14.5,0.01,-0.12,44.0,57.1,0.61,-42.1,-0.39,,,159.5,29.3,,1.75,4.0,10.4,0.17,0.0,0.0,0.0,0.0,False,0.0,2026-08-27,103.3,0.02,8.23,5.8,0.08,0.0,5.71,5.71,9.3,6.1,-6.8,127.73,121.21,117.35,True,156.26,86.97,4.13,46.3,-7.4,False,False,,100.0
MTX,Minerals Technologies,Materials,Specialty Chemicals,SP600,65.18,2.03,2026-10-01,501.0,TTM-4Q,2026-07-05,,,12.3,0.78,True,,,1.31,9.3,,-3.3,5.9,0.42,-0.9,-4.2,24.5,1.4,,-8.6,2.0,,5.0,2.28,-999.0,-0.55,14.7,-0.6,0.27,-0.12,37.0,26.3,0.79,-21.1,0.86,,,92.5,41.9,,1.25,4.0,,-3.0,0.0,0.0,0.0,0.0,False,0.0,,104.0,-0.03,4.74,5.2,0.12,0.72,1.73,2.45,4.1,-3300.0,-1.6,71.05,72.82,71.35,True,84.34,53.94,1.63,29.3,-14.7,False,False,,100.0
KLAC,KLA Corporation,Information Technology,Semiconductor Materials & Equipment,SP500;NDX,200.33,261.74,2026-10-01,501.0,TTM-4Q,2026-06-30,,,1737.5,0.92,True,42.3,54.2,41.22,29.9,2.4,1.8,1.4,-0.51,44.5,87.5,61.3,,0.67,4.0,3.7,0.86,8.0,16.2,20.7,0.92,59.3,12.7,0.59,-0.12,87.0,61.0,1.66,-44.5,-0.35,,,233.77,16.7,,1.86,26.0,,-0.23,0.0,0.0,0.0,0.0,False,0.0,2026-09-15,93.9,0.09,2.02,2.6,0.28,0.4,0.81,1.21,11.7,18.9,-1.3,187.46,189.56,177.39,True,307.37,98.1,7.58,63.1,-17.1,False,False,,100.0
KTB,Kontoor Brands,Consumer Discretionary,"Apparel, Accessories & Luxury Goods",SP600,63.52,3.47,2026-10-01,501.0,TTM-4Q,2026-07-04,,,51.7,0.71,True,10.8,13.0,5.61,9.7,9.2,7.7,12.2,0.2,15.2,48.0,48.2,1.3,2.58,-6.6,1.8,1.67,6.0,3.0,5.2,0.26,-4.4,6.1,0.02,-0.13,18.0,48.0,1.24,-32.9,-0.37,,,97.5,53.5,,1.9,10.0,,2.04,-31.4,0.0,31.4,0.0,False,-0.904,2026-08-13,106.7,0.02,15.25,9.0,-0.48,3.37,2.89,6.26,34.3,6.6,-0.9,75.31,74.49,71.61,False,88.96,56.19,2.36,33.2,-27.1,False,False,INSIDER-JUAL,100.0
XYZ,"Block, Inc.",Financials,Transaction & Payment Processing Services,SP500,74.04,45.08,2026-10-01,501.0,TTM-4Q,2026-06-30,,,299.2,0.94,True,,126.2,2.04,,,0.8,,-1.23,,1.6,,,,,3.6,,,,999.0,-1.27,7.8,30.8,0.41,-0.13,58.0,46.7,1.49,-39.5,-1.9,,,,,,,,,-1.0,0.0,0.0,0.0,0.0,False,0.0,2026-09-23,,,,,0.05,0.0,4.2,4.2,5.1,-87.9,-1.6,79.71,72.94,70.08,True,86.92,48.21,2.36,39.4,-8.4,False,False,,90.0
WDFC,WD-40 Company,Consumer Staples,Household Products,SP600,202.33,2.72,2026-10-01,501.0,TTM-4Q,2026-05-31,,,25.8,0.97,True,21.6,30.4,9.74,,4.6,3.3,2.9,-0.85,24.9,33.3,55.8,2.2,0.32,0.9,1.7,0.95,7.0,11.55,42.6,0.68,9.7,4.4,0.22,-0.13,33.0,31.3,0.07,-28.3,0.38,,,,,,,,,0.4,-0.12,0.0,0.12,0.0,False,-0.004,2026-08-13,,,,,0.04,1.95,0.93,2.88,10.2,3.1,-0.6,214.36,218.88,218.79,True,298.9,175.38,4.69,47.5,-19.8,False,False,,100.0
GNL,"Global Net Lease, Inc.",Real Estate,Diversified REITs,SP600,8.24,1.74,2026-10-01,501.0,TTM-4Q,2026-06-30,,,22.6,1.39,True,11.2,,1.15,,8.9,-0.8,,-0.16,2.7,-0.8,,0.3,6.33,-5.1,1.8,,7.0,,1.1,-0.64,22.5,0.4,0.54,-0.13,40.0,21.3,0.34,-13.8,0.73,,,10.14,23.1,,,7.0,,,0.0,0.0,0.0,0.0,False,0.0,,72.9,0.0,0.0,0.0,0.01,9.58,5.39,14.98,-13.9,,-5.2,8.9,9.18,9.18,True,10.03,7.48,0.15,17.5,-12.8,False,False,,90.0
OGE,OGE Energy,Utilities,Multi-Utilities,SP400,45.67,9.43,2026-10-01,501.0,TTM-4Q,2026-03-31,,,80.8,1.18,True,11.4,20.6,1.91,17.5,8.8,4.9,2.4,0.37,6.1,9.6,61.0,5.9,4.38,-5.9,1.3,2.83,4.0,,3.0,0.41,3.1,-3.0,0.0,-0.13,44.0,16.8,0.24,-11.4,0.5,,,50.45,10.5,,2.46,11.0,,-0.9,-0.3,0.0,0.3,0.0,False,-0.003,2026-08-27,81.8,0.0,6.82,7.5,-0.47,3.65,-2.16,1.5,4.1,-5.6,2.6,46.56,47.52,46.67,True,50.59,41.7,0.76,48.4,-9.9,False,False,,100.0
ACIW,ACI Worldwide,Information Technology,Application Software,SP600,49.69,5.02,2026-10-01,501.0,TTM-4Q,2026-06-30,2026-11-05,25.0,38.2,1.13,True,13.0,22.2,3.35,12.8,7.7,4.5,6.2,0.62,10.8,15.6,49.1,1.4,1.5,-3.3,1.5,1.46,7.0,3.85,6.4,-0.35,-2.9,25.1,0.32,-0.13,46.0,34.5,0.99,-28.3,1.24,,,67.33,35.5,,,3.0,1.9,-0.61,0.0,0.0,0.0,0.0,False,0.0,,106.1,0.0,9.2,8.3,0.15,0.0,3.43,3.43,7.0,-10.1,-3.3,52.94,47.46,46.62,True,61.08,38.05,1.33,41.4,-11.7,False,False,,100.0
UAL,United Airlines Holdings,Industrials,Passenger Airlines,SP500,111.78,36.28,2026-10-01,501.0,TTM-4Q,2026-06-30,,,426.9,1.13,True,5.9,10.4,2.17,,17.1,9.6,7.0,2.05,9.1,23.3,,,1.25,-6.7,2.9,2.55,8.0,1.36,3.7,0.05,8.4,10.0,0.19,-0.13,47.0,48.0,1.56,-27.5,-0.6,,,,,,,,,-0.16,-26.33,0.0,26.33,0.0,False,-0.073,2026-08-25,,,,,0.01,0.0,0.21,0.21,8.5,5.6,-0.2,115.91,108.17,109.1,True,138.77,84.64,3.91,49.4,-18.3,False,False,ZONA-BAHAYA;INSIDER-JUAL,100.0
CGNX,Cognex,Information Technology,Electronic Equipment & Instruments,SP400,62.22,10.47,2026-10-01,501.0,TTM-4Q,2026-07-05,2026-10-28,19.0,92.0,1.12,True,37.6,59.9,6.42,30.8,2.7,1.7,2.6,-0.32,10.3,11.1,68.9,2.4,-1.51,-4.9,3.7,1.58,8.0,12.9,999.0,0.21,33.5,22.1,0.49,-0.13,83.0,56.3,1.1,-27.9,0.69,,,79.63,28.0,,1.85,19.0,5.9,-0.23,0.0,0.0,0.0,0.0,False,0.0,2026-08-11,112.9,0.0,4.78,4.5,0.16,0.54,1.47,2.01,17.1,43.2,0.8,61.97,59.99,55.61,True,72.88,34.6,2.09,54.7,-10.5,False,True,,100.0
EW,Edwards Lifesciences,Health Care,Health Care Equipment,SP500,85.19,49.1,2026-10-01,501.0,TTM-4Q,2026-06-30,2026-10-29,20.0,302.2,0.9,True,28.2,48.9,4.62,25.2,3.6,2.0,2.9,-0.25,8.9,9.5,77.8,2.6,-2.26,-5.2,9.6,1.71,5.0,12.15,999.0,0.64,16.7,11.7,0.56,-0.13,44.0,25.2,0.48,-13.2,1.26,,,100.96,18.5,,1.62,26.0,5.1,-0.45,-4.37,0.0,4.37,0.0,False,-0.009,2026-09-11,95.7,0.0,1.79,3.2,0.04,0.0,2.45,2.45,14.6,-75.8,-1.8,88.45,85.87,85.12,True,96.29,72.3,2.11,40.6,-12.0,False,False,,100.0
ULTA,Ulta Beauty,Consumer Discretionary,Other Specialty Retail,SP500,537.73,22.99,2026-10-01,501.0,TTM-4Q,2026-08-01,,,277.4,0.86,True,12.0,19.0,8.7,,8.4,5.3,5.0,-0.4,41.6,46.1,39.3,0.3,0.07,-5.3,2.4,1.3,5.0,6.27,999.0,1.09,-0.2,1.7,0.02,-0.14,56.0,35.1,0.61,-36.2,0.58,,,,,,,,,0.39,-1.41,0.0,1.41,0.0,False,-0.006,2026-09-17,,,,,0.07,0.0,5.29,5.29,11.2,0.7,-4.5,533.24,523.43,555.91,True,714.97,443.6,15.88,48.2,13.6,False,False,,100.0
NE,Noble Corporation,Energy,Oil & Gas Drilling,SP600,41.72,6.66,2026-10-01,501.0,TTM-4Q,2026-06-30,,,53.3,0.8,True,,44.5,1.49,20.6,,2.2,4.3,-0.19,4.1,3.3,,,,-9.8,2.3,5.89,5.0,2.17,2.2,,71.0,-2.9,0.82,-0.14,83.0,41.6,0.96,-31.1,-0.58,,,48.45,16.1,,2.18,11.0,,-0.99,0.0,0.0,0.0,0.0,False,0.0,,88.2,-0.0,0.0,0.0,-0.04,4.84,0.0,4.84,-11.1,-51.6,-1.2,44.07,45.66,43.01,True,54.98,26.69,1.53,37.1,7.1,False,False,,100.0
AEE,Ameren,Utilities,Multi-Utilities,SP500,99.64,27.58,2026-10-01,501.0,TTM-4Q,2026-06-30,2026-11-04,24.0,192.9,1.25,True,12.9,17.6,2.02,17.2,7.8,5.7,-5.1,-0.24,5.8,12.1,,,5.68,-3.4,0.1,2.07,6.0,,2.6,-0.08,3.8,-3.6,0.01,-0.14,31.0,17.1,0.15,-15.6,0.4,,,119.53,20.0,,1.75,15.0,4.2,-0.33,-0.13,0.0,0.13,0.0,False,-0.0,2026-09-11,90.2,0.01,4.98,8.9,0.06,2.89,-2.07,0.82,3.8,27.3,2.6,106.32,109.28,107.84,True,118.32,96.57,1.57,29.5,-15.5,False,False,,100.0
MELI,Mercado Libre,Consumer Discretionary,Catalog/Specialty Distribution,NDX,1685.12,85.43,2026-10-01,501.0,TTM-4Q,2026-06-30,,,1181.5,1.12,True,23.2,45.9,10.91,30.1,4.3,2.2,14.5,-0.18,13.2,27.5,42.7,2.7,1.26,-28.6,2.6,7.46,5.0,2.34,999.0,1.26,-16.0,14.2,-0.02,-0.14,23.0,41.4,0.89,-34.5,0.14,,,2272.28,34.8,,1.56,25.0,,2.26,0.0,0.0,0.0,0.0,False,0.0,,80.3,-0.0,1.63,2.0,0.05,0.0,0.0,0.0,46.0,-9.3,-0.0,1862.3,1769.76,1838.96,False,2428.0,1495.0,57.19,31.3,-6.8,False,False,,100.0
WWD,"Woodward, Inc.",Industrials,Electrical Components & Equipment,SP400,336.19,19.85,2026-10-01,501.0,TTM-4Q,2026-06-30,,,251.8,0.93,True,24.2,36.0,8.02,,4.1,2.8,1.9,-0.79,16.3,22.3,29.5,1.8,1.01,-0.7,2.1,1.06,7.0,6.93,15.5,-0.0,33.7,-10.3,0.31,-0.14,45.0,38.1,1.11,-27.0,0.12,,,,,,,,,0.72,0.0,0.0,0.0,0.0,False,0.0,2026-07-31,,,,,0.07,0.36,3.03,3.39,22.3,42.4,-0.8,350.04,370.75,363.46,True,450.92,244.69,9.13,50.8,-21.6,False,False,,100.0
EXPO,"Exponent, Inc.",Industrials,Research & Consulting Services,SP400,69.9,3.32,2026-10-01,501.0,TTM-4Q,2026-07-03,,,38.8,1.7,True,23.6,29.7,11.52,24.6,4.2,3.4,3.3,-0.67,25.5,31.2,,,-0.48,-0.9,1.0,1.06,7.0,8.87,999.0,1.23,2.6,8.7,0.17,-0.14,63.0,32.4,0.68,-32.5,0.52,,,84.0,20.2,,,3.0,,0.08,0.01,0.01,0.0,1.0,False,0.0,2026-09-18,100.9,0.06,8.65,7.6,0.11,1.84,6.34,8.18,12.8,8.7,-4.9,67.41,64.53,66.53,False,81.95,51.91,2.03,61.6,11.7,False,False,,100.0
BANR,Banner Corporation,Financials,Regional Banks,SP600,67.31,2.29,2026-10-01,501.0,TTM-4Q,2026-06-30,2026-10-14,9.0,19.9,1.07,True,,11.0,1.14,10.0,,9.1,,0.48,,10.8,,,,,0.1,,,,999.0,-0.21,8.1,13.4,0.44,-0.14,59.0,24.4,0.82,-13.3,0.66,,,76.67,13.9,,2.29,6.0,-2.0,-0.24,0.0,0.0,0.0,0.0,False,0.0,,88.1,0.0,4.96,4.6,-0.01,3.03,2.09,5.11,,14.4,-1.8,70.53,66.39,65.78,True,74.84,57.05,1.33,35.9,-2.3,False,False,,90.0
MSI,Motorola Solutions,Information Technology,Communications Equipment,SP500,448.03,74.15,2026-10-01,501.0,TTM-4Q,2026-07-04,,,404.1,0.77,True,22.9,34.7,27.75,23.1,4.4,2.9,3.6,-0.13,22.0,92.0,52.0,1.8,2.31,-4.7,0.9,1.39,6.0,4.07,6.9,0.11,8.4,13.5,0.42,-0.14,61.0,26.2,0.54,-21.1,1.98,,,526.91,17.6,,1.64,11.0,,-0.29,-8.52,0.0,8.52,0.0,False,-0.011,2026-09-02,91.7,-0.04,2.23,3.2,0.05,1.03,1.43,2.46,10.3,0.9,-0.9,460.42,438.76,430.57,True,494.85,359.36,8.53,39.7,3.3,False,False,GOODWILL,100.0
WRBY,Warby Parker,Consumer Discretionary,"Apparel, Accessories & Luxury Goods",SP600,27.49,3.46,2026-10-01,501.0,TTM-4Q,2026-06-30,,,89.8,1.17,True,57.5,446.5,8.82,,1.7,0.2,0.6,-1.29,0.3,2.1,54.7,1.8,-5.32,-11.9,12.1,12.32,6.0,5.73,999.0,1.01,-12.3,13.0,0.0,-0.14,63.0,75.1,1.4,-40.2,-1.7,,,,,,,,,,0.0,0.0,0.0,0.0,False,0.0,2026-07-06,,,,,0.08,0.0,0.0,0.0,11.0,,2.6,25.59,25.2,25.21,True,31.0,14.96,1.67,58.7,-8.4,False,False,,100.0
DCH,Dauch Corporation,Consumer Discretionary,Automotive Parts & Equipment,SP600,5.43,1.29,2026-10-01,501.0,TTM-4Q,2026-06-30,2026-11-09,27.0,22.5,1.01,True,7.6,,0.85,4.7,13.1,-12.8,-1.9,-0.58,1.3,-15.2,10.9,1.2,5.83,-5.8,0.6,,4.0,0.92,0.3,-1.36,1.2,2.0,0.03,-0.14,36.0,61.1,1.83,-43.4,-1.75,,,9.3,71.3,,2.23,12.0,99.2,-0.28,0.0,0.0,0.0,0.0,False,0.0,,107.2,0.03,7.95,7.8,0.1,0.0,0.64,0.64,41.0,-487.4,99.9,6.14,5.97,6.33,False,9.25,4.92,0.31,39.3,3.2,False,False,ZONA-BAHAYA;DISTRES;DILUSI,100.0
PSA,Public Storage,Real Estate,Self-Storage REITs,SP500,284.0,49.88,2026-10-01,501.0,TTM-4Q,2026-06-30,,,257.0,1.09,True,16.9,24.4,5.43,,5.9,4.1,,-0.43,12.1,22.0,,0.7,2.8,-5.5,5.7,1.55,,,7.3,1.56,8.1,10.7,0.41,-0.14,44.0,23.0,0.45,-16.2,0.39,,,,,,,,,-0.57,-0.46,0.0,0.46,0.0,False,-0.001,2026-08-13,,,,,0.06,0.0,0.0,0.0,3.0,12.9,0.3,310.15,306.06,299.6,True,335.55,256.54,5.79,32.5,-16.0,False,False,,100.0
CBOE,Cboe Global Markets,Financials,Financial Exchanges & Data,SP500,277.19,28.95,2026-10-01,501.0,TTM-4Q,2026-06-30,2026-10-30,21.0,315.4,1.29,True,,21.4,5.15,18.2,,4.7,,-0.98,,26.3,,,,,3.2,,,,33.1,1.16,26.4,10.3,0.53,-0.14,65.0,34.8,0.14,-36.7,0.01,,,315.64,13.9,,3.06,14.0,2.0,-0.05,0.0,0.0,0.0,0.0,False,0.0,2026-08-12,91.3,0.02,2.98,2.9,0.08,1.05,0.26,1.31,11.7,50.2,-0.1,287.96,293.57,286.97,True,371.18,227.15,11.06,49.7,8.5,False,False,,90.0
LYB,LyondellBasell,Materials,Specialty Chemicals,SP500,57.78,18.67,2026-10-01,501.0,TTM-4Q,2026-06-30,,,224.4,1.02,True,11.5,,1.75,9.2,8.7,-1.9,8.5,0.59,3.2,-3.1,12.8,,3.71,-9.5,6.0,,4.0,1.91,1.8,-0.56,41.3,-13.3,0.32,-0.15,69.0,43.1,0.39,-35.5,0.48,,,68.47,18.5,,2.74,17.0,,-0.74,0.0,0.0,0.0,0.0,False,0.0,,76.1,-0.0,5.17,3.8,0.12,7.15,0.0,7.15,-1.7,-232.1,,62.38,65.87,61.96,True,83.94,41.58,1.95,35.6,5.6,False,False,,100.0
FELE,Franklin Electric,Industrials,Industrial Machinery & Supplies & Components,SP600,96.47,4.26,2026-10-01,501.0,TTM-4Q,2026-03-31,,,30.9,0.67,True,13.0,28.3,3.18,18.7,7.7,3.5,4.0,0.02,13.8,11.4,35.2,0.8,0.43,-3.4,1.3,1.45,5.0,6.6,24.5,0.34,4.5,5.7,0.18,-0.15,42.0,28.0,0.78,-18.2,0.99,,,118.5,22.8,,,4.0,,-0.27,0.0,0.0,0.0,0.0,False,0.0,,94.1,0.03,1.93,3.3,0.05,1.16,3.88,5.04,8.0,-15.6,-3.5,101.66,100.22,100.15,True,115.82,89.54,1.95,41.1,-10.6,False,False,,100.0
QTWO,"Q2 Holdings, Inc.",Information Technology,Application Software,SP600,56.48,3.52,2026-10-01,501.0,TTM-4Q,2026-06-30,,,36.9,1.13,True,25.3,38.3,5.47,,3.9,2.6,6.1,0.12,9.3,15.0,57.0,3.4,-0.79,-11.4,4.4,2.46,9.0,6.84,999.0,0.06,-11.7,34.8,0.26,-0.15,41.0,44.0,1.25,-44.2,0.34,,,,,,,,,1.19,-5.11,0.0,5.11,0.0,False,-0.145,2026-09-11,,,,,-0.41,0.0,0.0,0.0,13.9,1783.5,-6.1,60.97,52.78,55.57,False,76.24,40.79,1.88,39.8,4.6,False,False,,90.0
RLI,RLI Corp.,Financials,Property & Casualty Insurance,SP400,56.18,5.16,2026-10-01,501.0,TTM-4Q,2026-06-30,,,41.1,1.34,True,,11.8,2.94,,,8.5,,-0.11,,25.2,,,,,2.4,,,,59.0,0.43,5.5,16.5,0.42,-0.15,32.0,26.6,0.16,-27.9,0.66,,,,,,,,,-0.28,0.0,0.0,0.0,0.0,False,0.0,,,,,,0.05,8.31,0.0,8.31,8.7,35.6,-0.4,61.85,58.05,58.88,False,67.12,47.26,1.38,32.9,-12.4,False,False,,90.0
DVA,DaVita,Health Care,Health Care Services,SP500,176.35,11.25,2026-10-01,501.0,TTM-4Q,2026-06-30,2026-10-28,19.0,132.6,0.91,True,7.5,13.3,,10.3,13.3,7.5,14.3,1.36,16.5,,,,3.56,-7.6,0.9,2.59,6.0,1.69,999.0,0.23,32.6,17.2,0.56,-0.16,68.0,44.4,0.24,-27.9,0.6,,,219.86,24.7,,2.38,7.0,3.6,-0.34,-36.51,0.0,36.51,0.0,False,-0.325,2026-07-31,48.4,0.0,13.25,7.2,-0.24,0.0,7.93,7.93,6.4,1.3,-14.6,190.58,185.33,169.78,True,247.49,101.0,5.41,41.3,-26.8,False,False,ZONA-BAHAYA;GOODWILL;INSIDER-JUAL,100.0
AZTA,"Azenta, Inc.",Health Care,Life Sciences Tools & Services,SP600,34.48,1.51,2026-10-01,501.0,TTM-4Q,2026-06-30,2026-11-20,36.0,28.3,1.1,True,,,1.0,58.7,-10.1,-8.1,0.7,-1.38,-8.7,-7.7,44.0,1.4,,-8.3,31.4,,5.0,3.69,-999.0,-0.5,9.9,49.1,0.46,-0.16,87.0,63.6,1.09,-60.9,-1.57,,,35.25,2.2,,2.17,4.0,60.0,0.28,0.01,0.01,0.0,1.0,False,0.001,2026-07-31,117.3,0.06,19.95,6.6,0.09,0.0,0.0,0.0,4.9,,-1.1,32.31,26.06,28.15,False,41.73,15.93,1.17,60.8,30.1,False,False,,100.0
PPG,PPG Industries,Materials,Specialty Chemicals,SP500,104.67,23.33,2026-10-01,501.0,TTM-4Q,2026-03-31,,,189.2,1.04,True,10.1,14.7,2.88,,9.9,6.8,5.3,0.35,12.0,21.1,41.4,2.0,1.94,-1.9,1.0,1.26,8.0,3.71,9.4,0.79,7.1,4.4,0.19,-0.16,34.0,30.4,0.9,-25.7,0.52,,,,,,,,,-0.16,0.0,0.0,0.0,1.0,False,0.0,2026-09-11,,,,,0.07,2.71,2.11,4.82,2.8,45.5,-2.0,111.29,111.27,111.97,True,133.43,93.39,2.45,38.7,-18.6,False,False,,100.0
EXLS,EXL Service,Industrials,Data Processing & Outsourced Services,SP400,36.48,5.57,2026-10-01,501.0,TTM-4Q,2026-03-31,,,70.3,1.59,True,14.8,22.2,7.16,14.0,6.7,4.5,5.3,-0.06,20.1,28.1,38.5,0.7,0.42,-5.8,2.1,1.39,5.0,7.35,18.8,1.04,-15.0,22.8,0.09,-0.16,69.0,42.4,0.7,-42.7,-0.08,,,44.62,22.3,,,8.0,,0.14,-0.18,0.0,0.18,0.0,False,-0.003,2026-09-01,104.1,-0.03,7.51,4.9,-0.07,0.0,8.44,8.44,13.4,16.4,-4.7,35.12,31.37,33.07,False,44.15,24.85,1.02,58.8,31.6,False,False,,100.0
YUM,Yum! Brands,Consumer Discretionary,Restaurants,SP500,136.69,37.3,2026-10-01,501.0,TTM-4Q,2026-06-30,,,326.1,0.76,True,17.6,16.8,,,5.7,5.9,4.5,-0.72,42.7,,68.1,1.9,4.91,1.7,2.3,0.94,6.0,2.11,999.0,0.74,1.5,-0.6,0.02,-0.17,22.0,24.4,0.39,-18.5,1.76,,,,,,,,,0.66,0.0,0.0,0.0,0.0,False,0.0,2026-09-01,,,,,0.08,2.16,2.38,4.54,10.3,54.8,-1.4,146.89,153.14,154.06,False,170.14,134.26,3.36,38.0,-19.1,False,False,GOODWILL,100.0
MTN,Vail Resorts,Consumer Discretionary,"Hotels, Resorts & Cruise Lines",SP400,138.99,4.95,2026-10-01,501.0,TTM-4Q,2026-04-30,,,148.4,0.67,True,10.4,31.6,8.98,22.6,9.6,3.2,3.5,-0.46,8.1,22.0,,,3.63,-4.5,1.1,2.63,5.0,1.55,2.2,-0.73,-5.7,4.9,-0.01,-0.17,53.0,37.5,0.67,-23.9,0.86,,,144.77,4.2,,2.62,13.0,,-0.97,0.0,0.0,0.0,0.0,False,0.0,,133.5,1.22,29.16,9.5,1.28,6.42,4.95,11.36,-4.3,-45.2,-4.3,143.66,136.78,137.56,False,163.34,118.51,4.78,48.8,-3.7,False,False,ZONA-BAHAYA;GOODWILL;SHORT-TINGGI,100.0
PHM,PulteGroup,Consumer Discretionary,Homebuilding,SP500,116.35,21.81,2026-10-01,501.0,TTM-4Q,2026-06-30,,,203.4,1.45,True,8.5,11.4,1.68,,11.7,8.7,6.9,0.23,13.1,14.9,,,0.19,1.6,2.3,0.85,,,999.0,-0.66,-6.2,5.3,-0.01,-0.17,29.0,32.8,0.66,-22.6,1.07,,,,,,,,,-1.09,0.0,0.0,0.0,0.0,False,0.0,,,,,,0.08,0.86,5.87,6.74,-7.3,-30.5,-5.0,125.17,123.39,124.73,False,144.5,108.49,3.1,39.7,-15.1,False,False,,90.0
ECL,Ecolab,Materials,Specialty Chemicals,SP500,271.26,76.04,2026-10-01,501.0,TTM-4Q,2026-06-30,2026-10-27,18.0,331.2,1.41,True,21.7,35.9,7.56,28.8,4.6,2.8,2.5,-0.7,11.3,21.8,44.1,2.4,2.07,-3.5,1.7,1.44,6.0,4.0,8.6,0.98,3.2,4.3,0.17,-0.17,45.0,22.0,0.52,-20.1,1.27,,,324.95,19.8,,1.54,21.0,0.5,-0.12,-6.22,1.02,7.24,1.0,False,-0.008,2026-09-11,94.2,0.06,2.14,3.6,0.09,1.05,1.65,2.7,7.1,-0.9,-1.1,278.69,271.42,273.77,True,309.27,243.15,5.23,41.4,-6.7,False,False,,100.0
HGV,Hilton Grand Vacations,Consumer Discretionary,"Hotels, Resorts & Cruise Lines",SP400,34.83,2.71,2026-10-01,501.0,TTM-4Q,2026-06-30,,,43.4,1.25,True,8.9,17.9,2.46,6.6,11.2,5.6,15.3,0.57,6.1,11.7,,,5.6,-2.6,1.6,3.07,,,1.8,-1.31,-1.5,1.8,0.0,-0.17,8.0,39.7,1.6,-36.6,-0.55,,,55.9,60.5,,2.3,10.0,,0.99,-0.97,0.0,0.97,0.0,False,-0.036,2026-08-06,108.5,0.03,15.45,8.1,0.07,0.0,22.16,22.16,5.4,164.9,-12.3,42.35,45.5,45.67,False,55.4,34.01,1.39,25.9,-35.8,False,False,GOODWILL,100.0
NGVT,"Ingevity, Corp.",Materials,Specialty Chemicals,SP600,71.09,2.44,2026-10-01,501.0,TTM-4Q,2026-06-30,,,19.3,1.0,True,25.6,45.3,52.11,11.8,3.9,2.2,6.3,-0.34,1.9,64.4,41.1,1.9,7.97,-9.2,9.7,3.91,8.0,2.44,999.0,0.44,24.1,-5.2,0.26,-0.17,64.0,36.4,1.36,-19.2,0.12,,,89.0,25.2,,,3.0,,,-0.2,0.0,0.2,0.0,False,-0.008,2026-08-18,105.4,0.02,5.93,6.4,0.08,0.0,5.86,5.86,-1.4,,-3.2,71.7,71.41,70.16,True,79.29,45.85,2.11,52.0,-4.4,False,False,,100.0
VSEC,VSE Corporation,Industrials,Aerospace & Defense,SP600,160.76,4.51,2026-10-01,501.0,TTM-4Q,2026-06-30,,,72.5,1.63,True,29.7,60.1,1.54,,3.4,1.7,-0.0,-0.79,3.6,3.8,,7.2,4.81,1.6,1.1,0.36,7.0,2.66,999.0,-2.03,19.5,3.4,0.2,-0.18,14.0,57.9,1.61,-34.0,-1.11,,,,,,,,,2.77,0.0,0.0,0.0,0.0,False,0.0,2026-09-14,,,,,0.07,0.21,-28.18,-27.97,41.6,296.4,51.4,202.77,198.16,198.59,True,247.85,154.67,8.93,29.6,-32.5,False,False,DILUSI,100.0
KEY,KeyCorp,Financials,Regional Banks,SP500,20.05,21.4,2026-10-01,501.0,TTM-4Q,2026-06-30,,,325.9,0.95,True,,10.5,1.08,9.4,,9.5,,0.64,,10.3,,,,,0.5,,,,999.0,-0.34,18.2,6.3,0.51,-0.18,41.0,24.0,1.11,-17.8,0.22,,,25.82,28.8,,2.0,19.0,,3.0,-0.57,0.0,0.57,0.0,False,-0.003,2026-07-22,90.2,0.0,0.01,0.0,-0.02,4.87,-0.06,4.81,51.1,1053.4,-2.5,21.87,21.65,21.61,True,24.07,16.47,0.42,30.8,-15.1,False,False,,90.0
COLB,Columbia Banking System,Financials,Regional Banks,SP400,28.73,8.13,2026-10-01,501.0,TTM-4Q,2026-06-30,2026-10-29,20.0,85.7,1.13,True,,11.4,1.08,8.7,,8.7,,0.37,,11.0,,,,,0.5,,,,999.0,-0.3,19.7,7.6,0.5,-0.18,52.0,27.3,1.04,-18.4,0.13,,,34.14,18.8,,2.29,14.0,4.7,-0.06,0.02,0.02,0.0,1.0,False,0.0,2026-06-30,97.4,0.0,3.75,3.7,-0.03,4.88,6.32,11.21,,34.7,36.4,30.57,29.87,29.82,True,33.68,23.83,0.64,36.7,-11.7,False,False,DILUSI,90.0
SSB,South State Bank,Financials,Regional Banks,SP400,100.61,9.76,2026-10-01,501.0,TTM-4Q,2026-06-30,,,66.5,1.3,True,,10.3,1.07,,,9.7,,0.38,,10.6,,,,,0.1,,,,999.0,-0.2,7.8,12.5,0.43,-0.18,57.0,23.7,0.96,-17.8,0.38,,,,,,,,,,-1.1,0.0,1.1,0.0,False,-0.011,2026-08-19,,,,,0.04,2.45,4.88,7.33,,60.6,-4.1,105.85,99.45,99.6,True,112.2,84.48,1.88,35.4,-2.1,False,False,,90.0
INDB,Independent Bank Corp.,Financials,Regional Banks,SP600,78.93,3.74,2026-10-01,501.0,TTM-4Q,2026-06-30,,,30.5,1.08,True,,13.8,1.06,9.5,,7.3,,0.16,,8.2,,,,,0.2,,,,999.0,-0.32,18.4,5.7,0.51,-0.18,56.0,23.4,0.91,-14.3,0.56,,,93.43,18.4,,1.86,7.0,,,-0.76,0.0,0.76,0.0,False,-0.02,2026-08-25,88.2,0.0,6.28,7.8,-0.04,3.07,5.33,8.39,,43.9,12.7,83.01,80.54,80.14,True,87.5,63.33,1.59,38.5,-8.6,False,False,DILUSI,90.0
ETN,Eaton Corporation,Industrials,Electrical Components & Equipment,SP500,437.28,169.84,2026-10-01,501.0,TTM-4Q,2026-06-30,2026-11-03,23.0,874.8,0.77,True,29.4,44.4,8.39,27.1,3.4,2.3,2.3,-0.91,11.9,19.7,35.9,2.4,3.09,-2.3,1.5,1.29,6.0,4.03,11.9,-0.18,5.6,7.4,0.17,-0.18,79.0,39.4,1.24,-18.3,0.24,,,480.47,9.9,,1.5,26.0,2.4,0.08,-8.4,0.09,8.49,1.0,False,-0.005,2026-08-13,87.9,0.0,2.0,4.2,-0.01,0.98,0.33,1.31,15.5,-2.5,-0.5,421.51,402.78,388.6,True,478.0,311.92,13.64,57.0,7.0,False,True,,100.0
RDNT,"RadNet, Inc.",Health Care,Health Care Services,SP600,67.7,5.33,2026-10-01,501.0,TTM-4Q,2026-06-30,,,58.9,1.18,True,24.5,,4.86,,4.1,-0.4,,-0.2,1.8,-2.1,,0.8,2.51,-8.6,0.6,,3.0,1.78,1.0,0.21,-0.9,36.5,0.42,-0.18,48.0,42.2,1.07,-38.6,-0.4,,,,,,,,,,0.0,0.0,0.0,0.0,False,0.0,,,,,,0.09,0.0,0.0,0.0,18.9,,4.2,72.27,63.38,65.49,False,85.84,50.82,2.61,36.5,-4.0,False,False,ZONA-BAHAYA;DISTRES;F-RENDAH;GOODWILL,100.0
STRA,"Strategic Education, Inc.",Consumer Discretionary,Education Services,SP600,78.79,1.75,2026-10-01,501.0,TTM-4Q,2026-06-30,,,25.5,1.04,True,7.1,13.0,1.07,,14.0,7.7,9.6,0.67,8.0,8.2,,,-0.57,-3.9,1.6,1.61,8.0,3.53,999.0,-0.2,-0.9,0.9,0.0,-0.18,40.0,36.1,0.61,-15.7,1.24,,,,,,,,,-0.05,0.0,0.0,0.0,0.0,False,0.0,,,,,,0.08,3.16,8.66,11.82,3.5,16.8,-7.6,81.39,80.39,80.58,True,89.73,69.7,2.52,46.7,-5.2,False,False,,100.0
LUV,Southwest Airlines,Industrials,Passenger Airlines,SP500,41.84,20.47,2026-10-01,501.0,TTM-4Q,2026-06-30,,,248.9,0.84,True,8.7,24.5,2.89,8.9,11.5,4.1,-2.2,0.17,6.5,11.1,,,0.83,-5.8,0.6,3.02,7.0,2.15,5.2,-0.28,19.6,-1.0,0.21,-0.19,53.0,43.3,1.31,-33.5,-0.42,,,50.22,20.0,,2.44,23.0,,0.34,0.0,0.0,0.0,0.0,False,0.0,,93.8,0.0,5.97,4.8,-0.0,1.81,7.57,9.38,9.5,113.5,-8.9,42.27,42.71,43.51,True,55.11,29.26,1.27,53.5,-18.8,False,False,,100.0
LNT,Alliant Energy,Utilities,Electric Utilities,SP500,63.71,16.45,2026-10-01,501.0,TTM-4Q,2026-03-31,,,171.5,1.31,True,14.8,20.0,2.22,17.3,6.7,5.0,,-0.86,5.6,11.3,85.8,0.6,6.04,-2.0,0.2,1.57,8.0,,1.9,-0.03,3.9,-4.2,-0.01,-0.19,26.0,16.6,0.08,-18.4,0.39,,,78.04,22.5,,1.92,12.0,,-0.13,-0.0,0.0,0.0,0.0,False,-0.0,2026-08-10,99.1,-0.0,11.25,13.1,0.09,3.21,-0.14,3.07,8.3,10.2,0.6,68.32,71.39,70.3,False,78.81,62.54,1.13,34.1,-20.4,False,False,,100.0
HCI,"HCI Group, Inc.",Financials,Property & Casualty Insurance,SP600,181.39,2.26,2026-10-01,501.0,TTM-4Q,2026-06-30,,,32.5,1.48,True,,7.0,2.09,9.3,,14.2,,0.81,,34.9,,,,,5.5,,,,115.2,0.77,-1.2,22.6,0.35,-0.19,51.0,30.6,0.62,-27.5,0.06,,,241.67,33.2,,1.6,3.0,,0.78,0.0,0.0,0.0,0.0,False,0.0,,78.1,0.03,5.44,4.0,0.17,0.91,3.37,4.28,22.8,120.2,-1.7,182.88,168.88,169.43,True,210.5,144.75,4.55,49.6,-3.2,False,False,,90.0
SSD,Simpson Manufacturing,Industrials,Building Products,SP400,172.59,7.07,2026-10-01,501.0,TTM-4Q,2026-06-30,,,53.4,0.97,True,11.5,18.7,3.34,,8.7,5.4,6.6,0.46,15.9,18.7,45.7,1.2,-0.26,-6.4,3.0,1.52,6.0,6.73,999.0,1.03,6.3,3.7,0.17,-0.19,38.0,28.8,0.74,-20.4,0.94,,,,,,,,,-0.23,-0.76,0.0,0.76,0.0,False,-0.011,2026-09-10,,,,,0.06,0.68,2.24,2.92,6.5,14.7,-1.8,184.01,185.17,184.53,True,213.49,156.32,3.86,41.4,-16.2,False,False,,100.0
AYI,Acuity Brands,Industrials,Electrical Components & Equipment,SP400,299.28,8.96,2026-10-01,501.0,TTM-4Q,2026-05-31,2026-10-01,0.0,113.7,2.45,True,11.1,19.0,3.14,13.8,9.0,5.3,7.1,0.55,14.8,17.4,49.3,2.3,0.34,-5.4,1.1,1.53,7.0,6.09,18.0,0.85,-5.1,13.8,0.11,-0.19,22.0,38.7,1.11,-31.5,-0.04,,,398.29,33.1,,,7.0,2.4,-0.07,-0.44,0.0,0.44,0.0,False,-0.005,2026-09-01,103.2,0.02,4.18,5.3,0.03,0.26,2.87,3.13,10.5,17.6,-1.9,330.72,308.64,314.41,False,380.17,257.04,10.37,38.2,-18.7,False,False,EARNINGS-DEKAT,100.0
GOLF,Acushnet Company,Consumer Discretionary,Leisure Products,SP600,83.41,4.87,2026-10-01,501.0,TTM-4Q,2026-06-30,,,28.9,0.87,True,13.6,22.2,5.27,19.7,7.4,4.5,3.8,-0.54,15.3,25.4,49.1,2.0,2.1,-2.0,0.5,1.23,8.0,3.82,999.0,-0.04,10.3,-7.9,0.04,-0.19,23.0,29.6,0.77,-31.8,0.75,,,99.67,19.5,,3.0,6.0,,0.19,0.0,0.0,0.0,0.0,False,0.0,,55.9,0.01,12.91,7.8,0.06,1.2,2.31,3.51,8.8,-4.4,-0.7,89.64,95.27,94.53,True,119.65,75.16,2.3,41.8,-30.8,False,False,,100.0
ON,ON Semiconductor,Information Technology,Semiconductors,SP500,80.08,31.18,2026-10-01,501.0,TTM-4Q,2026-07-03,,,844.8,0.95,True,21.8,49.5,4.32,17.7,4.6,2.0,4.8,0.07,4.6,8.3,37.7,5.7,0.44,-7.8,6.1,2.65,6.0,4.95,10.9,-0.81,47.3,16.8,0.5,-0.19,82.0,64.4,1.82,-50.3,-0.71,,,103.69,29.5,,2.13,26.0,,-0.7,0.0,0.0,0.0,0.0,False,0.0,,105.9,-0.04,10.43,3.6,0.1,0.0,4.7,4.7,-3.1,35.3,-2.5,76.75,86.46,80.31,True,134.92,44.56,3.4,59.3,-14.4,False,False,,100.0
OSW,OneSpaWorld Holdings Limited,Consumer Discretionary,Leisure Facilities,SP600,22.73,2.31,2026-10-01,501.0,TTM-4Q,2026-06-30,,,21.8,0.88,True,20.1,28.5,3.96,17.6,5.0,3.5,3.4,-0.74,13.1,14.3,,,0.35,-2.0,7.7,1.18,9.0,10.95,16.8,-0.29,6.1,-4.9,0.02,-0.19,33.0,34.9,0.98,-24.2,0.63,,,31.2,37.3,,,5.0,,0.37,-1.58,0.0,1.58,0.0,False,-0.069,2026-08-10,110.6,0.03,7.89,6.5,0.06,0.84,1.64,2.48,9.8,13.8,-1.1,24.54,24.36,23.57,True,29.25,19.06,0.73,45.4,-22.7,False,False,,100.0
VMRK,Vivmark Residential,Real Estate,Multi-Family Residential REITs,SP500,60.17,22.56,2026-10-01,501.0,TTM-4Q,2026-06-30,,,395.4,0.75,True,10.7,25.8,2.15,,9.3,3.9,,0.22,9.9,8.1,,5.9,0.65,-3.3,0.9,1.79,,,3.9,1.09,4.3,10.8,0.36,-0.19,32.0,20.8,0.57,-14.2,0.42,,,,,,,,,-0.63,-3.74,0.0,3.74,0.0,False,-0.017,2026-09-09,,,,,0.04,4.66,0.0,4.66,2.8,-13.5,-1.9,65.07,64.63,64.07,True,71.5,57.57,1.24,31.6,-16.0,False,False,,100.0
ESE,ESCO Technologies Inc.,Industrials,Industrial Machinery & Supplies & Components,SP600,269.92,6.99,2026-10-01,501.0,TTM-4Q,2026-06-30,2026-11-19,35.0,67.2,0.74,True,24.4,22.2,4.32,29.3,4.1,4.5,3.0,-0.55,7.9,21.4,42.0,1.8,0.04,2.9,3.6,0.77,4.0,6.96,999.0,-0.4,26.9,-8.7,0.27,-0.19,55.0,33.9,0.72,-27.0,0.61,,,390.75,44.8,,,4.0,3.9,1.18,0.0,0.0,0.0,0.0,False,0.0,,103.1,-0.16,3.59,3.4,-0.34,0.12,0.0,0.12,27.0,174.1,0.2,286.89,299.67,282.28,True,362.15,193.68,8.1,47.0,-20.9,False,False,,100.0
TNDM,Tandem Diabetes Care,Health Care,Health Care Equipment,SP600,16.5,1.15,2026-10-01,501.0,TTM-4Q,2026-06-30,,,38.5,1.1,True,,,8.8,,-2.1,-5.5,-2.3,-1.37,-6.2,-48.0,56.0,1.7,,-5.7,9.0,,5.0,0.45,-5.2,-0.34,75.3,13.1,0.58,-0.19,52.0,75.6,0.59,-54.6,-1.24,,,,,,,,,,0.0,0.0,0.0,0.0,False,0.0,,,,,,0.09,0.0,0.0,0.0,4.0,,2.9,19.53,18.83,19.47,False,29.65,12.07,1.07,40.2,5.0,False,False,ZONA-BAHAYA;DISTRES,100.0
VRSN,Verisign,Information Technology,Internet Services & Infrastructure,SP500,286.9,25.91,2026-10-01,501.0,TTM-4Q,2026-06-30,,,211.9,0.86,True,,30.5,,,,3.3,4.1,-0.21,,,88.5,1.0,,-15.7,8.1,1.3,8.0,-2.43,15.3,2.15,4.4,15.6,0.34,-0.2,70.0,29.3,0.52,-23.8,1.84,,,,,,,,,-0.4,-0.14,0.01,0.14,1.0,False,-0.001,2026-09-22,,,,,0.15,1.12,3.47,4.6,6.9,6.3,-3.1,288.75,274.77,265.65,True,312.48,208.86,7.61,47.0,9.1,False,False,ZONA-BAHAYA;GOODWILL;UTANG-TAK-TERBACA,90.0
ATEN,"A10 Networks, Inc.",Information Technology,Systems Software,SP600,27.6,2.0,2026-10-01,501.0,TTM-4Q,2026-06-30,2026-11-03,23.0,30.2,0.9,True,24.8,46.6,8.42,23.3,4.0,2.1,3.0,-0.18,12.0,19.4,79.4,0.8,-5.39,-5.3,7.0,1.79,4.0,3.68,6.7,0.75,38.9,4.1,0.57,-0.2,73.0,37.9,0.93,-35.9,0.97,,,36.67,32.9,,1.83,6.0,4.2,-0.43,0.0,0.0,0.0,0.0,False,0.0,2026-08-25,108.4,0.07,18.97,8.0,0.25,0.86,1.14,2.0,12.2,-15.8,3.5,27.17,28.01,25.59,True,38.49,16.52,1.06,57.9,-25.9,False,False,,100.0
UNFI,United Natural Foods Inc,Consumer Staples,Food Retail,SP600,44.78,2.7,2026-10-01,501.0,TTM-4Q,2026-08-01,,,33.5,0.53,True,8.2,32.2,1.67,,12.2,3.1,12.0,0.94,5.3,5.3,13.5,0.4,2.96,-6.2,1.8,6.43,6.0,5.11,1.7,-0.65,18.7,-0.4,0.22,-0.2,66.0,42.3,0.77,-27.0,-0.7,,,,,,,,,,0.0,0.0,0.0,0.0,False,0.0,,,,,,0.05,0.0,1.85,1.85,-2.0,,4.3,46.73,47.09,44.35,True,57.02,30.91,1.59,44.7,-4.2,False,False,,100.0
JBL,Jabil,Information Technology,Electronic Manufacturing Services,SP500,299.79,31.41,2026-10-01,501.0,TTM-4Q,2026-05-31,,,446.8,1.76,True,15.7,36.4,23.74,17.8,6.4,2.7,4.2,0.05,24.0,66.1,9.2,0.5,0.94,-4.7,1.4,2.15,8.0,2.84,999.0,-0.63,37.9,10.0,0.51,-0.2,67.0,47.1,1.53,-25.6,0.65,,,430.11,43.5,,1.4,9.0,,-0.01,0.12,0.15,0.03,1.0,False,0.0,2026-07-17,99.2,-0.01,3.24,3.2,0.14,0.11,2.92,3.03,17.8,49.4,-2.6,317.21,320.71,301.24,True,428.93,189.6,14.45,44.8,-14.4,False,False,,100.0
MRCY,Mercury Systems,Industrials,Electrical Components & Equipment,SP600,84.07,5.06,2026-10-01,501.0,TTM-4Q,2026-07-03,,,57.7,0.69,True,,,3.38,37.7,,-0.6,1.3,-0.75,,-2.0,28.6,5.5,,-5.6,2.1,,5.0,4.52,0.0,-0.56,7.0,10.8,0.15,-0.2,32.0,58.7,1.39,-36.5,-0.98,,,115.7,37.6,,1.91,10.0,,,-41.67,0.0,41.67,0.0,False,-0.824,2026-09-21,112.9,0.55,9.57,5.6,0.44,0.0,0.3,0.3,7.9,,1.2,93.21,93.64,91.81,True,128.45,65.04,3.72,44.8,-35.1,False,False,UTANG-TAK-TERBACA;INSIDER-JUAL,90.0
EHC,Encompass Health,Health Care,Health Care Facilities,SP400,119.06,11.75,2026-10-01,501.0,TTM-4Q,2026-06-30,2026-10-28,19.0,106.3,1.17,True,9.5,18.9,4.52,17.8,10.5,5.3,3.5,0.43,15.9,25.5,,,1.68,-8.3,1.3,1.95,8.0,,9.2,0.45,-3.2,25.6,0.39,-0.2,67.0,28.4,0.65,-26.1,0.67,,,148.17,24.4,,1.08,12.0,4.8,-0.27,-26.43,0.0,26.43,0.0,False,-0.225,2026-08-31,100.9,-0.11,3.43,3.7,-0.24,0.64,2.1,2.74,9.5,18.8,-2.2,120.24,109.49,108.12,True,127.99,92.77,2.87,41.7,9.0,False,False,INSIDER-JUAL,100.0
CXM,"Sprinklr, Inc.",Information Technology,Application Software,SP600,5.22,1.24,2026-10-01,501.0,TTM-4Q,2026-07-31,2026-12-02,44.0,19.2,1.28,True,15.5,53.6,2.39,9.8,6.4,1.9,10.3,0.75,5.7,4.4,65.6,2.8,-3.55,-9.9,8.6,5.58,6.0,2.29,999.0,0.22,-1.6,27.1,0.3,-0.2,15.0,43.2,0.82,-41.3,0.76,,,8.44,61.6,,2.56,8.0,14.1,-0.46,-1.21,0.0,1.21,0.0,False,-0.098,2026-09-16,102.8,0.0,10.81,2.8,-0.23,0.0,11.05,11.05,6.3,-80.7,-9.6,6.31,5.76,6.01,False,8.27,4.72,0.28,39.4,-5.9,False,False,,100.0
PPLI,People Inc.,Communication Services,Interactive Media & Services,SP600,40.95,3.11,2026-10-01,501.0,TTM-4Q,2026-06-30,,,53.2,0.83,True,,9.2,0.61,,-2.1,10.8,4.0,-0.04,-1.9,6.7,,2.8,,2.4,5.6,0.46,7.0,1.11,-1.8,-1.24,13.1,-3.6,0.14,-0.2,47.0,33.8,0.95,-24.5,0.5,,,,,,,,,,0.0,0.0,0.0,0.0,False,0.0,,,,,,0.16,0.0,7.99,7.99,-8.4,,-7.6,39.66,41.32,40.52,True,48.32,29.56,1.47,59.0,-14.6,False,False,ZONA-BAHAYA;DISTRES,100.0
FAST,Fastenal,Industrials,Trading Companies & Distributors,SP500;NDX,50.23,57.64,2026-10-01,501.0,TTM-4Q,2026-06-30,,,347.7,0.88,True,29.4,42.6,14.17,35.8,3.4,2.3,2.0,-0.95,32.9,34.3,44.7,0.5,-0.04,-0.9,1.2,1.03,6.0,32.7,394.5,1.75,1.6,5.7,0.14,-0.2,66.0,25.5,0.53,-19.8,1.24,,,48.84,-2.8,,2.72,13.0,,0.09,-2.53,0.0,2.53,0.0,False,-0.004,2026-08-13,87.5,0.01,3.55,6.0,0.0,1.83,0.0,1.83,12.5,13.7,0.0,49.79,47.0,46.19,True,52.92,38.97,0.98,53.6,0.8,False,True,,100.0
CINF,Cincinnati Financial,Financials,Property & Casualty Insurance,SP500,162.15,24.89,2026-10-01,501.0,TTM-4Q,2026-06-30,2026-10-26,17.0,116.3,0.94,True,,7.5,1.49,18.0,,13.4,,0.96,,21.5,,,,,3.8,,,,79.4,0.16,9.6,8.7,0.44,-0.21,36.0,20.8,0.47,-16.5,1.02,,,191.67,18.2,,,6.0,-21.3,0.24,-1.16,0.17,1.33,1.0,False,-0.005,2026-08-25,74.0,0.0,2.86,8.3,-0.02,2.18,2.24,4.42,19.6,82.8,-1.3,171.6,168.77,167.49,True,194.81,150.0,2.78,35.7,-17.7,False,False,,90.0
CVI,"CVR Energy, Inc.",Energy,Oil & Gas Refining & Marketing,SP600,54.36,5.46,2026-10-01,501.0,TTM-4Q,2026-06-30,2026-10-28,19.0,60.9,0.79,True,9.3,79.2,10.41,17.9,10.7,1.3,6.4,-0.5,10.5,13.9,6.1,4.4,1.4,-11.5,7.1,7.74,9.0,3.16,999.0,-0.13,18.2,36.5,0.51,-0.21,97.0,53.7,0.71,-48.2,-1.33,,,33.4,-38.6,,4.17,5.0,216.3,1.0,0.0,0.0,0.0,0.0,False,0.0,,104.7,0.27,19.79,5.4,1.35,0.0,0.0,0.0,17.9,,0.0,41.89,34.86,32.2,True,55.19,19.62,2.62,73.8,86.1,True,True,,100.0
VCYT,"Veracyte, Inc.",Health Care,Health Care Services,SP600,44.19,3.55,2026-10-01,501.0,TTM-4Q,2026-06-30,,,63.6,0.97,True,25.7,31.0,2.56,,3.9,3.2,4.7,0.03,8.0,8.8,71.7,4.0,-2.37,-4.5,5.2,1.56,8.0,22.48,999.0,0.19,26.5,34.0,0.48,-0.21,57.0,63.7,0.95,-39.2,-0.85,,,,,,,,,0.82,0.0,0.0,0.0,0.0,False,0.0,2026-09-21,,,,,0.09,0.0,0.0,0.0,17.3,334.7,4.7,45.19,43.28,42.5,False,60.91,29.45,2.45,50.2,-24.5,False,False,,100.0
DOCU,Docusign,Information Technology,Application Software,SP400,69.74,13.03,2026-10-01,501.0,TTM-4Q,2026-07-31,2026-12-03,45.0,245.1,0.57,True,23.8,39.5,7.58,13.4,4.2,2.5,9.2,0.33,16.3,17.8,79.5,0.6,-1.01,-25.1,12.5,4.01,8.0,3.64,170.4,1.42,-10.3,34.2,0.25,-0.21,86.0,48.2,1.15,-42.9,0.36,,,69.99,0.4,,2.74,16.0,6.8,-0.46,-3.0,0.0,3.0,0.0,False,-0.023,2026-09-17,96.0,-0.01,9.76,4.0,0.05,0.0,8.5,8.5,8.6,17.4,-8.5,62.72,52.45,53.65,True,75.0,40.16,2.69,59.8,48.5,False,False,,100.0
AVY,Avery Dennison,Materials,Paper & Plastic Packaging Products & Materials,SP500,171.62,13.01,2026-10-01,501.0,TTM-4Q,2026-06-30,2026-10-21,14.0,145.2,0.92,True,11.3,18.5,5.6,15.3,8.8,5.4,8.2,0.51,13.8,31.2,29.0,0.9,2.38,-5.9,1.5,1.75,8.0,3.47,7.8,0.87,8.5,0.6,0.18,-0.22,52.0,25.2,0.55,-21.6,1.12,,,201.8,17.6,,1.55,10.0,17.0,0.22,-0.96,0.0,0.96,0.0,False,-0.007,2026-09-15,100.4,0.01,3.27,2.0,0.09,2.26,3.16,5.42,5.8,-0.9,-2.4,173.53,167.92,172.84,False,199.54,152.42,3.94,49.3,0.2,False,False,,100.0
ABCB,Ameris Bancorp,Financials,Regional Banks,SP600,80.24,5.38,2026-10-01,501.0,TTM-4Q,2026-06-30,2026-10-26,17.0,41.8,1.05,True,,14.3,1.32,11.4,,7.0,,0.02,,9.4,,,,,0.2,,,,999.0,-0.26,14.8,6.7,0.47,-0.22,46.0,22.7,0.99,-14.4,0.51,,,94.17,17.4,,2.29,6.0,-3.6,-0.35,0.0,0.0,0.0,0.0,False,0.0,,101.4,0.02,5.91,8.2,0.14,1.02,2.83,3.85,,-3.8,-2.5,85.6,84.48,83.37,True,93.22,68.8,1.47,31.5,-13.2,False,False,,90.0
OSK,Oshkosh,Industrials,Construction Machinery & Heavy Transportation Equipment,SP400,130.82,8.16,2026-10-01,501.0,TTM-4Q,2026-03-31,,,90.8,1.19,True,8.4,14.1,1.83,9.3,11.9,7.1,10.3,1.44,11.6,13.3,16.6,2.0,0.83,-4.5,2.0,1.76,5.0,3.14,999.0,-0.41,15.6,-0.1,0.19,-0.22,37.0,41.1,1.06,-33.1,-0.1,,,169.07,29.2,,1.94,17.0,,-0.69,0.0,0.0,0.0,0.0,False,0.0,2026-09-11,105.3,0.0,3.73,4.3,-0.01,1.63,3.64,5.27,-0.7,-5.9,-2.7,148.34,145.38,146.87,True,180.49,116.77,4.61,32.7,-10.6,False,False,,100.0
REYN,Reynolds Consumer Products,Consumer Staples,Household Products,SP600,21.94,4.62,2026-10-01,501.0,TTM-4Q,2026-03-31,,,35.7,0.85,True,9.4,14.1,2.04,,10.7,7.1,7.0,0.5,10.4,15.0,24.7,2.1,2.24,-3.4,0.7,1.5,5.0,2.5,5.9,-0.66,-3.7,8.8,0.1,-0.22,28.0,25.5,0.3,-20.0,0.61,,,,,,,,,-0.15,0.0,0.0,0.0,0.0,False,0.0,,,,,,0.05,4.15,0.0,4.15,2.8,-2.1,0.7,23.97,23.18,23.28,False,27.32,20.44,0.55,40.3,-21.3,False,False,,100.0
EGBN,Eagle Bancorp Inc,Financials,Regional Banks,SP600,28.21,0.86,2026-10-01,501.0,TTM-4Q,2026-06-30,2026-10-21,14.0,9.4,1.03,False,,,0.75,11.5,,-5.6,,-0.54,,-4.1,,,,,1.1,,,,-999.0,-1.06,32.8,5.8,0.52,-0.22,77.0,37.5,0.52,-26.6,-0.1,,,30.8,9.2,,2.2,5.0,-33.1,,0.0,0.0,0.0,0.0,False,0.0,,80.4,-0.0,11.77,13.4,-0.05,0.69,0.0,0.69,,,0.6,28.0,26.92,26.22,True,29.29,15.03,0.66,52.8,-0.3,False,True,TIPIS,90.0
HTH,Hilltop Holdings Inc.,Financials,Regional Banks,SP600,37.93,2.17,2026-10-01,501.0,TTM-4Q,2026-06-30,,,13.9,0.97,True,,13.4,1.02,15.2,,7.4,,0.46,,7.5,,,,,0.6,,,,999.0,-0.44,15.4,6.1,0.48,-0.22,60.0,22.4,0.53,-13.5,1.0,,,41.67,9.9,,3.0,3.0,,,-2.49,0.0,2.49,0.0,False,-0.114,2026-08-24,57.2,0.01,7.71,10.9,-0.07,2.1,9.68,11.78,,12.8,-8.9,38.79,37.81,37.49,True,40.41,30.78,0.68,42.8,-4.7,False,False,,90.0
QCOM,Qualcomm,Information Technology,Semiconductors,SP500;NDX,182.09,191.19,2026-10-01,501.0,TTM-4Q,2026-06-28,,,2750.1,0.74,True,16.6,20.6,6.91,,6.0,4.8,5.4,0.35,20.4,33.8,54.2,1.0,0.42,-5.6,6.4,1.34,5.0,6.13,14.8,0.25,1.7,31.4,0.31,-0.22,72.0,54.0,1.74,-41.0,-0.14,,,,,,,,,-0.58,0.0,0.0,0.0,0.0,False,0.0,2026-09-25,,,,,0.15,2.0,4.84,6.84,1.9,-20.0,-2.7,171.17,172.7,169.23,True,259.92,121.99,8.46,50.2,0.7,False,False,,100.0
GHC,Graham Holdings,Consumer Discretionary,Education Services,SP400,1151.29,4.96,2026-10-01,501.0,TTM-4Q,2026-06-30,,,41.4,0.76,True,,9.1,1.04,17.2,,11.0,,0.94,,11.9,,,,,2.9,,,,999.0,,-6.1,3.8,-0.04,-0.22,51.0,26.1,0.65,-19.3,1.42,,,990.0,-14.0,,,1.0,,,0.0,0.0,0.0,0.0,False,0.0,,86.6,-0.0,13.29,5.8,0.05,0.0,0.0,0.0,,-20.3,-1.5,1161.67,1131.32,1129.16,True,1262.35,929.76,27.13,51.7,-5.1,False,False,,88.0
PRKS,United Parks & Resorts,Consumer Discretionary,Leisure Facilities,SP600,31.18,1.41,2026-10-01,501.0,TTM-4Q,2026-06-30,,,26.6,0.95,True,7.4,10.6,,,13.5,9.4,11.7,0.31,13.3,,,,4.54,-10.3,1.7,3.07,4.0,1.6,2.4,0.05,-25.1,17.9,-0.07,-0.22,7.0,51.7,1.2,-46.2,-0.91,,,,,,,,,-0.87,-0.33,0.0,0.33,0.0,False,-0.024,2026-09-15,,,,,0.06,0.0,26.28,26.28,-3.5,-36.9,-14.9,40.73,39.24,38.5,True,55.71,28.77,1.55,21.4,-37.3,False,False,ZONA-BAHAYA;GOODWILL,100.0
AVA,Avista Corporation,Utilities,Multi-Utilities,SP600,35.07,2.94,2026-10-01,501.0,TTM-4Q,2026-06-30,2026-11-04,24.0,25.6,0.86,True,4.9,12.9,1.04,12.6,20.4,7.7,-3.5,2.52,10.7,8.3,,,0.31,-3.8,0.1,2.41,7.0,,999.0,2.58,4.5,-5.2,-0.02,-0.22,26.0,18.5,-0.06,-17.0,0.5,,,41.33,17.9,,2.86,6.0,75.9,0.43,-0.17,0.0,0.17,0.0,False,-0.006,2026-09-02,92.4,0.03,6.9,6.2,-0.82,5.48,-3.44,2.04,-1.8,27.5,2.9,37.92,39.89,39.98,False,43.5,34.46,0.61,28.8,-17.4,False,False,,100.0
PENN,Penn Entertainment,Consumer Discretionary,Casinos & Gaming,SP600,14.52,1.95,2026-10-01,501.0,TTM-4Q,2026-06-30,,,53.2,1.61,True,,,1.05,,-2.6,-46.6,4.9,-2.24,-8.5,-37.4,,,,-10.6,3.0,,5.0,0.31,-1.3,,-14.8,9.3,-0.05,-0.23,12.0,51.8,1.31,-38.9,-0.77,,,,,,,,,,0.0,0.0,0.0,0.0,False,0.0,,,,,,0.08,0.0,12.28,12.28,6.1,,-8.0,17.99,17.72,16.74,True,22.36,11.65,0.64,23.5,-35.7,False,False,ZONA-BAHAYA;DISTRES,100.0
VECO,Veeco Instruments Inc.,Information Technology,Semiconductor Materials & Equipment,SP600,53.19,3.25,2026-10-01,501.0,TTM-4Q,2026-06-30,,,30.1,1.1,True,79.8,139.9,3.6,,1.3,0.7,2.6,-0.38,1.7,2.6,37.9,1.0,-5.31,-5.7,6.3,4.29,4.0,4.52,2.1,-0.51,38.2,21.3,0.43,-0.23,90.0,68.9,1.32,-50.8,-0.47,,,,,,,,,-0.76,0.0,0.0,0.0,0.0,False,0.0,2026-08-17,,,,,0.15,0.0,0.0,0.0,-2.5,-61.6,10.9,47.6,50.01,45.28,True,86.63,26.0,2.58,66.8,-9.8,False,False,DILUSI,100.0
HUBG,"Hub Group, Inc.",Industrials,Air Freight & Logistics,SP600,30.15,,2026-10-01,501.0,TTM-4Q,2025-09-30,,,47.4,1.12,True,,,,13.8,,,,,5.6,6.3,,1.7,0.45,-1.9,3.7,1.53,7.0,,11.2,-0.55,11.2,3.9,0.15,-0.23,8.0,49.0,1.19,-43.1,-0.75,,,40.08,32.9,,2.46,12.0,,-0.94,0.0,0.0,0.0,0.0,False,,,106.3,0.02,8.46,3.0,-0.04,,,,-5.8,-3.2,-1.0,38.99,40.84,41.85,False,53.26,29.37,1.45,27.2,-34.6,False,False,LAPKEU-LAMA;RESTATEMENT;SAHAM-JANGGAL,85.0
GLW,Corning Inc.,Information Technology,Electronic Components,SP500,160.42,138.18,2026-10-01,501.0,TTM-4Q,2026-06-30,,,1301.8,0.93,True,35.7,72.7,11.0,36.8,2.8,1.4,1.7,-0.44,11.0,16.1,36.4,2.1,1.47,-6.5,1.8,2.06,8.0,5.85,7.3,-0.53,79.0,2.6,0.56,-0.24,87.0,72.6,1.18,-51.5,-0.47,,,189.94,18.4,,1.47,16.0,,0.11,-3.49,0.0,3.49,0.0,False,-0.003,2026-09-04,74.9,0.02,2.31,1.9,0.16,0.72,0.0,0.72,19.4,132.0,1.2,152.78,164.88,150.13,True,271.78,77.39,8.29,54.1,-20.5,False,False,,100.0
VC,Visteon,Consumer Discretionary,Automotive Parts & Equipment,SP400,88.36,2.36,2026-10-01,501.0,TTM-4Q,2026-06-30,,,50.7,1.33,True,5.1,16.5,1.46,,19.8,6.1,,1.17,9.4,9.1,12.8,2.0,-0.88,-4.3,7.0,2.01,5.0,3.61,25.6,-0.57,-14.8,9.5,-0.07,-0.24,21.0,39.3,0.74,-30.5,0.5,,,,,,,,,-0.79,0.0,0.0,0.0,0.0,False,0.0,,,,,,0.08,1.48,3.65,5.13,-1.1,-52.8,-1.4,100.71,102.88,101.63,False,126.95,83.49,2.96,29.9,-15.9,False,False,,100.0
NBIX,Neurocrine Biosciences,Health Care,Biotechnology,SP400,140.71,14.3,2026-10-01,501.0,TTM-4Q,2026-06-30,,,189.9,1.64,True,16.5,20.3,3.87,11.8,6.1,4.9,6.1,0.29,18.7,22.1,,0.3,-0.46,-4.2,2.3,1.27,7.0,6.63,999.0,0.62,11.7,18.3,0.45,-0.24,32.0,33.6,0.59,-25.4,0.61,,,208.4,48.1,,1.43,29.0,,0.31,0.0,0.0,0.0,0.0,False,0.0,2026-09-14,102.8,0.07,6.34,4.8,0.1,0.0,-0.88,-0.88,34.4,102.6,3.2,156.27,150.78,147.33,False,186.12,122.14,4.12,35.7,-21.3,False,False,,100.0
STAG,STAG Industrial,Real Estate,Industrial REITs,SP400,35.72,6.83,2026-10-01,501.0,TTM-4Q,2026-03-31,,,61.7,0.88,True,,28.0,1.9,,,3.6,4.1,-0.44,,6.9,,,,-3.3,0.4,1.96,,,,,10.0,5.0,0.39,-0.24,42.0,19.2,0.43,-14.1,0.71,,,,,,,,,-0.08,0.0,0.0,0.0,0.0,False,0.0,,,,,,0.06,3.47,0.0,3.47,10.0,0.1,2.4,37.46,38.07,38.0,False,42.61,35.2,0.6,32.9,-11.1,False,False,,100.0
BMRN,BioMarin Pharmaceutical,Health Care,Biotechnology,SP400,58.44,11.31,2026-10-01,501.0,TTM-4Q,2026-06-30,2026-10-26,17.0,125.6,1.04,True,48.4,155.0,1.79,8.8,2.1,0.6,6.5,0.04,1.1,1.2,76.1,1.8,10.96,-8.2,2.5,11.75,5.0,1.86,2.0,-0.03,19.7,13.3,0.48,-0.24,51.0,34.2,0.51,-22.5,0.75,,,91.62,56.8,,1.74,26.0,26.6,-0.35,-1.16,0.0,1.16,0.0,False,-0.01,2026-09-02,103.8,0.1,5.22,5.6,0.12,0.0,0.0,0.0,11.2,-88.9,-1.3,64.02,58.74,58.65,True,70.98,49.26,1.6,29.8,-3.4,False,False,,100.0
RRR,"Red Rock Resorts, Inc.",Consumer Discretionary,Casinos & Gaming,SP600,48.93,2.88,2026-10-01,501.0,TTM-4Q,2026-06-30,,,63.0,1.32,True,8.2,17.0,16.82,,12.2,5.9,6.7,-0.02,12.9,90.2,,,4.47,-10.8,1.2,3.69,6.0,1.32,2.8,0.1,-5.5,2.5,-0.04,-0.24,12.0,34.7,0.87,-27.2,0.65,,,,,,,,,-0.36,-3.04,0.0,3.04,0.0,False,-0.106,2026-09-01,,,,,0.01,4.2,3.01,7.21,0.9,-4.4,-42.8,58.12,58.25,59.38,False,68.99,47.49,1.98,30.4,-27.3,False,False,ZONA-BAHAYA;GOODWILL,100.0
WWW,"Wolverine World Wide, Inc.",Consumer Discretionary,Footwear,SP600,19.25,1.58,2026-10-01,501.0,TTM-4Q,2026-07-04,,,13.9,1.39,True,10.4,14.6,3.52,,9.6,6.9,11.1,0.17,12.8,27.1,47.1,3.0,2.29,-4.2,4.5,1.69,8.0,3.2,999.0,-0.05,-28.0,18.7,-0.08,-0.24,61.0,55.6,1.91,-47.0,-1.76,,,,,,,,,0.27,0.0,0.0,0.0,0.0,False,0.0,2026-09-01,,,,,0.08,2.13,0.0,2.13,7.2,27.1,1.1,19.62,17.85,17.95,True,27.73,13.47,0.7,48.2,13.5,False,False,,100.0
UDR,"UDR, Inc.",Real Estate,Multi-Family Residential REITs,SP500,33.68,10.94,2026-10-01,501.0,TTM-4Q,2026-03-31,,,149.1,0.94,True,16.5,22.3,3.33,,6.1,4.5,5.8,-0.27,7.3,14.8,,,5.62,-3.6,1.4,1.78,7.0,,3.3,0.21,3.4,9.8,0.33,-0.25,27.0,20.1,0.44,-17.7,0.51,,,,,,,,,-0.12,0.0,0.0,0.0,0.0,False,0.0,,,,,,0.06,5.19,0.0,5.19,2.1,298.5,-0.4,36.64,36.98,37.01,False,42.0,32.94,0.58,29.1,-20.1,False,False,,100.0
LYFT,"Lyft, Inc.",Industrials,Passenger Ground Transportation,SP600,15.21,5.76,2026-10-01,501.0,TTM-4Q,2026-06-30,,,148.6,0.8,True,187.6,2.0,1.9,7.1,0.5,49.8,,1.13,-3.5,152.6,45.5,2.2,-28.12,23.1,25.1,0.42,6.0,-0.13,-5.9,-0.97,-23.8,26.2,0.02,-0.25,29.0,48.0,1.61,-48.5,-1.31,,,19.44,27.8,,2.53,37.0,,3.0,0.0,0.0,0.0,0.0,False,0.0,2026-09-24,111.8,0.0,20.21,7.5,0.0,0.0,12.16,12.16,10.8,3008.6,-8.7,16.17,14.76,15.43,False,25.54,12.46,0.55,44.0,-3.5,False,False,ZONA-BAHAYA;DISTRES;SHORT-TINGGI,100.0
TT,Trane Technologies,Industrials,Building Products,SP500,458.94,100.98,2026-10-01,501.0,TTM-4Q,2026-06-30,,,505.6,0.97,True,24.1,34.2,11.71,,4.1,2.9,3.5,-0.69,24.5,35.8,,0.2,1.06,-4.1,2.2,1.31,6.0,6.09,18.1,1.32,4.8,3.0,0.14,-0.25,58.0,28.6,1.04,-16.1,0.78,,,,,,,,,-0.25,-0.07,0.0,0.07,0.0,False,-0.0,2026-08-05,,,,,0.07,0.87,1.34,2.22,7.0,3.3,-1.2,454.74,458.22,447.36,True,505.87,348.06,10.9,59.6,-6.4,False,False,,100.0
AN,AutoNation,Consumer Discretionary,Automotive Retail,SP400,164.99,5.45,2026-10-01,501.0,TTM-4Q,2026-06-30,2026-10-29,20.0,120.6,1.24,True,,7.0,2.41,6.6,,14.2,0.2,-0.28,38.0,32.8,17.8,0.7,,3.3,4.2,0.38,4.0,2.77,7.0,-0.35,-6.7,3.1,-0.06,-0.25,15.0,32.6,0.71,-31.8,0.71,,,245.67,48.9,,1.62,12.0,1.8,-0.31,-0.2,0.0,0.2,0.0,False,-0.004,2026-08-05,101.3,-0.02,11.98,6.5,0.02,0.0,18.47,18.47,-0.1,22.2,-11.7,197.68,195.49,198.85,False,235.81,152.86,7.55,33.7,-13.7,False,False,LABA-KERTAS,100.0
AEO,American Eagle Outfitters,Consumer Discretionary,Apparel Retail,SP600,17.97,3.01,2026-10-01,501.0,TTM-4Q,2026-08-01,2026-12-01,43.0,132.3,0.87,True,4.4,8.9,1.71,9.4,22.6,11.2,11.4,1.37,18.9,20.4,40.5,1.8,-0.14,-6.3,3.0,1.78,7.0,3.42,999.0,0.42,-0.4,-2.9,-0.03,-0.25,48.0,53.4,1.19,-47.5,-1.0,,,18.36,2.2,,2.93,11.0,259.1,1.24,-0.1,0.0,0.1,0.0,False,-0.003,2026-07-17,102.8,-0.64,12.74,2.3,-0.98,2.8,2.63,5.43,9.2,70.9,-0.9,16.73,17.23,19.28,False,28.46,14.06,0.74,63.3,6.4,False,False,,100.0
ITT,ITT Inc.,Industrials,Industrial Machinery & Supplies & Components,SP400,202.13,18.07,2026-10-01,501.0,TTM-4Q,2026-07-04,,,182.5,1.08,True,22.6,42.9,3.76,21.0,4.4,2.3,2.8,-0.63,8.8,11.5,35.2,1.6,2.53,-2.6,1.4,1.5,4.0,2.83,6.8,-0.27,9.3,0.9,0.16,-0.25,67.0,32.3,1.32,-16.7,0.38,,,258.38,27.8,,1.36,13.0,,0.76,0.85,1.0,0.15,1.0,False,0.005,2026-08-31,101.0,0.0,8.48,10.8,-0.0,0.69,0.69,1.38,28.1,-18.6,13.1,204.97,200.09,196.87,True,230.32,166.96,6.2,47.1,5.5,False,False,DILUSI,100.0
JBSS,"John B. Sanfilippo & Son, Inc.",Consumer Staples,Packaged Foods & Meats,SP600,66.62,0.79,2026-10-01,501.0,TTM-4Q,2026-06-25,,,8.4,1.02,False,7.1,12.7,2.07,14.0,14.1,7.9,4.5,0.56,16.5,16.7,18.0,1.3,0.41,-9.9,1.9,2.0,3.0,4.76,36.7,0.51,21.5,-6.7,0.24,-0.25,22.0,31.3,0.41,-24.9,0.14,,,100.0,50.1,,,2.0,,0.11,0.0,0.0,0.0,0.0,False,0.0,,96.8,0.02,8.52,3.9,0.03,5.95,0.0,5.95,6.2,5.1,0.5,75.83,78.36,77.74,False,92.08,59.07,1.91,29.0,-28.3,False,False,TIPIS;F-RENDAH,100.0
PFE,Pfizer,Health Care,Pharmaceuticals,SP500,28.12,160.27,2026-10-01,501.0,TTM-4Q,2026-06-28,,,896.3,0.94,True,16.0,37.0,1.88,,6.3,2.7,6.9,0.44,4.6,5.0,73.2,6.0,4.07,-4.5,6.1,3.09,7.0,2.09,2.6,-0.54,19.9,3.4,0.53,-0.26,73.0,22.1,0.48,-15.7,1.27,,,,,,,,,-0.42,2.88,2.96,0.08,3.0,True,0.002,2026-08-12,,,,,1.09,6.11,0.0,6.11,-0.2,-59.7,-0.1,27.27,26.51,26.39,True,29.21,23.62,0.5,53.3,12.7,False,False,,100.0
KMT,Kennametal,Industrials,Industrial Machinery & Supplies & Components,SP600,31.67,2.41,2026-10-01,501.0,TTM-4Q,2026-06-30,,,44.1,1.22,True,4.9,7.1,1.54,12.8,20.5,14.2,-3.4,1.91,17.0,24.0,41.2,4.1,0.96,12.1,3.0,-0.01,7.0,3.24,16.5,-0.78,42.9,-19.1,0.27,-0.26,65.0,44.1,0.7,-31.9,0.21,,,32.43,2.4,,3.75,7.0,,1.52,-0.55,0.35,0.9,2.0,True,-0.023,2026-09-10,109.1,0.03,16.41,5.1,1.03,2.52,0.42,2.94,19.8,267.7,-0.6,31.2,34.62,34.49,True,43.81,20.38,1.05,58.9,-7.8,False,False,,100.0
BRX,Brixmor Property Group,Real Estate,Retail REITs,SP400,27.57,8.46,2026-10-01,501.0,TTM-4Q,2026-06-30,2026-10-26,17.0,100.1,1.14,True,,19.6,2.8,27.6,,5.1,,-0.01,,14.5,,,,-2.9,0.4,1.58,,,,,10.4,3.5,0.4,-0.26,40.0,17.3,0.54,-15.7,0.61,,,35.22,27.8,,1.5,18.0,-15.1,-0.6,-0.27,0.0,0.27,0.0,False,-0.003,2026-08-12,105.7,0.01,9.32,8.1,0.07,0.0,0.01,0.01,5.8,29.1,0.1,29.49,30.14,29.38,True,32.86,24.66,0.45,28.6,-13.9,False,False,,100.0
TEX,Terex,Industrials,Construction Machinery & Heavy Transportation Equipment,SP400,54.94,6.28,2026-10-01,501.0,TTM-4Q,2026-06-30,,,68.5,1.67,True,13.8,42.1,1.28,,7.3,2.4,,0.34,4.8,4.3,17.7,1.3,3.67,-3.7,3.9,3.06,4.0,1.93,2.0,-1.03,16.9,-1.1,0.16,-0.26,30.0,49.6,1.3,-29.3,-0.44,,,,,,,,,0.83,0.0,0.0,0.0,0.0,False,0.0,,,,,,0.07,0.99,0.06,1.05,29.2,-16.8,73.3,62.77,62.78,62.15,True,74.69,41.7,2.33,36.9,-21.4,False,False,DILUSI,100.0
JJSF,J&J Snack Foods Corp.,Consumer Staples,Packaged Foods & Meats,SP600,77.58,1.45,2026-10-01,501.0,TTM-4Q,2026-06-27,,,15.8,0.99,True,10.4,29.4,1.62,18.0,9.6,3.4,6.3,0.16,5.1,5.3,31.3,1.9,-0.26,-8.5,0.9,3.39,,4.24,27.8,-0.1,-6.8,11.5,0.07,-0.26,37.0,34.5,0.23,-28.3,0.1,,,110.5,42.4,,1.0,2.0,,,0.0,0.0,0.0,0.0,False,0.0,,81.3,0.02,16.36,6.3,0.02,4.2,5.2,9.41,,-41.2,-4.0,83.41,80.08,82.63,False,99.14,68.87,2.09,36.9,-0.4,False,False,,100.0
MIDD,Middleby,Industrials,Industrial Machinery & Supplies & Components,SP400,102.69,4.64,2026-10-01,501.0,TTM-4Q,2026-07-04,,,66.0,0.83,True,9.7,,2.1,13.2,10.3,-10.1,10.4,0.06,7.9,-16.2,38.4,1.6,2.74,-15.8,4.4,,4.0,3.1,999.0,0.76,4.4,4.4,0.13,-0.26,17.0,34.5,1.11,-28.8,0.16,,,155.89,51.8,,1.55,9.0,,-1.06,0.0,0.0,0.0,0.0,False,0.0,,107.0,0.0,5.57,3.4,-0.01,0.0,20.24,20.24,8.4,-211.0,-14.7,117.44,120.7,121.5,True,148.55,89.16,2.97,28.6,-28.9,False,False,,100.0
GIS,General Mills,Consumer Staples,Packaged Foods & Meats,SP500,31.67,16.93,2026-10-01,501.0,TTM-4Q,2026-08-30,,,381.7,1.68,True,86.1,,2.27,10.0,1.2,-5.3,9.1,-0.86,-0.7,-10.6,33.6,,37.68,-9.4,3.3,,4.0,1.9,-999.0,-1.74,-13.4,14.2,0.01,-0.27,11.0,28.8,0.07,-34.0,0.29,,,37.22,17.5,,3.05,18.0,,-0.95,0.0,0.0,0.0,0.0,False,0.0,,91.1,-0.08,10.91,5.1,-0.3,7.77,0.0,7.77,-4.5,-130.6,-0.8,37.26,36.52,38.88,False,51.26,31.18,1.13,23.4,-17.8,False,False,GOODWILL,100.0
FNB,FNB Corporation,Financials,Regional Banks,SP400,17.24,6.09,2026-10-01,501.0,TTM-4Q,2026-06-30,,,81.7,1.47,True,,10.1,0.89,9.2,,9.9,,0.58,,9.0,,,,,0.1,,,,999.0,-0.26,14.2,7.3,0.44,-0.27,45.0,24.6,1.04,-15.7,0.34,,,20.94,21.5,,1.78,9.0,,,-0.08,0.0,0.08,0.0,False,-0.001,2026-08-06,94.7,-0.02,8.16,6.6,-0.14,2.91,1.84,4.75,,29.3,-1.3,18.46,17.93,17.88,True,19.59,14.46,0.33,33.0,-11.7,False,False,,90.0
IRT,Independence Realty Trust,Real Estate,Multi-Family Residential REITs,SP400,14.5,3.42,2026-10-01,501.0,TTM-4Q,2026-06-30,,,63.5,1.11,True,,78.6,1.02,181.2,,1.3,,-0.27,,1.3,,0.3,,-3.9,0.7,6.34,,,,,2.5,10.6,0.31,-0.27,24.0,21.2,0.59,-16.0,0.29,,,19.27,32.9,,1.69,13.0,,-0.45,0.0,0.0,0.0,0.0,False,0.0,2026-09-01,103.8,0.01,9.35,5.1,0.1,4.71,0.0,4.71,3.5,56.6,0.8,16.02,16.13,16.33,False,17.79,14.34,0.32,29.5,-18.4,False,False,,100.0
SMCI,Supermicro,Information Technology,"Technology Hardware, Storage & Peripherals",SP500,41.92,27.54,2026-10-01,501.0,TTM-4Q,2026-06-30,,,1519.9,0.69,True,8.5,12.3,1.9,,11.7,8.1,-25.3,-0.55,17.8,21.5,10.8,2.7,-1.24,41.1,4.0,-3.05,3.0,3.77,14.2,-2.14,-23.4,63.1,0.21,-0.27,92.0,95.2,2.86,-65.0,-2.62,,,,,,,,,2.01,0.0,0.0,0.0,0.0,False,0.0,2026-09-04,,,,,0.15,0.0,-5.11,-5.11,77.8,112.7,11.0,36.27,32.28,31.94,True,58.78,19.48,2.26,58.7,50.1,False,False,F-RENDAH;DILUSI,100.0
TFX,Teleflex,Health Care,Health Care Equipment,SP600,126.11,5.34,2026-10-01,501.0,TTM-4Q,2026-06-30,,,107.4,0.85,True,40.7,,1.84,,2.5,-19.3,3.2,-0.79,0.6,-28.9,54.9,2.7,13.01,-18.0,7.2,,5.0,,0.4,-0.14,16.1,19.2,0.44,-0.27,49.0,40.3,0.57,-24.4,0.49,,,,,,,,,-1.79,0.0,0.0,0.0,0.0,False,0.0,,,,,,0.09,1.12,4.68,5.8,30.7,-637.5,-1.5,133.25,127.96,124.05,True,145.0,100.18,3.9,43.2,-8.2,False,False,,100.0
TFC,Truist Financial,Financials,Diversified Banks,SP500,46.28,56.54,2026-10-01,501.0,TTM-4Q,2026-06-30,,,381.4,1.15,True,,9.7,0.88,,,10.3,,0.79,,9.1,,,,,0.5,,,,999.0,-0.38,12.8,8.0,0.42,-0.27,40.0,24.5,1.12,-20.7,0.08,,,,,,,,,,-0.57,1.02,1.58,1.0,False,-0.001,2026-09-17,,,,,0.05,4.61,6.34,10.95,,11.9,-5.1,50.48,49.36,49.82,True,56.2,40.78,1.02,30.0,-11.5,False,False,,90.0
SCI,Service Corp Intl,Consumer Discretionary,Specialized Consumer Services,SP400,76.5,10.45,2026-10-01,501.0,TTM-4Q,2026-06-30,,,78.7,1.09,True,12.7,19.4,6.8,,7.9,5.1,6.1,-0.36,10.9,34.7,34.9,2.2,4.14,-2.7,0.8,1.93,5.0,0.7,3.8,-0.63,-0.8,-1.3,-0.04,-0.27,38.0,24.0,0.35,-21.6,1.71,,,,,,,,,-0.16,-28.42,0.0,28.42,0.0,False,-0.272,2026-08-03,,,,,-0.1,1.81,3.86,5.67,3.3,0.5,-3.3,81.9,79.73,79.88,True,90.99,68.41,1.6,33.4,-5.1,False,False,ZONA-BAHAYA;GOODWILL;INSIDER-JUAL,100.0
ECG,"Everus Construction Group, Inc.",Industrials,Construction & Engineering,SP600,119.63,6.11,2026-10-01,483.0,TTM-4Q,2026-06-30,2026-11-03,23.0,45.9,0.52,True,17.0,24.0,7.9,19.9,5.9,4.2,4.1,-0.3,26.0,39.5,13.0,0.7,0.27,-3.8,0.5,1.26,,6.2,16.8,0.53,32.6,-9.3,0.19,-0.27,65.0,62.5,1.67,-35.5,-1.33,,,176.0,47.1,,,6.0,43.9,1.24,-0.31,0.14,0.45,1.0,False,-0.005,2026-08-17,87.5,-0.06,4.54,3.6,-0.13,0.0,0.0,0.0,30.5,53.5,0.2,123.02,133.1,123.33,True,171.58,78.14,4.84,51.9,-15.7,False,False,,100.0
VLTO,Veralto,Industrials,Environmental & Facilities Services,SP500,94.6,23.23,2026-10-01,501.0,TTM-4Q,2026-04-03,,,169.1,1.12,True,17.8,24.0,7.73,,5.6,4.2,4.5,-0.3,19.6,36.5,59.9,1.3,0.89,-1.9,1.8,1.14,5.0,4.8,13.9,1.26,-8.6,10.4,0.04,-0.27,45.0,23.0,0.65,-23.0,1.09,,,,,,,,,-0.27,0.0,0.0,0.0,0.0,False,0.0,2026-08-17,,,,,0.07,0.49,0.0,0.49,5.9,10.9,-0.4,96.49,91.22,93.01,False,107.9,80.03,1.74,44.1,-0.4,False,False,GOODWILL,100.0
BOOT,"Boot Barn Holdings, Inc.",Consumer Discretionary,Apparel Retail,SP600,120.98,3.66,2026-10-01,501.0,TTM-4Q,2026-06-27,2026-10-28,19.0,91.8,0.72,True,8.8,15.1,2.7,12.1,11.4,6.6,3.2,-0.16,19.0,19.2,38.5,0.7,-0.35,-3.1,3.3,1.3,7.0,4.1,999.0,0.2,-10.2,3.7,-0.07,-0.28,8.0,46.4,1.56,-42.1,-0.94,,,221.5,83.1,,1.25,14.0,12.1,0.74,0.0,0.0,0.0,0.0,False,0.0,,118.5,0.07,12.66,5.2,0.17,0.0,1.71,1.71,17.6,24.1,-0.5,147.86,157.36,165.59,False,210.25,119.21,5.65,33.2,-25.2,False,False,,100.0
HAL,Halliburton,Energy,Oil & Gas Equipment & Services,SP500,31.88,26.56,2026-10-01,501.0,TTM-4Q,2026-06-30,,,364.2,0.91,True,8.5,16.6,2.41,11.0,11.8,6.0,6.5,-0.03,11.0,14.9,,1.5,1.35,-4.5,2.2,1.72,6.0,3.4,999.0,0.05,51.9,-2.7,0.7,-0.28,57.0,35.0,0.63,-27.1,0.09,,,43.44,36.3,,1.75,25.0,,-0.61,0.0,0.0,0.0,0.0,False,0.0,2026-08-31,90.4,0.0,5.67,3.2,-0.03,2.15,3.04,5.2,0.6,-14.0,-2.2,33.99,36.48,35.41,True,43.59,21.46,0.9,33.4,-5.7,False,False,,100.0
ABG,Asbury Automotive Group,Consumer Discretionary,Automotive Retail,SP600,178.47,3.2,2026-10-01,501.0,TTM-4Q,2026-06-30,2026-10-27,18.0,51.0,1.1,True,7.6,6.3,0.82,5.9,13.2,15.9,,1.12,8.2,13.2,17.1,1.2,3.92,-2.8,3.1,1.59,6.0,2.47,999.0,-1.04,-14.4,7.9,-0.1,-0.28,15.0,33.2,0.86,-32.7,0.51,,,258.36,44.8,,,11.0,8.1,-0.19,-0.24,0.0,0.24,0.0,False,-0.007,2026-07-29,107.6,0.0,12.47,6.5,0.05,0.0,9.06,9.06,4.1,-5.6,-7.1,208.08,202.42,210.97,False,258.75,169.02,7.21,34.7,-15.3,False,False,,100.0
CENX,Century Aluminum Company,Materials,Aluminum,SP600,35.99,3.56,2026-10-01,501.0,TTM-4Q,2026-06-30,2026-11-05,25.0,69.6,1.3,True,4.9,5.9,2.54,3.1,20.5,16.9,4.2,1.46,31.8,56.7,18.9,2.9,0.18,10.5,8.9,0.56,7.0,3.16,999.0,0.55,59.3,-26.3,0.25,-0.28,20.0,65.0,2.01,-47.7,-2.05,,,69.0,91.7,,1.0,4.0,7.0,0.61,0.0,0.0,0.0,0.0,False,0.0,,78.4,0.02,14.12,5.4,0.13,0.0,0.0,0.0,9.7,413.2,12.3,44.04,52.11,50.48,True,70.43,25.4,1.85,26.9,-19.8,False,False,RESTATEMENT;LABA-KERTAS;DILUSI,100.0
CUBE,CubeSmart,Real Estate,Industrial REITs,SP400,37.53,8.5,2026-10-01,501.0,TTM-4Q,2026-03-31,2026-10-29,20.0,110.3,1.05,True,,26.1,3.21,23.9,,3.8,,-0.26,,11.8,68.3,1.1,,-4.3,1.0,1.88,4.0,,999.0,0.39,3.3,10.2,0.31,-0.28,46.0,21.8,0.49,-16.5,0.39,,,43.94,17.1,,2.33,16.0,7.2,-0.51,0.0,0.0,0.0,0.0,False,0.0,,106.4,0.04,5.48,4.1,0.35,5.63,0.0,5.63,5.0,-15.7,-0.4,40.26,39.86,39.32,True,43.26,35.09,0.75,33.8,-10.7,False,False,,90.0
RBC,RBC Bearings,Industrials,Industrial Machinery & Supplies & Components,SP400,508.49,16.1,2026-10-01,501.0,TTM-4Q,2026-06-27,,,157.9,0.64,True,28.3,50.2,4.65,,3.5,2.0,2.4,-0.84,8.6,9.7,45.2,2.4,1.15,-2.9,1.4,1.46,7.0,6.91,999.0,0.06,25.2,-11.5,0.25,-0.28,48.0,28.0,0.82,-26.3,0.69,,,,,,,,,0.39,0.0,0.0,0.0,0.0,False,0.0,,,,,,0.07,0.0,0.0,0.0,17.3,26.6,0.5,523.05,564.28,548.87,True,667.69,364.5,12.68,52.2,-18.0,False,False,,100.0
BLK,BlackRock,Financials,Asset Management & Custody Banks,SP500,1064.36,164.97,2026-10-01,501.0,TTM-4Q,2026-06-30,2026-10-14,9.0,563.0,0.98,True,,25.1,2.86,16.6,,4.0,,-1.17,,12.3,,,,,0.5,,,,16.4,0.1,-1.7,18.5,0.31,-0.28,56.0,27.4,1.18,-22.5,-0.16,,,1322.75,24.3,,1.47,16.0,9.6,0.41,-22.0,0.0,22.0,0.0,False,-0.013,2026-07-16,84.6,0.0,1.34,3.7,-0.01,0.0,0.0,0.0,26.5,2.7,5.4,1109.2,1050.47,1060.98,True,1219.94,917.39,22.63,44.0,4.2,False,False,DILUSI;INSIDER-JUAL,90.0
AVGO,Broadcom,Information Technology,Semiconductors,SP500;NDX,343.64,1640.41,2026-10-01,501.0,TTM-4Q,2026-08-02,2026-12-09,49.0,9509.4,0.89,True,32.6,42.9,16.46,17.7,3.1,2.3,2.4,-0.33,27.3,44.2,68.8,2.9,0.69,-1.4,5.0,1.06,8.0,12.72,13.7,0.56,12.7,18.1,0.33,-0.29,49.0,46.7,2.26,-29.4,0.01,,,531.85,54.8,,1.26,47.0,1.7,0.58,-20.84,0.0,20.84,0.0,False,-0.001,2026-09-23,79.8,-0.0,1.11,2.0,0.14,0.74,0.52,1.25,48.7,102.1,0.6,373.97,377.88,367.42,False,495.0,289.96,10.66,39.5,-7.1,False,False,INSIDER-JUAL,100.0
GTES,Gates Corporation,Industrials,Industrial Machinery & Supplies & Components,SP600,26.5,6.71,2026-10-01,501.0,TTM-4Q,2026-06-27,,,46.5,0.78,True,11.8,18.5,1.9,13.7,8.5,5.4,6.0,0.53,7.7,10.7,39.7,1.7,2.05,-1.5,0.4,1.31,7.0,2.48,3.7,-0.27,-0.1,7.5,0.09,-0.29,63.0,40.6,1.36,-25.0,-0.13,,,33.33,25.8,,1.83,12.0,,-0.12,-0.5,0.0,0.5,0.0,False,-0.007,2026-08-06,103.1,-0.0,5.61,6.9,-0.02,0.0,2.04,2.04,3.3,79.3,-1.7,26.6,25.78,25.33,True,30.34,20.88,0.83,53.1,-3.2,False,False,,100.0
GAP,Gap Inc.,Consumer Discretionary,Apparel Retail,SP400,22.73,7.98,2026-10-01,501.0,TTM-4Q,2026-08-01,,,142.8,0.92,True,3.2,6.4,2.02,8.6,31.4,15.6,12.0,2.13,23.8,33.8,43.3,2.5,-0.45,-2.3,3.3,1.23,8.0,2.83,18.1,0.35,6.0,-9.7,-0.04,-0.29,60.0,47.1,1.06,-36.0,-0.27,,,26.51,16.6,,2.29,19.0,,-0.08,0.0,0.0,0.0,0.0,False,0.0,,66.4,0.01,13.92,3.0,0.06,3.12,7.56,10.68,1.1,40.3,-4.5,21.01,22.29,23.54,False,29.36,18.11,0.84,58.8,15.1,False,False,,100.0
MGEE,"MGE Energy, Inc.",Utilities,Electric Utilities,SP600,70.05,2.57,2026-10-01,501.0,TTM-4Q,2026-03-31,,,15.0,0.84,True,,18.0,1.91,16.7,,5.5,-5.1,-0.12,6.9,10.9,,,,-4.1,0.1,1.86,5.0,,999.0,,-5.7,1.0,-0.12,-0.29,20.0,20.7,0.27,-19.4,-0.01,,,76.8,9.6,,2.8,5.0,,-0.04,0.04,0.04,0.0,1.0,False,0.002,2026-09-09,71.2,0.03,6.36,12.6,0.6,2.66,-0.56,2.1,8.9,11.2,0.2,77.52,77.87,78.33,False,87.94,68.01,1.59,30.0,-18.9,False,False,,100.0
AFL,Aflac,Financials,Life & Health Insurance,SP500,111.18,55.74,2026-10-01,501.0,TTM-4Q,2026-06-30,2026-11-04,24.0,239.8,0.7,True,,11.5,1.84,14.7,,8.7,,0.2,,16.9,,,,,0.6,,,,25.3,0.2,6.0,6.9,0.38,-0.3,42.0,17.0,0.39,-13.7,1.36,,,118.53,6.6,,3.2,15.0,-0.4,0.19,-1.56,0.0,1.56,0.0,False,-0.003,2026-09-23,60.1,0.01,2.99,5.5,0.02,2.14,6.79,8.93,13.6,99.5,-6.1,119.05,116.24,115.04,True,130.22,105.43,1.76,29.2,-10.3,False,False,,90.0
WRLD,World Acceptance Corporation,Financials,Consumer Finance,SP600,171.63,0.8,2026-10-01,501.0,TTM-4Q,2026-06-30,,,11.4,0.99,False,,20.5,2.21,,,4.9,,-0.42,,9.9,,,,,2.5,,,,2.0,-0.43,6.6,27.4,0.33,-0.3,50.0,50.9,0.98,-37.3,-1.5,,,,,,,,,-0.87,-25.99,0.0,25.99,0.0,False,-3.248,2026-08-14,,,,,-1.8,0.0,15.2,15.2,4.3,-51.5,-13.4,185.51,168.89,160.68,True,227.68,110.0,5.44,36.8,-19.6,False,False,TIPIS;INSIDER-JUAL,90.0
BKR,Baker Hughes,Energy,Oil & Gas Equipment & Services,SP500;NDX,55.62,55.21,2026-10-01,501.0,TTM-4Q,2026-06-30,2026-10-22,15.0,493.3,0.78,True,11.6,17.8,2.77,17.9,8.6,5.6,5.7,-0.29,10.4,16.5,,2.7,0.11,-2.9,3.9,1.43,,2.09,999.0,-0.11,32.7,6.2,0.59,-0.3,63.0,33.0,0.83,-24.0,0.07,,,72.3,30.0,,1.71,23.0,31.5,-0.46,0.0,0.0,0.0,0.0,False,0.0,2026-07-01,100.0,-0.02,2.83,3.6,-0.18,1.65,0.0,1.65,0.4,1.6,,60.62,61.2,59.31,True,70.41,43.92,1.63,35.3,2.7,False,False,,100.0
NATL,NCR Atleos,Financials,Transaction & Payment Processing Services,SP600,45.03,3.33,2026-10-01,501.0,TTM-4Q,2026-06-30,,,37.8,1.08,True,,17.0,7.17,8.4,,5.9,,-1.68,,48.2,,,,,2.1,,,,2.0,0.68,17.7,5.7,0.44,-0.3,61.0,26.5,0.89,-14.9,0.43,,,50.2,11.5,,,2.0,,-0.37,0.0,0.0,0.0,0.0,False,0.0,,99.6,0.0,7.97,6.7,-0.02,0.0,0.0,0.0,3.7,70.4,1.2,46.34,45.17,43.7,True,48.5,33.31,0.59,37.8,-1.5,False,False,GOODWILL,90.0
RKLB,Rocket Lab,Industrials,Aerospace,NDX,70.46,42.16,2026-10-01,501.0,TTM-4Q,2026-06-30,,,1408.4,1.13,True,,,12.07,,-0.4,-0.4,-0.9,-1.87,-7.8,-7.9,37.3,13.2,,2.0,3.3,,5.0,36.7,-999.0,-3.0,30.5,-4.5,0.14,-0.3,44.0,91.9,2.76,-61.0,-3.0,,,,,,,,,,-0.05,0.0,0.05,0.0,False,-0.0,2026-09-02,,,,,0.07,0.0,-5.41,-5.41,52.5,,22.2,69.68,82.95,81.32,True,151.0,37.57,3.93,52.4,-31.6,False,False,DILUSI,100.0
DVN,Devon Energy,Energy,Oil & Gas Exploration & Production,SP500,47.16,51.88,2026-10-01,501.0,TTM-4Q,2026-06-30,2026-11-04,24.0,637.3,0.58,True,7.2,15.8,1.24,8.8,13.8,6.3,9.0,0.4,9.3,11.5,,4.8,1.36,-10.3,6.6,2.61,4.0,1.76,9.3,0.18,42.5,1.7,0.64,-0.3,79.0,34.7,0.09,-22.2,0.8,,,60.43,28.1,,1.31,28.0,11.3,-0.2,-0.14,0.2,0.34,1.0,False,-0.0,2026-09-14,94.8,0.02,3.02,2.9,0.07,1.0,1.48,2.48,14.6,15.2,47.8,46.88,46.29,44.54,True,52.71,31.47,1.4,47.8,13.6,False,True,ZONA-BAHAYA;DILUSI,100.0
WTFC,Wintrust Financial,Financials,Regional Banks,SP400,143.55,9.68,2026-10-01,501.0,TTM-4Q,2026-06-30,,,67.6,1.85,True,,10.8,1.29,,,9.3,,0.47,,12.2,,,,,0.1,,,,1.8,-0.18,14.0,7.0,0.42,-0.31,44.0,25.1,1.09,-19.3,0.14,,,,,,,,,-0.07,-2.2,0.0,2.2,0.0,False,-0.023,2026-08-13,,,,,0.03,1.85,0.0,1.85,14.2,21.7,0.7,153.58,150.51,149.91,True,167.22,119.61,2.93,35.3,-13.2,False,False,,90.0
KMB,Kimberly-Clark,Consumer Staples,Household Products,SP500,94.34,31.38,2026-10-01,501.0,TTM-4Q,2026-06-30,,,476.3,1.28,True,11.4,16.0,17.93,12.6,8.8,6.2,5.8,-0.04,19.9,129.4,36.8,2.9,1.72,-7.8,1.8,1.7,8.0,3.17,10.7,0.53,-10.5,11.3,0.01,-0.31,23.0,28.4,0.15,-23.3,0.55,,,116.2,23.2,,2.44,15.0,,-0.34,0.0,0.0,0.0,0.0,False,0.0,,99.2,0.0,18.03,12.3,-0.01,5.35,0.07,5.42,0.7,-19.5,0.0,105.47,102.65,102.65,False,125.32,92.42,2.19,28.1,-19.8,False,False,GOODWILL,100.0
UPBD,"Upbound Group, Inc.",Consumer Discretionary,Computer & Electronics Retail,SP600,15.68,0.91,2026-10-01,501.0,TTM-4Q,2026-06-30,,,16.1,1.29,False,4.7,10.1,1.25,,21.2,9.9,38.9,2.63,9.5,12.7,49.1,0.9,2.32,-10.8,2.3,4.71,5.0,,2.2,0.43,-16.8,7.5,-0.1,-0.31,15.0,44.7,1.24,-31.9,-0.21,,,,,,,,,-0.06,-0.14,0.05,0.19,1.0,False,-0.016,2026-08-21,,,,,0.07,9.89,0.0,9.89,5.9,-11.5,0.1,18.65,18.94,19.05,False,23.98,15.13,0.59,25.4,-23.1,False,False,TIPIS,100.0
WMG,Warner Music Group,Communication Services,Movies & Entertainment,SP400,27.05,14.15,2026-10-01,501.0,TTM-4Q,2026-06-30,,,60.6,1.43,True,12.9,21.1,16.57,,7.8,4.7,5.9,-0.19,14.1,93.1,45.8,0.9,2.89,-2.6,1.2,1.4,7.0,1.6,5.5,-0.43,-15.7,10.0,-0.08,-0.31,32.0,34.2,0.96,-30.0,0.34,,,,,,,,,0.07,0.0,0.0,0.0,0.0,False,0.0,,,,,,0.16,2.83,0.43,3.26,12.9,126.3,,27.34,28.25,28.6,False,35.42,23.34,0.87,43.4,-6.8,False,False,ZONA-BAHAYA;GOODWILL,100.0
RNST,Renasant Corp.,Financials,Regional Banks,SP600,39.28,3.59,2026-10-01,501.0,TTM-4Q,2026-06-30,,,29.0,1.12,True,,11.4,0.93,,,8.7,,0.34,,8.2,,,,,0.1,,,,999.0,-0.3,10.2,8.8,0.39,-0.31,53.0,24.5,0.94,-17.2,0.39,,,,,,,,,,-1.54,0.0,1.54,0.0,False,-0.043,2026-08-03,,,,,0.02,2.42,0.0,2.42,,96.6,-3.1,41.68,40.46,39.83,True,44.54,33.04,0.81,36.3,-10.9,False,False,,90.0
WSC,WillScot Holdings Corp.,Industrials,Office Services & Supplies,SP600,17.22,3.12,2026-10-01,501.0,TTM-4Q,2026-06-30,,,53.7,0.84,True,27.0,,3.43,,3.7,-2.2,21.8,0.35,2.6,-7.1,50.5,2.2,14.21,-12.9,3.3,,5.0,0.65,999.0,-0.31,-5.8,12.1,0.06,-0.31,12.0,51.1,1.96,-40.7,-1.49,,,,,,,,,-1.43,0.0,0.0,0.0,0.0,False,0.0,,,,,,0.07,1.63,1.07,2.71,-2.5,-162.8,-0.9,21.39,22.65,22.21,False,29.77,14.91,0.74,27.0,-37.0,False,False,ZONA-BAHAYA;GOODWILL,100.0
PLMR,"Palomar Holdings, Inc.",Financials,Property & Casualty Insurance,SP600,125.93,3.31,2026-10-01,501.0,TTM-4Q,2026-06-30,,,31.2,1.08,True,,16.3,3.38,,,6.1,,-0.47,,22.2,,,,,0.9,,,,32.6,0.53,13.3,13.4,0.38,-0.32,42.0,35.6,0.21,-26.1,0.3,,,,,,,,,2.2,-8.37,0.0,8.37,1.0,False,-0.252,2026-09-21,,,,,-0.15,0.0,3.06,3.06,60.0,31.1,-2.1,132.27,125.12,125.96,True,147.62,100.81,4.02,41.1,-12.3,False,False,,90.0
CDE,Coeur Mining,Materials,Gold,SP400,17.56,18.05,2026-10-01,501.0,TTM-4Q,2026-06-30,2026-10-28,19.0,671.9,0.86,True,10.8,21.2,1.73,8.6,9.3,4.7,6.4,0.52,12.9,12.8,,55.2,-0.67,-6.4,8.1,1.72,8.0,2.61,999.0,0.11,7.8,5.8,0.09,-0.32,40.0,75.4,1.79,-47.8,-2.03,,,23.95,36.4,,1.73,11.0,-54.1,1.38,-0.64,0.0,0.64,0.0,False,-0.004,2026-09-08,82.5,0.02,5.01,1.4,0.11,0.0,-0.01,-0.01,117.3,346.0,60.9,18.87,18.58,19.27,True,27.77,13.55,0.94,38.2,-1.0,False,False,DILUSI,100.0
ATR,AptarGroup,Materials,"Metal, Glass & Plastic Containers",SP400,120.87,7.69,2026-10-01,501.0,TTM-4Q,2026-06-30,2026-10-29,20.0,55.2,0.87,True,11.3,21.2,2.92,19.1,8.9,4.7,4.0,0.06,9.8,13.6,,0.8,1.49,-4.4,1.1,1.61,5.0,3.84,7.5,0.38,-0.6,4.1,0.07,-0.32,36.0,24.6,0.55,-22.9,1.09,,,170.14,40.8,,,7.0,4.8,0.02,-3.61,0.0,3.61,0.0,False,-0.047,2026-09-02,98.5,0.0,3.47,5.0,-0.13,1.6,4.75,6.35,8.9,-7.4,-4.2,129.93,126.15,126.8,True,146.91,103.23,2.35,32.1,-7.2,False,False,,100.0
ARES,Ares Management,Financials,Asset Management & Custody Banks,SP500,116.57,26.51,2026-10-01,501.0,TTM-4Q,2026-06-30,2026-11-02,22.0,290.8,1.03,True,,41.7,6.68,16.2,,2.4,,-1.31,,15.3,,,,,0.5,,,,999.0,-0.05,-10.4,32.8,0.25,-0.32,30.0,44.2,1.75,-45.5,-2.27,,,147.89,26.9,,2.0,19.0,1.4,0.55,0.0,0.0,0.0,0.0,False,0.0,,93.5,0.0,14.99,8.7,0.0,0.35,0.0,0.35,28.5,32.6,,133.31,122.62,130.14,False,181.19,95.8,4.5,30.9,-2.8,False,False,,90.0
ADUS,Addus HomeCare Corp.,Health Care,Health Care Services,SP600,111.7,2.09,2026-10-01,501.0,TTM-4Q,2026-06-30,2026-11-02,22.0,25.1,0.94,True,12.4,19.8,1.82,14.9,8.1,5.0,7.4,0.7,9.2,9.7,32.4,0.5,-0.23,-4.0,0.8,1.54,5.0,6.01,14.9,-0.41,-2.9,22.1,0.33,-0.32,59.0,29.3,0.28,-27.9,0.94,,,133.54,19.6,,1.71,13.0,1.9,-0.23,0.0,0.0,0.0,0.0,False,0.0,,108.1,0.05,5.68,4.6,0.08,0.0,0.0,0.0,15.9,26.9,0.8,116.83,104.32,105.66,True,124.44,87.95,2.95,39.0,3.5,False,False,,100.0
CDW,CDW Corporation,Information Technology,Technology Distributors,SP500,135.83,16.98,2026-10-01,501.0,TTM-4Q,2026-06-30,2026-11-03,23.0,222.1,1.08,True,11.4,15.7,6.95,11.3,8.8,6.4,5.1,0.62,15.3,44.0,21.4,1.8,2.76,0.6,0.7,0.91,4.0,2.35,999.0,-1.0,-3.7,25.1,0.23,-0.32,49.0,47.2,0.92,-37.1,0.73,,,158.67,16.8,,1.8,9.0,4.0,-0.55,-3.67,0.0,3.67,0.0,False,-0.022,2026-08-07,113.2,0.14,8.8,5.6,0.27,1.91,4.99,6.9,7.4,0.3,-3.8,142.35,131.41,131.69,True,162.47,97.12,6.03,43.8,-0.7,False,False,GOODWILL,100.0
TREX,Trex,Industrials,Building Products,SP400,43.5,4.43,2026-10-01,501.0,TTM-4Q,2026-06-30,,,71.0,1.24,True,14.1,25.0,4.39,,7.1,4.0,4.7,-0.03,17.6,17.4,38.2,2.4,-0.02,-11.4,3.7,2.02,5.0,7.22,999.0,1.19,-16.1,18.5,0.02,-0.33,49.0,53.4,1.34,-43.8,-1.03,,,,,,,,,-0.31,-0.05,0.0,0.05,0.0,False,-0.001,2026-08-07,,,,,0.07,0.0,4.6,4.6,7.0,-10.8,-4.6,45.48,42.66,42.05,True,54.3,29.77,1.54,44.6,-12.5,False,False,,100.0
BFS,"Saul Centers, Inc.",Real Estate,Retail REITs,SP600,29.98,0.74,2026-10-01,501.0,TTM-4Q,2026-06-30,2026-11-05,25.0,4.5,1.05,False,8.8,21.3,2.5,,11.3,4.7,,0.61,7.8,11.3,,0.4,6.04,-3.2,0.4,2.95,4.0,,2.6,0.26,10.4,3.3,0.36,-0.33,28.0,19.1,0.41,-20.1,0.53,,,43.0,43.4,,,2.0,100.0,0.56,0.0,0.0,0.0,0.0,False,0.0,,48.7,0.03,0.07,0.1,0.26,7.75,-0.66,7.08,8.7,-19.1,0.9,32.82,34.15,33.77,True,38.42,29.16,0.69,23.9,-22.3,False,False,TIPIS,100.0
SYF,Synchrony Financial,Financials,Consumer Finance,SP500,71.51,23.27,2026-10-01,501.0,TTM-4Q,2026-06-30,,,216.1,0.99,True,,6.6,1.38,,,15.1,,1.18,,20.8,,,,,0.8,,,,999.0,0.13,9.6,13.1,0.35,-0.33,38.0,32.0,1.49,-27.6,-0.84,,,,,,,,,,0.0,0.0,0.0,0.0,False,0.0,2026-08-13,,,,,0.05,1.81,15.52,17.32,,7.0,-11.9,76.71,73.5,74.72,False,88.77,63.08,1.96,37.8,-8.7,False,False,,90.0
ZWS,Zurn Elkay Water Solutions Corp.,Industrials,Industrial Machinery & Supplies & Components,SP600,47.2,7.88,2026-10-01,501.0,TTM-4Q,2026-03-31,,,41.3,0.85,True,21.1,36.9,4.9,,4.7,2.7,,-0.65,10.9,13.5,45.4,3.3,0.59,-5.2,1.5,1.64,8.0,5.07,10.8,0.36,0.1,3.9,0.07,-0.33,46.0,27.4,0.71,-17.0,1.11,,,,,,,,,0.0,-1.23,0.1,1.33,1.0,False,-0.016,2026-08-19,,,,,0.06,0.85,1.68,2.53,10.0,25.8,-1.5,48.52,48.28,48.29,False,55.0,43.06,0.95,50.6,-6.4,False,False,,100.0
WMB,Williams Companies,Energy,Oil & Gas Storage & Transportation,SP500,69.22,84.67,2026-10-01,501.0,TTM-4Q,2026-06-30,,,533.5,0.96,True,16.5,27.6,6.42,,6.1,3.6,-0.1,-0.94,8.0,24.0,,1.3,4.37,-5.0,1.0,1.95,7.0,1.24,3.1,-0.36,21.5,5.5,0.56,-0.33,55.0,24.2,0.26,-13.1,1.29,,,,,,,,,-0.3,-0.97,0.0,0.97,0.0,False,-0.001,2026-09-01,,,,,0.15,2.96,-0.01,2.94,8.7,26.5,0.1,72.2,73.26,71.11,True,80.08,56.19,1.76,39.3,-7.7,False,False,ZONA-BAHAYA,100.0
GWRE,Guidewire Software,Information Technology,Application Software,SP400,155.32,12.74,2026-10-01,501.0,TTM-4Q,2026-07-31,,,251.9,0.95,True,71.4,91.4,10.67,29.1,1.4,1.1,3.0,-0.46,6.2,10.5,64.2,6.9,-0.18,-9.5,4.9,2.8,7.0,5.98,11.2,-0.15,-12.5,35.3,0.19,-0.33,37.0,60.5,0.87,-59.6,-0.23,,,213.29,37.3,,1.69,14.0,,0.19,-5.73,0.0,5.73,0.0,False,-0.045,2026-09-21,105.2,0.0,4.35,2.0,-0.02,0.0,4.76,4.76,22.7,99.5,-0.6,164.6,147.72,151.4,False,255.89,102.3,8.3,49.6,12.6,False,False,,90.0
MPWR,Monolithic Power Systems,Information Technology,Semiconductors,SP500;NDX,1360.97,66.88,2026-10-01,501.0,TTM-4Q,2026-06-30,,,911.4,0.68,True,65.4,83.4,17.17,39.0,1.5,1.2,0.9,-0.63,21.6,22.6,55.2,1.2,-1.41,-0.5,14.0,1.03,4.0,53.47,999.0,0.21,33.9,9.7,0.4,-0.33,85.0,54.6,1.95,-32.3,-0.03,,,1839.8,35.2,,,15.0,,0.27,-0.33,0.0,0.33,0.0,False,-0.0,2026-08-24,100.7,0.02,5.22,3.1,0.18,0.49,0.0,0.49,28.7,-52.0,2.6,1303.68,1353.47,1280.86,True,1714.09,833.18,51.61,59.0,3.0,False,False,RESTATEMENT,100.0
CTVA,Corteva,Materials,Fertilizers & Agricultural Chemicals,SP500,12.57,8.39,2026-10-01,501.0,TTM-4Q,2026-06-30,2026-11-03,23.0,411.0,18.47,True,3.9,8.3,0.33,3.0,25.9,12.0,7.5,3.0,3.7,4.0,49.5,2.5,0.89,-0.5,0.8,1.2,6.0,1.06,999.0,0.22,30.9,5.1,0.1,-0.33,1.0,184.2,0.6,-86.1,-2.33,,,92.6,636.7,,1.76,20.0,2.9,-0.2,0.0,0.0,0.0,0.0,False,0.0,,92.1,0.01,3.53,4.3,0.13,5.77,12.53,18.3,3.7,-28.0,-1.9,80.4,80.77,78.42,True,90.97,11.84,6.79,5.8,-85.7,False,False,ZONA-BAHAYA,100.0
CPT,Camden Property Trust,Real Estate,Multi-Family Residential REITs,SP500,96.62,9.71,2026-10-01,501.0,TTM-4Q,2026-06-30,2026-11-05,25.0,121.0,1.16,True,13.7,29.8,2.55,88.6,7.3,3.4,,-0.2,4.2,7.8,,4336.8,4.89,-5.2,1.8,2.48,,,3.3,-1.53,2.3,8.8,0.28,-0.33,26.0,19.5,0.48,-17.2,0.51,,,115.42,19.5,,2.58,22.0,-34.0,1.94,0.0,0.0,0.0,0.0,False,0.0,,105.6,-0.13,4.33,4.8,-1.11,4.72,7.24,11.96,56.8,109.1,-6.4,106.14,106.48,106.95,False,119.81,95.63,1.71,25.1,-19.7,False,False,,100.0
CAG,Conagra Brands,Consumer Staples,Packaged Foods & Meats,SP600,13.2,6.32,2026-10-01,501.0,TTM-4Q,2026-05-31,2026-09-30,-1.0,198.0,2.14,True,,,0.99,8.5,-9.2,-30.3,15.5,-1.85,-8.4,-25.1,23.9,1.4,,-17.4,5.6,,4.0,1.01,-999.0,-0.35,-5.1,7.6,0.04,-0.33,19.0,31.0,-0.01,-35.6,0.25,,,14.41,9.2,,3.29,16.0,2.8,-0.89,0.51,0.51,0.0,1.0,False,0.008,2026-07-17,90.6,-0.03,10.84,3.9,-0.12,10.6,0.24,10.84,-2.9,-266.3,-0.1,15.19,14.84,15.62,False,20.32,12.53,0.45,21.2,-10.3,False,False,ZONA-BAHAYA;DISTRES;GOODWILL,100.0
APOG,"Apogee Enterprises, Inc.",Industrials,Building Products,SP600,35.71,0.75,2026-10-01,501.0,TTM-4Q,2026-05-30,2026-10-06,3.0,9.8,1.05,False,6.5,10.9,1.46,9.0,15.3,9.2,16.5,2.6,9.4,13.8,22.8,2.1,1.44,-7.2,4.2,2.19,6.0,3.0,7.4,-0.21,-11.2,13.0,0.02,-0.34,32.0,40.6,0.79,-27.6,0.35,,,44.0,23.2,,1.0,2.0,39.0,-0.09,0.0,0.0,0.0,0.0,False,0.0,,97.0,0.02,5.47,4.5,0.03,3.0,3.31,6.3,1.8,33.1,-0.1,39.67,37.91,38.08,True,50.88,30.75,1.09,36.4,-14.2,False,False,TIPIS;EARNINGS-DEKAT,100.0
UCB,"United Community Banks, Inc.",Financials,Regional Banks,SP600,33.77,4.07,2026-10-01,501.0,TTM-4Q,2026-06-30,,,29.9,1.32,True,,10.8,1.09,,,9.3,,0.78,,10.3,,,,,0.2,,,,999.0,-0.25,11.4,7.5,0.38,-0.34,55.0,24.6,0.94,-17.9,0.36,,,,,,,,,-0.02,-0.81,0.07,0.89,1.0,False,-0.02,2026-08-10,,,,,0.03,2.98,1.66,4.64,13.8,38.3,-0.8,35.2,33.85,33.8,True,37.18,28.65,0.7,40.0,-7.2,False,False,,90.0
SBCF,Seacoast Banking Corporation of Florida,Financials,Regional Banks,SP600,32.16,3.11,2026-10-01,501.0,TTM-4Q,2026-06-30,,,27.9,1.28,True,,19.2,1.14,,,5.2,,-0.32,,6.5,,,,,0.2,,,,999.0,-0.41,10.6,8.7,0.38,-0.34,52.0,25.7,0.88,-16.3,0.43,,,,,,,,,,-0.51,0.0,0.51,0.0,False,-0.016,2026-09-16,,,,,0.04,0.0,1.07,1.07,,16.8,13.8,34.12,32.24,32.46,True,36.27,28.58,0.71,36.2,-5.8,False,False,DILUSI,90.0
JKHY,Jack Henry & Associates,Financials,Transaction & Payment Processing Services,SP500,143.84,10.08,2026-10-01,501.0,TTM-4Q,2026-06-30,,,163.1,1.01,True,,20.1,4.91,18.3,,5.0,,-0.84,,24.0,,,,,1.0,,,,999.0,1.88,14.2,8.5,0.39,-0.34,31.0,29.2,0.08,-35.4,0.35,,,190.24,32.3,,1.79,17.0,,-0.47,0.0,0.0,0.0,0.0,False,0.0,,102.6,-0.01,7.0,4.2,-0.07,1.69,4.33,6.02,7.1,10.3,-1.4,157.49,151.22,157.88,False,193.39,121.04,4.46,32.4,-4.5,False,False,,90.0
HOMB,Home BancShares,Financials,Regional Banks,SP400,28.56,5.71,2026-10-01,501.0,TTM-4Q,2026-06-30,,,45.5,1.06,True,,11.9,1.26,11.0,,8.4,,0.17,,11.1,,,,,0.2,,,,999.0,-0.13,6.0,8.7,0.35,-0.34,54.0,20.9,0.63,-14.8,0.93,,,33.25,16.4,,2.3,8.0,,,-0.84,0.0,0.84,0.0,False,-0.015,2026-08-11,79.1,0.02,6.95,7.3,0.09,2.87,1.39,4.27,,10.4,1.8,30.16,28.33,28.46,True,31.7,25.5,0.5,36.8,-2.9,False,False,,90.0
MKC,McCormick & Company,Consumer Staples,Packaged Foods & Meats,SP500,44.14,11.88,2026-10-01,501.0,TTM-4Q,2026-05-31,,,181.2,2.66,True,12.1,7.3,1.7,13.4,8.3,13.6,8.6,0.92,7.5,25.7,38.6,1.2,3.38,2.6,0.4,0.76,8.0,1.82,5.3,-1.0,-16.3,14.2,-0.03,-0.34,11.0,30.5,0.37,-37.3,-0.16,,,60.08,36.1,,2.27,13.0,,0.58,-10.77,0.06,10.83,1.0,False,-0.091,2026-08-10,96.6,-0.0,,0.0,-0.36,4.2,0.16,4.36,9.5,108.7,-0.1,51.79,51.78,55.63,False,72.41,43.94,1.45,21.1,-19.5,False,False,INSIDER-JUAL,100.0
LZB,"La-Z-Boy, Inc.",Consumer Discretionary,Home Furnishings,SP600,29.44,1.18,2026-10-01,501.0,TTM-4Q,2026-07-25,,,24.5,0.96,True,5.9,14.5,1.16,10.5,16.9,6.9,8.7,0.77,7.6,8.0,44.4,2.5,-1.74,-5.2,1.3,2.25,6.0,2.54,169.3,0.18,-7.0,-1.2,-0.1,-0.34,14.0,42.4,0.8,-29.6,0.36,,,41.0,39.3,,,2.0,,-0.45,-0.8,0.0,0.8,0.0,False,-0.068,2026-09-10,104.1,0.0,5.87,2.2,0.01,3.27,5.08,8.35,0.2,-11.0,-3.5,34.89,35.64,36.21,False,44.9,28.79,0.93,30.8,-28.1,False,False,,100.0
CARG,CarGurus,Communication Services,Interactive Media & Services,SP600,29.73,2.71,2026-10-01,501.0,TTM-4Q,2026-06-30,2026-11-05,25.0,41.6,1.77,True,8.6,15.4,10.24,9.8,11.6,6.5,11.6,0.17,60.9,50.3,92.3,20.5,-0.41,-22.3,7.0,1.81,8.0,9.83,999.0,1.7,-6.6,3.6,-0.04,-0.34,14.0,39.5,1.02,-30.9,0.14,,,42.0,41.3,,1.93,12.0,7.6,0.04,-0.36,0.0,0.36,0.0,False,-0.013,2026-09-15,108.8,0.02,17.04,8.9,0.15,0.0,13.64,13.64,13.9,35.6,-9.1,34.85,33.61,33.67,False,41.22,26.39,1.3,29.6,-20.0,False,False,,100.0
TTWO,Take-Two Interactive,Communication Services,Interactive Home Entertainment,SP500;NDX,203.62,38.07,2026-10-01,501.0,TTM-4Q,2026-06-30,,,525.4,1.06,True,1107.6,,10.55,,0.1,-0.8,0.9,-0.75,-2.0,-9.0,56.0,6.7,19.8,-8.8,17.3,,6.0,3.75,-1.1,-1.56,-16.1,9.3,-0.1,-0.34,17.0,32.9,0.9,-27.7,0.47,,,,,,,,,,-10.19,0.0,10.19,0.0,False,-0.027,2026-09-15,,,,,-0.12,0.0,-0.16,-0.16,15.3,,3.0,226.76,222.71,224.78,False,265.94,187.63,6.77,37.9,-22.2,False,False,INSIDER-JUAL,100.0
SLGN,Silgan Holdings,Materials,"Metal, Glass & Plastic Containers",SP400,34.77,3.67,2026-10-01,501.0,TTM-4Q,2026-06-30,,,52.5,1.02,True,11.3,13.6,1.54,,8.9,7.4,9.3,0.94,3.7,11.7,17.1,0.6,6.2,-3.9,0.7,2.37,6.0,1.76,999.0,-0.76,-1.7,5.1,0.05,-0.35,14.0,33.9,0.67,-27.8,0.63,,,,,,,,,-0.05,0.0,0.0,0.0,0.0,False,0.0,,,,,,0.07,2.38,2.06,4.45,8.4,-10.5,-1.4,40.47,41.0,41.75,False,49.55,33.92,1.05,24.7,-26.9,False,False,ZONA-BAHAYA;GOODWILL,100.0
BOH,Bank of Hawaii,Financials,Regional Banks,SP600,68.72,2.71,2026-10-01,501.0,TTM-4Q,2026-06-30,2026-10-26,17.0,32.1,1.43,True,,11.5,1.45,10.3,,8.7,,0.38,,13.0,,,,,0.2,,,,999.0,-0.21,18.9,2.2,0.45,-0.35,33.0,23.6,0.68,-19.2,0.6,,,86.33,25.6,,3.0,6.0,0.6,-0.08,-0.36,0.0,0.36,0.0,False,-0.013,2026-08-04,85.9,0.02,0.01,0.0,0.11,4.16,1.18,5.34,,37.6,-0.4,76.73,77.6,76.58,True,86.31,59.36,1.51,22.9,-19.0,False,False,,90.0
EME,Emcor,Industrials,Construction & Engineering,SP500,769.03,33.92,2026-10-01,501.0,TTM-4Q,2026-06-30,2026-10-29,20.0,267.4,0.9,True,15.5,23.6,8.32,20.9,6.5,4.2,3.5,-0.26,38.6,40.4,19.4,2.0,-0.43,1.6,3.2,0.9,7.0,6.9,999.0,1.09,13.4,-3.1,0.11,-0.35,64.0,45.1,1.28,-28.7,-0.28,,,1033.29,34.4,,,7.0,25.3,0.52,0.0,0.0,0.0,0.0,False,0.0,,96.1,0.01,2.15,2.8,0.01,0.17,1.25,1.42,18.9,30.2,-1.0,771.57,795.62,771.9,True,951.96,564.92,22.77,52.9,-3.2,False,False,,100.0
TDC,Teradata,Information Technology,IT Consulting & Other Services,SP600,29.92,2.78,2026-10-01,501.0,TTM-4Q,2026-06-30,,,45.9,1.02,True,10.7,6.1,4.69,,9.4,16.5,26.5,3.0,15.9,119.1,60.8,0.8,-1.86,-17.8,2.3,1.66,7.0,1.42,5.1,0.77,33.2,13.5,0.36,-0.35,59.0,64.3,0.7,-35.2,0.58,,,,,,,,,-0.36,0.0,0.0,0.0,0.0,False,0.0,2026-09-15,,,,,0.15,0.0,5.1,5.1,1.0,316.4,0.2,28.63,29.6,29.77,False,41.78,20.33,0.99,58.7,-15.6,False,False,ZONA-BAHAYA,100.0
WGO,"Winnebago Industries, Inc.",Consumer Discretionary,Automobile Manufacturers,SP600,26.37,0.75,2026-10-01,501.0,TTM-4Q,2026-05-30,,,16.5,1.39,False,8.8,19.4,0.6,,11.4,5.2,24.2,1.59,3.4,3.1,13.0,2.1,2.99,-8.1,6.9,5.39,7.0,3.47,3.0,-0.85,-9.6,-0.7,-0.1,-0.35,14.0,49.1,1.08,-45.2,-0.67,,,,,,,,,,0.0,0.0,0.0,0.0,False,0.0,2026-08-19,,,,,0.08,5.33,0.24,5.57,3.4,,0.0,29.94,30.94,34.4,False,50.16,25.69,0.95,35.5,-17.5,False,False,TIPIS,100.0
SMG,Scotts Miracle-Gro Company,Materials,Fertilizers & Agricultural Chemicals,SP400,50.02,2.91,2026-10-01,501.0,TTM-4Q,2026-06-27,,,58.3,1.15,True,11.2,39.4,,,8.9,2.5,9.0,0.44,12.7,,31.8,4.6,4.69,-9.4,8.6,5.0,7.0,2.28,3.4,1.12,8.5,-1.0,0.1,-0.35,15.0,37.0,0.54,-33.3,0.52,,,,,,,,,-0.11,-2.15,0.0,2.15,0.0,False,-0.074,2026-08-10,,,,,-0.33,5.3,0.42,5.72,4.6,39.2,1.0,59.63,62.11,62.4,False,75.34,47.9,1.86,30.2,-29.2,False,False,GOODWILL,100.0
MCO,Moody's Corporation,Financials,Financial Exchanges & Data,SP500,447.36,77.48,2026-10-01,501.0,TTM-4Q,2026-06-30,,,359.4,2.2,True,,27.7,25.61,23.6,,3.6,,-1.27,,80.2,,,,,2.6,,,,999.0,3.0,4.7,13.3,0.32,-0.35,32.0,28.0,1.12,-23.6,-0.17,,,561.9,25.6,,1.71,21.0,,-0.15,0.0,0.0,0.0,0.0,False,0.0,2026-09-01,78.9,0.0,1.91,4.2,-0.01,0.9,4.02,4.92,11.7,31.1,-3.2,481.59,463.98,471.48,False,546.88,402.28,11.01,32.5,-11.1,False,False,GOODWILL,90.0
AA,Alcoa,Materials,Aluminum,SP400,42.06,11.1,2026-10-01,501.0,TTM-4Q,2026-06-30,2026-10-15,10.0,173.5,1.32,True,6.0,8.7,1.51,7.4,16.6,11.5,3.2,0.99,14.5,18.9,,,0.44,1.4,4.0,0.82,5.0,1.96,11.1,0.21,56.0,-29.1,0.24,-0.35,21.0,55.8,1.59,-49.8,-1.48,,,63.06,49.9,,1.85,12.0,-3.2,-0.19,-1.35,0.0,1.35,0.0,False,-0.012,2026-08-31,85.9,0.02,4.55,3.1,0.06,0.95,0.0,0.95,6.5,27.2,2.3,47.65,57.77,58.02,True,84.38,32.85,1.65,30.7,-15.8,False,False,,100.0
NOW,ServiceNow,Information Technology,Systems Software,SP500,137.76,142.44,2026-10-01,501.0,TTM-4Q,2026-06-30,,,1684.9,0.82,True,52.8,85.3,11.38,27.5,1.9,1.2,3.2,-0.41,7.7,14.2,74.8,0.8,1.04,-13.5,3.4,3.18,5.0,5.23,999.0,0.51,-22.4,37.4,0.13,-0.36,68.0,57.8,1.42,-56.1,-0.47,,,144.99,5.3,,1.43,46.0,,0.1,-0.67,0.0,0.67,0.0,False,-0.0,2026-08-31,84.8,0.01,2.79,1.7,0.16,0.0,2.39,2.39,22.2,0.5,-1.2,128.34,111.41,115.86,False,192.97,81.24,6.03,54.3,26.3,False,False,,100.0
LCII,LCI Industries,Consumer Discretionary,Automotive Parts & Equipment,SP600,82.11,2.0,2026-10-01,501.0,TTM-4Q,2026-06-30,,,29.5,1.08,True,6.2,9.4,1.39,8.7,16.1,10.6,14.4,1.11,9.7,15.0,25.7,1.4,1.5,-4.2,3.6,1.64,7.0,3.1,999.0,-0.49,12.7,-16.2,-0.05,-0.36,10.0,36.6,0.86,-46.1,-0.05,,,127.7,55.5,,,10.0,,0.12,0.0,0.0,0.0,0.0,False,0.0,,111.5,0.02,12.25,7.4,0.08,5.59,3.12,8.7,4.1,38.8,-3.0,98.49,107.98,115.6,False,159.66,81.67,2.87,27.4,-22.6,False,False,,100.0
APG,APi Group,Industrials,Construction & Engineering,SP400,40.01,17.29,2026-10-01,501.0,TTM-4Q,2026-06-30,2026-10-29,20.0,143.3,0.93,True,21.1,50.0,4.92,20.1,4.7,2.0,3.9,-0.57,6.9,10.3,31.4,2.9,2.83,-4.7,1.0,2.26,6.0,2.88,999.0,-0.48,13.8,-5.8,0.13,-0.36,50.0,30.0,1.03,-25.6,0.46,,,52.36,30.9,,1.3,11.0,1.3,0.15,0.0,0.0,0.0,0.0,False,0.0,2026-08-04,86.8,0.01,2.98,3.3,0.01,0.0,0.38,0.38,14.1,39.5,2.2,39.92,41.84,41.87,False,49.99,33.52,1.14,59.5,-7.1,False,False,GOODWILL,100.0
SFBS,"ServisFirst Bancshares, Inc.",Financials,Regional Banks,SP600,39.75,2.17,2026-10-01,501.0,TTM-4Q,2026-06-30,,,29.2,0.89,True,,6.8,1.1,,,14.8,,1.45,,17.3,,,,,0.1,,,,999.0,0.03,5.1,14.1,0.32,-0.36,51.0,30.3,0.88,-17.8,0.17,,,,,,,,,,-1.03,0.0,1.03,0.0,False,-0.047,2026-07-31,,,,,0.01,0.0,0.0,0.0,,28.4,0.1,43.14,40.75,40.53,True,46.04,33.6,1.01,29.9,-10.5,False,False,,90.0
CYTK,Cytokinetics,Health Care,Biotechnology,SP400,65.62,9.12,2026-10-01,501.0,TTM-4Q,2026-06-30,2026-11-05,25.0,141.2,0.84,True,,,,,-8.4,-9.8,-6.4,-2.36,-326.1,,,,,-21.5,9.8,,2.0,-0.76,-999.0,,29.9,7.2,0.43,-0.36,35.0,43.1,0.88,-25.9,0.09,,,109.9,67.5,,1.5,20.0,6.3,-0.75,0.0,0.0,0.0,0.0,False,0.0,2026-09-22,125.9,-0.0,19.2,9.9,0.04,0.0,0.0,0.0,-21.1,,10.6,73.95,72.17,70.13,True,88.31,53.61,2.31,33.4,-26.0,False,False,ZONA-BAHAYA;DISTRES;F-RENDAH;DILUSI,100.0
CUBI,"Customers Bancorp, Inc.",Financials,Regional Banks,SP600,74.03,2.5,2026-10-01,501.0,TTM-4Q,2026-06-30,2026-10-22,15.0,23.0,2.07,True,,8.6,1.13,7.8,,11.7,,1.03,,14.3,,,,,0.3,,,,999.0,-0.17,16.9,7.7,0.39,-0.36,51.0,31.4,1.29,-20.3,-0.36,,,94.09,27.1,,2.3,11.0,3.0,0.99,-8.81,0.0,8.81,0.0,False,-0.352,2026-08-13,101.5,0.02,10.91,11.0,-0.17,0.0,-4.64,-4.64,33.3,97.6,7.8,79.04,75.69,75.68,True,84.38,59.34,1.78,31.9,-7.1,False,False,DILUSI,90.0
EMN,Eastman Chemical Company,Materials,Specialty Chemicals,SP600,64.05,7.33,2026-10-01,501.0,TTM-4Q,2026-06-30,2026-11-02,22.0,81.1,1.57,True,11.2,16.6,1.2,9.3,9.0,6.0,7.4,0.77,4.0,7.4,19.9,1.6,4.27,-3.6,1.1,2.24,4.0,2.2,999.0,-0.64,15.3,-6.4,0.14,-0.37,39.0,32.6,1.01,-18.7,0.58,,,81.6,27.4,,2.06,15.0,8.2,-0.34,-0.23,0.0,0.23,0.0,False,-0.003,2026-08-04,95.4,0.01,6.75,6.0,0.11,5.21,0.0,5.21,-4.5,-46.9,-0.8,70.05,71.28,71.1,True,83.47,56.11,1.69,33.6,-9.3,False,False,,100.0
AIN,Albany International Corp.,Industrials,Industrial Machinery & Supplies & Components,SP600,59.05,1.68,2026-10-01,501.0,TTM-4Q,2026-06-30,2026-11-04,24.0,15.0,0.74,True,41.1,,2.25,18.6,2.4,-3.1,3.5,-1.1,-1.8,-6.3,21.1,7.0,7.48,-10.0,4.0,,4.0,2.89,-999.0,-1.64,4.0,1.6,0.07,-0.37,47.0,40.6,1.16,-31.5,-0.14,,,65.67,11.2,,,3.0,11.6,-0.98,0.0,0.0,0.0,0.0,False,0.0,,107.3,0.05,5.16,4.0,0.09,1.89,3.91,5.8,3.2,-182.2,-5.0,62.81,62.56,60.82,True,77.0,41.15,1.87,42.2,-21.6,False,False,,100.0
VYX,NCR Voyix,Information Technology,IT Consulting & Other Services,SP600,6.84,0.94,2026-10-01,501.0,TTM-4Q,2026-06-30,,,23.6,0.85,False,7.4,12.4,1.02,,13.6,8.0,-3.0,1.11,1.1,8.5,,,3.51,-1.5,8.7,1.75,6.0,1.11,0.4,-1.31,-30.4,40.3,0.09,-0.37,9.0,56.3,1.48,-51.8,-0.34,,,,,,,,,-0.86,-0.1,0.0,0.1,0.0,False,-0.011,2026-08-13,,,,,0.11,0.0,2.65,2.65,-4.8,-92.8,-0.1,8.01,7.47,8.11,False,13.02,6.02,0.45,39.1,-23.4,False,False,TIPIS;ZONA-BAHAYA;DISTRES;GOODWILL,100.0
NVST,Envista Holdings,Health Care,Health Care Supplies,SP400,23.16,3.72,2026-10-01,501.0,TTM-4Q,2026-07-03,,,75.5,0.83,True,10.4,39.2,1.21,13.9,9.6,2.6,6.7,0.84,3.9,3.1,55.2,1.1,0.8,-3.7,8.6,3.19,7.0,1.72,999.0,-0.13,30.8,2.9,0.45,-0.37,35.0,37.4,0.95,-26.0,0.18,,,30.0,29.5,,2.07,13.0,,0.06,0.0,0.0,0.0,0.0,False,0.0,2026-08-20,120.8,0.0,7.14,4.4,0.05,0.0,4.55,4.55,11.9,76.6,-3.4,26.43,25.93,25.66,True,30.42,18.77,0.74,31.5,-18.3,False,False,ZONA-BAHAYA,100.0
CNXC,Concentrix,Industrials,Data Processing & Outsourced Services,SP600,27.01,1.65,2026-10-01,501.0,TTM-4Q,2026-05-31,2026-09-29,-2.0,60.6,1.03,True,,,0.61,2.3,-6.9,-79.8,31.2,-1.11,-10.2,-37.7,34.0,0.4,,-18.0,7.0,,5.0,0.79,-999.0,-0.29,-26.7,25.2,-0.01,-0.37,31.0,69.5,1.38,-55.2,-1.84,,,36.25,34.2,,,4.0,-0.3,-2.59,0.02,0.02,0.0,1.0,False,0.001,2026-07-08,115.3,-0.02,16.55,6.6,-0.05,5.54,8.54,14.08,3.9,-637.3,-4.0,26.93,26.88,29.86,False,49.37,19.12,2.29,47.8,11.6,False,False,ZONA-BAHAYA;DISTRES;GOODWILL,100.0
MRP,"Millrose Properties, Inc.",Real Estate,Single-Family Residential REITs,SP600,25.2,4.18,2026-10-01,416.0,TTM-4Q,2026-06-30,,,57.2,1.89,True,,8.8,0.72,7.8,,11.4,,1.69,8.2,8.1,,,,-37.0,,7.87,,,4.1,,0.7,13.1,0.25,-0.37,22.0,27.9,0.55,-21.3,-0.24,,,37.17,47.5,,1.17,6.0,,,0.12,0.12,0.0,2.0,True,0.003,2026-08-10,93.8,0.0,5.89,7.6,1.01,11.62,0.0,11.62,,1961.5,0.0,29.22,29.08,29.42,False,34.03,24.92,0.8,22.2,-17.5,False,False,,100.0
BCO,Brink's,Industrials,Security & Alarm Services,SP400,99.97,4.12,2026-10-01,501.0,TTM-4Q,2026-06-30,2026-11-04,24.0,48.1,0.9,True,7.5,22.8,13.26,9.7,13.4,4.4,9.6,1.13,8.1,64.0,26.4,1.1,2.89,-5.3,0.6,3.1,9.0,1.63,2.3,-0.35,-5.0,6.9,0.03,-0.37,31.0,33.5,0.71,-31.9,0.49,,,146.33,46.4,,1.0,3.0,4.4,-0.17,0.0,0.0,0.0,0.0,False,0.0,,113.9,0.05,20.51,14.0,0.09,1.02,2.66,3.69,8.1,11.2,-2.1,110.9,107.74,112.0,False,136.37,91.05,3.48,32.7,-4.0,False,False,ZONA-BAHAYA;GOODWILL;SHORT-TINGGI,100.0
SWKS,Skyworks Solutions,Information Technology,Semiconductors,SP500,83.16,12.51,2026-10-01,501.0,TTM-4Q,2026-07-03,,,619.0,0.69,True,15.9,43.1,2.18,,6.3,2.3,3.5,0.3,4.4,5.1,40.7,3.3,-0.39,-5.6,5.8,2.47,5.0,6.46,11.5,-0.67,-9.6,27.8,0.18,-0.37,88.0,51.2,1.37,-33.0,0.44,,,,,,,,,-0.65,0.0,0.0,0.0,0.0,False,0.0,,,,,,0.15,3.4,0.0,3.4,0.1,-26.8,0.7,73.74,67.22,65.69,True,92.8,51.93,4.46,52.1,29.6,False,True,,100.0
APO,Apollo Global Management,Financials,Asset Management & Custody Banks,SP500,114.34,67.52,2026-10-01,501.0,TTM-4Q,2026-06-30,2026-11-03,23.0,360.1,1.52,True,,36.0,3.21,10.7,,2.8,,-0.86,,9.3,,,,,2.4,,,,11.5,-0.86,0.4,20.5,0.28,-0.37,30.0,36.8,1.78,-34.0,-1.57,,,153.47,34.2,,1.76,19.0,-2.2,0.76,-0.42,0.0,0.42,0.0,False,-0.001,2026-08-14,68.0,0.0,4.34,9.3,-0.02,1.88,1.94,3.82,41.2,-44.3,3.4,128.79,123.51,126.8,False,153.29,99.56,3.98,27.6,-6.0,False,False,,90.0
MEDP,Medpace,Health Care,Life Sciences Tools & Services,SP400,598.08,16.69,2026-10-01,501.0,TTM-4Q,2026-06-30,,,147.5,0.97,True,26.5,34.0,38.48,31.0,3.8,2.9,4.2,-0.21,158.0,162.2,,,-0.82,-14.4,3.7,1.53,8.0,7.89,999.0,3.0,13.4,19.1,0.35,-0.38,69.0,46.3,0.98,-36.6,-0.37,,,581.83,-2.7,,2.92,12.0,,-0.01,-176.56,0.0,176.56,0.0,False,-1.058,2026-09-24,91.2,-0.02,7.53,8.4,-0.91,0.0,1.79,1.79,24.7,17.5,-2.0,600.27,515.48,523.61,True,677.9,373.0,16.45,45.5,4.6,False,False,GOODWILL;INSIDER-JUAL,100.0
TPR,"Tapestry, Inc.",Consumer Discretionary,"Apparel, Accessories & Luxury Goods",SP500,119.24,23.78,2026-10-01,501.0,TTM-4Q,2026-06-27,,,369.9,1.04,True,12.0,15.6,34.35,,8.3,6.4,7.6,-0.24,49.8,197.1,77.8,3.0,0.59,-6.8,6.9,1.3,8.0,4.07,16.0,2.16,8.9,-15.1,-0.08,-0.38,24.0,41.8,1.07,-32.7,0.02,,,,,,,,,3.0,-0.67,0.0,0.67,0.0,False,-0.003,2026-09-09,,,,,0.07,1.37,6.54,7.91,14.2,733.9,-5.5,130.96,139.33,138.65,True,164.8,93.0,3.53,48.8,-19.4,False,False,GOODWILL,100.0
CEG,Constellation Energy,Utilities,Electric Utilities,SP500;NDX,258.92,91.74,2026-10-01,501.0,TTM-4Q,2026-06-30,2026-11-09,27.0,815.2,1.42,True,14.0,26.5,2.87,19.4,7.1,3.8,0.3,-0.44,7.9,15.3,,,2.9,-1.0,2.9,1.21,5.0,,5.9,0.39,-14.3,0.6,-0.14,-0.38,29.0,47.5,1.26,-41.2,-2.93,,,347.28,34.1,,1.55,20.0,11.7,1.38,0.42,0.42,0.0,1.0,False,0.0,2026-08-11,83.0,0.01,3.7,4.6,0.25,0.6,0.0,0.6,26.0,15.2,14.6,271.84,279.46,288.29,False,412.7,228.63,10.12,43.0,5.5,False,False,DILUSI,100.0
AKR,Acadia Realty Trust,Real Estate,Retail REITs,SP600,18.68,2.57,2026-10-01,501.0,TTM-4Q,2026-06-30,2026-10-27,18.0,25.5,1.0,True,11.3,16.6,1.1,54.9,8.8,6.0,,0.5,4.9,6.7,,,4.35,-0.2,0.8,1.07,,,999.0,-0.62,4.5,7.2,0.28,-0.38,31.0,21.2,0.69,-16.9,0.11,,,24.71,32.3,,1.33,7.0,68.2,,0.0,0.0,0.0,0.0,False,0.0,,123.2,0.01,21.19,8.3,0.05,4.11,-4.96,-0.86,,,2.2,20.57,20.96,20.85,False,23.03,18.45,0.37,20.8,-14.4,False,False,SHORT-TINGGI,94.0
VRTS,"Virtus Investment Partners, Inc.",Financials,Asset Management & Custody Banks,SP600,132.78,0.88,2026-10-01,501.0,TTM-4Q,2026-06-30,,,19.7,0.96,False,,7.6,0.93,,,13.2,,-0.42,,12.6,,,,,1.5,,,,999.0,-0.28,-10.5,25.9,0.22,-0.39,22.0,35.7,0.89,-33.3,-0.63,,,,,,,,,-1.33,-2.57,0.0,2.57,0.0,False,-0.292,2026-09-15,,,,,-0.18,7.48,3.46,10.95,-7.2,-27.2,-2.1,154.95,146.2,149.31,False,195.0,121.61,4.93,34.9,-14.6,False,False,TIPIS,90.0
AX,"Axos Financial, Inc.",Financials,Regional Banks,SP600,87.61,4.97,2026-10-01,501.0,TTM-4Q,2026-06-30,2026-10-29,20.0,37.8,1.7,True,,10.1,1.57,8.1,,9.9,,0.4,,16.8,,,,,0.2,,,,1.9,-0.0,11.8,10.1,0.35,-0.39,39.0,31.7,1.06,-19.0,-0.1,,,117.71,34.4,,1.43,7.0,17.4,0.38,-0.05,0.0,0.05,0.0,False,-0.001,2026-08-05,88.3,-0.17,8.04,11.9,-1.15,0.0,0.44,0.44,23.5,13.3,-0.4,95.78,92.07,92.29,True,105.74,74.89,2.35,33.4,-12.8,False,False,,90.0
AM,Antero Midstream,Energy,Oil & Gas Storage & Transportation,SP400,20.26,9.62,2026-10-01,501.0,TTM-4Q,2026-06-30,2026-10-28,19.0,54.8,0.93,True,15.1,24.1,4.94,12.6,6.6,4.2,,-0.9,8.9,19.8,,,4.09,-9.3,0.5,2.4,5.0,1.86,999.0,-0.23,21.0,1.8,0.55,-0.39,47.0,20.7,0.07,-12.8,1.59,,,24.0,18.5,,2.86,7.0,-18.1,-0.5,-0.46,0.0,0.46,0.0,False,-0.005,2026-08-06,61.0,0.0,3.66,5.3,-0.03,4.53,1.21,5.74,6.9,-12.4,-1.1,21.85,22.04,21.25,True,23.83,16.96,0.48,29.7,-12.1,False,False,,100.0
OGS,One Gas,Utilities,Gas Utilities,SP400,71.71,4.51,2026-10-01,501.0,TTM-4Q,2026-06-30,,,47.0,1.03,True,,15.6,1.27,14.2,,6.4,-3.8,0.59,5.9,8.6,,,,-2.7,0.1,1.79,,,3.5,,2.6,-5.6,-0.08,-0.39,28.0,17.9,0.12,-19.6,0.25,,,89.06,24.2,,1.67,8.0,,,0.0,0.0,0.0,0.0,False,0.0,,95.4,-0.33,7.97,7.9,-1.06,3.68,0.0,3.68,,16.4,4.5,78.08,81.51,81.15,False,90.78,70.37,1.42,25.8,-9.6,False,False,,94.0
PG,Procter & Gamble,Consumer Staples,Personal Care Products,SP500,143.95,334.6,2026-10-01,501.0,TTM-4Q,2026-06-30,,,1165.1,0.92,True,15.7,20.9,6.16,,6.4,4.8,4.5,-0.41,17.9,30.1,50.2,1.7,1.06,-2.8,0.3,1.22,6.0,5.37,22.5,0.54,-2.0,3.0,0.02,-0.39,43.0,19.8,0.25,-15.5,1.01,,,,,,,,,-0.11,-6.69,0.0,6.69,0.0,False,-0.002,2026-08-24,,,,,0.04,3.06,1.5,4.56,3.3,0.5,-1.3,145.78,146.76,147.65,True,167.25,137.62,2.44,43.5,-7.3,False,False,,100.0
ENTG,Entegris,Information Technology,Semiconductor Materials & Equipment,SP400,158.48,24.22,2026-10-01,501.0,TTM-4Q,2026-06-27,2026-11-04,24.0,284.1,0.82,True,38.7,79.3,5.83,31.6,2.6,1.3,2.4,-0.35,6.4,7.7,45.5,1.6,4.39,-5.6,4.3,2.56,6.0,4.47,2.8,-0.63,40.6,9.3,0.36,-0.39,91.0,68.4,2.21,-41.8,-0.83,,,173.36,9.4,,,11.0,13.2,-0.51,-0.95,0.0,0.95,0.0,False,-0.004,2026-08-14,110.8,0.01,6.71,3.9,0.15,0.25,0.0,0.25,3.2,3.4,1.1,140.91,138.85,131.75,True,186.94,67.97,6.59,63.9,5.3,False,True,,100.0
CWEN,"Clearway Energy, Inc. (Class C)",Utilities,Renewable Electricity,SP600,29.14,5.98,2026-10-01,501.0,TTM-4Q,2026-06-30,2026-11-04,24.0,37.4,0.87,True,15.7,59.2,1.09,17.8,6.4,1.7,11.2,0.42,1.2,1.8,64.4,0.7,9.32,-5.6,1.6,10.07,6.0,,0.5,-1.03,17.4,-18.9,-0.02,-0.39,27.0,31.5,0.08,-28.3,-0.6,,,41.85,43.6,,1.38,13.0,72.8,1.8,0.0,0.0,0.0,0.0,False,0.0,,89.3,0.08,7.92,7.0,0.58,6.22,0.0,6.22,9.9,53.0,,31.74,35.85,35.84,False,41.74,28.28,0.8,34.5,-13.3,False,False,,100.0
PEN,"Penumbra, Inc.",Health Care,Health Care Equipment,SP400,318.0,12.53,2026-10-01,501.0,TTM-4Q,2026-06-30,,,122.6,0.93,True,58.0,78.0,8.18,,1.7,1.3,1.7,-0.56,10.5,11.4,67.8,1.5,-3.22,-6.4,4.2,1.73,6.0,18.89,144.2,0.73,27.3,-1.9,0.47,-0.39,57.0,27.1,0.0,-13.7,1.64,,,,,,,,,-0.09,0.0,0.0,0.0,0.0,False,0.0,,,,,,0.09,0.0,0.0,0.0,17.6,8.7,0.8,321.63,324.56,326.79,True,362.41,221.26,1.72,41.0,-2.7,False,False,,100.0
VAL,Valaris,Energy,Oil & Gas Drilling,SP400,79.56,5.52,2026-10-01,501.0,TTM-4Q,2026-06-30,,,110.9,1.17,True,,5.9,1.72,,,17.0,-0.4,0.58,6.2,33.9,24.8,7.7,,11.7,20.1,0.38,5.0,2.74,999.0,-2.0,80.5,-8.7,0.62,-0.4,82.0,58.1,0.72,-36.1,-1.04,,,,,,,,,-0.24,0.0,0.0,0.0,0.0,False,0.0,,,,,,0.15,0.0,0.0,0.0,-13.2,241.1,-1.3,83.0,88.3,82.11,True,114.12,46.7,3.06,42.3,2.9,False,False,,100.0
SAFE,"Safehold, Inc.",Real Estate,Other Specialized REITs,SP600,11.79,0.83,2026-10-01,501.0,TTM-4Q,2026-06-30,,,7.7,1.98,False,48.3,7.2,0.34,,2.1,13.9,,0.64,1.5,4.8,98.9,0.1,40.9,1.1,1.1,0.32,6.0,,999.0,-1.37,1.8,14.5,0.24,-0.4,13.0,33.7,0.4,-30.4,-0.72,,,,,,,,,0.1,-0.14,0.0,0.14,0.0,False,-0.017,2026-09-09,,,,,0.04,6.13,0.0,6.13,12.1,13.1,-0.3,14.78,15.08,14.96,False,17.45,11.6,0.39,16.7,-29.9,False,False,TIPIS;LABA-KERTAS,100.0
DOV,Dover Corporation,Industrials,Industrial Machinery & Supplies & Components,SP500,188.06,25.33,2026-10-01,501.0,TTM-4Q,2026-06-30,2026-10-22,15.0,264.3,0.88,True,15.2,22.3,3.29,16.2,6.6,4.5,4.6,-0.03,9.9,15.0,39.6,1.0,1.21,-1.9,5.2,1.23,6.0,5.2,12.5,0.03,15.0,-7.9,0.14,-0.4,36.0,26.0,0.97,-19.6,0.8,,,244.84,30.2,,1.58,19.0,0.8,-0.44,0.0,0.0,0.0,0.0,False,0.0,,93.4,0.0,3.57,3.6,-0.01,1.11,2.19,3.3,7.6,-50.5,-1.8,197.78,209.91,210.1,True,237.54,158.97,4.06,41.4,-14.2,False,False,,100.0
SBSI,"Southside Bancshares, Inc.",Financials,Regional Banks,SP600,30.49,0.91,2026-10-01,501.0,TTM-4Q,2026-06-30,,,4.5,1.53,False,,12.0,1.03,,,8.4,,0.43,,9.0,,,,,0.3,,,,999.0,-0.35,16.5,2.3,0.41,-0.4,42.0,23.2,0.63,-14.9,0.83,,,,,,,,,,-0.01,0.0,0.01,0.0,False,-0.001,2026-09-11,,,,,0.05,4.73,0.0,4.73,,-11.3,-1.4,32.06,32.54,32.44,True,36.2,26.32,0.65,36.3,-14.8,False,False,TIPIS,90.0
PNFP,Pinnacle Financial Partners,Financials,Regional Banks,SP400,94.63,14.3,2026-10-01,501.0,FY,2025-12-31,,,99.3,1.68,True,,22.3,2.03,,,4.5,,-0.58,,9.5,,,,,,,,,999.0,-0.87,5.3,11.5,0.3,-0.41,47.0,27.8,1.23,-19.7,-0.13,,,,,,,,,,1.3,1.3,0.0,3.0,True,0.009,2026-09-10,,,,,1.06,0.52,0.15,0.67,,35.1,0.7,101.03,96.51,96.87,True,110.33,81.08,2.36,39.0,-7.3,False,False,,65.0
NXST,Nexstar Media Group,Communication Services,Broadcasting,SP400,158.61,4.89,2026-10-01,501.0,TTM-4Q,2026-06-30,,,65.4,0.85,True,11.8,26.0,2.16,6.8,8.5,3.8,15.2,0.2,7.3,8.3,,,8.28,-4.9,2.4,4.76,4.0,1.06,999.0,-1.14,-6.7,1.1,-0.08,-0.41,19.0,36.2,0.54,-38.4,0.35,,,246.75,55.6,,1.25,8.0,,-0.26,-1.73,0.0,1.73,0.0,False,-0.035,2026-09-23,103.0,-0.05,11.36,7.5,-0.41,4.62,0.0,4.62,10.5,-70.3,1.3,178.59,190.43,196.81,False,254.3,154.47,5.93,34.9,-14.6,False,False,ZONA-BAHAYA;GOODWILL,100.0
MAT,Mattel,Consumer Discretionary,Leisure Products,SP400,15.04,4.3,2026-10-01,501.0,TTM-4Q,2026-06-30,,,88.2,7.58,True,10.1,10.1,2.15,9.5,9.9,9.9,,0.17,8.3,20.5,47.5,1.7,2.99,-3.8,4.0,1.56,6.0,2.79,3.5,-0.24,-13.3,0.2,-0.14,-0.41,44.0,45.3,0.92,-42.9,-0.3,,,18.15,20.7,,1.94,13.0,,-0.31,-0.59,0.0,0.59,0.0,False,-0.014,2026-08-31,109.0,-0.0,14.33,7.8,0.03,0.0,16.06,16.06,2.9,-18.8,-11.2,14.33,14.57,15.91,False,22.48,12.4,0.73,63.2,9.9,False,False,,100.0
PINS,Pinterest,Communication Services,Interactive Home Entertainment,SP400,19.46,10.95,2026-10-01,501.0,TTM-4Q,2026-06-30,,,290.1,0.86,True,41.3,44.0,3.79,,2.4,2.3,11.7,-0.22,4.3,6.5,79.5,1.6,-1.14,-21.4,16.0,5.36,4.0,5.07,999.0,1.41,-33.9,16.2,-0.16,-0.41,16.0,54.8,1.23,-56.2,-1.04,,,,,,,,,-0.15,0.0,0.0,0.0,0.0,False,0.0,2026-09-24,,,,,0.16,0.0,24.87,24.87,16.6,-87.1,-18.4,21.61,20.63,21.26,False,35.42,13.84,0.77,47.0,-14.0,False,False,,90.0
CSL,Carlisle Companies,Industrials,Industrial Conglomerates,SP400,325.21,12.92,2026-10-01,501.0,TTM-4Q,2026-06-30,2026-10-28,19.0,179.3,0.75,True,12.5,17.8,7.99,13.5,8.0,5.6,6.7,0.28,18.4,38.8,35.3,3.6,1.83,-4.9,4.7,1.39,7.0,5.02,9.7,0.42,3.1,0.6,0.05,-0.41,36.0,36.4,1.01,-24.3,0.35,,,410.38,26.2,,2.2,8.0,10.8,-0.46,0.0,0.0,0.0,0.0,False,0.0,,103.8,0.0,6.95,3.3,-0.0,1.42,8.52,9.93,1.9,-10.1,-6.7,348.68,348.9,352.15,True,432.91,293.43,10.61,44.7,-13.6,False,False,,100.0
GATX,GATX,Industrials,Construction Machinery & Heavy Transportation Equipment,SP400,168.88,5.96,2026-10-01,501.0,TTM-4Q,2026-06-30,,,46.5,1.59,True,19.8,16.2,2.14,15.0,5.1,6.2,,-0.03,1.7,13.5,,,13.07,-3.0,0.4,2.28,,,999.0,-2.41,0.4,1.5,0.04,-0.41,43.0,23.9,0.74,-18.1,1.13,,,219.25,29.8,,1.0,4.0,,0.63,-4.55,0.0,4.55,0.0,False,-0.076,2026-09-11,104.7,0.03,11.45,12.3,-0.02,1.56,1.67,3.23,22.8,15.2,-0.3,178.86,179.12,179.63,True,205.56,150.42,4.56,34.1,-5.2,False,False,,100.0
WPC,W. P. Carey,Real Estate,Diversified REITs,SP400,63.83,14.54,2026-10-01,501.0,TTM-4Q,2026-06-30,,,112.8,1.16,True,15.0,22.3,1.68,,6.7,4.5,,-0.12,5.5,7.7,,0.5,5.61,-3.1,0.6,1.88,,,3.2,-0.17,8.2,2.4,0.31,-0.41,37.0,17.0,0.19,-15.6,1.14,,,,,,,,,0.01,0.0,0.0,0.0,0.0,False,0.0,,,,,,0.06,5.59,0.0,5.59,9.0,93.9,2.9,70.28,71.82,71.02,True,77.22,63.08,1.13,20.1,-12.8,False,False,,100.0
PB,Prosperity Bancshares,Financials,Regional Banks,SP400,66.8,8.03,2026-10-01,501.0,TTM-4Q,2026-06-30,,,81.3,1.21,True,,14.3,0.97,,,7.0,,0.0,,7.1,,,,,0.1,,,,999.0,-0.31,9.3,5.8,0.34,-0.42,43.0,22.0,0.6,-14.9,0.91,,,,,,,,,,0.0,0.0,0.0,0.0,False,0.0,2026-09-23,,,,,0.05,2.89,0.0,2.89,,7.6,5.8,71.95,70.21,70.62,True,77.2,61.07,1.29,28.2,-8.2,False,False,DILUSI,90.0
AGX,"Argan, Inc.",Industrials,Construction & Engineering,SP600,379.58,5.33,2026-10-01,501.0,TTM-4Q,2026-07-31,2026-12-03,45.0,171.6,0.65,True,25.8,29.7,10.51,23.4,3.9,3.4,10.2,-0.21,33.7,39.8,20.9,2.4,-2.96,-32.9,3.2,3.1,7.0,5.72,999.0,2.65,50.6,-29.0,0.14,-0.42,20.0,76.1,1.33,-55.5,-1.97,,,573.0,51.0,,,6.0,38.9,1.14,-3.31,0.0,3.31,0.0,False,-0.062,2026-07-31,112.4,0.0,9.52,3.3,-0.06,0.53,0.23,0.76,29.0,53.0,0.2,473.96,568.27,516.28,True,805.75,255.6,21.12,39.1,-47.6,False,False,,100.0
AXON,Axon Enterprise,Industrials,Aerospace & Defense,SP500;NDX,422.21,34.3,2026-10-01,501.0,TTM-4Q,2026-06-30,2026-11-03,23.0,486.8,0.77,True,265.5,172.1,9.33,40.0,0.4,0.6,0.4,-1.59,0.5,6.2,59.4,1.3,7.95,-1.0,4.5,1.33,4.0,6.32,0.2,-0.58,-27.8,22.4,-0.04,-0.42,7.0,62.2,1.66,-54.4,-1.91,,,704.11,66.8,,1.67,19.0,2.0,0.77,0.0,0.0,0.0,0.0,False,0.0,2026-09-11,91.2,0.05,5.32,4.3,0.09,0.0,0.0,0.0,34.6,-38.9,0.6,531.36,483.92,497.65,False,764.02,339.01,22.62,33.0,-31.1,False,False,,100.0
LIN,Linde plc,Materials,Industrial Gases,SP500;NDX,469.45,216.41,2026-10-01,501.0,TTM-4Q,2026-06-30,,,975.8,1.04,True,18.1,29.9,5.54,24.0,5.5,3.3,2.3,-0.6,10.8,18.7,,,1.75,-3.7,1.6,1.45,5.0,3.74,37.4,0.4,3.5,-1.1,0.06,-0.42,36.0,19.1,0.29,-17.7,1.64,,,542.6,15.6,,1.68,25.0,,-0.08,0.05,0.05,0.0,1.0,False,0.0,2026-08-18,88.7,-0.01,1.27,3.0,0.12,1.33,1.86,3.19,6.6,7.9,-1.9,481.09,497.53,485.91,True,548.2,387.78,7.84,45.7,-16.3,False,False,,100.0
LUMN,Lumen Technologies,Communication Services,Alternative Carriers,SP600,5.59,5.77,2026-10-01,501.0,TTM-4Q,2026-06-30,,,84.8,1.72,True,5.9,,,,16.8,-17.8,14.5,-0.26,1.1,,47.8,3.8,3.94,-20.0,10.3,,5.0,-0.41,0.2,0.1,4.2,-9.8,-0.04,-0.43,16.0,75.9,1.83,-53.3,-1.9,,,7.64,36.7,,3.09,10.0,,,0.61,0.61,0.0,1.0,False,0.011,2026-08-06,71.9,0.02,7.99,5.9,0.4,0.0,0.0,0.0,-7.7,,1.0,6.31,7.42,7.57,False,11.95,5.38,0.31,33.0,-15.2,False,False,ZONA-BAHAYA;DISTRES,100.0
VNOM,Viper Energy,Energy,Oil & Gas Storage & Transportation,SP400,40.69,7.88,2026-10-01,501.0,TTM-4Q,2026-06-30,,,83.1,1.15,True,,133.6,1.57,,,0.7,,-0.58,1.5,0.9,,,,-11.9,,25.34,,2.92,999.0,,25.8,3.0,0.51,-0.43,54.0,28.1,0.37,-19.4,0.83,,,,,,,,,1.33,0.0,0.0,0.0,0.0,False,0.0,,,,,,0.15,5.09,0.0,5.09,107.8,-84.1,47.7,43.21,44.83,43.73,True,51.13,35.1,1.02,38.9,-2.7,False,False,DILUSI,100.0
TOST,"Toast, Inc.",Financials,Transaction & Payment Processing Services,SP400,29.23,17.25,2026-10-01,501.0,TTM-4Q,2026-06-30,,,258.7,0.94,True,,35.5,8.43,,,2.8,,-1.13,,25.2,,,,,17.2,,,,999.0,-0.71,-8.0,28.8,0.22,-0.43,35.0,47.0,1.24,-42.8,-1.79,,,,,,,,,0.78,-1.46,0.0,1.46,0.0,False,-0.008,2026-09-02,,,,,0.04,0.0,2.92,2.92,23.0,117.0,-2.5,32.92,28.99,29.8,False,39.72,22.26,1.06,34.0,-1.1,False,False,,90.0
PTON,"Peloton Interactive, Inc.",Consumer Discretionary,Leisure Products,SP600,4.97,2.55,2026-10-01,501.0,TTM-4Q,2026-06-30,,,48.2,0.88,False,12.3,40.3,,,8.2,2.5,14.8,0.07,13.9,,52.6,12.4,0.57,-15.5,24.6,6.14,8.0,-1.07,1.3,0.77,-43.4,18.4,-0.2,-0.43,17.0,62.8,1.97,-58.8,-2.47,,,,,,,,,,-0.2,0.0,0.2,0.0,False,-0.008,2026-08-19,,,,,0.07,0.0,0.0,0.0,-1.8,,11.8,5.44,5.26,5.35,False,9.2,3.65,0.19,45.4,-15.7,False,False,TIPIS;ZONA-BAHAYA;DISTRES;DILUSI;GOODWILL,100.0
GVA,"Granite Construction, Inc.",Industrials,Construction & Engineering,SP600,116.85,5.11,2026-10-01,501.0,TTM-4Q,2026-06-30,,,68.4,1.3,True,11.6,,6.79,14.5,8.6,-3.2,9.2,-0.01,11.8,-18.2,15.6,2.2,1.3,-19.5,1.8,,5.0,2.17,4.5,0.68,7.9,-3.5,0.07,-0.43,30.0,32.0,0.85,-30.8,0.42,,,171.67,46.9,,1.8,6.0,,-0.33,0.05,0.05,0.0,1.0,False,0.001,2026-08-06,112.8,0.01,13.77,9.1,0.02,0.44,1.01,1.45,21.8,-204.1,-17.1,120.33,128.31,127.1,True,162.08,97.26,3.34,48.4,-21.9,False,False,,100.0
KBH,KB Home,Consumer Discretionary,Homebuilding,SP400,46.54,2.85,2026-10-01,501.0,TTM-4Q,2026-05-31,,,88.1,0.72,True,10.2,10.5,0.75,12.5,9.8,9.5,12.6,0.74,5.2,7.0,,,2.85,-2.0,2.2,1.5,,,999.0,-1.04,-16.5,2.9,-0.18,-0.44,12.0,38.7,0.51,-31.8,0.7,,,55.58,19.4,,3.13,12.0,,-1.93,-17.87,0.0,17.87,0.0,False,-0.626,2026-08-06,106.5,0.89,23.38,8.4,0.88,2.27,14.77,17.03,-17.5,-51.9,-11.9,53.03,53.32,55.15,False,67.57,44.03,1.58,33.8,-25.8,False,False,SHORT-TINGGI;INSIDER-JUAL,90.0
COF,Capital One,Financials,Consumer Finance,SP500,194.48,119.31,2026-10-01,501.0,TTM-4Q,2026-06-30,2026-10-20,13.0,720.4,1.05,True,,11.3,1.05,8.1,,8.8,,0.22,,9.4,,,,,0.8,,,,999.0,-0.38,1.0,15.4,0.25,-0.44,32.0,32.2,1.48,-31.5,-0.98,,,258.76,33.1,,1.57,21.0,23.8,2.6,-1.93,0.0,1.93,0.0,False,-0.002,2026-09-15,89.2,0.0,1.81,3.1,-0.01,1.59,7.24,8.83,45.3,,22.8,211.2,198.23,205.88,False,259.64,174.24,4.69,34.5,-7.6,False,False,DILUSI,90.0
DOW,Dow Inc.,Materials,Commodity Chemicals,SP500,27.59,19.89,2026-10-01,501.0,TTM-4Q,2026-03-31,2026-10-22,15.0,264.9,1.11,True,28.7,,1.3,15.7,3.5,-13.4,-1.2,-1.26,-3.8,-16.7,6.4,1.6,11.81,-8.1,5.1,,3.0,1.4,-1.9,-1.58,39.4,-23.5,0.18,-0.44,55.0,43.9,0.61,-34.8,0.26,,,34.31,24.4,,2.47,16.0,12.6,-1.26,0.0,0.0,0.0,0.0,False,0.0,,79.5,0.01,5.54,4.2,0.13,6.28,0.0,6.28,-7.7,-806.3,2.0,29.88,33.43,31.98,True,42.74,20.65,0.89,35.2,-2.9,False,False,ZONA-BAHAYA;DISTRES;F-RENDAH,100.0
PLTR,Palantir Technologies,Information Technology,Application Software,SP500;NDX,190.04,456.65,2026-10-01,501.0,TTM-4Q,2026-06-30,,,4320.0,0.71,True,168.0,151.4,46.72,,0.6,0.7,0.7,-0.77,32.7,38.4,84.8,1.6,-3.53,-4.0,14.0,1.13,8.0,154.81,999.0,1.44,-1.4,22.8,0.18,-0.44,85.0,59.0,2.45,-48.2,-0.99,,,,,,,,,2.18,0.0,0.0,0.0,0.0,False,0.0,2026-09-15,,,,,0.15,0.0,0.0,0.0,78.9,295.2,0.2,168.47,148.77,152.08,True,207.52,106.37,6.25,63.1,43.3,False,False,,100.0
EIX,Edison International,Utilities,Electric Utilities,SP500,53.8,20.7,2026-10-01,501.0,TTM-4Q,2026-03-31,2026-10-27,18.0,291.9,0.79,True,6.6,5.8,1.2,8.3,15.1,17.2,-3.1,3.0,8.2,20.9,,,4.42,-2.7,1.5,1.69,6.0,,3.4,0.8,12.2,-18.2,-0.08,-0.44,15.0,38.9,0.22,-36.0,-1.35,,,66.36,23.3,,3.0,14.0,27.0,0.87,0.0,0.0,0.0,0.0,False,0.0,2026-07-13,96.0,0.0,5.29,2.3,0.11,6.25,0.14,6.39,13.1,30.1,0.3,64.88,69.78,68.21,False,81.62,51.1,2.11,37.1,-30.7,False,False,,100.0
DHI,D. R. Horton,Consumer Discretionary,Homebuilding,SP500,137.06,38.34,2026-10-01,501.0,TTM-4Q,2026-06-30,2026-10-29,20.0,407.3,1.43,True,10.3,12.6,1.61,11.8,9.7,8.0,8.4,0.16,9.8,12.8,22.6,,1.2,-0.8,4.1,1.1,5.0,,999.0,-0.97,-15.6,2.9,-0.18,-0.44,25.0,35.3,0.62,-23.8,0.98,,,158.92,15.9,,2.61,12.0,7.1,-0.72,0.0,0.0,0.0,0.0,False,0.0,,87.9,-0.0,4.66,4.9,0.05,1.32,7.56,8.89,-3.5,-23.0,-7.2,144.29,146.74,148.63,False,176.22,131.75,3.76,42.1,-15.7,False,False,,90.0
WTW,Willis Towers Watson,Financials,Insurance Brokers,SP500,291.6,27.08,2026-10-01,501.0,TTM-4Q,2026-06-30,,,170.0,0.89,True,,17.3,3.52,,,5.8,,-1.08,,19.8,,,,,3.9,,,,7.9,-0.27,-2.2,16.7,0.23,-0.44,37.0,30.9,0.47,-30.4,0.08,,,,,,,,,2.89,-0.25,0.0,0.25,0.0,False,-0.001,2026-08-10,,,,,0.05,1.32,6.28,7.6,3.0,1042.3,-6.0,323.5,292.3,299.0,False,352.79,240.61,7.01,31.1,-0.7,False,False,GOODWILL,90.0
MCK,McKesson Corporation,Health Care,Health Care Distributors,SP500,898.82,104.79,2026-10-01,501.0,TTM-4Q,2026-06-30,,,781.1,1.4,True,15.1,22.8,,17.8,6.6,4.4,6.1,0.16,88.4,,3.6,0.5,0.63,-2.7,1.5,1.49,7.0,5.84,23.6,0.56,17.8,4.2,0.36,-0.45,69.0,30.3,0.1,-27.2,1.1,,,979.36,9.0,,1.65,14.0,,-0.05,-0.27,0.0,0.27,0.0,False,-0.0,2026-09-08,93.5,-0.0,2.49,3.2,0.04,0.38,6.39,6.77,8.8,45.1,-5.0,876.53,841.91,847.02,True,999.0,723.68,24.44,56.0,11.4,False,False,GOODWILL,100.0
FSS,Federal Signal Corporation,Industrials,Construction Machinery & Heavy Transportation Equipment,SP600,112.17,6.85,2026-10-01,501.0,TTM-4Q,2026-06-30,,,49.0,1.26,True,14.9,24.0,4.54,19.4,6.7,4.2,5.0,-0.06,17.3,20.6,29.2,2.2,0.8,-4.0,1.9,1.31,7.0,7.05,19.3,0.29,-4.0,3.8,-0.0,-0.45,33.0,34.6,0.89,-19.0,0.68,,,145.62,29.8,,,8.0,,0.74,-3.29,0.0,3.29,0.0,False,-0.048,2026-08-04,104.9,0.0,8.76,11.4,-0.05,0.53,0.0,0.53,24.0,28.8,0.3,119.34,116.04,115.59,True,134.51,101.19,3.46,41.3,-16.6,False,False,,100.0
BCC,Boise Cascade,Industrials,Building Products,SP600,74.7,2.61,2026-10-01,501.0,TTM-4Q,2026-06-30,2026-11-02,22.0,27.2,1.12,True,8.4,24.7,1.29,14.1,11.8,4.1,4.0,0.92,4.5,5.1,,0.9,0.44,-5.0,10.7,2.61,5.0,4.21,6.5,-0.27,-0.8,1.6,0.01,-0.45,45.0,38.1,0.81,-27.9,0.39,,,96.5,29.2,,,6.0,34.9,-0.58,-0.26,0.0,0.26,0.0,False,-0.01,2026-08-27,98.8,0.04,6.78,5.8,0.06,1.32,7.88,9.2,-1.5,-59.7,-6.8,79.08,75.91,77.34,True,91.97,65.0,2.32,42.0,-4.1,False,False,,100.0
RSG,Republic Services,Industrials,Environmental & Facilities Services,SP500,206.98,63.38,2026-10-01,501.0,TTM-4Q,2026-06-30,,,346.6,0.93,True,14.8,29.0,5.27,,6.8,3.4,4.2,-0.17,11.2,18.2,49.3,0.7,2.67,-6.9,0.5,2.08,4.0,2.93,5.7,0.7,-1.6,1.8,0.01,-0.45,34.0,19.3,0.08,-14.6,2.01,,,,,,,,,-0.46,1380.32,1380.32,0.0,1.0,False,2.178,2026-09-11,,,,,1.8,1.2,2.32,3.52,2.9,3.0,-1.8,216.95,214.95,215.2,True,233.42,196.41,3.46,29.3,-7.2,False,False,GOODWILL,100.0
CRVL,CorVel Corporation,Health Care,Health Care Services,SP600,74.72,3.77,2026-10-01,501.0,TTM-4Q,2026-06-30,2026-11-03,23.0,16.5,0.95,True,19.1,32.7,9.23,,5.2,3.1,3.0,-0.14,30.7,30.7,24.8,1.0,-1.39,-5.5,1.2,1.31,7.0,12.76,999.0,-0.01,-9.9,30.1,0.23,-0.45,74.0,44.0,0.51,-40.7,0.0,,,,,,,,-21.8,-0.49,-0.63,0.0,0.63,0.0,False,-0.017,2026-09-14,56.1,0.02,11.58,7.0,0.04,0.0,1.82,1.82,7.1,14.4,-1.9,67.58,61.03,61.36,False,79.43,44.83,1.78,68.4,13.6,False,False,,100.0
CHH,Choice Hotels,Consumer Discretionary,"Hotels, Resorts & Cruise Lines",SP400,102.31,4.6,2026-10-01,501.0,TTM-4Q,2026-06-30,2026-11-04,24.0,57.3,0.82,True,13.8,14.0,32.39,13.6,7.2,7.1,3.3,-0.57,16.5,566.4,,,4.13,3.8,2.1,0.68,6.0,3.06,4.3,-1.3,-7.2,-4.4,-0.15,-0.45,40.0,38.0,0.59,-20.8,1.02,,,114.81,12.2,,3.06,16.0,2.8,-0.23,-0.54,0.0,0.54,0.0,False,-0.012,2026-08-18,77.3,-0.02,29.51,12.1,0.02,1.15,2.89,4.04,2.6,6.7,-2.6,104.78,106.97,106.12,True,123.82,84.04,3.0,50.8,-11.2,False,False,GOODWILL;SHORT-TINGGI,100.0
SR,Spire,Utilities,Gas Utilities,SP400,76.44,4.52,2026-10-01,501.0,TTM-4Q,2026-03-31,,,44.3,0.71,True,14.1,12.6,1.32,,7.1,7.9,-4.9,0.31,4.7,10.3,,4.5,8.88,-2.0,0.3,1.72,7.0,,2.4,-1.07,4.6,-8.0,-0.09,-0.45,33.0,19.2,0.08,-19.4,0.24,,,,,,,,,0.54,0.0,0.0,0.0,0.0,False,0.0,,,,,,0.14,4.17,-0.03,4.14,7.9,42.1,1.2,81.04,84.57,84.7,False,95.31,74.84,1.68,33.4,-6.5,False,False,,100.0
AMKR,Amkor Technology,Information Technology,Semiconductors,SP400,52.9,13.11,2026-10-01,501.0,TTM-4Q,2026-03-31,2026-10-26,17.0,195.0,0.93,True,10.6,30.1,2.89,18.9,9.4,3.3,1.3,0.33,8.1,10.0,14.4,2.5,-0.36,-10.3,3.3,2.79,6.0,3.9,7.0,-0.91,61.8,-1.5,0.38,-0.45,76.0,79.4,2.08,-54.3,-1.37,,,76.4,44.4,,,10.0,45.4,0.32,-2.9,0.0,2.9,0.0,False,-0.022,2026-09-08,48.7,0.0,16.08,2.2,0.07,0.78,0.0,0.78,12.7,37.9,0.7,51.9,60.51,57.21,True,96.68,28.17,2.64,52.5,-26.0,False,False,,100.0
FBIN,Fortune Brands Innovations,Industrials,Building Products,SP400,38.52,4.6,2026-10-01,501.0,TTM-4Q,2026-06-27,,,93.6,1.41,True,14.6,30.9,1.99,11.4,6.9,3.2,8.7,0.34,5.1,6.4,45.9,9.5,4.93,-5.4,3.0,3.33,6.0,2.42,2.7,-0.83,-18.0,13.2,-0.05,-0.46,11.0,47.4,1.24,-47.9,-0.91,,,56.27,46.1,,2.39,15.0,,-1.0,1.98,2.02,0.03,1.0,False,0.043,2026-08-07,108.7,0.0,7.38,3.4,0.03,2.66,1.2,3.86,-2.3,-62.2,-1.2,44.72,43.26,46.35,False,64.84,32.34,1.44,36.7,-29.4,False,False,,100.0
ROP,Roper Technologies,Information Technology,Electronic Equipment & Instruments,SP500;NDX,362.59,35.86,2026-10-01,501.0,TTM-4Q,2026-06-30,,,332.7,1.29,True,14.5,14.3,1.92,,6.9,7.0,,1.07,6.7,13.1,69.5,0.5,3.38,-0.5,5.2,1.07,7.0,2.45,5.9,-0.19,-15.4,18.1,0.05,-0.46,28.0,29.7,0.49,-39.2,1.37,,,,,,,,,-0.22,-3.08,0.0,3.08,0.0,False,-0.009,2026-07-27,,,,,0.12,1.03,0.0,1.03,10.9,62.7,-7.2,390.88,361.11,369.6,False,521.28,305.96,9.84,39.4,-2.9,False,False,GOODWILL,100.0
WFC,Wells Fargo,Financials,Diversified Banks,SP500,80.25,242.68,2026-10-01,501.0,TTM-4Q,2026-06-30,,,1186.5,1.25,True,,10.7,1.35,,,9.3,,0.41,,12.5,,,,,0.1,,,,999.0,-0.2,6.1,9.3,0.29,-0.46,34.0,26.9,1.07,-23.0,-0.06,,,,,,,,,-0.51,0.0,0.0,0.0,0.0,False,0.0,,,,,,0.05,2.3,7.42,9.72,6.2,9.9,-5.9,86.29,82.72,84.81,False,97.76,72.78,1.93,32.6,-8.5,False,False,,90.0
UA,Under Armour (Class C),Consumer Discretionary,"Apparel, Accessories & Luxury Goods",SP600,4.53,1.96,2026-10-01,501.0,TTM-4Q,2026-06-30,,,12.4,2.05,False,,,1.37,,-0.6,-25.2,-4.1,-2.2,-3.9,-29.8,46.8,2.0,,-10.7,7.5,,3.0,1.93,-1.9,-0.07,-0.6,-14.3,-0.14,-0.46,13.0,52.8,0.99,-46.4,-0.75,,,,,,,,,-3.0,0.1,0.1,0.0,1.0,False,0.005,2026-08-11,,,,,0.08,0.0,0.0,0.0,-3.6,-585.0,1.1,5.31,5.78,5.81,True,7.91,3.95,0.2,40.2,-31.9,False,False,TIPIS;F-RENDAH,100.0
MC,Moelis & Company,Financials,Investment Banking & Brokerage,SP600,56.95,4.22,2026-10-01,501.0,TTM-4Q,2026-06-30,,,52.7,1.61,True,,16.4,8.34,14.5,,6.1,,-0.7,,50.2,,,,,10.6,,,,999.0,0.85,-2.6,20.1,0.23,-0.46,21.0,38.2,1.49,-33.3,-1.31,,,72.0,26.4,,,10.0,,,-0.47,0.0,0.47,0.0,False,-0.011,2026-08-27,110.8,0.05,8.2,7.5,0.31,0.0,0.0,0.0,,16.8,,65.05,63.98,65.68,False,78.22,51.06,2.13,30.6,-19.0,False,False,,90.0
FIZZ,National Beverage Corp.,Consumer Staples,Soft Drinks & Non-alcoholic Beverages,SP600,29.69,2.78,2026-10-01,501.0,TTM-4Q,2026-08-01,,,13.8,0.92,True,11.1,15.9,7.56,15.2,9.0,6.3,5.8,0.03,38.1,40.1,36.2,1.2,-0.44,-1.8,2.3,1.07,5.0,12.25,999.0,1.58,-5.0,3.6,-0.03,-0.46,39.0,28.2,0.34,-17.8,0.54,,,31.0,4.4,,5.0,1.0,,-0.49,0.01,0.01,0.0,1.0,False,0.0,2026-07-20,27.0,0.01,17.71,11.2,0.01,10.95,0.0,10.95,-1.8,-5.9,-0.0,31.47,33.43,33.58,False,38.21,28.97,0.91,38.0,-13.2,False,False,,100.0
BF-B,Brown–Forman,Consumer Staples,Distillers & Vintners,SP500,25.97,11.93,2026-10-01,501.0,TTM-4Q,2026-07-31,2026-12-03,45.0,65.5,0.78,True,13.0,16.6,3.01,15.2,7.7,6.0,7.8,0.19,12.2,18.1,60.7,0.8,1.97,-3.7,1.5,1.4,7.0,4.08,9.6,0.66,-0.1,0.3,0.0,-0.47,47.0,38.4,0.48,-25.5,-0.22,,,28.26,8.8,,3.17,17.0,3.1,-0.33,0.0,0.0,0.0,0.0,False,0.0,,70.7,0.0,12.54,4.6,-0.03,3.57,0.0,3.57,-0.8,-14.6,-2.8,27.26,26.64,26.96,False,31.92,22.61,0.71,43.3,-3.2,False,False,,100.0
REXR,Rexford Industrial Realty,Real Estate,Industrial REITs,SP400,36.02,8.03,2026-10-01,501.0,TTM-4Q,2026-06-30,,,108.6,0.93,True,,,1.07,,,-4.8,2.8,-1.32,,-4.7,,,,-7.3,0.2,,,,,,-6.4,14.3,0.16,-0.47,52.0,25.2,0.68,-25.8,-0.44,,,,,,,,,-1.16,0.0,0.0,0.0,0.0,False,0.0,,,,,,0.06,4.98,6.85,11.83,0.5,-222.4,-5.2,37.39,35.81,36.7,False,44.38,32.14,0.76,35.4,2.6,False,False,,100.0
HQY,HealthEquity,Health Care,Managed Health Care,SP400,89.37,7.39,2026-10-01,501.0,TTM-4Q,2026-07-31,,,81.9,0.82,True,15.8,31.3,3.71,16.2,6.3,3.2,6.6,0.3,8.9,11.4,71.2,5.0,1.33,-7.6,2.8,2.07,8.0,4.41,6.7,0.06,2.4,16.3,0.26,-0.47,39.0,35.6,0.89,-30.6,0.15,,,119.33,33.5,,1.33,15.0,,-0.02,0.0,0.0,0.0,0.0,False,0.0,2026-08-25,111.4,0.01,7.71,5.2,0.05,0.0,5.47,5.47,7.3,62.2,-4.3,98.35,89.71,88.73,False,107.62,72.76,2.69,36.8,-8.6,False,False,,100.0
WFRD,Weatherford International,Energy,Oil & Gas Equipment & Services,SP400,78.44,5.62,2026-10-01,501.0,TTM-4Q,2026-06-30,,,83.7,0.9,True,6.8,15.4,3.14,,14.8,6.5,9.4,0.26,16.1,22.2,,4.7,0.43,-6.9,7.1,1.96,6.0,2.51,999.0,0.57,39.8,0.9,0.5,-0.47,42.0,40.5,1.42,-29.8,-0.95,,,,,,,,,-0.82,-2.24,0.0,2.24,0.0,False,-0.04,2026-08-10,,,,,0.14,1.35,0.71,2.06,-7.2,-23.9,-0.3,88.42,93.84,93.14,True,113.15,60.84,3.19,31.8,-7.9,False,False,,100.0
FE,FirstEnergy,Utilities,Electric Utilities,SP500,43.39,25.1,2026-10-01,501.0,TTM-4Q,2026-03-31,,,193.8,1.86,True,13.4,23.6,1.98,14.7,7.4,4.2,-6.9,-0.7,4.6,8.4,,,7.08,-3.9,0.6,3.02,5.0,,1.8,-0.61,4.8,-7.6,-0.09,-0.47,31.0,16.2,-0.02,-15.4,0.62,,,52.92,22.0,,2.12,12.0,,-0.1,0.0,0.0,0.0,0.0,False,0.0,,95.6,0.0,6.93,7.4,0.12,4.1,0.0,4.1,11.3,-1.8,0.3,46.48,47.68,47.44,False,52.34,42.67,0.72,31.2,-12.8,False,False,,100.0
MCHP,Microchip Technology,Information Technology,Semiconductors,SP500;NDX,78.5,42.63,2026-10-01,501.0,TTM-4Q,2026-06-30,,,616.1,0.83,True,32.5,89.1,6.61,17.1,3.1,1.1,2.6,-0.32,5.4,7.2,60.2,4.6,3.46,-4.9,5.4,2.5,6.0,4.32,3.7,-0.48,14.1,10.4,0.25,-0.47,68.0,49.8,2.1,-31.8,-0.02,,,107.84,37.4,,1.54,25.0,,,-0.07,0.0,0.07,0.0,False,-0.0,2026-08-25,102.6,0.01,8.03,4.1,0.17,2.31,-0.15,2.17,20.9,,2.1,75.8,80.7,78.82,True,105.91,48.52,2.7,57.6,-9.6,False,False,GOODWILL,100.0
SAIA,Saia,Industrials,Cargo Ground Transportation,SP400,344.38,9.19,2026-10-01,501.0,TTM-4Q,2026-06-30,,,119.7,1.31,True,14.7,33.0,3.37,,6.8,3.0,2.8,-0.23,10.2,10.8,,,0.03,-9.1,3.4,2.18,5.0,7.74,31.1,0.58,10.8,-6.6,0.04,-0.47,37.0,47.3,1.16,-33.4,-0.37,,,,,,,,,-0.39,0.0,0.0,0.0,0.0,False,0.0,,,,,,0.07,0.0,0.0,0.0,4.8,-4.2,0.2,358.23,397.41,388.66,True,494.71,249.32,12.58,48.4,-19.4,False,False,,100.0
MTD,Mettler Toledo,Health Care,Life Sciences Tools & Services,SP500,1481.17,29.68,2026-10-01,501.0,TTM-4Q,2026-06-30,,,300.4,0.79,True,25.4,32.8,2314.4,28.7,3.9,3.1,2.9,-0.31,49.1,,60.3,0.5,1.6,-2.0,1.1,1.08,8.0,10.77,16.8,0.98,12.1,8.0,0.31,-0.48,71.0,32.8,0.92,-31.9,0.16,,,1457.5,-1.6,,2.6,14.0,,-0.17,-6.09,0.0,6.09,0.0,False,-0.021,2026-08-27,105.3,-0.09,4.0,3.9,-0.04,0.0,2.61,2.61,6.9,9.1,-2.8,1405.39,1287.19,1318.24,False,1554.83,1023.05,42.94,58.8,10.4,False,False,GOODWILL,100.0
UAA,Under Armour (Class A),Consumer Discretionary,"Apparel, Accessories & Luxury Goods",SP600,4.64,2.0,2026-10-01,501.0,TTM-4Q,2026-06-30,,,47.8,1.72,False,,,1.4,,-0.6,-24.6,-4.0,-2.18,-3.9,-29.8,46.8,2.0,,-10.7,7.5,,3.0,1.94,-1.9,-0.07,-1.4,-14.4,-0.15,-0.48,12.0,53.0,0.98,-47.5,-0.79,,,,,,,,,-3.0,0.0,0.0,0.0,0.0,False,0.0,,,,,,0.08,0.0,0.0,0.0,-3.6,-585.0,1.1,5.43,5.93,5.97,True,8.15,4.13,0.21,41.2,-31.8,False,False,TIPIS;F-RENDAH,100.0
MORN,"Morningstar, Inc.",Financials,Financial Exchanges & Data,SP400,191.21,7.17,2026-10-01,501.0,TTM-4Q,2026-06-30,,,59.8,0.61,True,,17.0,7.01,13.7,,5.9,,-1.03,,32.0,,,,,3.4,,,,999.0,0.94,-8.6,24.4,0.19,-0.48,54.0,40.7,0.84,-38.4,-0.98,,,236.67,23.8,,,3.0,,-0.38,-0.2,0.0,0.2,0.0,False,-0.003,2026-08-24,66.6,0.0,6.39,5.0,-0.03,1.07,13.46,14.53,9.3,4.3,-10.4,201.14,183.02,186.37,False,233.46,141.49,6.69,42.0,12.3,False,False,GOODWILL,90.0
DLX,Deluxe Corporation,Industrials,Commercial Printing,SP600,22.94,1.05,2026-10-01,501.0,TTM-4Q,2026-06-30,2026-11-04,24.0,10.7,0.78,True,6.0,10.5,1.49,5.6,16.6,9.6,19.9,3.0,8.4,14.9,52.5,2.4,3.35,-7.9,0.7,3.01,7.0,1.81,2.2,0.5,24.1,-16.1,0.1,-0.49,49.0,39.7,1.05,-29.4,0.07,,,32.67,42.4,,2.0,3.0,7.0,-0.28,0.0,0.0,0.0,0.0,False,0.0,,93.3,0.01,12.25,9.0,0.01,5.35,0.0,5.35,0.3,73.6,2.7,24.36,25.57,25.37,True,32.07,17.76,0.69,39.6,-8.0,False,False,GOODWILL,100.0
EXR,Extra Space Storage,Real Estate,Self-Storage REITs,SP500,133.08,28.12,2026-10-01,501.0,TTM-4Q,2026-06-30,,,211.9,1.08,True,18.7,29.4,2.12,27.7,5.3,3.4,5.5,-0.42,5.0,7.1,72.8,1.6,5.55,-3.2,2.2,1.98,3.0,,999.0,-0.02,2.9,6.9,0.22,-0.49,40.0,22.7,0.52,-16.7,0.28,,,158.5,19.1,,2.24,20.0,,-0.51,0.0,0.0,0.0,0.0,False,0.0,,99.8,0.0,3.15,4.4,0.02,4.88,0.51,5.38,4.2,-1.9,4.0,142.52,142.57,141.75,True,158.88,125.71,2.73,39.1,-13.1,False,False,F-RENDAH,90.0
PVH,PVH Corp.,Consumer Discretionary,"Apparel, Accessories & Luxury Goods",SP400,75.85,3.5,2026-10-01,501.0,TTM-4Q,2026-08-02,,,76.3,0.68,True,7.7,,0.73,,12.9,-4.8,20.4,1.1,3.3,-3.5,58.8,0.9,2.07,-9.1,2.7,,5.0,2.1,4.0,0.34,-12.9,-4.8,-0.18,-0.49,48.0,48.3,1.07,-30.6,-0.14,,,,,,,,,-1.11,1.0,1.0,0.0,1.0,False,0.029,2026-09-11,,,,,0.09,0.2,0.5,0.71,1.6,-136.1,-4.9,78.14,79.15,76.11,False,100.75,59.6,2.56,52.4,-1.7,False,False,,100.0
ALGT,Allegiant Travel Company,Industrials,Passenger Airlines,SP600,75.46,2.06,2026-10-01,501.0,TTM-4Q,2026-06-30,2026-11-04,24.0,39.2,1.03,True,9.8,79.4,1.16,7.0,10.2,1.3,5.0,0.64,2.4,1.8,,,4.45,-7.3,3.2,16.17,7.0,0.95,999.0,-0.91,19.2,-12.9,0.05,-0.49,18.0,61.1,1.53,-39.2,-1.28,,,124.93,65.6,,1.57,14.0,72.8,1.1,0.0,0.0,0.0,0.0,False,0.0,,99.8,0.02,10.35,4.4,0.03,0.0,0.14,0.14,12.2,,27.0,84.22,87.4,89.17,True,123.63,57.11,3.6,40.5,-38.0,False,False,ZONA-BAHAYA;DILUSI,100.0
KAI,Kadant Inc.,Industrials,Industrial Machinery & Supplies & Components,SP600,263.52,3.11,2026-10-01,501.0,TTM-4Q,2026-07-04,,,46.3,0.85,True,15.1,28.4,3.04,19.5,6.6,3.5,5.1,-0.04,9.0,11.3,44.4,,1.63,-4.4,1.4,1.67,6.0,4.06,9.5,0.16,-1.3,0.9,-0.01,-0.49,22.0,38.9,1.35,-24.5,-0.06,,,361.67,37.2,,,3.0,,0.04,0.0,0.0,0.0,0.0,False,0.0,,113.9,0.02,13.33,6.0,0.03,0.52,-0.08,0.44,12.5,3.7,0.2,300.09,307.75,309.86,True,354.07,244.87,9.36,33.3,-16.9,False,False,,100.0
CHDN,Churchill Downs Inc.,Consumer Discretionary,Casinos & Gaming,SP400,74.82,5.21,2026-10-01,501.0,TTM-4Q,2026-06-30,2026-10-28,19.0,92.8,0.9,True,10.3,12.6,3.89,10.1,9.7,7.9,13.8,0.37,8.4,34.7,,,4.8,-5.1,1.6,1.92,6.0,1.33,2.5,-0.8,-10.3,-2.8,-0.19,-0.49,10.0,35.0,0.61,-36.4,0.57,,,130.83,74.9,,1.25,12.0,0.5,-0.12,0.0,0.0,0.0,0.0,False,0.0,,89.5,-0.01,6.72,4.8,0.04,0.61,1.66,2.27,5.7,-4.1,-2.8,85.37,87.42,91.44,False,118.35,73.98,2.75,30.0,-19.8,False,False,ZONA-BAHAYA,100.0
PCRX,"Pacira BioSciences, Inc.",Health Care,Pharmaceuticals,SP600,25.01,1.0,2026-10-01,501.0,TTM-4Q,2026-06-30,,,13.9,0.92,False,10.6,68.1,1.48,,9.5,1.5,18.0,1.55,1.4,2.0,79.2,3.1,1.07,-12.4,3.3,12.82,9.0,1.96,1.3,0.74,2.7,16.1,0.25,-0.5,46.0,37.9,0.57,-28.2,0.45,,,,,,,,,,0.0,0.0,0.0,0.0,False,0.0,2026-08-17,,,,,0.09,0.0,14.88,14.88,5.7,,-11.3,25.28,24.21,23.91,True,27.66,18.8,0.78,48.9,-4.0,False,False,TIPIS,100.0
NBHC,National Bank Holdings Corporation,Financials,Regional Banks,SP600,39.17,1.74,2026-10-01,501.0,TTM-4Q,2026-06-30,,,16.7,0.96,True,,17.7,1.05,9.9,,5.7,,-0.03,,6.5,,,,,0.2,,,,999.0,-0.41,9.1,5.1,0.3,-0.5,41.0,23.5,0.77,-16.1,0.63,,,48.0,22.5,,2.25,4.0,,-0.58,0.0,0.0,0.0,0.0,False,0.0,,95.5,0.02,5.28,5.8,0.08,3.01,2.19,5.2,7.3,-17.5,17.7,41.77,41.86,41.49,True,47.28,35.06,0.71,25.8,-14.2,False,False,DILUSI,90.0
IBP,"Installed Building Products, Inc.",Consumer Discretionary,Homebuilding,SP600,192.7,5.12,2026-10-01,501.0,TTM-4Q,2026-06-30,,,94.4,1.29,True,13.4,20.4,8.01,16.8,7.5,4.9,5.7,-0.43,17.0,38.5,33.6,1.7,1.55,-5.1,1.8,1.44,8.0,4.84,10.2,-0.03,-4.0,-14.1,-0.17,-0.5,10.0,54.2,0.79,-43.6,-0.51,,,239.92,24.5,,2.71,12.0,,-0.37,-0.26,0.0,0.26,0.0,False,-0.005,2026-09-03,100.1,-0.0,13.16,7.1,0.05,1.74,3.73,5.46,0.3,0.3,-2.5,225.42,242.0,255.75,False,349.0,186.64,9.08,34.5,-17.7,False,False,,100.0
BILL,Bill Holdings,Information Technology,Application Software,SP400,43.78,3.73,2026-10-01,501.0,TTM-4Q,2026-06-30,2026-11-05,25.0,85.0,0.88,True,,,1.06,10.1,-0.5,-0.3,11.0,0.58,-1.1,-0.3,80.9,1.6,,-4.2,1.7,,4.0,0.48,-999.0,0.08,-10.1,23.9,0.12,-0.5,43.0,59.0,1.68,-43.2,-0.27,,,57.3,30.9,,,20.0,18.5,-0.25,0.0,0.0,0.0,0.0,False,0.0,2026-09-03,118.0,0.0,17.56,5.1,0.15,0.0,14.69,14.69,13.0,-147.2,-3.8,47.27,41.48,43.33,False,57.21,31.41,1.88,41.0,5.4,False,False,ZONA-BAHAYA;DISTRES,100.0
BKU,"BankUnited, Inc.",Financials,Regional Banks,SP600,42.72,3.04,2026-10-01,501.0,TTM-4Q,2026-06-30,2026-10-21,14.0,45.1,0.89,True,,11.1,1.01,9.5,,9.0,,0.83,,9.2,,,,,0.2,,,,999.0,-0.35,20.6,-0.0,0.37,-0.5,39.0,27.8,1.01,-16.4,0.21,,,50.18,17.5,,2.55,11.0,-4.3,-0.1,-0.14,0.0,0.14,0.0,False,-0.005,2026-08-13,105.2,0.01,6.6,4.5,0.05,3.12,0.0,3.12,15.3,6.1,-3.8,45.72,46.36,46.59,True,52.11,35.1,0.94,32.6,-14.3,False,False,,90.0
CARR,Carrier Global,Industrials,Building Products,SP500,55.22,45.86,2026-10-01,501.0,TTM-4Q,2026-03-31,2026-10-27,18.0,404.0,1.04,True,18.3,35.0,3.32,16.7,5.5,2.9,3.7,-0.37,6.9,9.4,,1.0,3.49,-2.2,4.9,1.61,5.0,2.41,999.0,-0.62,-2.6,1.3,-0.02,-0.5,27.0,35.8,1.09,-28.9,0.14,,,77.14,39.7,,1.88,22.0,5.2,-0.89,0.0,0.0,0.0,0.0,False,0.0,,89.9,-0.07,2.34,2.8,-0.15,1.69,4.16,5.85,-1.9,-77.2,-4.0,59.77,62.75,61.61,True,76.76,50.24,1.56,39.9,-23.2,False,False,GOODWILL,100.0
CNP,CenterPoint Energy,Utilities,Multi-Utilities,SP500,37.21,24.34,2026-10-01,501.0,TTM-4Q,2026-03-31,2026-10-22,15.0,250.5,1.3,True,12.3,22.7,2.13,17.8,8.1,4.4,-11.0,-0.89,5.4,9.6,100.0,1.0,5.74,-2.8,0.7,2.2,5.0,,2.2,0.25,4.0,-7.7,-0.11,-0.5,26.0,17.2,0.04,-18.2,0.41,,,45.24,21.6,,2.16,17.0,7.4,-0.45,0.04,0.04,0.0,1.0,False,0.0,2026-08-17,107.3,-0.01,9.07,7.9,0.09,2.39,0.0,2.39,5.2,10.9,0.9,39.81,41.95,41.38,False,45.26,36.37,0.65,36.1,-18.7,False,False,,100.0
ACLS,"Axcelis Technologies, Inc.",Information Technology,Semiconductor Materials & Equipment,SP600,136.71,4.22,2026-10-01,501.0,TTM-4Q,2026-06-30,2026-11-03,23.0,41.4,1.12,True,35.7,45.5,3.96,26.0,2.8,2.2,1.6,-0.27,7.5,8.9,43.0,0.7,-3.76,1.3,4.6,0.81,4.0,9.94,17.2,-0.49,12.8,15.3,0.21,-0.5,86.0,67.8,1.43,-45.9,-0.37,,,161.0,17.8,,2.8,3.0,18.6,-0.62,0.0,0.0,0.0,0.0,False,0.0,,103.4,0.03,6.7,4.5,0.19,0.0,0.0,0.0,-3.3,-41.5,-2.3,123.85,130.3,119.6,True,193.78,73.6,5.86,67.2,-7.8,False,False,,100.0
BLKB,Blackbaud,Information Technology,Application Software,SP600,42.55,1.93,2026-10-01,501.0,TTM-4Q,2026-06-30,2026-10-28,19.0,18.8,0.79,True,9.8,12.8,28.81,7.1,10.2,7.8,17.0,1.62,16.3,215.6,59.6,2.4,3.58,-7.2,5.2,2.25,7.0,1.13,3.4,0.07,-25.7,27.2,0.02,-0.51,59.0,47.9,0.77,-60.9,0.08,,,51.5,21.0,,2.25,4.0,4.2,-1.44,-1.91,0.0,1.91,0.0,False,-0.099,2026-09-01,110.9,0.0,12.58,9.7,-0.23,0.0,11.68,11.68,0.7,,-7.0,44.1,38.15,42.56,False,70.71,25.58,1.57,44.5,37.9,False,False,ZONA-BAHAYA;GOODWILL,100.0
REG,Regency Centers,Real Estate,Retail REITs,SP500,71.8,13.15,2026-10-01,501.0,TTM-4Q,2026-03-31,,,101.1,0.82,True,11.5,24.1,1.91,,8.7,4.2,,0.16,7.6,8.0,,,3.11,-2.1,0.5,1.5,,,999.0,0.38,7.5,0.9,0.27,-0.51,38.0,15.7,0.31,-12.3,1.16,,,,,,,,,-0.18,0.0,0.0,0.0,0.0,False,0.0,,,,,,0.06,5.02,0.0,5.02,7.8,36.5,,76.14,77.71,76.3,True,83.66,66.86,1.04,28.7,-13.5,False,False,,100.0
RDN,"Radian Group, Inc.",Financials,Property & Casualty Insurance,SP600,31.22,4.13,2026-10-01,501.0,TTM-4Q,2026-06-30,,,52.8,2.16,True,,7.7,0.86,,,13.0,,1.58,,11.5,,,,,1.1,,,,10.4,0.12,1.8,10.0,0.23,-0.51,22.0,25.1,0.6,-22.4,0.5,,,,,,,,,0.91,0.0,0.0,0.0,0.0,False,0.0,2026-09-14,,,,,0.05,3.45,3.14,6.59,37.1,-8.6,-1.5,36.28,35.68,35.36,False,41.05,30.53,0.87,24.3,-19.8,False,False,,90.0
SHW,Sherwin-Williams,Materials,Specialty Chemicals,SP500,320.78,77.87,2026-10-01,501.0,TTM-4Q,2026-06-30,,,559.7,0.95,True,18.9,29.0,20.2,,5.3,3.5,4.1,-0.45,19.9,65.1,49.0,2.8,2.49,-4.6,0.9,1.45,5.0,3.41,7.8,2.05,-3.8,1.8,-0.04,-0.51,34.0,27.3,0.73,-21.0,0.91,,,,,,,,,-0.12,-7.67,0.0,7.67,0.0,False,-0.01,2026-08-17,,,,,0.02,1.01,3.37,4.38,5.8,5.6,-2.1,338.82,328.33,333.29,False,377.77,289.86,8.14,41.6,-11.3,False,False,GOODWILL,100.0
ADEA,"Adeia, Inc.",Information Technology,IT Consulting & Other Services,SP600,25.34,2.79,2026-10-01,501.0,TTM-4Q,2026-06-30,2026-11-02,22.0,26.2,1.34,True,11.8,22.8,5.86,15.8,8.5,4.4,6.7,0.61,16.8,27.9,,,0.96,-6.5,9.3,1.56,8.0,4.64,5.4,-0.01,46.5,-2.4,0.34,-0.51,73.0,65.8,1.06,-34.8,0.29,,,43.0,69.7,,1.5,4.0,10.4,0.04,0.0,0.0,0.0,0.0,False,0.0,,105.8,0.01,11.86,9.0,0.17,0.79,1.07,1.86,24.3,46.3,2.0,26.44,27.32,24.98,True,34.34,11.61,1.11,47.2,-15.4,False,False,,100.0
L,Loews Corporation,Financials,Multi-line Insurance,SP500,105.05,21.48,2026-10-01,501.0,TTM-4Q,2026-06-30,,,116.7,1.8,True,,12.7,1.12,36.2,,7.9,,0.53,,9.2,,,,,0.3,,,,6.2,-0.22,8.5,2.1,0.33,-0.51,38.0,16.2,0.37,-12.5,1.47,,,,,,,,,-0.58,0.0,0.0,0.0,0.0,False,0.0,,61.8,-0.09,2.87,6.4,-0.61,0.24,1.58,1.83,3.5,25.1,-1.8,110.98,109.86,108.99,True,121.01,97.38,1.6,33.8,-12.1,False,False,,90.0
DEI,Douglas Emmett,Real Estate,Office REITs,SP600,9.71,1.63,2026-10-01,501.0,TTM-4Q,2026-06-30,2026-11-03,23.0,23.2,1.27,True,,,0.88,,,-1.4,11.0,0.5,,-1.2,63.2,1.3,,-4.3,0.5,,3.0,,,0.23,-22.7,25.6,0.05,-0.51,18.0,29.9,0.95,-40.9,-1.69,,,13.1,34.9,,2.92,10.0,44.1,-0.63,0.0,0.0,0.0,0.0,False,0.0,,106.7,0.0,27.7,22.3,-0.01,7.83,0.0,7.83,0.8,-160.7,0.0,11.22,11.11,11.02,False,15.83,9.04,0.3,28.9,-24.3,False,False,F-RENDAH;SHORT-TINGGI,100.0
MP,MP Materials,Materials,Diversified Metals & Mining,SP400,46.09,8.21,2026-10-01,501.0,TTM-4Q,2026-06-30,,,265.1,1.32,True,,,4.19,52.7,-0.2,-0.7,-6.1,-2.26,-4.2,-4.1,,,,0.8,6.7,,5.0,4.18,-3.3,,-19.9,11.0,-0.06,-0.51,18.0,74.4,0.97,-61.4,-1.59,,,74.29,61.2,,1.37,17.0,,,0.0,0.0,0.0,0.0,False,0.0,,77.6,-0.06,20.5,6.4,0.12,0.0,0.0,0.0,26.1,,8.9,50.97,55.79,56.75,False,100.25,37.81,2.67,38.8,-15.7,False,False,DILUSI;SHORT-TINGGI,100.0
ACHC,Acadia Healthcare,Health Care,Health Care Facilities,SP600,26.93,2.48,2026-10-01,501.0,TTM-4Q,2026-03-31,2026-11-04,24.0,40.0,0.83,True,,,1.27,14.6,-18.0,-44.6,-11.8,-3.0,-17.4,-44.3,,,,-22.0,9.2,,4.0,0.3,-999.0,,14.1,19.3,0.26,-0.52,73.0,64.3,0.61,-57.1,-1.05,,,33.79,25.5,,2.0,14.0,9.7,-1.87,0.0,0.0,0.0,0.0,False,0.0,,147.4,0.17,35.48,14.3,0.17,0.0,0.0,0.0,6.8,-690.1,-1.3,29.29,27.25,24.1,True,35.83,11.43,1.26,40.6,-17.7,False,False,ZONA-BAHAYA;DISTRES;SHORT-TINGGI,100.0
BROS,Dutch Bros Inc.,Consumer Discretionary,Restaurants,SP400,38.61,5.2,2026-10-01,501.0,TTM-4Q,2026-06-30,2026-11-04,24.0,178.0,0.87,True,16.3,56.3,6.52,28.9,6.1,1.8,1.8,-0.84,12.9,12.9,25.1,2.1,-0.22,-8.8,2.0,3.96,6.0,2.13,999.0,0.07,-11.5,-8.4,-0.19,-0.52,3.0,51.7,1.83,-48.5,-1.6,,,75.48,95.5,,1.27,25.0,11.2,1.61,0.1,0.1,0.0,1.0,False,0.002,2026-08-13,95.7,0.0,39.78,4.2,0.05,0.0,0.0,0.0,29.6,61.4,6.3,49.63,54.77,55.68,False,74.02,37.4,1.62,26.6,-47.8,False,False,DILUSI;SHORT-TINGGI,100.0
CBU,"Community Bank System, Inc.",Financials,Regional Banks,SP600,59.93,3.15,2026-10-01,501.0,TTM-4Q,2026-06-30,2026-10-27,18.0,18.7,0.76,True,,13.8,1.52,11.6,,7.2,,-0.22,,11.5,,,,,0.2,,,,2.6,-0.2,8.1,5.0,0.29,-0.52,43.0,22.7,0.83,-16.0,0.61,,,70.17,17.1,,2.67,6.0,-6.8,-0.29,0.08,0.08,0.0,3.0,True,0.002,2026-09-09,79.8,0.0,5.41,10.3,0.98,3.13,0.49,3.62,10.0,17.2,-0.2,63.47,62.99,62.79,True,71.11,53.46,1.14,34.7,-13.6,False,False,,90.0
HOOD,Robinhood Markets,Financials,Investment Banking & Brokerage,SP500,111.15,101.37,2026-10-01,501.0,TTM-4Q,2026-06-30,,,2747.7,0.78,True,,48.9,10.62,32.8,,2.0,,-1.26,,23.5,,,,,11.0,,,,999.0,-1.8,-27.7,47.6,0.14,-0.52,59.0,71.5,3.33,-57.3,-3.0,,,130.08,17.0,,1.66,27.0,,1.07,0.0,0.0,0.0,0.0,False,0.0,2026-09-22,79.5,0.01,4.62,1.6,0.01,0.0,0.86,0.86,38.3,15.9,0.3,105.17,92.07,94.34,False,153.86,63.51,6.11,47.8,-3.9,False,False,,90.0
BBWI,"Bath & Body Works, Inc.",Consumer Discretionary,Other Specialty Retail,SP400,16.4,3.31,2026-10-01,501.0,TTM-4Q,2026-08-01,2026-11-19,35.0,112.0,0.8,True,4.2,4.2,,5.9,23.7,23.6,31.2,2.69,39.6,,44.1,2.1,1.94,-9.9,1.1,1.63,7.0,2.24,4.5,1.23,-24.6,-1.6,-0.22,-0.53,9.0,60.2,1.38,-44.4,-1.31,,,24.06,46.7,,2.58,16.0,154.9,-0.04,0.0,0.0,0.0,0.0,False,0.0,,105.8,0.0,8.05,2.3,0.05,4.9,4.45,9.34,-2.2,7.3,-4.3,18.62,19.26,19.92,False,27.4,14.28,0.76,40.0,-27.2,False,False,GOODWILL,100.0
ALLY,Ally Financial,Financials,Consumer Finance,SP400,37.65,11.45,2026-10-01,501.0,TTM-4Q,2026-06-30,2026-10-20,13.0,149.4,1.42,True,,7.9,0.74,6.0,,12.7,,1.77,,9.7,,,,,0.5,,,,999.0,-0.4,9.8,6.7,0.28,-0.53,24.0,29.6,1.26,-23.0,-0.35,,,53.23,41.4,,1.5,18.0,-1.0,0.59,0.0,0.0,0.0,0.0,False,0.0,2026-08-04,88.7,0.0,4.93,4.8,-0.02,3.33,2.79,6.11,11.5,235.8,-0.4,42.18,42.42,42.69,False,47.29,35.92,0.93,23.9,-19.0,False,False,,90.0
SBAC,SBA Communications,Real Estate,Telecom Tower REITs,SP500,158.02,16.76,2026-10-01,501.0,TTM-4Q,2026-06-30,,,171.6,0.67,True,17.3,16.9,,,5.8,5.9,6.2,-0.3,14.6,,75.2,1.3,7.33,-2.6,2.3,1.3,6.0,,999.0,1.43,0.1,11.5,0.17,-0.53,19.0,33.4,0.35,-28.5,-0.55,,,,,,,,,-0.39,-0.05,0.0,0.05,0.0,False,-0.0,2026-08-17,,,,,0.06,3.01,0.0,3.01,5.4,12.7,-1.4,180.28,191.87,191.43,False,224.46,157.35,4.85,21.9,-16.5,False,False,,100.0
HRL,Hormel Foods,Consumer Staples,Packaged Foods & Meats,SP500,19.96,11.0,2026-10-01,501.0,TTM-4Q,2026-07-26,,,96.5,1.27,True,15.4,32.1,1.4,12.8,6.5,3.1,7.1,0.01,3.5,4.3,15.7,0.6,2.35,-5.6,1.6,3.19,3.0,3.2,7.3,-0.77,-6.5,2.5,-0.07,-0.53,18.0,29.2,0.05,-24.8,0.58,,,26.12,30.9,,2.6,8.0,,-0.41,-0.5,0.0,0.5,0.0,False,-0.005,2026-07-08,91.4,0.0,7.14,3.7,-0.04,5.83,0.0,5.83,0.7,-54.6,0.1,22.77,22.84,23.18,False,26.6,19.42,0.47,29.2,-22.2,False,False,F-RENDAH,100.0
ORI,Old Republic International,Financials,Property & Casualty Insurance,SP400,37.49,9.05,2026-10-01,501.0,TTM-4Q,2026-06-30,,,60.6,1.12,True,,8.0,1.49,11.4,,12.6,,0.86,,18.6,,,,,1.5,,,,999.0,0.03,6.3,6.2,0.27,-0.53,29.0,23.5,0.31,-16.2,1.08,,,43.5,16.0,,,2.0,,-0.15,-1.45,0.0,1.45,0.0,False,-0.016,2026-09-01,78.9,0.0,5.89,9.6,-0.0,10.08,3.47,13.55,12.1,27.4,-1.9,41.45,40.54,41.07,False,46.76,36.65,0.72,24.7,-12.7,False,False,,90.0
GMED,Globus Medical,Health Care,Health Care Equipment,SP400,74.41,9.99,2026-10-01,501.0,TTM-4Q,2026-06-30,,,121.0,0.91,True,10.2,18.7,2.1,13.8,9.8,5.4,7.6,0.81,11.4,11.8,68.5,4.1,-0.65,-7.2,3.3,1.7,8.0,10.06,999.0,0.26,40.5,-8.3,0.36,-0.54,39.0,45.1,0.71,-24.0,0.25,,,103.23,38.7,,1.87,13.0,,0.05,-4.41,0.0,4.41,0.0,False,-0.044,2026-09-15,92.4,0.05,6.1,5.5,0.05,0.0,2.21,2.21,19.7,50.1,0.6,79.55,82.84,84.69,False,101.4,56.21,1.81,40.2,-9.5,False,False,,100.0
PGR,Progressive Corporation,Financials,Property & Casualty Insurance,SP500,210.96,122.65,2026-10-01,501.0,TTM-4Q,2026-06-30,,,604.6,0.89,True,,10.5,3.57,,,9.5,,-0.05,,34.9,,,,,3.2,,,,50.8,0.88,-4.9,14.2,0.17,-0.54,37.0,26.9,0.41,-17.9,0.77,,,,,,,,,-0.29,0.0,0.0,0.0,0.0,False,0.0,2026-09-01,,,,,0.05,6.64,0.0,6.64,10.5,12.1,-0.6,214.3,208.41,209.3,False,248.17,189.2,4.51,47.7,-11.4,False,False,,90.0
SF,Stifel,Financials,Investment Banking & Brokerage,SP400,70.34,11.37,2026-10-01,501.0,TTM-4Q,2026-06-30,,,105.7,0.88,True,,11.9,1.89,,,8.4,,-0.05,,16.4,,,,,0.4,,,,2.6,-0.0,6.1,7.5,0.25,-0.54,32.0,26.9,1.28,-22.7,-0.25,,,,,,,,,-0.07,-0.37,0.0,0.37,0.0,False,-0.003,2026-07-23,,,,,0.05,0.0,2.97,2.97,11.0,56.2,-1.0,79.59,76.05,78.02,False,89.83,67.81,1.91,26.7,-6.3,False,False,,90.0
SIG,Signet Jewelers,Consumer Discretionary,Specialty Stores,SP600,104.25,3.99,2026-10-01,501.0,TTM-4Q,2026-08-01,,,118.4,0.92,True,5.7,11.3,2.18,,17.6,8.9,13.4,1.02,20.1,19.9,39.1,0.3,-0.86,-6.2,4.3,1.96,8.0,3.37,999.0,0.54,-14.6,-6.4,-0.21,-0.54,80.0,49.8,0.99,-30.0,-0.09,,,,,,,,,0.67,0.0,0.0,0.0,0.0,False,0.0,,,,,,0.08,1.32,5.64,6.97,0.6,168.0,-4.4,93.18,88.98,89.38,True,110.2,71.62,3.97,63.9,20.8,False,False,,100.0
NXPI,NXP Semiconductors,Information Technology,Semiconductors,SP500;NDX,239.19,60.39,2026-10-01,501.0,TTM-4Q,2026-03-29,,,822.6,0.66,True,14.8,22.8,5.53,13.2,6.8,4.4,4.5,0.33,13.9,26.2,55.0,1.0,1.73,-1.5,1.7,1.15,7.0,3.39,8.1,-0.16,-1.1,14.1,0.13,-0.54,54.0,48.3,1.45,-33.7,0.43,,,311.1,30.1,,1.8,29.0,,-0.54,0.0,0.0,0.0,0.0,False,0.0,2026-09-15,99.4,-0.0,3.22,2.3,0.15,1.69,1.16,2.85,2.4,12.4,-0.6,233.32,250.21,245.64,True,339.95,183.0,7.3,56.0,-14.7,False,False,,100.0
FHN,First Horizon,Financials,Regional Banks,SP400,23.05,10.92,2026-10-01,501.0,TTM-4Q,2026-06-30,,,121.9,1.39,True,,10.3,1.19,10.0,,9.7,,0.52,,11.6,,,,,0.1,,,,999.0,-0.19,8.5,5.3,0.27,-0.55,39.0,25.4,1.1,-16.5,0.22,,,27.98,21.4,,2.38,21.0,,-0.25,-0.46,0.0,0.46,0.0,False,-0.004,2026-08-20,93.1,0.0,0.01,0.0,-0.02,2.86,8.07,10.92,10.3,25.3,-6.5,24.74,24.35,24.41,True,26.56,19.8,0.45,33.2,-12.5,False,False,,90.0
O,Realty Income,Real Estate,Retail REITs,SP500,53.53,50.65,2026-10-01,501.0,TTM-4Q,2026-06-30,,,501.8,1.33,True,13.0,38.6,1.28,34.5,7.7,2.6,7.9,0.17,3.2,3.3,,,0.21,-3.9,0.3,3.18,,,999.0,-0.31,6.4,1.3,0.23,-0.55,25.0,16.6,0.18,-18.3,1.06,,,67.26,25.7,,2.5,20.0,,0.06,-0.21,0.0,0.21,0.0,False,-0.0,2026-09-10,81.7,0.01,4.91,7.4,0.07,5.92,-3.83,2.08,10.9,42.0,3.4,60.83,62.19,61.84,True,67.94,53.33,0.86,12.0,-18.3,False,False,,100.0
GNRC,Generac,Industrials,Heavy Electrical Equipment,SP500,207.91,12.27,2026-10-01,501.0,TTM-4Q,2026-06-30,,,290.2,0.68,True,20.8,47.5,4.26,16.7,4.8,2.1,3.1,-0.59,8.0,9.5,39.5,2.2,1.57,-5.2,3.7,2.12,5.0,4.59,6.2,0.02,8.4,-8.9,-0.0,-0.55,65.0,56.3,0.97,-40.8,-0.65,,,293.94,41.4,,1.76,16.0,,-0.7,0.0,0.0,0.0,0.0,False,0.0,2026-09-17,91.7,0.01,4.24,2.7,0.0,0.0,0.0,0.0,0.6,-26.0,1.0,200.68,225.27,212.29,True,296.44,134.8,9.87,55.5,-19.8,False,False,,100.0
BR,Broadridge Financial Solutions,Industrials,Data Processing & Outsourced Services,SP500,161.15,18.37,2026-10-01,501.0,TTM-4Q,2026-06-30,2026-11-03,23.0,173.4,0.62,True,14.8,16.3,6.47,13.9,6.8,6.1,7.0,0.18,16.2,40.9,31.8,1.3,1.98,-2.5,2.2,1.2,9.0,3.88,11.6,0.18,-23.0,13.5,-0.16,-0.55,32.0,29.1,0.67,-42.2,0.31,,,213.38,32.4,,2.33,8.0,1.7,-0.1,0.0,0.0,0.0,0.0,False,0.0,,98.1,-0.02,2.94,2.6,-0.04,2.41,3.29,5.7,8.5,33.9,-1.0,168.21,160.36,171.48,False,238.73,133.83,4.0,38.7,9.1,False,False,GOODWILL,100.0
ACGL,Arch Capital Group,Financials,Property & Casualty Insurance,SP500,94.26,32.16,2026-10-01,501.0,TTM-4Q,2026-06-30,2026-10-26,17.0,438.4,0.9,True,,6.9,1.34,9.7,,14.6,,1.22,,19.9,,,,,1.7,,,,,0.26,8.7,3.3,0.29,-0.55,39.0,20.9,0.32,-14.1,1.25,,,111.66,18.5,,2.25,19.0,4.0,-0.58,-1.09,0.0,1.09,0.0,False,-0.003,2026-08-18,94.1,0.0,2.5,2.5,-0.03,0.0,10.82,10.82,0.4,25.7,-8.2,98.33,96.49,96.38,True,107.09,82.45,1.89,40.9,-10.1,False,False,,90.0
REX,REX American Resources Corporation,Energy,Oil & Gas Refining & Marketing,SP600,43.75,1.45,2026-10-01,501.0,TTM-4Q,2026-07-31,,,11.3,1.7,True,,10.6,2.15,,,9.5,4.7,0.3,,22.5,27.2,4.4,,-0.7,2.1,1.04,6.0,,999.0,-0.87,37.1,-5.6,0.49,-0.56,72.0,32.1,0.39,-19.9,0.67,,,,,,,,,-0.24,0.0,0.0,0.0,0.0,False,0.0,,,,,,0.15,0.0,0.11,0.11,1.3,114.0,0.2,43.06,44.28,41.66,True,53.36,30.31,1.39,55.5,-5.2,False,False,,100.0
AJG,Arthur J. Gallagher & Co.,Financials,Insurance Brokers,SP500,231.82,59.42,2026-10-01,501.0,TTM-4Q,2026-06-30,2026-10-29,20.0,353.8,2.0,True,,37.8,2.51,15.6,,2.6,,-1.52,,6.7,,,,,0.5,,,,4.1,-0.32,-14.6,21.5,0.11,-0.56,28.0,31.6,0.42,-37.8,-0.17,,,289.67,25.0,,1.73,18.0,0.9,0.33,-7.56,0.0,7.56,0.0,False,-0.013,2026-09-15,95.5,0.0,2.52,4.7,-0.02,1.17,-0.36,0.81,26.3,-4.5,0.2,250.04,229.42,233.11,False,313.55,190.75,6.37,39.8,-10.5,False,False,,90.0
MAA,Mid-America Apartment Communities,Real Estate,Multi-Family Residential REITs,SP500,116.38,13.54,2026-10-01,501.0,TTM-4Q,2026-03-31,,,147.7,0.97,True,15.6,34.8,2.44,35.5,6.4,2.9,5.1,-0.39,5.2,6.8,,,4.55,-5.4,0.6,2.65,,,3.1,-0.05,-3.0,8.1,0.13,-0.56,21.0,18.9,0.44,-17.2,0.61,,,141.44,21.5,,2.54,25.0,,-0.8,0.0,0.0,0.0,0.0,False,0.0,,100.1,0.02,3.9,5.2,0.12,5.25,-0.01,5.24,0.8,-31.1,-0.3,128.13,129.76,131.14,False,144.41,116.17,2.04,23.1,-20.2,False,False,,90.0
LRN,"Stride, Inc.",Consumer Discretionary,Education Services,SP600,77.52,3.22,2026-10-01,501.0,TTM-4Q,2026-06-30,,,57.3,0.85,True,4.6,9.5,1.97,8.4,21.5,10.5,13.4,1.37,17.5,21.7,37.8,1.5,-0.94,-4.0,3.1,1.28,6.0,5.44,999.0,0.23,-41.4,-1.8,-0.24,-0.56,18.0,88.9,0.22,-60.3,-1.38,,,109.0,40.6,,2.67,2.0,,0.04,0.0,0.0,0.0,0.0,False,0.0,,116.0,-0.0,27.66,13.1,0.05,0.0,5.86,5.86,4.7,17.5,-2.2,82.92,87.65,84.52,True,155.06,60.61,2.42,39.8,-16.4,False,False,SHORT-TINGGI,100.0
SLM,SLM Corp,Financials,Consumer Finance,SP400,22.61,4.25,2026-10-01,501.0,TTM-4Q,2026-06-30,,,50.3,1.28,True,,5.8,1.72,,,17.3,,1.32,,30.3,,,,,0.8,,,,999.0,0.35,-5.3,19.3,0.17,-0.56,25.0,40.3,0.85,-39.3,-1.01,,,,,,,,,,0.0,0.0,0.0,0.0,False,0.0,,,,,,0.05,2.43,13.2,15.63,,66.3,-10.7,25.85,23.5,24.17,False,31.06,17.77,0.75,29.2,-13.9,False,False,,90.0
CERT,"Certara, Inc.",Health Care,Health Care Technology,SP600,9.34,1.42,2026-10-01,501.0,TTM-4Q,2026-06-30,2026-11-05,25.0,22.8,1.51,True,24.2,,1.47,23.9,4.1,-4.8,5.6,0.03,-0.0,-6.7,,1.0,1.7,-10.3,1.5,,5.0,2.23,-0.0,0.32,-33.7,47.3,0.11,-0.56,83.0,61.4,1.81,-67.1,-2.34,,,8.34,-10.8,,,10.0,-12.2,-2.66,0.0,0.0,0.0,0.0,False,0.0,,112.9,-0.0,29.59,13.8,0.04,0.0,5.26,5.26,3.8,-957.1,-4.6,8.22,6.77,7.18,False,13.88,4.45,0.36,66.8,30.6,False,False,SHORT-TINGGI,100.0
ALGM,Allegro MicroSystems,Information Technology,Semiconductors,SP400,36.38,6.78,2026-10-01,501.0,TTM-4Q,2026-06-26,2026-10-29,20.0,86.5,1.17,True,60.0,477.5,7.03,24.6,1.7,0.2,1.3,-0.59,3.8,1.5,47.2,4.7,1.04,-7.8,9.0,8.69,7.0,10.16,2.3,-0.61,21.5,6.5,0.21,-0.56,47.0,66.3,1.86,-52.6,-0.86,,,54.82,50.7,,1.33,11.0,8.8,-0.14,0.0,0.0,0.0,0.0,False,0.0,2026-08-17,80.8,0.01,10.61,4.9,0.17,0.0,0.0,0.0,24.2,,1.7,38.71,42.41,40.21,True,71.77,22.41,1.7,48.5,-36.1,False,False,,100.0
SHOP,Shopify,Information Technology,Software,NDX,149.09,193.51,2026-10-01,501.0,TTM-4Q,2026-06-30,,,1448.6,0.47,True,100.7,100.4,15.26,,1.0,1.0,1.2,-0.65,11.3,15.5,47.8,1.9,-2.64,-3.1,19.0,1.23,,67.24,999.0,-0.2,-5.9,18.0,0.1,-0.56,71.0,58.9,2.33,-46.7,-0.86,,,,,,,,,0.42,0.0,0.0,0.0,0.0,False,0.0,,,,,,0.15,0.0,0.0,0.0,32.5,-17.8,-0.8,139.96,124.92,129.59,False,182.19,94.0,6.63,59.1,21.7,False,False,,100.0
CHRW,C.H. Robinson,Industrials,Air Freight & Logistics,SP500,153.14,17.89,2026-10-01,501.0,TTM-4Q,2026-06-30,2026-10-28,19.0,211.9,1.08,True,20.8,28.3,10.99,20.4,4.8,3.5,3.7,-0.54,21.1,37.1,,1.2,1.64,-0.9,3.2,1.08,8.0,7.69,999.0,0.58,12.9,-11.9,0.01,-0.57,31.0,44.9,0.92,-32.4,-0.03,,,197.56,29.0,,1.76,25.0,5.6,-0.49,0.0,0.0,0.0,0.0,False,0.0,,105.2,-0.0,4.97,3.9,-0.01,1.7,3.68,5.37,-0.1,18.5,-1.1,152.31,170.73,172.3,False,210.33,123.64,4.24,53.2,-21.4,False,False,,100.0
DHR,Danaher Corporation,Health Care,Life Sciences Tools & Services,SP500,211.76,148.86,2026-10-01,501.0,TTM-4Q,2026-06-26,2026-10-21,14.0,926.9,1.26,True,22.3,37.2,2.83,22.8,4.5,2.7,3.7,-0.03,5.8,7.6,58.5,1.0,2.9,-3.0,1.7,1.66,7.0,3.5,17.6,-0.16,5.0,8.7,0.22,-0.57,58.0,31.1,0.86,-33.0,0.22,,,230.83,9.0,,1.5,23.0,5.3,-0.3,-12.74,0.0,12.74,0.0,False,-0.009,2026-08-21,84.4,0.01,1.33,2.6,0.04,0.65,1.95,2.6,4.6,17.3,-1.6,208.36,193.75,201.68,False,242.8,160.93,6.09,47.2,4.3,False,False,INSIDER-JUAL,100.0
RDDT,Reddit,Communication Services,Interactive Media & Services,SP500,149.53,30.21,2026-10-01,501.0,TTM-4Q,2026-06-30,,,735.7,0.83,True,34.2,34.7,9.19,,2.9,2.9,3.4,-0.48,27.5,30.7,91.4,2.9,-3.48,-4.9,17.9,1.18,7.0,54.11,999.0,1.21,-37.1,6.2,-0.22,-0.57,10.0,71.6,2.35,-52.9,-2.13,,,,,,,,,1.47,-0.82,0.0,0.82,0.0,False,-0.003,2026-09-15,,,,,0.13,0.0,0.0,0.0,66.6,302.6,1.3,156.74,158.87,168.9,False,263.5,119.27,7.68,46.9,-25.1,False,False,,100.0
RCL,Royal Caribbean Group,Consumer Discretionary,"Hotels, Resorts & Cruise Lines",SP500,269.99,72.21,2026-10-01,501.0,TTM-4Q,2026-06-30,,,813.8,0.97,True,13.6,16.4,7.05,,7.3,6.1,-0.6,-0.79,13.1,45.3,49.1,48.9,3.17,-5.7,10.1,1.54,7.0,2.04,5.0,-0.88,-16.7,-5.3,-0.23,-0.57,30.0,47.2,1.44,-32.7,-0.53,,,,,,,,,0.35,-4.05,0.0,4.05,0.0,False,-0.006,2026-07-29,,,,,0.07,1.59,2.7,4.3,8.7,22.1,-2.5,282.2,281.38,286.96,False,356.39,222.22,10.32,56.2,-11.2,False,False,,100.0
CAVA,Cava Group,Consumer Discretionary,Restaurants,SP400,54.4,6.35,2026-10-01,501.0,FY,2025-12-28,2026-11-10,28.0,204.7,1.02,True,47.1,99.7,8.15,73.1,2.1,1.0,0.4,-1.25,6.4,8.6,,3.7,-2.19,-9.6,8.0,2.9,5.0,7.55,999.0,0.45,1.1,-23.8,-0.19,-0.57,10.0,59.0,1.6,-48.9,-1.64,,,82.75,52.1,,1.89,24.0,2.9,0.61,0.48,0.48,0.0,2.0,True,0.008,2026-09-15,90.0,0.0,13.35,5.3,1.06,0.0,0.0,0.0,22.4,-51.1,0.0,61.59,74.71,72.29,True,98.79,43.41,2.42,43.1,-31.0,False,False,LAPKEU-LAMA,60.0
ELAN,Elanco,Health Care,Pharmaceuticals,SP400,21.77,10.88,2026-10-01,501.0,TTM-4Q,2026-06-30,2026-11-06,26.0,128.4,1.04,True,26.6,,1.65,16.9,3.8,-1.8,3.5,-0.11,-1.3,-3.0,55.4,0.6,5.94,-6.0,3.5,,5.0,1.22,-999.0,-0.31,18.7,3.4,0.26,-0.57,33.0,42.0,1.01,-26.2,-0.0,,,31.0,42.4,,1.5,13.0,26.5,-0.47,1.47,1.47,0.0,5.0,True,0.014,2026-08-20,115.3,0.0,10.12,6.4,1.06,0.0,0.0,0.0,12.0,-145.9,1.2,23.81,23.73,23.8,True,27.98,19.4,0.74,34.3,-15.1,False,False,ZONA-BAHAYA;DISTRES,100.0
CPB,The Campbell's Company,Consumer Staples,Packaged Foods & Meats,SP600,19.49,5.81,2026-10-01,501.0,TTM-4Q,2026-08-02,2026-12-09,49.0,196.2,0.8,True,9.9,14.4,1.51,10.6,10.1,6.9,11.7,1.01,6.0,10.4,28.1,,5.33,-4.2,1.7,2.58,6.0,1.47,2.6,-1.07,-20.2,9.6,-0.16,-0.57,12.0,32.0,0.15,-36.3,0.03,,,20.79,6.7,,3.3,17.0,0.7,-0.62,0.0,0.0,0.0,0.0,False,0.0,,63.8,-0.02,24.95,4.6,-0.11,8.09,0.45,8.53,-5.0,-33.1,0.0,22.07,21.83,23.26,False,32.22,19.1,0.7,34.3,-18.5,False,False,ZONA-BAHAYA;GOODWILL;SHORT-TINGGI,100.0
PSKY,Paramount Skydance Corporation,Communication Services,Movies & Entertainment,SP500,9.34,10.01,2026-10-01,501.0,FY,2024-12-31,,,261.5,1.84,True,,,0.61,,-22.3,-61.8,4.9,-2.21,-15.3,-31.4,,,,-15.0,,,,0.76,-6.1,,-43.5,14.6,-0.29,-0.57,12.0,50.1,0.81,-58.6,-0.7,,,,,,,,,,0.0,0.0,0.0,0.0,False,0.0,,,,,,0.16,1.39,0.0,1.39,-1.5,,1.8,9.88,10.15,10.58,False,19.45,7.62,0.54,38.8,-12.4,False,False,LAPKEU-LAMA;ZONA-BAHAYA;DISTRES,60.0
ALK,Alaska Air Group,Industrials,Passenger Airlines,SP400,39.49,4.41,2026-10-01,501.0,TTM-4Q,2026-06-30,2026-10-22,15.0,115.3,1.02,True,13.2,,1.2,8.8,7.6,-4.0,,-0.15,-1.9,-4.6,,,5.75,-5.8,1.1,,4.0,0.94,-0.7,-1.66,-18.3,8.1,-0.1,-0.57,16.0,51.5,1.11,-43.2,-0.73,,,57.91,46.6,,1.5,16.0,7.2,-0.65,0.74,1.0,0.26,1.0,False,0.017,2026-08-20,94.3,-0.0,11.59,4.9,0.0,0.0,6.47,6.47,9.8,-155.9,-8.1,43.45,43.22,45.49,False,60.63,33.03,1.57,42.4,-24.6,False,False,ZONA-BAHAYA;DISTRES,100.0
SPXC,SPX Technologies,Industrials,Industrial Machinery & Supplies & Components,SP400,169.71,8.5,2026-10-01,501.0,TTM-4Q,2026-06-27,,,109.7,1.84,True,16.9,30.5,3.62,,5.9,3.3,3.6,-0.29,11.3,14.4,40.2,,0.84,-3.9,5.7,1.51,6.0,4.54,10.7,0.22,2.9,-5.4,-0.03,-0.58,13.0,41.2,1.14,-31.2,-0.12,,,,,,,,,0.59,0.0,0.0,0.0,0.0,False,0.0,,,,,,0.07,0.0,0.0,0.0,20.6,32.4,6.9,197.61,209.75,211.66,False,251.08,166.17,6.11,27.9,-27.4,False,False,DILUSI,100.0
GDDY,GoDaddy,Information Technology,Internet Services & Infrastructure,SP500,96.98,12.28,2026-10-01,501.0,TTM-4Q,2026-06-30,,,266.4,0.48,True,11.0,13.5,1833.18,8.8,9.1,7.4,13.9,1.25,24.9,442.9,,,1.93,-10.1,5.5,1.9,7.0,1.36,8.4,0.55,-26.5,24.5,-0.02,-0.59,40.0,49.5,0.71,-45.3,0.58,,,106.75,10.1,,2.39,16.0,,-0.38,-0.74,0.0,0.74,0.0,False,-0.006,2026-09-02,106.0,-0.05,8.4,4.5,0.05,0.0,13.3,13.3,7.4,12.6,-7.4,96.47,89.14,93.55,False,139.44,71.59,4.87,49.5,6.8,False,False,ZONA-BAHAYA;GOODWILL,100.0
ADBE,Adobe Inc.,Information Technology,Application Software,SP500;NDX,241.28,93.91,2026-10-01,501.0,TTM-4Q,2026-08-28,2026-12-09,49.0,1413.5,0.85,True,9.3,12.9,7.98,8.7,10.8,7.8,11.3,1.3,42.2,61.9,89.3,0.6,-0.09,-12.0,2.2,1.48,8.0,7.23,35.7,2.04,-18.9,18.5,-0.0,-0.59,27.0,41.0,0.98,-46.3,0.54,,,278.15,15.3,,2.77,33.0,0.7,-0.48,-31.45,0.0,31.45,0.0,False,-0.033,2026-09-17,89.0,1.85,5.21,3.6,1.22,0.0,9.9,9.9,12.0,4.7,-6.7,257.98,245.77,260.44,False,363.7,190.12,9.33,43.2,7.1,False,False,GOODWILL;INSIDER-JUAL,100.0
JEF,Jefferies,Financials,Multi-Sector Holdings,SP400,45.25,9.25,2026-10-01,501.0,TTM-4Q,2026-05-31,,,124.8,1.16,True,,10.7,0.88,10.2,,9.3,,0.82,,8.3,,,,,0.9,,,,999.0,-0.46,-18.1,27.6,0.11,-0.59,19.0,43.7,1.79,-45.2,-2.28,,,59.5,31.5,,2.33,6.0,,-0.03,642.75,642.75,0.0,1.0,False,6.948,2026-07-15,68.8,0.0,4.23,4.0,1.75,4.02,4.03,8.05,13.8,36.3,,52.45,50.32,52.72,False,66.6,35.53,1.74,28.6,-16.2,False,False,,90.0
RES,"RPC, Inc.",Energy,Oil & Gas Equipment & Services,SP600,5.72,1.27,2026-10-01,501.0,TTM-4Q,2026-06-30,,,12.3,1.07,True,5.5,55.5,1.14,,18.2,1.8,3.1,0.08,2.0,2.1,23.3,3.9,-0.74,-11.0,8.2,8.01,6.0,4.93,10.1,-0.38,41.4,-1.1,0.42,-0.59,56.0,48.1,0.88,-35.6,-0.87,,,,,,,,,-0.13,0.0,0.0,0.0,0.0,False,0.0,,,,,,0.15,2.79,0.27,3.06,25.4,-57.5,1.3,6.05,6.49,6.33,True,8.16,4.18,0.2,38.7,-0.4,False,False,,90.0
KMI,Kinder Morgan,Energy,Oil & Gas Storage & Transportation,SP500,30.53,67.98,2026-10-01,501.0,TTM-4Q,2026-06-30,,,403.4,0.87,True,13.0,19.6,2.15,19.8,7.7,5.1,4.6,-0.38,6.2,11.1,,9.7,4.18,-4.2,0.6,1.89,7.0,1.23,999.0,-0.99,17.9,-0.5,0.42,-0.59,52.0,20.8,0.31,-11.3,1.41,,,36.05,18.1,,2.12,22.0,,-0.21,0.0,0.0,0.0,0.0,False,0.0,2026-09-16,70.8,0.03,2.39,4.0,0.14,3.86,0.0,3.86,12.5,27.3,0.1,31.51,32.19,31.44,True,34.81,25.6,0.71,42.1,-7.2,False,False,ZONA-BAHAYA,100.0
FFIN,First Financial Bankshares,Financials,Regional Banks,SP400,31.75,4.55,2026-10-01,501.0,TTM-4Q,2026-06-30,,,27.3,1.29,True,,16.9,2.28,14.7,,5.9,,-0.3,,14.4,,,,,0.1,,,,999.0,-0.05,-1.3,9.9,0.18,-0.59,44.0,24.3,0.78,-17.3,0.54,,,36.29,14.3,,2.71,7.0,,,-0.4,0.13,0.52,2.0,True,-0.009,2026-08-18,72.1,0.02,8.37,14.0,1.13,2.39,0.0,2.39,,9.5,0.2,33.73,32.64,32.54,True,36.52,28.12,0.64,34.0,-11.3,False,False,,90.0
LMT,Lockheed Martin,Industrials,Aerospace & Defense,SP500,505.5,116.66,2026-10-01,501.0,TTM-4Q,2026-06-28,,,635.8,0.73,True,,18.6,13.31,15.4,,5.4,7.5,0.24,27.6,89.2,11.8,1.5,,-6.8,1.6,1.65,9.0,3.46,8.2,0.77,11.9,-10.7,0.02,-0.6,36.0,28.1,0.3,-26.9,1.18,,,637.84,26.2,,2.43,19.0,,-0.05,-0.12,0.0,0.12,0.0,False,-0.0,2026-08-13,76.7,0.0,1.25,2.3,-0.0,2.72,1.5,4.22,7.2,49.5,-1.4,557.42,559.64,562.78,True,692.0,437.25,11.8,30.9,-9.7,False,False,GOODWILL,100.0
G,Genpact,Industrials,Data Processing & Outsourced Services,SP400,34.7,5.83,2026-10-01,501.0,TTM-4Q,2026-06-30,,,66.7,1.2,True,7.4,10.0,2.24,7.7,13.4,10.0,9.8,1.75,15.5,22.4,36.5,0.3,0.76,-1.1,2.2,1.11,9.0,3.32,999.0,0.33,-9.1,1.8,-0.09,-0.6,43.0,39.0,0.65,-42.7,0.05,,,42.18,21.6,,,11.0,,-0.25,-2.3,0.0,2.3,0.0,False,-0.039,2026-09-14,110.7,0.0,7.41,4.5,-0.04,2.09,0.0,2.09,6.5,8.2,-3.7,35.08,34.21,36.63,False,48.64,26.85,1.11,51.5,16.2,False,False,,100.0
ELS,Equity Lifestyle Properties,Real Estate,Single-Family Residential REITs,SP400,57.62,11.17,2026-10-01,501.0,TTM-4Q,2026-03-31,2026-10-21,14.0,100.2,0.8,True,23.8,28.0,6.34,26.4,4.2,3.6,3.0,-0.92,6.2,22.7,,,5.37,-3.0,0.6,1.43,6.0,,3.0,-0.11,6.8,0.7,0.21,-0.6,30.0,17.8,0.06,-14.0,1.32,,,70.05,21.6,,2.0,19.0,10.0,-0.7,0.0,0.0,0.0,0.0,False,0.0,,112.5,0.0,6.42,7.0,-0.01,3.55,0.0,3.55,1.0,4.0,0.1,63.11,63.75,63.68,False,69.0,57.46,0.97,21.4,-15.2,False,False,,90.0
MTDR,Matador Resources,Energy,Oil & Gas Exploration & Production,SP400,52.96,6.55,2026-10-01,501.0,TTM-4Q,2026-06-30,,,104.0,0.87,True,4.5,9.1,1.11,5.8,22.3,11.0,,1.27,10.3,12.8,,0.9,1.75,-15.2,6.2,3.6,4.0,1.41,5.4,0.82,36.0,-1.0,0.41,-0.6,66.0,42.8,0.34,-29.1,0.06,,,70.05,32.3,,1.43,20.0,,-0.71,1.21,1.21,0.0,3.0,True,0.018,2026-08-27,98.7,0.02,11.51,7.2,1.07,2.72,0.36,3.08,-3.6,-15.2,-0.2,54.43,55.73,52.95,True,66.84,37.14,1.93,43.3,2.9,False,False,ZONA-BAHAYA,100.0
DLR,Digital Realty,Real Estate,Data Center REITs,SP500,176.49,62.02,2026-10-01,501.0,TTM-4Q,2026-03-31,2026-10-22,15.0,340.9,1.03,True,28.9,45.0,2.65,63.9,3.5,2.2,,-0.96,1.4,6.2,,,5.81,-2.5,1.3,1.85,7.0,,1.6,-1.39,8.3,2.2,0.2,-0.6,57.0,27.0,0.63,-16.8,-0.14,,,223.44,26.6,,1.44,32.0,-15.0,0.08,-0.04,0.0,0.04,0.0,False,-0.0,2026-08-27,105.0,-0.01,0.0,0.0,-0.07,2.82,0.0,2.82,12.6,219.7,2.5,188.18,186.84,180.93,True,208.14,146.23,4.56,38.4,-0.7,False,False,,90.0
OXY,Occidental Petroleum,Energy,Oil & Gas Exploration & Production,SP500,57.84,57.82,2026-10-01,501.0,TTM-4Q,2026-06-30,,,548.6,1.31,True,5.2,7.9,1.39,,19.1,12.6,8.3,0.96,6.9,18.9,,2.0,0.68,-4.5,5.7,1.5,6.0,1.93,999.0,-0.3,31.0,-1.6,0.41,-0.61,79.0,35.9,0.03,-27.3,0.64,,,,,,,,,0.14,0.0,0.0,0.0,0.0,False,0.0,,,,,,0.15,2.86,-0.37,2.49,7.3,200.5,0.2,58.37,57.17,53.93,True,67.45,38.8,1.57,48.7,15.3,False,False,,100.0
BA,Boeing,Industrials,Aerospace & Defense,SP500,192.28,151.97,2026-10-01,501.0,TTM-4Q,2026-06-30,2026-10-28,19.0,1606.2,1.74,True,26.1,62.4,24.91,45.9,3.8,1.6,-0.1,-1.11,8.0,173.6,4.7,4.2,3.76,-0.8,3.1,1.49,7.0,1.48,999.0,-1.68,-4.7,-0.8,-0.08,-0.61,22.0,34.2,1.53,-26.9,-0.2,,,273.5,42.2,,1.48,26.0,-141.5,-0.67,0.0,0.0,0.0,0.0,False,0.0,,76.8,0.01,0.01,0.0,0.0,0.23,0.0,0.23,24.8,,4.5,212.64,216.91,220.81,True,254.35,176.77,6.45,39.6,-17.2,False,False,ZONA-BAHAYA;GOODWILL,100.0
ZBH,Zimmer Biomet,Health Care,Health Care Equipment,SP500,88.06,16.8,2026-10-01,501.0,TTM-4Q,2026-06-30,,,203.2,1.08,True,10.3,20.8,1.33,,9.7,4.8,9.1,1.05,5.2,6.4,69.9,1.3,3.06,-4.1,1.4,2.16,6.0,2.38,999.0,0.14,1.7,9.5,0.17,-0.62,41.0,33.1,0.4,-23.1,0.86,,,,,,,,,-0.19,-0.82,0.0,0.82,0.0,False,-0.005,2026-09-11,,,,,0.09,1.12,4.47,5.59,8.6,-2.0,-2.8,96.11,91.35,91.36,True,106.88,79.12,2.6,34.0,-1.9,False,False,,100.0
AKAM,Akamai Technologies,Information Technology,Internet Services & Infrastructure,SP500,106.93,15.37,2026-10-01,501.0,TTM-4Q,2026-06-30,2026-11-05,25.0,640.4,0.98,True,,37.4,3.24,15.6,,2.7,6.2,0.41,,8.9,57.5,1.6,,-8.1,1.4,3.52,4.0,1.76,13.7,0.4,40.5,-8.0,0.27,-0.62,65.0,59.4,0.56,-35.2,0.78,,,158.79,48.5,,2.08,23.0,0.8,-0.65,0.0,0.0,0.0,0.0,False,0.0,2026-09-15,113.7,-0.02,15.37,6.1,0.12,0.0,4.01,4.01,5.9,-3.2,5.8,112.04,117.42,111.57,True,165.45,70.82,6.37,45.4,-7.9,False,False,ZONA-BAHAYA;DILUSI;UTANG-TAK-TERBACA,90.0
ALLE,Allegion,Industrials,Building Products,SP500,154.28,13.12,2026-10-01,501.0,TTM-4Q,2026-06-30,2026-10-22,15.0,162.7,1.02,True,14.3,19.9,6.19,15.8,7.0,5.0,5.1,0.01,18.6,33.7,44.8,1.7,1.65,-2.2,1.0,1.17,7.0,4.55,8.9,0.68,-13.7,5.7,-0.15,-0.62,52.0,27.3,0.53,-29.8,0.89,,,174.64,13.2,,2.27,11.0,8.3,-0.06,-1.24,0.03,1.27,1.0,False,-0.009,2026-08-28,105.3,0.02,3.54,2.3,0.03,1.38,1.22,2.61,10.6,5.2,-0.5,158.29,145.49,150.33,False,183.11,125.0,3.26,48.6,7.0,False,False,,100.0
JBLU,JetBlue,Industrials,Passenger Airlines,SP600,4.15,1.57,2026-10-01,501.0,TTM-4Q,2026-06-30,,,78.8,0.79,False,55.0,,0.99,,1.8,-56.6,-69.0,-3.0,-4.3,-44.4,,,44.23,-4.6,1.3,,1.0,0.44,-1.0,-3.0,-9.1,-1.8,-0.09,-0.62,12.0,62.5,1.89,-37.6,-1.62,,,5.17,24.6,,3.65,15.0,,,0.0,0.0,0.0,0.0,False,0.0,2026-08-31,87.6,0.03,29.49,4.6,0.06,0.0,0.0,0.0,4.0,,4.0,5.01,5.02,5.09,False,6.62,3.87,0.19,34.8,-32.8,False,False,TIPIS;ZONA-BAHAYA;DISTRES;F-RENDAH;SHORT-TINGGI,100.0
TRI,Thomson Reuters,Information Technology,Software,NDX,99.36,,2026-10-01,501.0,,,,,151.6,0.91,True,,,,,,,,,,,,,,,,,,,999.0,,-28.6,24.4,-0.04,-0.62,39.0,50.4,0.41,-51.5,0.58,,,,,,,,,,0.0,0.0,0.0,0.0,False,,,,,,,0.0,,,,,,,101.29,93.73,98.71,False,164.3,76.28,3.88,49.6,8.6,False,False,DATA-KURANG;FILER-ASING,0.0
CMCSA,Comcast,Communication Services,Cable & Satellite,SP500;NDX,21.7,77.47,2026-10-01,501.0,TTM-4Q,2026-06-30,2026-10-22,15.0,752.6,0.64,True,4.7,6.9,0.86,6.1,21.3,14.5,26.4,1.44,7.4,12.0,,,2.43,-8.0,1.8,2.9,5.0,1.29,4.2,-0.12,-6.4,-5.0,-0.17,-0.62,16.0,32.5,0.51,-31.8,0.63,,,29.06,33.9,,2.64,23.0,7.6,-0.3,0.0,0.0,0.0,0.0,False,0.0,,91.6,0.01,2.54,3.5,0.23,6.28,7.22,13.5,0.6,-51.1,-4.2,24.7,25.86,26.73,False,32.86,21.28,0.65,27.9,-11.1,False,False,ZONA-BAHAYA,100.0
BJ,BJ's Wholesale Club,Consumer Staples,Consumer Staples Merchandise Retail,SP400,94.36,11.92,2026-10-01,501.0,TTM-4Q,2026-08-01,2026-11-20,36.0,164.6,2.17,True,10.6,20.0,5.42,18.8,9.4,5.0,3.0,-0.3,24.7,27.7,18.2,,0.32,-6.8,0.3,1.87,6.0,4.59,999.0,0.74,-1.9,-3.3,-0.09,-0.63,55.0,30.5,-0.33,-18.4,1.09,,,105.8,12.1,,2.13,20.0,16.5,0.32,-0.14,0.0,0.14,0.0,False,-0.001,2026-09-15,111.4,-0.0,7.81,5.0,-0.04,0.0,4.64,4.64,9.1,2.7,-3.6,93.74,93.04,93.55,True,105.78,83.21,2.79,53.1,3.1,False,False,,100.0
XEL,Xcel Energy,Utilities,Multi-Utilities,SP500;NDX,70.55,44.07,2026-10-01,501.0,TTM-4Q,2026-06-30,,,431.7,0.68,True,14.3,19.7,1.83,,7.0,5.1,-17.5,-1.38,4.8,9.9,,0.2,6.55,-3.1,0.1,2.14,4.0,,1.7,-0.34,-3.8,-4.1,-0.21,-0.63,26.0,18.8,0.19,-15.4,0.32,,,,,,,,,-0.54,0.0,0.0,0.0,0.0,False,0.0,,,,,,0.14,3.1,-5.03,-1.93,4.7,7.7,6.6,75.99,78.66,78.09,False,84.23,68.72,1.32,34.8,-16.1,False,False,DILUSI,100.0
PTCT,"PTC Therapeutics, Inc.",Health Care,Pharmaceuticals,SP600,64.13,5.35,2026-10-01,501.0,TTM-4Q,2026-06-30,,,83.0,0.96,True,20.5,,,,4.9,-0.7,-0.7,-0.64,39.3,,,2.0,-9.06,-0.3,23.5,,1.0,0.82,999.0,1.18,15.0,2.6,0.22,-0.63,20.0,40.2,1.0,-30.5,-0.06,,,,,,,,,-0.88,0.0,0.0,0.0,0.0,False,0.0,2026-09-17,,,,,0.09,0.0,0.0,0.0,-42.8,-106.1,17.7,69.84,71.47,72.22,False,90.87,60.79,2.15,40.2,-25.0,False,False,ZONA-BAHAYA;F-RENDAH;DILUSI;GOODWILL,100.0
BURL,Burlington Stores,Consumer Discretionary,Apparel Retail,SP400,275.32,17.29,2026-10-01,501.0,TTM-4Q,2026-08-01,2026-11-27,41.0,409.4,1.15,True,12.6,24.2,8.64,20.1,7.9,4.1,2.4,-0.63,20.8,41.4,44.6,,0.83,-7.2,1.4,1.98,6.0,3.22,13.7,0.6,3.0,-20.8,-0.22,-0.63,30.0,41.1,0.64,-38.9,0.24,,,364.75,32.5,,1.79,16.0,35.4,0.46,0.0,0.0,0.0,0.0,False,0.0,2026-09-01,105.0,0.05,9.21,1.8,0.14,0.0,2.0,2.0,10.9,30.7,0.0,303.03,315.04,310.88,False,378.33,226.85,9.76,54.1,-14.3,False,False,,100.0
NYT,New York Times Company,Communication Services,Publishing,SP400,63.71,10.39,2026-10-01,501.0,TTM-4Q,2026-06-30,,,230.8,0.46,True,17.4,26.4,5.07,20.3,5.7,3.8,6.0,-0.25,18.8,19.7,,,-1.18,-9.2,1.7,1.68,9.0,9.57,999.0,0.8,19.4,-20.4,-0.02,-0.63,26.0,31.6,0.2,-27.7,0.97,,,78.56,23.3,,1.7,9.0,,-0.12,0.0,0.0,0.0,0.0,False,0.0,,95.9,0.06,8.59,7.1,0.48,1.22,1.68,2.9,10.8,22.6,-0.8,67.81,74.35,73.68,True,87.1,54.1,2.3,41.4,-15.9,False,False,,100.0
IP,International Paper,Materials,Paper & Plastic Packaging Products & Materials,SP500,32.52,17.22,2026-10-01,501.0,TTM-4Q,2026-06-30,,,187.2,1.22,True,547.1,,1.19,10.8,0.2,-20.0,2.9,-1.15,-8.2,-20.8,29.8,2.2,180.66,-15.4,6.5,,4.0,1.08,-5.1,-1.43,-17.5,5.0,-0.14,-0.63,17.0,44.4,0.83,-39.7,-0.14,,,47.91,47.3,,1.58,11.0,,,-1.16,0.0,1.16,0.0,False,-0.007,2026-08-07,102.6,0.0,15.95,11.0,0.09,5.68,0.19,5.88,25.4,,-0.6,38.39,36.5,38.05,False,50.25,29.26,1.18,30.4,-18.3,False,False,ZONA-BAHAYA;DISTRES,100.0
CLSK,"CleanSpark, Inc.",Information Technology,Internet Services & Infrastructure,SP600,12.52,3.22,2026-10-01,501.0,TTM-4Q,2026-06-30,2026-11-24,38.0,238.3,1.08,True,,,4.22,,-9.4,-31.0,-19.3,-3.0,-26.5,-68.6,,16.2,,-16.2,12.5,,,,-69.6,-2.61,-23.7,28.3,0.02,-0.64,67.0,92.3,2.11,-64.7,-2.0,,,23.89,90.8,,1.29,14.0,-16.3,-1.25,0.0,0.0,0.0,0.0,False,0.0,2026-09-08,100.6,0.03,42.81,4.3,0.19,0.0,14.31,14.31,,-429.1,,12.99,12.99,12.57,True,23.61,8.0,0.89,44.0,-3.3,False,False,SHORT-TINGGI,94.0
VVV,Valvoline,Consumer Discretionary,Automotive Retail,SP400,30.78,3.93,2026-10-01,501.0,TTM-4Q,2026-06-30,,,87.4,1.23,True,,38.7,9.42,,,2.6,3.4,-0.58,11.5,27.8,38.3,1.4,,-10.1,13.9,4.0,4.0,1.72,999.0,0.28,-11.3,-6.6,-0.27,-0.64,21.0,33.4,0.55,-33.9,0.77,,,,,,,,,0.34,-0.08,0.05,0.13,1.0,False,-0.002,2026-08-21,,,,,0.07,0.0,0.0,0.0,16.1,-63.5,0.2,32.82,34.53,34.25,False,41.08,26.21,1.03,53.2,-23.2,False,False,ZONA-BAHAYA;GOODWILL,100.0
SKYW,"SkyWest, Inc.",Industrials,Passenger Airlines,SP600,97.69,3.79,2026-10-01,501.0,TTM-4Q,2026-06-30,,,34.6,0.76,True,5.7,9.3,1.37,,17.4,10.8,22.8,3.0,9.0,15.3,,8.3,1.77,-7.4,2.1,2.31,6.0,1.8,5.9,-0.56,-7.2,-0.4,-0.1,-0.64,46.0,37.1,1.05,-27.9,0.17,,,,,,,,,-0.15,-12.86,0.0,12.86,0.0,False,-0.339,2026-08-03,,,,,-0.2,0.0,-0.07,-0.07,9.1,0.5,-4.2,102.27,94.94,96.74,False,117.72,77.89,2.96,46.6,-1.7,False,False,ZONA-BAHAYA;INSIDER-JUAL,100.0
PRGO,Perrigo,Health Care,Pharmaceuticals,SP600,14.02,1.95,2026-10-01,501.0,TTM-4Q,2026-06-27,,,40.9,0.92,True,,,0.77,,-25.1,-89.2,6.1,-2.63,-17.7,-49.6,33.3,1.2,,-21.8,5.9,,3.0,-0.42,-999.0,0.12,-30.6,37.4,0.06,-0.64,71.0,56.2,0.98,-58.0,-1.21,,,,,,,,,,0.0,0.0,0.0,0.0,False,0.0,,,,,,0.09,8.22,0.0,8.22,-4.2,,1.0,13.27,11.61,12.28,True,22.65,9.23,0.64,49.5,24.0,False,False,ZONA-BAHAYA;DISTRES;F-RENDAH,100.0
BRK-B,Berkshire Hathaway,Financials,Multi-Sector Holdings,SP500,500.5,1071.43,2026-10-01,501.0,TTM-4Q,2026-06-30,2026-11-07,27.0,2360.9,1.0,True,,12.5,1.43,22.6,,8.0,,0.21,,12.1,,,,,4.5,,,,21.6,-0.38,-0.1,5.0,0.17,-0.64,47.0,14.7,0.4,-9.4,1.61,,,547.67,9.4,,2.0,3.0,17.4,-0.32,0.0,0.0,0.0,0.0,False,0.0,,66.9,0.0,0.96,2.3,-0.01,0.0,0.0,0.0,3.9,36.3,,507.14,491.88,492.78,True,537.74,464.01,5.84,43.4,-3.9,False,False,,90.0
MDT,Medtronic,Health Care,Health Care Equipment,SP500,86.44,110.57,2026-10-01,501.0,TTM-4Q,2026-07-31,,,1123.3,2.55,True,13.4,21.1,2.2,13.5,7.5,4.7,5.5,0.45,7.0,10.7,65.0,2.3,1.99,-3.0,0.6,1.54,8.0,2.86,9.4,-0.1,-1.0,7.9,0.15,-0.64,45.0,23.7,0.34,-28.9,1.0,,,104.83,21.3,,1.75,24.0,,-0.14,-0.14,0.0,0.14,0.0,False,-0.0,2026-09-16,88.7,0.02,1.35,2.2,0.06,3.3,0.67,3.97,9.8,12.3,-0.2,89.83,85.27,88.71,False,106.33,73.31,2.04,35.7,1.3,False,False,,100.0
GNTX,Gentex,Consumer Discretionary,Automotive Parts & Equipment,SP400,21.95,4.62,2026-10-01,501.0,TTM-4Q,2026-06-30,,,48.8,1.09,True,7.2,11.4,1.82,9.9,13.9,8.8,10.7,0.62,17.0,16.4,35.0,1.3,-0.39,-6.4,1.4,1.46,7.0,8.52,999.0,0.29,-20.2,3.4,-0.32,-0.64,27.0,26.7,0.47,-26.2,1.34,,,27.72,26.3,,,9.0,,0.32,0.0,0.0,0.0,0.0,False,0.0,,102.5,-0.02,8.16,7.3,0.02,2.25,5.24,7.49,10.1,1.5,-5.0,23.07,23.22,23.39,False,28.37,20.48,0.47,40.1,-12.7,False,False,,100.0
STC,Stewart Information Services Corporation,Financials,Property & Casualty Insurance,SP600,50.66,1.55,2026-10-01,501.0,TTM-4Q,2026-06-30,,,19.3,2.14,True,,11.5,0.93,,,8.7,,-0.49,,8.7,,,,,4.3,,,,999.0,-0.78,-4.2,13.4,0.14,-0.65,8.0,33.7,0.76,-33.5,-0.42,,,,,,,,,0.47,-0.1,0.0,0.1,0.0,False,-0.007,2026-08-21,,,,,0.04,4.09,0.37,4.47,22.5,53.4,8.9,65.97,66.21,66.95,False,78.61,48.74,2.19,15.0,-27.3,False,False,DILUSI,90.0
VTOL,Bristow Group Inc.,Energy,Oil & Gas Equipment & Services,SP600,40.3,1.19,2026-10-01,501.0,TTM-4Q,2026-06-30,,,12.6,0.5,True,6.6,11.5,1.1,,15.1,8.7,-2.9,0.01,8.9,10.1,,,1.76,-1.2,2.7,1.27,5.0,1.91,3.4,-0.83,26.8,-2.4,0.38,-0.65,49.0,32.2,1.0,-19.0,0.11,,,,,,,,,-0.42,-2.59,0.0,2.59,0.0,False,-0.217,2026-09-23,,,,,0.06,0.0,1.49,1.49,8.2,-12.5,0.7,44.29,44.53,43.8,True,50.38,35.03,1.25,32.5,-5.1,False,False,,100.0
RYAN,Ryan Specialty,Financials,Insurance Brokers,SP400,38.39,4.69,2026-10-01,501.0,TTM-4Q,2026-06-30,,,83.7,0.96,True,,47.3,9.2,,,2.1,,-2.18,,17.7,,,,,0.2,,,,999.0,-0.1,-24.0,29.1,0.06,-0.65,23.0,44.5,0.55,-49.5,-1.27,,,,,,,,,0.18,-1.71,0.0,1.71,0.0,False,-0.036,2026-09-08,,,,,0.02,1.4,0.0,1.4,14.4,77.9,,41.54,37.53,40.17,False,59.19,29.28,1.53,44.6,-11.0,False,False,GOODWILL,90.0
DUK,Duke Energy,Utilities,Electric Utilities,SP500,113.74,88.67,2026-10-01,501.0,TTM-4Q,2026-03-31,2026-11-05,25.0,480.8,1.19,True,10.5,17.3,1.63,15.9,9.6,5.8,-3.7,0.31,5.5,9.8,,0.8,5.21,-3.3,0.5,2.27,4.0,,2.4,0.03,0.7,-6.4,-0.18,-0.65,29.0,16.0,-0.11,-13.7,0.79,,,136.94,20.4,,2.05,18.0,9.6,-0.43,0.0,0.0,0.0,0.0,False,0.0,,71.2,0.0,2.71,5.4,0.13,3.77,0.0,3.77,5.8,7.8,0.3,121.17,125.19,124.02,False,134.49,112.4,1.59,29.3,-14.4,False,False,,100.0
META,Meta Platforms,Communication Services,Interactive Media & Services,SP500;NDX,725.93,1862.74,2026-10-01,501.0,TTM-4Q,2026-06-30,,,16762.0,0.51,True,16.9,27.4,7.13,20.8,5.9,3.7,2.2,-0.38,23.8,29.8,81.7,1.3,-0.06,-16.7,4.2,1.91,5.0,7.74,999.0,1.52,-21.0,-0.0,-0.25,-0.65,75.0,41.8,1.64,-29.9,-0.31,,,790.27,8.9,,1.35,57.0,,0.2,-1.72,0.0,1.72,0.0,False,-0.0,2026-09-21,79.0,0.0,1.41,1.7,0.22,0.29,0.18,0.47,27.7,-4.8,-0.2,622.6,618.41,627.98,True,779.82,520.26,26.17,61.1,21.4,False,False,,100.0
COR,Cencora,Health Care,Health Care Distributors,SP500,309.78,59.11,2026-10-01,501.0,TTM-4Q,2026-06-30,2026-11-04,24.0,419.8,1.44,True,16.7,22.5,19.38,15.6,6.0,4.4,6.9,0.22,17.5,104.3,4.0,0.1,2.18,-2.8,0.4,1.84,7.0,4.63,999.0,-1.12,6.7,4.6,0.18,-0.65,46.0,32.2,0.1,-32.4,0.91,,,369.25,19.2,,1.71,12.0,3.2,-0.27,-4.07,0.0,4.07,0.0,False,-0.007,2026-09-16,99.7,0.07,2.57,3.8,0.09,0.79,1.69,2.48,5.1,38.3,-0.7,317.61,307.64,318.39,False,377.54,244.82,8.19,46.1,1.8,False,False,GOODWILL,100.0
BX,Blackstone Inc.,Financials,Asset Management & Custody Banks,SP500,112.24,84.25,2026-10-01,501.0,TTM-4Q,2026-06-30,2026-10-22,15.0,532.0,1.42,True,,23.9,9.35,15.0,,4.2,,-0.99,,40.5,,,,,5.0,,,,16.0,0.34,-16.8,21.9,0.07,-0.66,18.0,36.8,1.28,-39.0,-1.27,,,144.38,28.6,,2.04,21.0,13.7,0.14,-24.38,0.06,24.45,1.0,False,-0.029,2026-09-18,73.8,0.01,2.63,6.1,-0.0,7.58,0.0,7.58,17.2,22.9,2.2,132.7,123.19,128.59,False,170.45,101.73,3.8,26.0,-10.9,False,False,INSIDER-JUAL,90.0
BANC,"Banc Of California, Inc.",Financials,Regional Banks,SP600,17.49,2.76,2026-10-01,501.0,TTM-4Q,2026-06-30,2026-10-21,14.0,49.9,1.33,True,,,0.81,8.2,,-0.8,,-0.22,,-0.7,,,,,3.8,,,,-999.0,-1.49,11.7,3.2,0.23,-0.66,34.0,32.0,0.86,-20.6,0.02,,,22.0,25.8,,1.83,12.0,-4.8,-1.83,-0.31,0.0,0.31,0.0,False,-0.011,2026-09-10,101.8,0.03,8.37,5.1,0.16,0.0,-4.33,-4.33,-17.2,-115.2,-1.7,18.84,18.89,19.18,False,21.93,15.33,0.43,36.3,-16.0,False,False,,90.0
CXT,Crane NXT,Information Technology,Electronic Equipment & Instruments,SP400,48.06,2.77,2026-10-01,501.0,TTM-4Q,2026-06-30,2026-11-04,24.0,27.9,0.83,True,10.5,19.7,2.18,10.2,9.5,5.1,8.1,1.06,8.0,11.5,42.1,22.7,3.23,-4.0,1.8,1.93,4.0,1.7,999.0,-1.65,-25.6,18.5,-0.1,-0.66,35.0,37.2,1.06,-47.0,0.54,,,68.71,43.0,,1.43,7.0,6.2,-0.26,0.0,0.0,0.0,0.0,False,0.0,,109.7,0.0,19.23,16.5,0.15,1.45,0.0,1.45,17.3,-7.3,0.2,50.12,46.17,47.26,False,69.0,35.71,1.8,48.3,-10.8,False,False,ZONA-BAHAYA;GOODWILL,100.0
IT,Gartner,Information Technology,IT Consulting & Other Services,SP500,192.8,12.18,2026-10-01,501.0,TTM-4Q,2026-06-30,,,201.5,1.02,True,10.5,15.7,,11.8,9.5,6.4,10.6,0.96,24.7,113.6,70.1,3.1,1.14,-7.8,2.1,1.78,5.0,3.73,7.8,0.69,-27.7,22.7,-0.04,-0.66,68.0,56.6,0.77,-52.2,0.16,,,185.15,-4.0,,2.8,13.0,,-0.64,-1.37,0.0,1.37,0.0,False,-0.011,2026-08-27,120.2,0.01,18.65,7.0,0.12,0.0,21.65,21.65,0.7,-38.7,-13.9,181.23,160.94,173.4,False,264.9,124.25,8.74,57.6,37.9,False,False,GOODWILL,100.0
CDNS,Cadence Design Systems,Information Technology,Application Software,SP500;NDX,350.73,96.74,2026-10-01,501.0,TTM-4Q,2026-03-31,2026-10-26,17.0,845.3,1.19,True,,82.6,14.74,36.7,,1.2,1.5,-0.51,,20.7,,1.0,,-4.0,2.7,1.36,3.0,12.33,13.1,,-10.9,11.7,0.01,-0.66,57.0,40.7,1.28,-34.2,0.71,,,405.47,15.6,,1.36,26.0,2.7,-0.41,0.0,0.0,0.0,0.0,False,0.0,2026-09-15,91.6,0.0,1.59,1.8,0.15,0.0,0.65,0.65,13.4,8.3,0.0,318.18,331.92,325.53,False,416.69,262.75,12.19,70.6,-8.4,False,False,F-RENDAH;UTANG-TAK-TERBACA,90.0
TSLA,"Tesla, Inc.",Consumer Discretionary,Automobile Manufacturers,SP500;NDX,354.11,1398.57,2026-10-01,501.0,TTM-4Q,2026-06-30,,,14067.7,0.8,True,138.9,367.7,16.1,,0.7,0.3,0.4,-1.4,3.6,4.6,18.9,3.6,-3.65,-10.7,5.5,4.91,4.0,15.2,13.1,0.04,-19.9,-6.6,-0.29,-0.66,19.0,46.3,1.8,-39.1,-1.06,,,,,,,,,0.21,-0.94,0.0,0.94,0.0,False,-0.0,2026-09-08,,,,,0.08,0.0,0.0,0.0,11.8,-35.3,0.6,346.57,379.08,393.71,False,498.83,297.38,11.82,45.6,-12.3,False,False,,100.0
RITM,Rithm Capital,Financials,Mortgage REITs,SP600,8.75,4.89,2026-10-01,501.0,TTM-4Q,2026-06-30,,,61.1,1.74,True,,10.5,0.57,,,9.5,,1.74,,5.7,,,,,0.4,,,,999.0,-0.47,-4.2,10.2,0.12,-0.66,34.0,24.3,0.67,-27.3,0.28,,,,,,,,,-0.74,-0.15,0.0,0.15,0.0,False,-0.003,2026-08-20,,,,,0.05,0.0,-5.95,-5.95,6.2,-42.0,5.8,9.8,9.58,9.95,False,12.15,8.43,0.22,26.3,-6.2,False,False,DILUSI,90.0
MUR,Murphy Oil,Energy,Oil & Gas Exploration & Production,SP400,37.47,5.37,2026-10-01,501.0,TTM-4Q,2026-06-30,,,64.8,1.21,True,4.0,18.3,1.02,11.1,24.8,5.5,,1.07,5.8,5.6,,1.7,0.67,-12.6,3.6,5.33,7.0,2.05,5.5,0.25,37.8,-3.1,0.36,-0.67,78.0,48.7,0.04,-25.6,0.29,,,39.93,6.6,,2.88,14.0,,-0.39,0.0,0.0,0.0,0.0,False,0.0,,92.5,0.05,9.94,6.4,0.28,3.59,0.01,3.61,7.8,3.3,2.0,36.87,37.23,35.9,True,43.34,26.49,1.34,52.4,14.6,False,False,,100.0
T,AT&T,Communication Services,Integrated Telecommunication Services,SP500,24.3,166.51,2026-10-01,501.0,TTM-4Q,2026-06-30,,,973.4,0.7,True,6.4,7.7,1.32,,15.7,12.9,10.6,0.63,8.6,17.4,,2.1,2.75,-4.4,2.4,1.85,8.0,0.89,3.6,-0.24,-3.6,-6.0,-0.19,-0.67,55.0,25.5,0.09,-28.9,1.17,,,,,,,,,-0.23,0.0,0.0,0.0,0.0,False,0.0,,,,,,0.16,4.82,4.8,9.61,2.6,69.0,-3.8,24.94,25.05,25.15,True,29.44,19.89,0.53,38.1,15.1,False,False,ZONA-BAHAYA,100.0
TCBI,Texas Capital Bancshares,Financials,Regional Banks,SP400,93.2,4.05,2026-10-01,501.0,TTM-4Q,2026-06-30,,,52.1,1.12,True,,11.1,1.11,,,9.0,,0.72,,10.2,,,,,0.3,,,,999.0,-0.29,13.6,0.3,0.25,-0.67,42.0,27.4,0.88,-14.2,0.44,,,,,,,,,,-0.2,0.0,0.2,0.0,False,-0.005,2026-07-24,,,,,0.04,0.0,5.74,5.74,,171.9,-4.7,97.82,98.75,98.68,True,108.92,75.41,1.72,35.0,-12.6,False,False,,90.0
SFM,Sprouts Farmers Market,Consumer Staples,Food Retail,SP400,64.48,6.01,2026-10-01,501.0,TTM-4Q,2026-06-28,,,148.6,1.29,True,6.9,12.0,4.01,,14.5,8.4,5.9,0.67,35.1,35.2,38.7,1.0,-0.27,-4.2,2.0,1.34,7.0,4.07,999.0,1.73,-25.7,6.5,-0.18,-0.67,7.0,52.0,0.52,-45.2,-1.36,,,,,,,,,0.18,-0.24,0.0,0.24,0.0,False,-0.004,2026-09-08,,,,,0.04,0.0,6.48,6.48,7.2,3.7,-4.4,77.53,79.21,77.96,False,114.34,61.88,2.91,34.3,-30.1,False,False,,90.0
POWI,Power Integrations,Information Technology,Semiconductors,SP600,51.5,2.88,2026-10-01,501.0,TTM-4Q,2026-06-30,,,38.7,1.09,True,63.0,114.8,4.23,,1.6,0.9,2.7,-0.37,2.2,3.6,53.6,1.9,-6.33,-9.3,6.7,3.91,5.0,19.99,999.0,-0.02,26.0,-4.3,0.17,-0.68,54.0,62.2,1.45,-45.2,-0.24,,,,,,,,,-0.6,-0.94,0.0,0.94,0.0,False,-0.033,2026-07-22,,,,,0.03,1.64,1.47,3.12,1.6,-25.4,0.5,55.51,62.82,57.79,True,91.18,30.86,2.38,46.7,-31.2,False,False,,100.0
HAYW,"Hayward Holdings, Inc.",Industrials,Electrical Components & Equipment,SP600,12.24,2.66,2026-10-01,501.0,TTM-4Q,2026-03-28,,,49.6,0.86,True,12.8,16.5,1.65,12.6,7.8,6.0,3.0,0.32,8.0,10.5,45.7,1.6,2.73,1.6,1.6,0.69,6.0,2.31,999.0,-0.35,-10.0,0.9,-0.14,-0.68,11.0,32.4,0.93,-29.3,0.37,,,17.93,46.5,,2.4,7.0,,-0.11,-0.05,0.0,0.05,0.0,False,-0.002,2026-09-15,109.7,0.0,4.62,4.1,-0.01,0.0,0.41,0.41,7.6,30.4,0.3,14.1,14.49,14.91,False,17.73,12.02,0.34,27.3,-29.7,False,False,,100.0
RPM,RPM International,Materials,Specialty Chemicals,SP400,99.22,12.67,2026-10-01,501.0,TTM-4Q,2026-05-31,,,95.8,1.02,True,12.5,19.2,3.83,,8.0,5.2,5.3,0.11,13.1,21.3,41.4,2.1,1.85,-2.9,0.9,1.36,6.0,3.64,8.8,1.0,-11.8,2.3,-0.16,-0.68,29.0,29.1,0.84,-22.4,0.71,,,,,,,,,-0.1,0.0,0.0,0.0,0.0,False,0.0,,,,,,0.07,2.14,0.61,2.76,6.7,-4.0,-0.5,106.15,104.59,106.1,False,121.94,92.92,2.55,41.1,-13.3,False,False,,100.0
AEIS,Advanced Energy,Information Technology,Semiconductor Materials & Equipment,SP400,294.11,11.78,2026-10-01,501.0,TTM-4Q,2026-06-30,2026-11-03,23.0,140.7,0.87,True,35.1,53.7,8.09,19.2,2.8,1.9,0.7,-0.45,10.6,16.2,39.3,0.7,-0.4,-0.6,2.7,1.09,6.0,5.6,17.1,-0.54,57.2,-19.7,0.3,-0.69,77.0,63.3,1.61,-35.6,-0.08,,,429.08,45.9,,1.33,12.0,23.8,0.34,0.0,0.0,0.0,0.0,False,0.0,2026-09-08,102.4,-0.0,6.23,3.5,0.15,0.13,0.06,0.19,24.6,161.5,11.9,289.43,320.27,304.79,True,397.44,167.23,13.71,57.7,-7.9,False,False,DILUSI,100.0
COST,Costco,Consumer Staples,Consumer Staples Merchandise Retail,SP500;NDX,914.94,405.76,2026-10-01,501.0,FY,2025-08-31,2026-12-10,50.0,2188.5,0.88,True,30.9,50.1,13.91,36.6,3.2,2.0,1.9,-1.16,24.1,30.7,12.8,,-0.74,-7.1,0.8,1.65,8.0,9.52,67.4,0.66,2.1,-5.4,-0.08,-0.69,42.0,19.9,0.35,-18.2,0.83,,,1057.8,15.6,,1.95,35.0,3.4,0.25,0.0,0.0,0.0,0.0,False,0.0,,74.5,0.04,1.66,3.8,0.11,0.54,0.22,0.76,8.2,9.9,0.0,933.24,968.32,961.12,True,1096.5,844.06,15.97,48.5,-6.3,False,False,LAPKEU-LAMA,60.0
TNC,Tennant Company,Industrials,Industrial Machinery & Supplies & Components,SP600,66.7,1.14,2026-10-01,501.0,TTM-4Q,2026-06-30,,,12.6,1.05,True,14.4,62.1,2.13,,7.0,1.6,-0.2,-0.41,3.3,3.1,38.8,1.6,2.85,0.1,2.1,0.91,3.0,2.9,999.0,-0.76,-13.1,1.0,-0.15,-0.69,18.0,41.2,0.8,-27.5,0.34,,,,,,,,,-1.07,0.85,0.85,0.0,3.0,True,0.075,2026-08-31,,,,,1.13,1.91,10.36,12.27,-2.9,-69.9,-8.1,72.33,76.86,76.95,False,91.93,60.18,2.18,40.5,-25.7,False,False,F-RENDAH,100.0
STAA,STAAR Surgical Company,Health Care,Health Care Equipment,SP600,22.38,1.12,2026-10-01,501.0,TTM-4Q,2026-07-03,,,26.2,0.66,True,42.3,292.3,3.07,,2.4,0.3,-0.6,-0.6,2.5,1.1,76.6,6.5,-8.16,1.6,10.1,-0.85,5.0,7.22,999.0,-0.29,-12.5,21.7,0.08,-0.69,28.0,56.2,1.09,-42.8,-0.89,,,,,,,,,,0.0,0.0,0.0,0.0,False,0.0,,,,,,0.09,0.0,0.0,0.0,51.3,,4.0,23.07,24.71,23.68,False,35.87,15.59,1.12,51.1,-21.5,False,False,,100.0
HIG,Hartford (The),Financials,Property & Casualty Insurance,SP500,125.74,34.06,2026-10-01,501.0,TTM-4Q,2026-06-30,,,238.4,1.56,True,,7.8,1.73,9.2,,12.8,,0.7,,23.5,,,,,0.7,,,,26.2,0.49,4.6,2.8,0.19,-0.7,31.0,19.9,0.4,-15.6,1.16,,,149.4,18.8,,2.39,20.0,,-0.36,0.0,0.0,0.0,0.0,False,0.0,,96.2,-0.01,0.01,0.0,-0.1,1.84,5.04,6.87,7.0,34.5,-4.0,136.63,135.54,135.96,False,146.07,120.33,2.64,36.1,-11.1,False,False,,90.0
WM,Waste Management,Industrials,Environmental & Facilities Services,SP500,201.9,80.7,2026-10-01,501.0,TTM-4Q,2026-06-30,,,469.3,1.24,True,13.8,28.3,8.13,,7.3,3.5,4.4,-0.12,10.7,29.8,40.9,1.0,3.03,-8.0,0.6,2.28,7.0,2.73,999.0,0.44,0.7,-4.4,-0.09,-0.7,25.0,20.3,-0.02,-17.0,2.01,,,,,,,,,-0.23,-0.3,0.0,0.3,0.0,False,-0.0,2026-09-04,,,,,0.07,1.77,0.0,1.77,7.2,4.9,-0.5,220.49,224.98,224.91,False,248.13,194.11,3.32,24.4,-14.6,False,False,GOODWILL,100.0
DTM,DT Midstream,Energy,Oil & Gas Storage & Transportation,SP400,120.08,12.25,2026-10-01,501.0,TTM-4Q,2026-06-30,2026-10-29,20.0,111.8,0.88,True,16.8,26.2,2.56,24.5,6.0,3.8,3.9,-0.61,5.9,9.9,,,3.43,-4.6,0.3,2.0,8.0,1.86,4.0,-0.95,17.2,-2.3,0.35,-0.7,32.0,21.5,0.4,-20.2,0.97,,,153.2,27.6,,2.21,15.0,-4.8,-0.16,0.22,0.22,0.0,2.0,True,0.002,2026-08-07,90.3,-0.04,7.07,5.8,0.67,2.76,0.0,2.76,18.1,24.5,0.1,130.69,137.67,134.37,True,152.88,104.99,2.98,28.8,-19.0,False,False,,100.0
EPAC,Enerpac Tool Group,Industrials,Industrial Machinery & Supplies & Components,SP600,34.97,1.79,2026-10-01,501.0,TTM-4Q,2026-05-31,2026-10-14,9.0,15.8,0.87,True,12.2,19.2,4.22,17.0,8.2,5.2,6.3,0.33,16.5,21.6,50.1,2.1,0.45,-3.8,3.7,1.33,5.0,4.89,999.0,0.87,-10.6,0.9,-0.16,-0.7,32.0,31.2,0.99,-23.5,0.52,,,48.0,37.3,,,2.0,21.6,-0.22,0.0,0.0,0.0,0.0,False,0.0,2026-07-23,103.4,0.04,4.94,5.3,0.07,0.12,6.78,6.9,4.3,4.8,-5.2,36.32,35.76,36.98,False,45.0,32.35,0.89,40.8,-2.2,False,False,,100.0
MRSH,Marsh McLennan,Financials,Insurance Brokers,SP500,171.85,82.01,2026-10-01,501.0,TTM-4Q,2026-06-30,,,487.0,0.79,True,,20.6,5.31,15.1,,4.9,,-1.17,,25.3,,,,,0.5,,,,6.3,0.81,-5.0,10.3,0.1,-0.71,36.0,26.4,0.37,-23.2,0.64,,,207.1,20.5,,2.52,21.0,,-0.47,-4.93,0.0,4.93,0.0,False,-0.006,2026-09-02,94.2,0.01,1.23,2.8,0.02,2.15,3.36,5.52,8.3,-3.6,-2.6,183.98,175.34,177.24,False,207.83,156.6,3.48,38.1,-6.2,False,False,GOODWILL,90.0
FHB,"First Hawaiian, Inc.",Financials,Regional Banks,SP600,24.9,3.03,2026-10-01,501.0,TTM-4Q,2026-06-30,,,53.9,1.04,True,,10.6,1.07,9.8,,9.4,,0.37,,10.3,,,,,0.1,,,,999.0,-0.23,5.9,3.1,0.19,-0.71,34.0,23.7,0.79,-18.1,0.53,,,30.44,22.3,,3.36,9.0,,-0.33,0.0,0.0,0.0,0.0,False,0.0,,113.7,0.01,15.04,6.6,0.04,4.26,2.71,6.97,9.3,15.6,-2.8,26.45,26.74,26.67,True,30.58,22.65,0.46,37.4,-19.0,False,False,,90.0
CCL,Carnival Corporation,Consumer Discretionary,"Hotels, Resorts & Cruise Lines",SP500,25.07,34.34,2026-10-01,501.0,TTM-4Q,2026-05-31,2026-09-29,-2.0,607.3,1.01,True,7.9,11.2,2.65,9.6,12.7,8.9,9.3,0.38,11.6,26.7,,70.0,3.18,-7.2,9.1,2.21,8.0,1.26,3.7,-1.29,-18.4,-11.6,-0.31,-0.71,24.0,48.9,1.62,-34.9,-0.83,,,33.99,35.6,,1.59,26.0,21.1,0.04,0.0,0.0,0.0,0.0,False,0.0,,71.7,0.0,3.79,2.5,0.05,0.0,0.0,0.0,5.2,21.5,-0.9,25.26,26.36,27.49,False,34.03,21.45,0.92,59.9,-12.4,False,False,ZONA-BAHAYA,100.0
OMCL,Omnicell,Health Care,Health Care Technology,SP600,33.44,1.53,2026-10-01,501.0,TTM-4Q,2026-06-30,,,18.4,0.8,True,9.2,39.0,1.18,16.0,10.9,2.6,9.3,1.14,2.9,3.1,44.8,2.5,-2.17,-6.9,1.6,4.64,9.0,2.48,999.0,-0.23,13.3,1.7,0.15,-0.71,21.0,50.0,0.9,-37.3,-0.41,,,57.86,73.0,,,7.0,,0.01,0.0,0.0,0.0,0.0,False,0.0,2026-08-17,108.1,0.04,8.75,5.0,0.07,0.0,0.0,0.0,8.5,69.3,-1.5,35.37,38.53,40.2,False,55.0,29.06,1.1,45.4,-24.2,False,False,,100.0
AXP,American Express,Financials,Consumer Finance,SP500,302.09,204.0,2026-10-01,501.0,TTM-4Q,2026-06-30,2026-10-23,16.0,1035.3,1.21,True,,17.8,5.95,15.0,,5.6,,-0.7,,34.4,,,,,0.3,,,,999.0,0.73,-1.4,8.2,0.13,-0.71,24.0,26.9,1.23,-23.9,-0.25,,,378.54,25.3,,2.17,24.0,2.9,-0.3,-2.97,0.0,2.97,0.0,False,-0.001,2026-08-18,64.7,0.03,2.06,4.5,0.18,1.18,3.64,4.82,8.8,12.8,-2.9,328.22,323.17,332.63,False,387.49,290.97,5.93,31.6,-16.3,False,False,,90.0
FBK,FB Financial Corp.,Financials,Regional Banks,SP600,52.09,2.6,2026-10-01,501.0,TTM-4Q,2026-06-30,,,35.1,0.75,True,,13.2,1.34,10.1,,7.5,,0.14,,11.1,,,,,0.3,,,,999.0,-0.24,1.0,6.3,0.14,-0.72,35.0,26.0,0.95,-17.1,0.32,,,66.34,27.4,,1.25,8.0,,,-0.41,0.0,0.41,0.0,False,-0.016,2026-07-15,83.3,0.0,6.03,6.3,-0.03,1.61,8.33,9.94,,117.5,11.9,57.3,55.06,55.88,False,62.65,49.24,1.03,28.6,-9.2,False,False,DILUSI,90.0
TR,"Tootsie Roll Industries, Inc.",Consumer Staples,Packaged Foods & Meats,SP600,37.84,2.84,2026-10-01,501.0,TTM-4Q,2026-06-30,,,6.9,0.98,False,25.2,29.7,2.98,,4.0,3.4,2.8,-0.81,7.0,10.3,34.5,0.7,-1.32,-2.4,0.8,1.31,5.0,6.38,999.0,-0.2,-0.1,-6.1,-0.12,-0.72,34.0,26.5,0.08,-20.0,0.8,,,,,,,,,-0.22,0.0,0.0,0.0,0.0,False,0.0,,,,,,0.05,0.93,0.0,0.93,1.6,5.0,-0.0,39.27,40.1,39.4,True,45.06,33.44,0.8,42.9,-9.5,False,False,TIPIS,100.0
WMS,Advanced Drainage Systems,Industrials,Building Products,SP400,126.86,9.57,2026-10-01,501.0,TTM-4Q,2026-06-30,,,100.5,0.66,True,12.3,21.2,5.34,,8.1,4.7,5.8,0.21,16.0,26.1,38.6,3.8,1.62,-8.4,3.1,1.78,5.0,4.19,999.0,0.62,-5.2,-4.3,-0.13,-0.72,22.0,36.4,1.12,-28.3,0.11,,,,,,,,,-0.07,0.0,0.0,0.0,0.0,False,0.0,,,,,,0.07,0.6,3.4,4.0,10.4,4.2,-1.4,137.1,141.66,145.74,False,179.32,124.61,4.01,40.6,-18.7,False,False,,100.0
RRX,Regal Rexnord,Industrials,Electrical Components & Equipment,SP400,156.57,10.43,2026-10-01,501.0,TTM-4Q,2026-06-30,,,180.4,0.75,True,12.1,32.2,1.51,,8.3,3.1,4.5,0.33,5.0,4.8,37.8,3.0,3.45,-1.7,1.7,1.72,8.0,1.91,2.1,-0.7,10.1,-17.8,-0.07,-0.72,24.0,52.1,1.14,-37.9,-0.61,,,,,,,,,-0.32,-0.03,0.0,0.03,0.0,False,-0.0,2026-08-10,,,,,0.07,0.89,0.0,0.89,3.5,29.4,0.6,170.29,194.13,188.6,True,247.8,127.96,5.65,45.6,-30.1,False,False,,100.0
IBOC,Intl Bancshares Corp,Financials,Regional Banks,SP400,69.12,4.3,2026-10-01,501.0,TTM-4Q,2026-06-30,,,27.7,1.43,True,,10.4,1.27,,,9.6,,0.55,,12.9,,,,,0.4,,,,999.0,-0.07,3.4,3.6,0.16,-0.73,44.0,21.8,0.71,-11.1,0.95,,,87.0,25.9,,,1.0,,,0.0,0.0,0.0,0.0,False,0.0,,73.0,0.02,4.43,7.1,0.13,2.07,-0.03,2.04,,0.3,0.0,72.2,71.99,71.56,True,78.46,63.2,1.09,38.8,-11.2,False,False,,90.0
CI,Cigna,Health Care,Health Care Services,SP500,267.96,70.81,2026-10-01,501.0,TTM-4Q,2026-06-30,2026-11-05,25.0,456.1,1.22,True,7.5,11.4,1.66,8.0,13.3,8.8,,1.52,11.0,15.0,20.6,4.0,1.94,-2.6,0.7,1.65,7.0,2.76,7.2,-1.44,-0.1,6.5,0.09,-0.73,38.0,33.8,0.22,-21.4,1.06,,,341.83,27.6,,1.75,24.0,2.4,-0.28,0.0,0.0,0.0,0.0,False,0.0,2026-09-03,92.2,-0.0,2.77,4.7,0.04,2.29,1.5,3.79,7.8,27.9,-1.6,279.28,280.18,279.99,True,315.47,239.51,7.49,40.9,-9.2,False,False,GOODWILL,100.0
PRDO,Perdoceo Education Corp.,Consumer Discretionary,Education Services,SP600,31.82,1.99,2026-10-01,501.0,TTM-4Q,2026-06-30,,,22.8,1.34,True,5.0,11.2,1.93,,19.8,8.9,10.9,1.05,15.9,17.6,,,-2.94,-3.7,1.5,1.27,7.0,6.54,34.1,0.51,-10.7,-11.7,-0.32,-0.74,31.0,35.5,0.51,-27.2,0.96,,,,,,,,,0.51,-0.36,0.0,0.36,0.0,False,-0.018,2026-09-15,,,,,0.06,0.0,4.45,4.45,11.7,14.7,-4.5,32.4,33.74,33.1,True,38.5,26.66,1.07,48.3,-9.9,False,False,,100.0
SPGI,S&P Global,Financials,Financial Exchanges & Data,SP500,388.16,114.9,2026-10-01,501.0,TTM-4Q,2026-03-31,,,790.2,1.56,True,,24.1,3.69,,,4.2,,-1.36,,14.8,,,,,6.3,,,,22.6,-0.58,-3.5,9.9,0.1,-0.74,21.0,31.1,0.85,-28.5,-0.22,,,,,,,,,-0.35,0.0,0.0,0.0,0.0,False,0.0,,,,,,0.05,1.01,4.66,5.67,8.5,20.9,-3.3,417.83,410.56,424.55,False,522.47,361.03,9.85,32.8,-14.0,False,False,GOODWILL,90.0
CAR,Avis Budget Group,Industrials,Passenger Ground Transportation,SP400,106.12,3.75,2026-10-01,501.0,TTM-4Q,2026-03-31,2026-10-27,18.0,50.7,1.38,True,,,,17.6,,-17.8,,-3.0,-4.3,,,,,-12.7,6.4,,6.0,0.44,-0.4,,-12.4,-17.3,-0.13,-0.74,4.0,111.8,1.54,-85.5,-3.0,,,128.57,21.2,,3.38,7.0,-46.9,-1.57,-0.65,0.0,0.65,0.0,False,-0.017,2026-08-07,118.0,-0.0,48.42,14.2,-0.02,0.0,0.29,0.29,0.7,,0.3,133.65,167.98,156.13,False,847.7,85.96,5.84,30.0,-36.7,False,False,ZONA-BAHAYA;DISTRES;GOODWILL;SHORT-TINGGI,100.0
ROCK,"Gibraltar Industries, Inc.",Industrials,Building Products,SP600,39.73,1.18,2026-10-01,501.0,TTM-4Q,2026-06-30,,,15.6,1.02,True,14.9,,1.32,,6.7,-12.8,3.6,-0.94,5.4,-15.6,24.8,2.9,7.55,-10.4,4.7,,3.0,1.51,999.0,-0.67,-31.8,8.4,-0.21,-0.74,17.0,55.1,1.12,-54.7,-1.2,,,,,,,,,0.34,0.0,0.0,0.0,0.0,False,0.0,,,,,,0.07,0.0,0.45,0.45,35.8,-218.4,0.0,45.26,41.96,44.45,False,75.08,33.56,1.85,35.9,-11.8,False,False,ZONA-BAHAYA;F-RENDAH;GOODWILL,100.0
VRSK,Verisk Analytics,Industrials,Research & Consulting Services,SP500,168.38,22.06,2026-10-01,501.0,TTM-4Q,2026-03-31,,,225.9,0.95,True,16.0,24.2,,,6.3,4.1,5.1,-0.28,29.2,,70.0,1.6,2.43,-9.7,4.8,1.52,5.0,6.39,7.7,2.67,-22.2,6.2,-0.22,-0.74,16.0,36.1,0.13,-37.4,0.81,,,,,,,,,-0.35,-0.39,0.0,0.39,0.0,False,-0.002,2026-09-15,,,,,0.07,1.15,8.28,9.43,5.9,-6.3,-4.1,184.71,184.48,190.3,False,252.8,155.94,5.35,37.8,-12.9,False,False,GOODWILL,100.0
OZK,Bank OZK,Financials,Regional Banks,SP400,46.34,,2026-10-01,501.0,,,,,54.7,1.07,True,,,,,,,,,,,,,,,,,,,999.0,,-1.4,6.8,0.11,-0.74,40.0,24.2,0.92,-17.3,0.41,,,,,,,,,,0.0,0.0,0.0,0.0,False,,,,,,,0.0,,,,,,,49.53,48.62,48.51,True,53.39,42.37,0.9,34.5,-9.4,False,False,DATA-KURANG,0.0
AWI,"Armstrong World Industries, Inc.",Industrials,Building Products,SP600,162.68,6.88,2026-10-01,501.0,TTM-4Q,2026-06-30,2026-10-27,18.0,59.3,0.7,True,13.1,21.8,7.77,17.0,7.7,4.6,3.6,-0.06,24.9,36.6,40.3,1.8,0.74,-2.2,2.1,1.14,7.0,6.68,14.1,1.03,-13.1,2.3,-0.2,-0.74,34.0,27.2,0.83,-25.2,0.73,,,210.18,29.2,,1.7,11.0,5.0,-0.17,0.0,0.0,0.0,0.0,False,0.0,,104.6,0.0,4.19,4.6,0.0,0.85,3.11,3.96,8.6,6.5,-2.3,171.67,166.0,172.36,False,206.08,150.28,3.89,43.3,0.0,False,False,,100.0
ULS,UL Solutions,Industrials,Research & Consulting Services,SP400,66.5,13.57,2026-10-01,501.0,TTM-4Q,2026-06-30,,,65.9,1.49,True,17.9,26.9,8.51,,5.6,3.7,3.2,-0.44,22.7,37.6,50.3,0.6,-0.18,-5.7,1.0,1.34,8.0,7.51,17.6,1.61,4.4,-12.8,-0.1,-0.74,11.0,42.7,0.4,-38.7,0.33,,,,,,,,,-0.06,0.0,0.0,0.0,0.0,False,0.0,2026-09-01,,,,,0.07,0.81,0.0,0.81,6.6,54.4,0.5,75.0,85.8,83.48,False,107.54,63.17,2.02,37.9,-33.2,False,False,,100.0
GT,Goodyear Tire and Rubber Company,Consumer Discretionary,Tires & Rubber,SP600,5.03,1.45,2026-10-01,501.0,TTM-4Q,2026-06-30,,,53.5,1.09,True,15.6,,0.51,9.5,6.4,-175.6,13.3,-1.0,-3.4,-63.9,18.3,1.5,12.57,-16.8,4.4,,3.0,1.18,-1.2,-1.11,-19.9,-10.7,-0.33,-0.74,5.0,46.8,0.57,-52.8,-0.35,,,7.46,48.3,,2.7,7.0,,-3.0,0.0,0.0,0.0,0.0,False,0.0,,95.7,0.03,21.74,5.9,0.09,0.0,0.0,0.0,-4.3,-727.9,-0.3,6.02,6.43,7.12,False,10.62,4.83,0.24,36.6,-25.6,False,False,ZONA-BAHAYA;DISTRES;F-RENDAH;SHORT-TINGGI,100.0
VFC,VF Corporation,Consumer Discretionary,"Apparel, Accessories & Luxury Goods",SP400,14.41,5.65,2026-10-01,501.0,TTM-4Q,2026-03-28,,,111.5,1.62,True,9.7,22.1,3.05,,10.3,4.5,9.9,0.1,8.0,15.3,54.8,1.2,3.16,-4.5,5.8,2.63,8.0,1.79,3.5,-0.05,-7.9,-22.2,-0.3,-0.75,24.0,49.8,1.83,-40.7,-1.26,,,,,,,,,,0.79,0.79,0.0,2.0,True,0.014,2026-08-13,,,,,1.08,2.49,0.0,2.49,1.1,,0.8,14.22,16.43,17.22,False,22.27,12.46,0.5,58.5,-13.8,False,False,ZONA-BAHAYA,100.0
CTSH,Cognizant,Information Technology,IT Consulting & Other Services,SP500,60.88,28.85,2026-10-01,501.0,TTM-4Q,2026-03-31,2026-10-28,19.0,408.2,2.14,True,7.1,12.9,1.91,9.6,14.1,7.7,8.6,1.65,14.1,14.9,,,-0.24,-2.6,0.6,1.24,7.0,6.07,105.6,-0.29,-3.4,4.8,0.02,-0.75,69.0,41.5,0.94,-54.8,0.29,,,65.1,6.9,,2.21,25.0,-0.7,-0.66,0.0,0.0,0.0,0.0,False,0.0,2026-09-14,116.3,-0.03,8.01,6.4,0.11,2.13,5.59,7.72,6.5,-5.4,-3.6,58.57,55.16,61.1,False,87.03,37.08,2.4,55.5,41.3,False,False,,100.0
ECHO,EchoStar,Communication Services,Wireless Telecommunication Services,SP500,88.25,31.03,2026-10-01,501.0,TTM-4Q,2026-06-30,2026-11-05,25.0,305.6,1.22,True,,,2.19,3.9,-32.5,-18.3,-2.3,-2.18,-33.5,-33.5,,14.2,,-11.3,21.4,,2.0,0.41,-999.0,-2.3,12.7,-28.7,-0.15,-0.76,23.0,52.1,1.27,-40.8,-0.6,,,131.44,48.9,,1.25,9.0,-94.8,-1.72,-1.22,0.0,1.22,0.0,False,-0.004,2026-08-13,111.3,-0.22,23.44,10.3,-0.84,0.0,0.0,0.0,-5.2,,22.3,89.46,107.08,108.78,True,147.25,65.76,2.78,41.7,-15.2,False,False,ZONA-BAHAYA;DISTRES;GOING-CONCERN;F-RENDAH;DILUSI;SHORT-TINGGI,100.0
HUBB,Hubbell Incorporated,Industrials,Industrial Machinery & Supplies & Components,SP500,466.98,24.68,2026-10-01,501.0,TTM-4Q,2026-03-31,,,224.6,1.1,True,18.3,27.2,6.55,20.4,5.5,3.7,3.7,-0.4,17.2,25.8,35.5,3.1,1.41,-2.3,1.6,1.19,8.0,,999.0,0.22,4.3,-10.9,-0.1,-0.76,47.0,32.1,1.1,-20.9,0.48,,,562.83,20.5,,2.0,12.0,,-0.2,-0.28,0.0,0.28,0.0,False,-0.001,2026-08-11,99.1,0.01,6.21,6.0,0.01,0.0,1.08,1.08,7.2,12.5,-0.9,472.75,489.08,487.64,True,565.5,403.82,13.01,53.3,-6.5,False,False,,100.0
MARA,"MARA Holdings, Inc.",Information Technology,Internet Services & Infrastructure,SP600,11.21,4.33,2026-10-01,501.0,TTM-4Q,2026-06-30,,,557.1,0.66,True,,,2.61,,-33.6,-79.9,-28.6,-3.0,-41.8,-107.3,,,,-42.5,25.0,,3.0,-2.13,-69.2,,-44.0,27.2,-0.1,-0.76,48.0,85.2,1.97,-70.5,-1.92,,,18.69,66.7,,2.13,13.0,,-1.07,0.0,0.0,0.0,0.0,False,0.0,2026-09-18,75.8,0.0,30.98,2.0,0.15,0.0,-5.14,-5.14,0.7,-610.2,-13.5,11.28,11.49,10.97,True,23.45,6.66,0.83,44.6,-11.9,False,False,ZONA-BAHAYA;DISTRES;F-RENDAH;SHORT-TINGGI,100.0
ALGN,Align Technology,Health Care,Health Care Supplies,SP500,145.35,10.33,2026-10-01,501.0,TTM-4Q,2026-06-30,2026-10-28,19.0,136.8,0.68,True,11.5,25.0,2.44,11.6,8.7,4.0,6.1,0.55,9.8,10.2,68.0,2.3,-1.37,-5.4,3.1,1.83,7.0,4.47,999.0,0.42,23.8,-10.3,0.17,-0.77,25.0,39.3,1.3,-27.1,-0.23,,,206.36,42.0,,2.0,14.0,1.7,-0.38,0.0,0.0,0.0,0.0,False,0.0,,105.2,-0.0,6.28,4.6,0.04,0.0,2.4,2.4,4.4,-5.5,-1.5,160.66,170.13,170.41,True,200.44,124.91,4.66,38.7,-23.2,False,False,,100.0
UTHR,United Therapeutics,Health Care,Biotechnology,SP400,571.38,24.51,2026-10-01,501.0,TTM-4Q,2026-06-30,,,463.8,1.89,True,14.6,18.7,3.83,,6.8,5.3,4.5,0.24,18.3,19.3,86.1,1.9,-1.78,-4.9,2.8,1.29,4.0,21.27,116.8,1.12,22.3,-10.1,0.18,-0.77,68.0,34.1,0.47,-20.9,0.83,,,,,,,,,-0.21,-0.12,0.0,0.12,0.0,False,-0.0,2026-09-24,,,,,0.09,0.0,10.2,10.2,2.5,5.5,-5.2,510.86,538.1,525.13,True,609.35,409.07,19.98,72.0,0.2,False,False,,100.0
YOU,"Clear Secure, Inc.",Information Technology,Application Software,SP600,41.74,4.3,2026-10-01,501.0,TTM-4Q,2026-06-30,,,88.2,0.74,True,11.7,29.0,20.83,,8.6,3.4,11.8,0.83,107.1,90.3,,,-3.35,-28.6,8.7,3.67,6.0,3.26,999.0,3.0,30.5,-12.2,0.16,-0.77,41.0,57.6,0.13,-38.5,1.04,,,,,,,,,0.01,0.0,0.0,0.0,0.0,False,0.0,2026-09-03,,,,,0.15,1.27,0.03,1.3,19.8,-16.4,,45.68,50.77,46.87,True,69.07,29.43,1.68,47.4,-24.4,False,False,,100.0
CNR,"Core Natural Resources, Inc.",Energy,Coal & Consumable Fuels,SP600,87.6,4.35,2026-10-01,501.0,TTM-4Q,2026-06-30,2026-11-05,25.0,47.4,1.11,True,6.0,43.4,1.17,13.2,16.7,2.3,6.0,0.18,1.9,2.7,,,-0.04,-7.5,10.2,5.64,6.0,2.15,1.8,-0.84,21.8,0.1,0.24,-0.78,52.0,45.7,0.63,-31.3,-0.39,,,109.5,25.0,,,4.0,292.4,1.72,0.0,0.0,0.0,0.0,False,0.0,,95.5,0.02,6.66,3.9,0.07,0.47,3.36,3.83,31.5,385.6,-3.7,92.05,90.76,90.96,True,114.8,74.75,3.18,38.6,7.6,False,False,,100.0
DTE,DTE Energy,Utilities,Multi-Utilities,SP500,123.27,25.64,2026-10-01,501.0,TTM-4Q,2026-03-31,2026-10-29,20.0,249.4,1.13,True,12.9,20.3,2.08,14.7,7.7,4.9,,-0.59,5.6,10.4,,,6.56,-3.9,0.4,2.61,5.0,,2.0,-0.16,-1.4,-6.8,-0.24,-0.78,20.0,17.2,0.0,-21.0,0.33,,,156.36,26.8,,1.94,14.0,16.3,0.44,-0.68,0.0,0.68,0.0,False,-0.003,2026-09-01,82.5,-0.0,2.85,4.1,-0.43,3.46,0.0,3.46,20.9,-17.7,0.5,135.35,142.98,140.97,False,155.75,119.68,2.27,30.2,-22.0,False,False,,100.0
ADNT,Adient,Consumer Discretionary,Automotive Parts & Equipment,SP600,17.57,1.35,2026-10-01,501.0,TTM-4Q,2026-06-30,2026-11-04,24.0,18.7,1.29,True,3.7,28.2,0.78,5.8,27.2,3.5,21.8,2.41,6.4,2.7,6.3,0.4,1.91,-6.0,4.7,12.06,7.0,1.84,2.3,-0.89,-24.2,-12.4,-0.35,-0.78,20.0,52.1,1.06,-37.8,-0.5,,,29.55,68.2,,1.92,11.0,-15.9,-0.43,-0.15,0.0,0.15,0.0,False,-0.011,2026-09-02,101.9,0.03,10.61,8.4,0.1,0.0,7.75,7.75,5.0,,-5.4,19.16,20.39,20.82,False,27.32,16.51,0.87,45.0,-8.7,False,False,GOODWILL,100.0
GPK,Graphic Packaging,Materials,Paper & Plastic Packaging Products & Materials,SP400,8.96,2.65,2026-10-01,501.0,TTM-4Q,2026-06-30,,,66.8,1.23,True,7.5,13.7,0.82,8.0,13.3,7.3,,1.45,4.3,6.0,15.5,1.0,5.03,-5.1,1.6,4.09,5.0,1.34,2.0,-0.64,-42.9,14.3,-0.31,-0.79,7.0,46.3,0.83,-53.6,-0.61,,,12.4,38.4,,3.0,11.0,,-0.43,0.0,0.0,0.0,0.0,False,0.0,,122.0,0.0,9.02,4.5,0.12,4.9,0.0,4.9,0.0,-63.7,-1.6,10.68,10.39,11.39,False,19.71,8.79,0.38,31.3,-19.5,False,False,ZONA-BAHAYA,100.0
EPRT,"Essential Properties Realty Trust, Inc.",Real Estate,Diversified REITs,SP600,25.6,5.54,2026-10-01,501.0,TTM-4Q,2026-06-30,2026-10-21,14.0,67.5,0.91,True,15.2,20.7,1.26,18.3,6.6,4.8,,-0.04,5.7,6.5,,,5.12,-2.1,0.3,1.55,5.0,,3.2,-0.3,4.4,-0.6,0.1,-0.79,19.0,19.1,0.29,-23.5,0.57,,,36.4,42.2,,1.25,20.0,-3.4,0.47,-0.71,0.0,0.71,0.0,False,-0.013,2026-07-24,120.3,0.04,9.12,8.0,0.29,4.56,-9.96,-5.4,22.3,19.6,9.2,29.6,30.89,30.88,False,34.73,25.37,0.52,15.6,-20.0,False,False,DILUSI,100.0
IDCC,InterDigital,Information Technology,Communications Equipment,SP400,339.93,8.77,2026-10-01,501.0,TTM-4Q,2026-06-30,,,70.6,0.75,True,19.0,29.0,7.3,29.3,5.3,3.4,6.3,0.26,18.9,26.4,,,-1.71,-12.2,7.2,1.85,4.0,7.97,9.0,0.6,-6.5,4.9,-0.02,-0.79,69.0,48.5,0.99,-36.5,0.67,,,462.67,36.1,,,3.0,,-1.04,0.0,0.0,0.0,0.0,False,0.0,2026-09-08,109.0,-0.04,13.71,15.2,0.09,0.79,1.16,1.96,-11.7,-34.8,1.6,326.42,311.18,317.44,False,412.6,249.14,10.97,56.6,17.8,False,False,,100.0
FERG,Ferguson Enterprises,Industrials,Trading Companies & Distributors,SP500,221.49,42.85,2026-10-01,501.0,FY,2025-07-31,,,313.0,1.44,True,15.6,23.1,7.35,17.7,6.4,4.3,3.7,-0.23,20.4,32.4,30.7,0.1,1.18,-0.3,0.5,1.03,8.0,5.19,999.0,0.4,-1.0,-7.7,-0.15,-0.79,40.0,29.8,0.98,-19.4,0.71,,,287.48,29.8,,1.86,21.0,,-0.4,-1.2,0.0,1.2,0.0,False,-0.003,2026-08-28,99.2,-0.03,3.37,4.4,-0.08,1.14,2.21,3.35,3.8,7.0,-2.1,232.08,235.32,237.81,False,271.64,212.13,5.72,45.5,-6.2,False,False,LAPKEU-LAMA,60.0
TDY,Teledyne Technologies,Information Technology,Electronic Equipment & Instruments,SP500,612.7,28.4,2026-10-01,501.0,TTM-4Q,2026-06-28,,,168.8,0.95,True,19.0,29.1,2.6,,5.3,3.4,4.0,0.28,7.8,9.2,43.3,,1.07,-1.9,0.6,1.3,9.0,5.43,24.5,-0.83,4.2,-1.2,0.06,-0.79,51.0,25.8,0.86,-18.4,1.83,,,,,,,,,-0.36,-4.71,0.0,4.71,0.0,False,-0.017,2026-08-12,,,,,0.09,0.0,0.0,0.0,7.9,13.5,-1.1,634.5,634.01,622.98,True,697.67,483.02,11.15,48.0,-8.4,False,False,,100.0
CNX,CNX Resources,Energy,Oil & Gas Exploration & Production,SP400,31.52,4.66,2026-10-01,501.0,TTM-4Q,2026-06-30,2026-10-29,20.0,70.0,0.64,True,3.6,4.9,0.96,8.3,27.4,20.4,11.3,2.13,15.7,21.2,,,1.18,-1.5,9.3,1.15,8.0,1.74,8.0,-0.0,16.9,-2.3,0.25,-0.8,25.0,28.8,0.37,-26.8,0.54,,,37.73,19.7,,3.08,11.0,29.4,1.89,0.0,0.0,0.0,0.0,False,0.0,,92.8,0.03,14.51,10.9,0.19,0.0,11.42,11.42,61.9,509.7,-10.4,35.04,36.19,36.57,False,43.62,30.78,0.87,27.9,-9.2,False,False,ZONA-BAHAYA,100.0
FLG,Flagstar Bank,Financials,Regional Banks,SP400,11.69,4.85,2026-10-01,501.0,TTM-4Q,2026-06-30,,,61.7,1.35,True,,101.1,0.6,8.7,,1.0,,0.66,,0.6,,,,,0.8,,,,999.0,-0.8,13.3,-2.2,0.19,-0.8,23.0,28.9,0.94,-24.0,-0.05,,,16.26,39.1,,1.89,17.0,,,0.0,0.0,0.0,0.0,False,0.0,,89.4,0.0,0.01,0.0,-0.02,0.33,0.0,0.33,,,14.1,13.39,13.76,13.64,True,15.44,10.57,0.28,19.4,-21.9,False,False,DILUSI,90.0
MSCI,MSCI,Financials,Financial Exchanges & Data,SP500,545.39,39.65,2026-10-01,501.0,TTM-4Q,2026-06-30,,,318.0,1.14,True,,29.2,,24.2,,3.4,,-1.39,,,,,,,2.8,,,,7.2,3.0,0.7,5.6,0.1,-0.8,35.0,30.2,0.85,-18.1,0.21,,,692.06,26.9,,1.5,17.0,,-0.22,1.0,1.0,0.0,1.0,False,0.003,2026-09-02,95.7,0.0,2.2,2.7,0.0,1.45,6.85,8.29,11.6,15.2,-5.9,560.89,573.37,572.88,False,644.77,501.08,11.97,44.2,-11.8,False,False,GOODWILL,90.0
HIMS,Hims & Hers Health,Health Care,Health Care Services,SP400,29.3,6.79,2026-10-01,501.0,TTM-4Q,2026-06-30,,,277.6,0.82,True,,,20.95,39.7,-0.9,-2.1,0.9,-0.96,-7.6,-32.0,68.4,2.9,,-14.7,21.3,,4.0,1.66,-999.0,0.54,-49.9,43.3,-0.04,-0.8,24.0,89.2,2.48,-76.9,-3.0,,,31.15,6.3,,2.8,13.0,,-0.51,0.0,0.0,0.0,0.0,False,0.0,2026-09-22,71.5,0.02,27.26,4.9,0.06,0.0,0.0,0.0,28.0,-173.4,-9.7,29.37,27.58,27.58,False,65.3,13.74,1.71,50.8,-22.4,False,False,ZONA-BAHAYA;DISTRES;GOODWILL;SHORT-TINGGI,90.0
UBER,Uber,Industrials,Passenger Ground Transportation,SP500,67.88,138.65,2026-10-01,501.0,TTM-4Q,2026-06-30,,,1357.1,0.94,True,19.9,14.5,5.08,,5.0,6.9,7.3,0.03,17.4,38.4,,,1.25,-1.4,16.9,1.09,5.0,3.19,14.5,0.27,-23.2,4.9,-0.26,-0.81,18.0,35.2,1.2,-34.1,-0.11,,,,,,,,,0.15,13.31,15.31,2.01,2.0,True,0.01,2026-09-11,,,,,1.08,0.0,4.98,4.98,16.7,-24.1,-3.5,73.05,73.32,74.8,False,101.29,65.41,1.89,35.7,-11.1,False,False,,100.0
THO,Thor Industries,Consumer Discretionary,Leisure Products,SP400,69.05,3.56,2026-10-01,501.0,TTM-4Q,2026-07-31,,,64.0,0.96,True,7.2,20.1,0.84,,13.9,5.0,,0.78,4.0,4.2,12.6,1.5,0.7,-2.0,5.0,1.81,6.0,3.42,6.3,-1.04,-26.6,-3.2,-0.39,-0.81,13.0,37.7,1.05,-42.9,-0.17,,,,,,,,,-0.56,0.0,0.0,0.0,0.0,False,0.0,,,,,,0.08,3.05,3.23,6.28,0.3,-31.3,-1.6,75.43,77.3,85.71,False,122.83,67.31,2.49,39.3,-12.0,False,False,,100.0
FND,Floor & Decor,Consumer Discretionary,Home Improvement Retail,SP400,46.03,4.9,2026-10-01,501.0,TTM-4Q,2026-06-25,,,121.4,1.3,True,8.7,21.1,1.96,20.9,11.4,4.7,4.3,-0.09,9.0,9.7,44.9,1.2,-0.23,-4.9,1.8,2.18,7.0,2.47,999.0,0.12,-35.2,-3.0,-0.4,-0.81,9.0,47.6,1.22,-43.3,-0.69,,,58.59,27.3,,2.61,22.0,,-0.17,-13.59,0.0,13.59,0.0,False,-0.277,2026-08-07,121.2,0.0,12.22,5.7,-0.12,0.0,0.0,0.0,2.4,9.9,-0.2,52.58,52.8,56.61,False,77.46,42.64,1.94,39.3,-24.0,False,False,INSIDER-JUAL,100.0
TKO,TKO Group Holdings,Communication Services,Movies & Entertainment,SP500,176.04,13.36,2026-10-01,501.0,TTM-4Q,2026-06-30,,,228.7,1.09,True,11.4,58.2,3.93,,8.8,1.7,,-0.17,6.7,6.0,,,2.65,-9.9,4.6,7.82,5.0,1.47,4.1,0.01,-8.7,-9.0,-0.28,-0.81,23.0,31.5,0.75,-20.8,0.79,,,,,,,,,-0.27,0.0,0.0,0.0,0.0,False,0.0,2026-09-14,,,,,0.16,1.8,0.0,1.8,5.1,8.8,-61.9,188.24,193.15,196.77,False,226.94,171.19,5.76,35.1,-11.7,False,False,ZONA-BAHAYA;GOODWILL,100.0
LZ,"LegalZoom.com, Inc.",Industrials,Research & Consulting Services,SP600,5.73,0.98,2026-10-01,501.0,TTM-4Q,2026-06-30,,,16.3,1.02,False,,58.2,7.72,7.1,,1.7,15.2,0.74,13.2,10.5,66.7,1.1,,-31.4,14.5,10.39,6.0,-0.26,18.6,2.85,-40.8,7.7,-0.26,-0.82,8.0,63.2,1.04,-50.3,-1.19,,,7.6,32.6,,,5.0,,-0.16,-2.95,0.0,2.95,0.0,False,-0.3,2026-08-21,97.4,0.01,10.01,4.6,-0.23,0.0,15.2,15.2,12.3,-41.4,-5.1,6.28,6.32,6.94,False,12.4,5.22,0.27,44.2,-19.3,False,False,TIPIS;ZONA-BAHAYA;GOODWILL,100.0
AROC,"Archrock, Inc.",Energy,Oil & Gas Equipment & Services,SP600,30.42,5.33,2026-10-01,501.0,TTM-4Q,2026-06-30,2026-10-27,18.0,53.9,0.78,True,8.8,16.2,3.44,13.9,11.4,6.2,5.5,-0.16,11.4,22.2,48.9,6.6,2.68,-8.9,2.5,2.21,6.0,1.22,3.7,0.3,23.8,-6.0,0.27,-0.82,44.0,32.7,0.76,-28.0,-0.0,,,42.5,39.7,,1.43,8.0,-22.8,-0.3,0.0,0.0,0.0,0.0,False,0.0,,102.3,0.03,6.08,3.9,0.16,2.86,0.86,3.71,11.5,41.9,-0.3,32.67,35.39,33.7,True,42.23,22.88,0.98,40.8,-19.4,False,False,ZONA-BAHAYA,100.0
EXP,Eagle Materials,Materials,Construction Materials,SP400,173.07,5.31,2026-10-01,501.0,TTM-4Q,2026-06-30,,,83.6,0.92,True,9.4,13.2,3.57,12.3,10.7,7.6,3.2,0.15,14.5,27.0,27.0,0.9,2.09,-6.3,1.9,1.57,5.0,3.12,11.8,0.91,-17.5,0.4,-0.25,-0.82,13.0,34.2,0.97,-28.9,0.26,,,220.5,27.4,,3.0,10.0,,-0.29,-1.7,0.0,1.7,0.0,False,-0.032,2026-08-24,109.7,-0.0,7.85,4.9,-0.05,0.6,7.29,7.89,1.7,-11.1,-5.2,196.65,202.38,207.53,False,245.53,167.32,5.08,32.5,-23.4,False,False,,100.0
TBBK,"The Bancorp, Inc.",Financials,Regional Banks,SP600,48.94,2.0,2026-10-01,501.0,TTM-4Q,2026-06-30,,,36.6,0.74,True,,8.6,2.83,,,11.6,,0.31,,29.6,,,,,0.4,,,,999.0,0.41,-14.1,17.4,0.03,-0.82,8.0,49.7,1.31,-40.1,-1.88,,,,,,,,,,-0.22,0.0,0.22,0.0,False,-0.011,2026-08-06,,,,,0.04,0.0,20.22,20.22,,3.4,-11.4,61.69,59.03,60.55,False,81.65,47.01,1.88,28.0,-25.3,False,False,,90.0
WH,Wyndham Hotels & Resorts,Consumer Discretionary,"Hotels, Resorts & Cruise Lines",SP400,71.49,5.31,2026-10-01,501.0,TTM-4Q,2026-06-30,,,87.1,0.78,True,16.1,25.5,11.05,,6.2,3.9,6.1,-0.53,9.9,39.6,,,5.3,-3.8,1.4,1.78,4.0,1.66,3.0,-0.95,-9.7,-12.4,-0.36,-0.83,25.0,30.3,0.83,-24.4,0.93,,,,,,,,,-0.76,0.0,0.0,0.0,0.0,False,0.0,2026-08-17,,,,,0.08,2.41,4.15,6.56,-1.9,-37.9,-2.8,72.54,78.29,78.3,False,90.35,66.87,2.05,52.1,-15.4,False,False,ZONA-BAHAYA;GOODWILL,100.0
PEP,PepsiCo,Consumer Staples,Soft Drinks & Non-alcoholic Beverages,SP500;NDX,125.6,171.43,2026-10-01,501.0,FY,2025-12-27,,,1248.4,0.91,True,14.4,20.8,8.4,,6.9,4.8,4.5,-0.39,13.3,42.9,54.1,0.6,2.92,-3.7,0.7,1.47,6.0,3.31,10.3,0.56,2.5,-8.7,-0.15,-0.83,23.0,21.1,0.16,-24.1,0.8,,,,,,,,,-0.21,-0.4,0.0,0.4,0.0,False,-0.0,2026-07-27,,,,,0.05,4.46,0.58,5.04,2.3,-14.0,-0.4,137.17,145.6,147.39,False,171.48,125.53,2.31,24.0,-15.1,False,False,LAPKEU-LAMA,60.0
AMPH,"Amphstar Pharmaceuticals, Inc.",Health Care,Pharmaceuticals,SP600,25.35,1.08,2026-10-01,501.0,TTM-4Q,2026-06-30,2026-11-05,25.0,13.6,0.96,True,8.2,13.7,1.4,8.0,12.2,7.3,14.2,1.68,6.4,10.3,47.7,2.9,1.88,-6.3,2.4,2.35,5.0,2.12,4.4,-0.4,-13.8,13.4,-0.0,-0.83,73.0,54.3,0.64,-42.6,-0.42,,,22.5,-11.2,,,6.0,48.3,-0.15,-0.48,0.0,0.48,0.0,False,-0.044,2026-09-21,69.6,0.01,25.59,12.5,0.01,0.0,9.28,9.28,1.0,-41.7,-8.1,22.34,20.71,22.36,False,29.52,16.65,0.95,59.1,25.8,False,False,SHORT-TINGGI,100.0
DECK,Deckers Brands,Consumer Discretionary,Footwear,SP500,79.57,10.85,2026-10-01,501.0,TTM-4Q,2026-06-30,2026-10-22,15.0,276.9,0.87,True,7.0,10.7,4.72,9.6,14.3,9.3,10.3,0.51,41.5,42.6,57.8,3.2,-1.21,-4.6,3.7,1.18,6.0,7.97,327.8,1.46,-16.6,-16.2,-0.37,-0.83,9.0,44.5,1.32,-35.9,-0.43,,,120.41,51.3,,,22.0,7.6,0.06,0.0,0.0,0.0,0.0,False,0.0,,101.4,-0.01,7.8,3.2,0.04,0.0,11.33,11.33,7.9,2.5,-7.4,88.13,99.27,101.4,False,122.29,77.2,2.24,41.2,-25.9,False,False,,100.0
DFH,"Dream Finders Homes, Inc.",Consumer Discretionary,Homebuilding,SP600,10.89,0.99,2026-10-01,501.0,TTM-4Q,2026-06-30,2026-10-29,20.0,12.5,1.01,False,12.2,6.8,0.69,13.9,8.2,14.7,-16.3,-1.03,6.0,10.6,,2.2,7.57,7.5,2.3,-0.94,,,999.0,-2.17,-47.1,-2.4,-0.42,-0.84,3.0,58.9,1.22,-59.5,-1.63,,,,,,3.0,,-8.5,-1.41,1.43,1.43,0.0,2.0,True,0.144,2026-09-10,96.7,0.0,48.79,11.4,1.14,0.0,5.23,5.23,-12.2,-52.9,-10.4,13.53,14.53,15.64,False,27.19,10.18,0.72,36.3,-36.8,False,False,TIPIS;LABA-KERTAS;SHORT-TINGGI,100.0
ADC,Agree Realty,Real Estate,Retail REITs,SP400,65.03,8.09,2026-10-01,501.0,TTM-4Q,2026-06-30,2026-10-20,13.0,113.0,1.49,True,18.0,36.0,1.24,33.6,5.6,2.8,,-0.4,3.2,3.7,,,5.22,-3.1,0.2,2.37,7.0,,2.5,-0.83,6.1,-2.7,0.1,-0.84,24.0,16.2,0.03,-18.9,1.29,,,83.83,28.9,,1.85,18.0,-1.5,0.25,4.14,4.14,0.0,3.0,True,0.051,2026-09-21,117.7,-0.04,0.0,0.0,0.67,4.51,-12.2,-7.69,18.2,21.0,9.2,73.04,75.58,75.1,False,82.08,65.03,1.14,16.0,-18.5,False,False,DILUSI,90.0
KKR,KKR & Co.,Financials,Asset Management & Custody Banks,SP500,91.24,81.9,2026-10-01,501.0,TTM-4Q,2026-06-30,,,397.4,1.66,True,,26.0,2.64,12.3,,3.8,,-0.64,,10.6,,,,,2.2,,,,999.0,-0.73,-17.5,16.9,-0.01,-0.84,21.0,38.6,1.76,-41.1,-1.89,,,128.67,41.0,,1.59,20.0,,0.89,-1.09,0.0,1.09,0.0,False,-0.001,2026-09-03,62.4,0.01,1.97,3.7,0.02,0.82,0.28,1.1,31.1,53.7,,103.44,98.02,103.2,False,144.84,82.67,3.14,30.9,-5.2,False,False,,90.0
BYD,Boyd Gaming,Consumer Discretionary,Casinos & Gaming,SP400,66.07,4.8,2026-10-01,501.0,TTM-4Q,2026-06-30,2026-10-22,15.0,80.0,1.22,True,6.9,2.6,1.92,8.5,14.4,37.9,0.7,0.76,10.5,93.3,,,2.24,18.0,7.8,0.34,5.0,2.13,5.7,-2.2,-11.0,-9.2,-0.38,-0.84,9.0,26.7,0.72,-27.4,1.05,,,95.94,45.2,,2.37,16.0,2.1,0.78,-1.15,0.0,1.15,0.0,False,-0.024,2026-08-24,76.1,0.0,9.64,6.2,0.04,1.2,13.67,14.87,1.7,221.9,-9.1,79.24,82.88,83.5,False,91.41,65.0,1.78,14.3,-26.7,False,False,,100.0
EXC,Exelon,Utilities,Electric Utilities,SP500;NDX,40.47,41.41,2026-10-01,501.0,TTM-4Q,2026-03-31,2026-11-03,23.0,362.5,1.46,True,10.3,14.9,1.41,13.3,9.7,6.7,-5.2,0.48,5.6,9.8,,,5.63,-3.5,0.4,2.44,5.0,,999.0,-0.14,0.0,-9.5,-0.25,-0.84,23.0,19.3,-0.12,-18.5,0.48,,,48.71,20.4,,2.76,17.0,-3.9,-0.85,0.0,0.0,0.0,0.0,False,0.0,,95.5,0.01,3.71,4.8,0.17,3.97,-1.25,2.72,4.6,2.5,1.7,44.01,45.94,45.66,False,50.65,39.73,0.72,28.5,-17.6,False,False,,100.0
CBRE,CBRE Group,Real Estate,Real Estate Services,SP500,130.53,37.8,2026-10-01,501.0,TTM-4Q,2026-06-30,2026-10-22,15.0,282.0,0.92,True,16.3,29.1,4.5,14.4,6.1,3.4,2.5,-0.75,9.6,15.6,18.4,1.3,2.43,-0.2,1.9,1.05,6.0,,999.0,-0.23,-8.3,7.4,-0.01,-0.85,23.0,33.2,0.96,-27.4,-1.37,,,182.92,40.1,,1.42,12.0,5.8,0.11,0.0,0.0,0.0,0.0,False,0.0,2026-08-13,100.1,-0.02,1.48,2.8,-0.23,0.0,3.25,3.25,14.7,19.4,-2.0,144.12,139.85,145.3,False,174.27,121.69,4.12,35.6,-10.1,False,False,,100.0
INSP,"Inspire Medical Systems, Inc.",Health Care,Health Care Equipment,SP600,70.78,2.05,2026-10-01,501.0,TTM-4Q,2026-06-30,,,68.3,2.3,True,24.2,15.2,2.48,46.0,4.1,6.6,5.7,0.24,7.2,18.0,86.1,0.7,-4.49,-2.5,11.6,1.16,8.0,13.85,999.0,1.04,-17.1,14.7,-0.02,-0.85,80.0,70.0,0.89,-72.2,-1.86,,,62.8,-11.3,,2.71,15.0,,0.22,-0.06,0.0,0.06,0.0,False,-0.003,2026-08-07,130.3,0.03,17.79,6.2,0.06,0.0,4.89,4.89,4.3,154.2,-1.9,62.82,54.37,61.56,False,147.03,38.91,3.59,55.6,47.0,False,False,,100.0
DPZ,Domino's,Consumer Discretionary,Restaurants,SP500,295.0,9.76,2026-10-01,501.0,FY,2025-12-28,2026-10-13,8.0,229.4,0.86,True,9.3,16.2,,14.1,10.8,6.2,6.9,-0.27,,,40.0,1.2,-0.11,-11.0,2.6,1.32,7.0,2.82,4.9,0.96,-19.9,-5.3,-0.41,-0.85,15.0,30.8,0.63,-34.7,0.75,,,377.89,28.1,,2.13,27.0,-2.4,-0.13,-4.0,0.0,4.0,0.0,False,-0.041,2026-07-22,113.3,-0.04,11.22,4.0,-0.04,2.43,3.67,6.09,5.0,3.0,-2.2,331.56,336.9,354.49,False,442.35,282.0,9.21,36.9,-7.7,False,False,LAPKEU-LAMA;GOODWILL,60.0
USPH,"U.S. Physical Therapy, Inc.",Health Care,Health Care Facilities,SP600,82.6,1.23,2026-10-01,501.0,TTM-4Q,2026-06-30,,,14.6,0.8,True,14.5,38.2,2.75,,6.9,2.6,5.2,0.27,8.5,6.8,18.7,1.8,1.99,-4.2,1.2,2.58,6.0,2.65,999.0,-1.1,-6.1,5.9,-0.0,-0.85,65.0,39.8,1.06,-35.9,-0.26,,,,,,,,,-0.2,0.0,0.0,0.0,1.0,False,0.0,2026-09-11,,,,,0.09,0.0,0.0,0.0,11.3,-15.6,-0.8,79.91,73.95,76.27,True,93.5,58.19,2.43,53.5,11.3,False,False,GOODWILL,100.0
AR,Antero Resources,Energy,Oil & Gas Exploration & Production,SP400,34.03,10.46,2026-10-01,501.0,TTM-4Q,2026-06-30,2026-10-28,19.0,147.3,0.58,True,5.6,9.3,1.26,7.8,17.8,10.7,,0.84,11.9,14.4,,,1.13,-6.1,5.4,1.76,8.0,1.78,999.0,0.02,18.6,-2.6,0.21,-0.85,34.0,38.6,0.07,-26.4,0.54,,,50.29,47.8,,1.8,21.0,-10.5,0.18,0.0,0.0,0.0,0.0,False,0.0,,91.5,0.0,4.46,4.0,-0.02,0.0,0.0,0.0,25.8,116.1,-0.8,36.62,37.13,36.32,True,45.75,29.1,1.14,38.2,-6.2,False,False,ZONA-BAHAYA,100.0
HD,Home Depot (The),Consumer Discretionary,Home Improvement Retail,SP500,282.46,281.81,2026-10-01,501.0,TTM-4Q,2026-08-02,,,1513.9,1.6,True,13.6,19.8,16.96,17.6,7.4,5.0,5.4,-0.48,24.1,104.3,33.2,0.1,2.07,-4.3,3.5,1.32,4.0,5.29,8.7,0.14,-19.4,-2.2,-0.42,-0.85,12.0,25.6,0.76,-28.3,1.02,,,377.19,33.5,,1.94,32.0,,-0.24,-3.34,0.0,3.34,0.0,False,-0.001,2026-09-10,76.8,-0.0,1.18,2.6,0.05,3.27,-0.12,3.15,2.5,-2.7,0.2,323.42,329.14,339.43,False,405.13,277.15,6.69,25.2,-23.1,False,False,GOODWILL,100.0
TYL,Tyler Technologies,Information Technology,Application Software,SP500,330.18,13.52,2026-10-01,501.0,TTM-4Q,2026-06-30,,,251.8,0.97,True,27.3,41.7,4.45,,3.7,2.4,5.3,0.06,6.6,9.7,47.2,1.3,0.86,-7.2,0.9,2.25,6.0,4.25,56.4,-0.37,-28.0,12.9,-0.18,-0.85,23.0,42.4,0.49,-47.4,0.83,,,,,,,,,-0.36,-6.48,0.0,6.48,0.0,False,-0.048,2026-08-28,,,,,-0.03,0.0,6.86,6.86,8.2,5.8,-4.7,335.44,327.3,346.1,False,525.06,270.71,12.6,46.4,1.2,False,False,,100.0
EFX,Equifax,Industrials,Research & Consulting Services,SP500,139.73,16.42,2026-10-01,501.0,TTM-4Q,2026-06-30,2026-10-20,13.0,287.8,1.18,True,11.5,23.7,3.75,13.8,8.7,4.2,6.7,0.38,8.6,14.6,,,2.8,-7.7,0.9,2.33,6.0,2.85,5.2,-0.05,-26.6,4.3,-0.28,-0.85,6.0,39.6,1.06,-45.9,-0.47,,,214.38,53.4,,1.67,21.0,2.3,-0.11,0.0,0.0,0.0,0.0,False,0.0,2026-09-03,104.8,-0.01,7.65,6.4,-0.03,1.56,8.29,9.84,10.3,8.1,-4.6,173.9,174.53,182.93,False,258.32,137.01,5.82,24.0,-20.8,False,False,GOODWILL,100.0
TRN,"Trinity Industries, Inc.",Industrials,Construction Machinery & Heavy Transportation Equipment,SP600,25.8,2.06,2026-10-01,501.0,TTM-4Q,2026-06-30,,,19.9,1.3,True,6.8,6.1,1.8,,14.8,16.5,16.7,2.93,8.4,31.5,26.2,3.2,4.81,-0.6,0.8,1.14,7.0,,999.0,-1.02,3.4,-14.1,-0.15,-0.86,18.0,34.8,0.93,-32.9,0.19,,,,,,,,,-0.57,0.0,0.0,0.0,0.0,False,0.0,,,,,,0.07,4.81,2.56,7.37,-18.9,251.7,-1.6,29.8,32.3,31.62,True,38.31,24.76,0.82,24.5,-26.3,False,False,,100.0
TSN,Tyson Foods,Consumer Staples,Packaged Foods & Meats,SP500,50.47,17.92,2026-10-01,501.0,TTM-4Q,2026-06-27,,,206.0,0.82,True,9.6,31.2,0.99,,10.5,3.2,6.5,0.41,3.4,3.2,6.1,3.6,2.76,-4.0,4.2,3.49,6.0,3.13,3.1,-1.86,5.0,-12.8,-0.15,-0.86,21.0,26.5,0.29,-25.3,0.43,,,,,,,,,-0.2,1.0,1.0,0.0,1.0,False,0.006,2026-09-04,,,,,0.07,3.92,0.0,3.92,2.9,-26.8,-0.6,55.38,59.6,60.05,False,69.48,49.96,1.11,30.0,-16.5,False,False,,100.0
NXT,Nextpower,Industrials,Electrical Components & Equipment,SP400,79.48,12.33,2026-10-01,501.0,TTM-4Q,2026-07-03,,,168.2,1.1,True,15.1,20.8,4.82,13.8,6.6,4.8,4.5,-0.08,22.6,27.2,33.4,10.2,-1.65,-0.2,8.1,1.01,4.0,5.68,999.0,-0.03,12.3,-31.0,-0.14,-0.86,13.0,66.4,1.18,-50.2,-1.41,,,139.18,75.1,,1.45,28.0,,0.3,-1.54,0.0,1.54,0.0,False,-0.012,2026-09-01,109.7,0.0,7.96,4.3,-0.02,0.0,0.0,0.0,17.0,9.1,2.8,89.11,109.02,107.76,False,163.13,73.07,3.82,41.4,-31.3,False,False,,100.0
SRPT,Sarepta Therapeutics,Health Care,Biotechnology,SP600,17.57,1.86,2026-10-01,501.0,TTM-4Q,2026-06-30,,,57.9,0.97,True,,,1.21,,-5.1,-7.4,4.4,-0.78,-4.5,-9.3,,,,-7.2,10.3,,5.0,-0.21,-999.0,,10.7,-3.6,0.04,-0.86,20.0,81.7,1.41,-39.2,-1.72,,,,,,,,,,0.0,0.0,0.0,0.0,False,0.0,,,,,,0.09,0.0,0.0,0.0,-20.4,,-1.1,18.82,18.66,19.14,True,25.32,14.68,1.14,38.2,-11.2,False,False,ZONA-BAHAYA;DISTRES,100.0
HON,Honeywell Technologies,Industrials,Industrial Conglomerates,SP500;NDX,213.8,67.76,2026-10-01,501.0,TTM-4Q,2026-06-30,,,624.0,0.8,True,10.1,8.3,3.66,21.6,9.9,12.1,5.9,1.01,11.9,47.4,39.8,1.2,2.71,4.0,0.9,0.62,6.0,2.61,999.0,-0.42,2.9,-11.5,-0.16,-0.87,40.0,27.2,0.74,-21.9,0.93,,,261.74,22.4,,2.0,23.0,,-0.18,-4.15,0.0,4.15,0.0,False,-0.006,2026-08-03,84.5,-0.01,2.34,2.7,-0.04,4.54,1.27,5.81,5.0,43.7,-0.6,222.18,230.65,230.41,True,260.28,195.87,4.4,52.2,-9.3,False,False,GOODWILL,100.0
AMT,American Tower,Real Estate,Telecom Tower REITs,SP500,161.06,75.05,2026-10-01,501.0,TTM-4Q,2026-06-30,2026-10-27,18.0,455.3,1.0,True,15.8,21.3,20.18,23.0,6.3,4.7,5.3,-0.35,9.2,94.6,,0.1,5.08,-3.6,0.9,1.64,7.0,,3.5,0.64,-5.8,4.9,-0.02,-0.87,35.0,26.3,0.05,-15.7,0.79,,,215.7,33.9,,1.52,23.0,20.6,-0.03,-0.39,0.5,0.89,1.0,False,-0.001,2026-08-21,96.8,0.01,1.5,3.0,0.06,0.0,0.0,0.0,6.6,164.7,-0.5,172.94,176.49,176.98,False,196.08,160.06,3.88,29.7,-5.4,False,False,GOODWILL,100.0
DY,Dycom Industries,Industrials,Construction & Engineering,SP400,269.96,8.14,2026-10-01,501.0,TTM-4Q,2026-08-01,2026-11-25,39.0,186.3,0.91,True,13.3,24.7,3.95,13.0,7.5,4.0,5.8,0.12,9.1,19.2,,,3.11,-8.0,2.4,2.18,5.0,3.03,999.0,-0.01,-1.5,-17.3,-0.18,-0.87,7.0,51.9,1.0,-50.2,-0.85,,,520.91,93.0,,1.09,11.0,12.2,1.21,0.55,0.55,0.0,3.0,True,0.007,2026-09-23,94.0,0.01,5.38,1.6,1.02,0.0,0.44,0.44,37.8,26.3,3.8,344.79,393.5,388.85,False,566.47,263.36,12.75,30.7,-39.9,False,False,,100.0
AOSL,"Alpha and Omega Semiconductor, Ltd.",Information Technology,Semiconductors,SP600,28.84,0.87,2026-10-01,501.0,TTM-4Q,2026-06-30,2026-11-09,27.0,14.3,0.84,False,49.5,,1.09,91.6,2.0,-4.8,-7.8,-0.97,-4.1,-5.2,22.3,4.4,-12.6,-2.6,18.0,,5.0,4.82,-55.7,-0.99,-15.5,3.5,-0.07,-0.87,59.0,90.5,2.35,-55.7,-1.85,,,43.75,51.7,,,4.0,45.8,-0.3,0.0,0.0,0.0,0.0,False,0.0,2026-07-16,76.9,0.08,13.59,5.2,0.27,0.0,2.08,2.08,-2.5,,1.9,28.3,32.86,30.04,True,54.34,17.01,1.39,58.0,-24.2,False,False,TIPIS,100.0
TDG,TransDigm Group,Industrials,Aerospace & Defense,SP500,1097.24,60.65,2026-10-01,501.0,TTM-4Q,2026-06-27,,,444.1,1.01,True,18.0,28.5,,,5.5,3.5,3.2,-0.63,16.9,,59.6,2.7,5.97,-0.3,1.8,1.03,7.0,1.7,999.0,0.48,-12.3,-1.5,-0.25,-0.87,17.0,27.6,0.83,-25.8,0.7,,,,,,,,,0.29,0.0,0.0,0.0,0.0,False,0.0,2026-09-15,,,,,0.07,8.73,2.98,11.7,16.6,10.2,-1.2,1181.64,1215.76,1248.46,False,1463.03,1071.25,25.91,39.2,-20.7,False,False,ZONA-BAHAYA;GOODWILL,100.0
INVA,"Innoviva, Inc.",Health Care,Pharmaceuticals,SP600,20.55,1.48,2026-10-01,501.0,TTM-4Q,2026-06-30,,,21.7,0.9,True,,4.2,1.2,9.3,,24.1,12.8,2.21,10.4,36.7,72.2,3.2,,10.9,11.7,0.54,7.0,3.28,8.9,-1.07,15.5,-10.0,0.1,-0.88,41.0,27.6,0.12,-16.5,1.44,,,35.0,70.3,,1.8,5.0,,2.2,0.0,0.0,0.0,0.0,False,0.0,,109.2,0.0,13.43,10.5,0.05,0.0,3.56,3.56,18.8,824.3,-13.1,21.02,22.09,21.76,False,25.15,16.52,0.52,43.4,-10.2,False,False,,100.0
STE,Steris,Health Care,Health Care Equipment,SP500,209.34,20.41,2026-10-01,501.0,TTM-4Q,2026-06-30,,,139.7,0.89,True,13.4,25.4,2.83,,7.5,3.9,4.5,0.3,9.4,11.4,44.4,0.5,0.86,-4.6,2.3,1.6,8.0,4.94,18.8,-0.12,-6.7,4.7,-0.04,-0.88,27.0,25.2,0.4,-25.4,1.0,,,,,,,,,-0.11,-0.96,0.0,0.96,0.0,False,-0.005,2026-08-12,,,,,0.09,1.21,1.67,2.88,8.4,24.5,-0.9,224.02,219.36,228.41,False,269.44,195.14,4.23,37.0,-6.5,False,False,,100.0
CW,Curtiss-Wright,Industrials,Aerospace & Defense,SP400,544.94,20.13,2026-10-01,501.0,TTM-4Q,2026-06-30,2026-11-04,24.0,243.8,0.91,True,25.6,37.2,7.27,31.8,3.9,2.7,3.1,-0.74,14.5,19.7,37.7,0.2,0.6,-3.4,1.1,1.33,8.0,6.94,16.2,0.5,6.6,-17.0,-0.15,-0.88,17.0,35.3,1.05,-32.8,0.07,,,786.25,44.3,,1.78,8.0,2.8,-0.05,-0.55,0.15,0.7,1.0,False,-0.003,2026-08-28,89.7,0.01,2.39,1.9,0.01,0.0,2.28,2.28,10.5,19.9,-2.1,629.9,692.73,676.78,True,808.16,521.66,16.58,33.8,-30.1,False,False,,100.0
FUN,Six Flags,Consumer Discretionary,Leisure Facilities,SP600,10.88,1.11,2026-10-01,501.0,TTM-4Q,2026-06-28,,,29.9,2.29,True,,,9.7,409.0,-14.9,-157.3,13.5,-2.9,-17.6,-185.3,91.4,0.2,,-26.3,10.1,,3.0,-0.64,-999.0,1.58,-37.3,-19.0,-0.42,-0.89,2.0,67.4,1.52,-59.9,-2.22,,,20.69,90.2,,2.14,13.0,,,0.0,0.0,0.0,0.0,False,0.0,2026-08-12,108.0,0.02,25.22,11.3,0.08,0.0,0.0,0.0,-3.5,,1.1,15.13,17.94,17.55,False,27.37,10.45,0.72,26.0,-49.5,False,False,ZONA-BAHAYA;DISTRES;F-RENDAH;GOODWILL;SHORT-TINGGI,100.0
ALG,Alamo Group,Industrials,Construction Machinery & Heavy Transportation Equipment,SP600,156.36,1.9,2026-10-01,501.0,TTM-4Q,2026-06-30,2026-11-05,25.0,34.6,0.84,True,10.2,18.8,1.6,12.8,9.8,5.3,7.1,0.85,7.9,8.8,24.2,0.8,0.35,-3.8,1.2,1.62,4.0,4.8,8.5,-0.35,-13.4,-3.1,-0.25,-0.89,26.0,32.5,0.65,-32.5,0.55,,,204.8,31.0,,1.75,5.0,2.9,-0.45,-0.89,0.0,0.89,0.0,False,-0.047,2026-09-04,100.2,0.02,5.99,3.3,-0.01,0.81,0.56,1.37,4.1,-14.7,0.3,164.85,164.81,171.59,True,219.88,145.76,5.05,35.4,-10.5,False,False,,100.0
RRC,Range Resources,Energy,Oil & Gas Exploration & Production,SP400,37.6,8.79,2026-10-01,501.0,TTM-4Q,2026-06-30,,,106.2,0.71,True,,10.2,1.87,,,9.8,,0.58,,19.5,93.9,2.8,,-6.8,4.9,1.58,8.0,,,1.85,13.5,-2.3,0.17,-0.89,43.0,33.0,0.16,-25.3,0.66,,,,,,,,,0.2,-0.14,0.0,0.14,0.0,False,-0.002,2026-08-05,,,,,0.15,1.03,0.0,1.03,23.2,79.2,-1.5,39.93,40.48,39.35,True,48.31,32.68,1.09,38.9,-3.1,False,False,,100.0
LKQ,LKQ Corporation,Consumer Discretionary,Distributors,SP600,22.78,5.76,2026-10-01,501.0,TTM-4Q,2026-06-30,,,77.2,0.73,True,7.5,12.5,0.89,7.4,13.4,8.0,10.8,0.77,6.1,7.1,38.3,0.9,2.9,-2.4,2.1,1.79,5.0,2.41,999.0,-0.58,-15.5,-13.7,-0.41,-0.89,13.0,35.8,0.52,-34.1,0.7,,,32.5,42.7,,,8.0,,-0.52,0.0,0.0,0.0,0.0,False,0.0,,110.5,-0.05,7.66,4.5,-0.04,5.34,2.31,7.65,1.3,-35.2,-1.4,24.49,26.82,28.24,False,37.13,21.17,0.68,37.7,-16.4,False,False,,100.0
AESI,"Atlas Energy Solutions, Inc.",Energy,Oil & Gas Equipment & Services,SP600,11.69,1.46,2026-10-01,501.0,TTM-4Q,2026-06-30,2026-11-02,22.0,48.4,0.73,True,28.5,,1.31,146.1,3.5,-8.1,-12.6,-2.14,-3.6,-9.9,7.1,15.6,11.33,-7.2,11.7,,3.0,0.95,-999.0,-2.34,11.5,3.9,0.12,-0.9,38.0,65.8,1.15,-48.5,-2.14,,,17.75,51.8,,2.42,12.0,-88.7,-2.59,0.0,0.0,0.0,0.0,False,0.0,,87.8,0.02,26.77,7.8,0.12,0.0,0.0,0.0,-8.1,-946.3,1.0,12.33,14.22,13.36,True,20.13,7.64,0.86,42.7,-21.2,False,False,ZONA-BAHAYA;DISTRES;F-RENDAH;SHORT-TINGGI,100.0
AAON,AAON,Industrials,Building Products,SP400,82.28,6.78,2026-10-01,501.0,TTM-4Q,2026-06-30,2026-11-05,25.0,99.0,0.86,True,24.2,42.6,6.71,23.5,4.1,2.3,,-0.85,15.6,17.3,25.6,3.6,1.46,4.5,4.4,0.54,3.0,7.3,999.0,-0.74,-19.1,-9.9,-0.25,-0.9,24.0,58.8,1.68,-49.8,-1.7,,,134.75,63.8,,1.5,4.0,39.7,2.12,0.11,0.11,0.0,2.0,True,0.002,2026-09-15,85.5,0.0,7.09,4.4,0.99,0.48,0.0,0.48,53.5,30.5,0.9,83.76,100.68,97.78,False,150.46,73.19,4.12,50.6,-25.5,False,False,F-RENDAH;LABA-KERTAS,90.0
CME,CME Group,Financials,Financial Exchanges & Data,SP500,265.1,95.78,2026-10-01,501.0,TTM-4Q,2026-06-30,2026-10-21,14.0,478.6,1.29,True,,22.1,3.61,20.5,,4.5,,-0.84,,15.9,,,,,0.5,,,,999.0,-0.01,9.6,-3.0,0.14,-0.9,54.0,24.0,0.16,-31.1,0.65,,,283.6,7.0,,2.62,15.0,2.8,-0.44,-4.26,0.0,4.26,0.0,False,-0.004,2026-09-14,91.8,-0.01,1.8,3.0,-0.09,4.26,0.0,4.26,5.1,14.5,0.3,270.34,276.06,278.47,False,329.16,218.31,5.88,43.3,9.2,False,False,,90.0
ORLY,O'Reilly Automotive,Consumer Discretionary,Automotive Retail,SP500;NDX,85.03,68.79,2026-10-01,501.0,TTM-4Q,2026-06-30,,,528.1,0.68,True,18.1,26.0,,23.3,5.5,3.9,3.1,-0.81,58.0,,51.6,0.6,1.62,-3.8,0.9,1.24,6.0,3.47,14.4,1.63,-18.4,-4.5,-0.44,-0.9,27.0,25.9,0.21,-23.3,1.71,,,107.8,26.8,,1.54,25.0,,0.25,-0.55,0.0,0.55,0.0,False,-0.001,2026-08-28,90.2,0.0,3.2,5.0,0.06,0.0,4.88,4.88,8.5,9.4,-3.4,88.4,89.9,91.0,False,107.96,82.59,1.83,43.4,-8.2,False,False,GOODWILL,100.0
LBRT,"Liberty Energy, Inc.",Energy,Oil & Gas Equipment & Services,SP600,18.47,3.1,2026-10-01,501.0,TTM-4Q,2026-06-30,,,73.8,1.1,True,7.3,25.3,1.58,51.3,13.7,4.0,-10.2,-0.86,1.5,6.1,18.5,7.0,1.41,-6.7,10.4,3.17,4.0,2.28,1.7,-0.98,64.7,-27.8,0.29,-0.9,35.0,63.8,1.22,-50.2,-2.21,,,29.42,59.3,,2.0,13.0,,-0.65,0.25,0.25,0.0,1.0,False,0.008,2026-09-01,113.4,0.03,14.73,5.1,0.18,1.87,0.0,1.87,2.3,-43.5,2.1,19.52,25.79,24.84,True,34.48,11.52,0.95,41.9,-24.3,False,False,,100.0
STZ,Constellation Brands,Consumer Staples,Distillers & Vintners,SP500,112.99,19.3,2026-10-01,501.0,TTM-4Q,2026-05-31,,,276.3,0.87,True,9.1,10.6,2.34,,11.0,9.5,9.5,0.91,11.3,23.5,52.6,1.1,3.2,-3.9,3.7,1.48,7.0,2.56,8.2,0.28,-0.2,-12.3,-0.21,-0.9,14.0,30.1,0.43,-31.4,-0.03,,,,,,,,,,0.0,0.0,0.0,0.0,False,0.0,,,,,,0.05,3.69,4.36,8.05,-10.0,,,127.36,140.4,143.4,False,168.6,111.54,2.77,24.7,-19.9,False,False,,100.0
SNPS,Synopsys,Information Technology,Application Software,SP500;NDX,490.54,94.01,2026-10-01,501.0,TTM-4Q,2026-07-31,,,944.7,3.32,True,38.4,87.3,3.02,,2.6,1.1,2.9,-0.19,1.6,3.7,72.4,1.3,2.46,-3.9,4.9,2.73,4.0,4.02,1.3,-0.19,-15.9,4.6,-0.13,-0.9,67.0,44.7,1.43,-31.2,0.61,,,,,,,,,0.85,0.0,0.0,0.0,0.0,False,0.0,2026-09-15,,,,,0.15,0.0,0.0,0.0,46.3,-46.1,18.9,405.28,436.02,444.72,False,539.48,362.55,19.22,74.4,9.4,False,False,DILUSI,100.0
ATO,Atmos Energy,Utilities,Gas Utilities,SP500,156.38,26.43,2026-10-01,501.0,TTM-4Q,2026-06-30,2026-11-04,24.0,167.6,1.05,True,13.9,18.8,1.73,17.3,7.2,5.3,-7.6,-0.53,6.1,9.8,,14.8,3.75,-2.1,0.3,1.44,5.0,,12.8,-0.66,0.5,-8.5,-0.26,-0.9,26.0,15.5,0.08,-17.8,0.45,,,185.55,18.7,,2.71,11.0,5.6,-0.2,0.05,0.05,0.0,1.0,False,0.0,2026-08-11,97.8,0.06,2.89,4.8,0.51,2.39,-4.05,-1.66,6.5,21.1,5.1,167.16,175.74,174.55,False,192.51,154.72,2.21,26.9,-13.8,False,False,DILUSI,100.0
AAP,"Advance Auto Parts, Inc.",Consumer Discretionary,Automotive Retail,SP600,38.74,2.34,2026-10-01,501.0,FY,2026-01-03,2026-11-05,25.0,74.6,1.19,True,11.5,53.2,1.06,9.9,8.7,1.9,-12.7,-1.28,-0.7,2.0,43.4,3.0,1.26,0.8,2.8,-1.05,5.0,1.67,-999.0,-0.84,-29.0,-20.7,-0.42,-0.9,6.0,59.8,0.81,-38.2,-0.54,,,50.21,29.6,,3.0,19.0,28.2,-1.27,0.0,0.0,0.0,0.0,False,0.0,,127.2,0.02,27.63,4.0,0.08,2.56,0.0,2.56,-5.4,,1.2,48.06,52.94,51.53,False,65.2,37.89,1.85,32.2,-38.6,False,False,ZONA-BAHAYA;DISTRES;SHORT-TINGGI,75.0
HBAN,Huntington Bancshares,Financials,Regional Banks,SP500,15.19,30.79,2026-10-01,501.0,TTM-4Q,2026-03-31,,,495.6,0.85,True,,14.0,0.95,8.6,,7.2,,0.28,,8.3,,,,,0.1,,,,999.0,-0.34,-2.2,4.3,0.04,-0.91,25.0,27.3,1.16,-21.3,-0.09,,,19.75,30.0,,1.75,19.0,,-0.17,-0.48,0.0,0.48,0.0,False,-0.002,2026-08-03,89.9,-0.0,2.6,2.5,-0.05,3.02,0.0,3.02,13.5,7.8,28.3,16.79,16.63,16.93,False,19.46,14.82,0.36,30.0,-17.1,False,False,DILUSI,90.0
FSLR,First Solar,Information Technology,Semiconductors,SP500,172.11,18.5,2026-10-01,501.0,TTM-4Q,2026-06-30,,,478.8,1.04,True,7.0,10.6,1.79,7.4,14.2,9.4,8.1,1.77,17.8,18.5,44.0,15.3,-0.71,-3.1,4.6,1.23,8.0,5.54,46.9,-0.77,-9.5,0.1,-0.08,-0.91,9.0,55.1,1.01,-45.9,0.22,,,272.1,58.1,,1.92,31.0,,0.18,-0.03,0.0,0.03,0.0,False,-0.0,2026-09-01,96.4,-0.02,12.8,5.6,0.13,0.0,0.0,0.0,23.8,38.9,0.2,208.14,218.23,224.64,False,320.95,168.6,9.03,34.1,-25.3,False,False,,100.0
PYPL,PayPal,Financials,Transaction & Payment Processing Services,SP500;NDX,53.06,46.8,2026-10-01,501.0,TTM-4Q,2026-03-31,,,659.8,0.94,True,,9.3,2.34,,,10.8,,-0.01,,25.1,,,,,1.1,,,,13.4,0.6,-21.2,17.8,-0.04,-0.91,57.0,45.0,1.12,-48.5,-1.81,,,,,,,,,-0.53,0.0,0.0,0.0,0.0,False,0.0,2026-09-03,,,,,0.05,0.0,12.93,12.93,5.8,11.3,-7.9,56.57,49.6,50.29,False,79.21,38.46,1.63,44.8,13.8,False,False,,90.0
ENPH,Enphase Energy,Information Technology,Semiconductor Materials & Equipment,SP600,32.82,4.33,2026-10-01,501.0,TTM-4Q,2026-03-31,2026-10-27,18.0,165.1,1.07,True,22.4,32.0,3.92,14.5,4.5,3.1,3.4,0.05,4.9,14.1,44.2,2.9,-2.02,-1.9,4.7,1.41,7.0,2.72,30.9,-0.62,0.4,-7.2,-0.04,-0.91,19.0,79.7,0.63,-57.3,-0.41,,,51.71,57.6,,2.33,27.0,-0.8,-0.88,-0.13,0.0,0.13,0.0,False,-0.003,2026-08-14,96.6,-0.0,21.74,5.9,0.14,0.0,0.69,0.69,-1.6,-9.1,-3.6,37.07,41.92,41.22,True,73.74,25.78,1.78,39.2,-25.7,False,False,SHORT-TINGGI,100.0
TEL,TE Connectivity,Information Technology,Electronic Manufacturing Services,SP500,217.76,63.04,2026-10-01,501.0,TTM-4Q,2026-06-26,,,393.5,0.82,True,14.0,20.9,4.76,,7.1,4.8,5.3,0.46,16.5,23.5,36.1,1.4,0.91,-5.5,2.3,1.46,9.0,5.17,31.3,-0.32,-4.2,-1.0,-0.07,-0.91,56.0,35.6,1.37,-21.1,1.17,,,,,,,,,-0.0,0.0,0.0,0.0,0.0,False,0.0,,,,,,0.15,1.35,2.83,4.18,16.5,107.3,-1.7,208.83,209.17,214.41,False,252.56,190.27,6.02,59.4,7.5,False,False,,100.0
LEN,Lennar,Consumer Discretionary,Homebuilding,SP500,82.11,19.77,2026-10-01,501.0,TTM-4Q,2026-05-31,,,432.9,1.76,True,7.6,12.2,0.91,15.6,13.2,8.2,3.6,0.3,7.4,7.3,,,-0.93,2.2,3.0,0.55,,,999.0,-0.85,-33.0,-2.1,-0.47,-0.92,19.0,37.2,0.7,-41.7,0.23,,,80.08,-2.5,,3.42,13.0,,-1.22,136.38,136.38,0.0,1.0,False,0.69,2026-09-25,98.0,-0.0,0.22,0.1,0.48,2.54,6.32,8.86,-7.4,-50.4,-7.5,83.77,88.23,94.47,False,133.76,75.7,2.74,50.0,-9.3,False,False,LABA-KERTAS,100.0
MTZ,MasTec,Industrials,Construction & Engineering,SP400,213.66,17.16,2026-10-01,501.0,TTM-4Q,2026-06-30,,,338.7,0.78,True,17.3,34.7,4.93,17.0,5.8,2.9,1.4,-0.54,9.2,15.4,,,2.14,-0.9,2.2,1.18,6.0,3.61,999.0,-0.72,11.7,-28.8,-0.16,-0.92,8.0,53.2,1.29,-53.4,-1.28,,,413.8,93.7,,1.24,20.0,,0.96,0.0,0.0,0.0,0.0,False,0.0,,76.5,-0.01,8.54,3.9,-0.02,0.0,0.0,0.0,23.5,86.1,0.4,255.23,326.08,305.3,True,441.43,182.34,11.59,38.9,-44.2,False,False,,100.0
IR,Ingersoll Rand,Industrials,Industrial Machinery & Supplies & Components,SP500,75.25,29.2,2026-10-01,501.0,TTM-4Q,2026-06-30,,,368.5,1.11,True,16.6,30.4,2.87,19.2,6.0,3.3,4.2,-0.2,7.6,9.5,42.8,2.2,1.82,-2.2,0.8,1.41,7.0,3.28,5.6,-0.16,-9.6,-6.7,-0.25,-0.92,31.0,32.6,1.08,-30.6,0.18,,,96.25,27.9,,,13.0,,0.13,1.0,1.0,0.0,1.0,False,0.003,2026-08-03,105.8,0.0,3.97,3.8,0.0,0.11,2.9,3.01,7.8,83.5,-2.1,79.37,79.45,81.59,False,100.96,68.07,2.02,47.6,-9.0,False,False,,100.0
BFAM,Bright Horizons Family Solutions Inc.,Consumer Discretionary,Specialized Consumer Services,SP600,64.83,3.15,2026-10-01,501.0,TTM-4Q,2026-06-30,2026-10-29,20.0,67.1,0.62,True,10.0,18.0,3.34,11.0,10.0,5.6,7.5,-0.05,9.9,14.9,23.5,0.7,2.25,-4.1,1.2,1.9,5.0,1.94,6.2,-0.58,-32.7,-10.0,-0.46,-0.93,8.0,46.8,0.36,-45.8,0.09,,,89.22,37.6,,2.33,9.0,6.6,0.08,-0.44,0.0,0.44,0.0,False,-0.014,2026-09-02,122.5,-1.54,6.2,4.0,-1.13,0.0,20.19,20.19,8.5,-1.0,-10.3,71.07,72.96,77.62,False,109.86,57.63,2.26,41.1,-15.9,False,False,GOODWILL,100.0
LNN,Lindsay Corporation,Materials,Agricultural & Farm Machinery,SP600,112.38,1.14,2026-10-01,501.0,TTM-4Q,2026-05-31,,,20.8,0.87,True,13.0,20.7,2.29,19.1,7.7,4.8,3.9,-0.02,7.6,10.7,29.5,2.6,-0.47,-4.7,1.0,1.71,4.0,4.93,999.0,0.24,-17.3,-1.3,-0.31,-0.93,28.0,30.1,0.53,-27.0,0.87,,,123.0,9.5,,2.5,2.0,,-0.64,0.0,0.0,0.0,0.0,False,0.0,,110.1,0.0,11.11,4.7,0.12,1.36,7.84,9.2,-7.4,-27.3,-5.4,115.47,115.22,118.04,True,148.0,97.27,3.2,40.2,-10.3,False,False,,100.0
MGY,"Magnolia Oil & Gas, Corp.",Energy,Oil & Gas Exploration & Production,SP600,24.07,5.7,2026-10-01,501.0,TTM-4Q,2026-06-30,,,119.6,1.45,True,5.7,13.4,2.66,7.4,17.5,7.5,,0.3,18.3,20.5,,,0.1,-20.4,11.3,2.44,9.0,5.1,999.0,2.16,19.0,-7.1,0.18,-0.94,41.0,33.9,0.23,-27.3,0.5,,,33.18,37.8,,1.63,17.0,,-0.27,0.32,0.32,0.0,2.0,True,0.006,2026-09-01,89.7,0.04,11.44,7.2,1.21,2.05,0.0,2.05,11.4,16.2,-1.0,25.89,27.63,26.75,True,32.76,21.07,0.84,39.2,-6.9,False,False,,100.0
CALM,"Cal-Maine Foods, Inc.",Consumer Staples,Packaged Foods & Meats,SP600,65.84,3.09,2026-10-01,501.0,TTM-4Q,2026-05-30,2026-09-30,-1.0,87.0,1.9,True,4.6,9.8,1.17,29.7,21.9,10.3,10.6,2.17,10.4,12.2,23.1,9.6,-1.95,-5.3,16.9,1.51,6.0,7.05,999.0,-1.15,-13.6,-4.8,-0.31,-0.94,10.0,29.4,0.35,-29.6,0.13,,,75.0,13.9,,3.0,3.0,-804.2,-3.0,0.0,0.0,0.0,0.0,False,0.0,,98.1,-0.01,12.86,5.4,-0.06,7.5,0.0,7.5,-31.7,-74.0,-2.3,79.25,79.8,80.26,False,95.57,63.5,2.49,22.9,-23.5,False,False,,100.0
SARO,StandardAero,Industrials,Aerospace & Defense,SP400,21.17,7.01,2026-10-01,501.0,TTM-4Q,2026-06-30,,,92.9,1.13,True,11.6,21.6,2.54,,8.6,4.6,3.1,0.21,9.0,12.3,15.0,0.6,2.72,0.5,2.2,0.9,,2.29,3.6,-1.02,-11.3,-7.8,-0.26,-0.95,7.0,36.0,1.27,-36.1,-0.27,,,,,,,,,0.62,0.0,0.0,0.0,0.0,False,0.0,2026-08-10,,,,,0.07,0.0,0.0,0.0,12.6,143.5,-0.6,25.65,26.45,27.49,False,34.48,20.78,0.74,27.3,-31.5,False,False,,100.0
COO,Cooper Companies (The),Health Care,Health Care Supplies,SP500,57.41,10.92,2026-10-01,501.0,TTM-4Q,2026-07-31,2026-12-10,50.0,319.5,0.89,True,14.3,19.1,1.31,12.2,7.0,5.2,6.2,0.64,5.0,6.8,65.9,0.8,2.57,-3.7,13.2,1.81,6.0,2.92,6.1,0.12,1.1,-3.0,-0.03,-0.95,9.0,32.5,0.61,-36.8,0.31,,,66.21,15.3,,2.5,14.0,2.7,-0.27,1.88,1.88,0.0,3.0,True,0.017,2026-09-16,111.9,0.03,6.03,3.0,1.08,0.0,5.9,5.9,4.7,39.8,-3.3,67.23,67.93,71.5,False,89.83,51.01,1.93,39.1,-24.6,False,False,,100.0
SGI,Somnigroup International,Consumer Discretionary,Home Furnishings,SP400,62.75,13.2,2026-10-01,501.0,TTM-4Q,2026-06-30,,,213.0,1.08,True,14.0,24.8,4.09,,7.2,4.0,5.8,-0.42,9.3,17.6,44.2,1.2,3.43,-4.0,4.0,1.86,5.0,,3.8,-0.29,-23.8,-13.1,-0.45,-0.95,10.0,40.9,0.99,-37.1,-0.02,,,,,,,,,2.1,1.89,1.89,0.0,1.0,False,0.014,2026-08-27,,,,,0.08,1.03,0.2,1.22,27.1,99.1,0.0,65.79,71.56,76.58,False,98.56,60.08,2.26,43.5,-22.0,False,False,GOODWILL,100.0
NOG,"Northern Oil and Gas, Inc.",Energy,Oil & Gas Exploration & Production,SP600,23.52,2.51,2026-10-01,501.0,TTM-4Q,2026-06-30,,,53.5,1.17,True,,,1.26,5.2,,-19.4,,-2.7,-7.7,-22.1,74.2,6.8,,-32.4,13.7,,2.0,0.48,-2.7,0.72,12.8,-2.2,0.12,-0.95,73.0,45.6,0.56,-41.4,-0.69,,,30.11,28.0,,2.44,9.0,,-1.7,0.0,0.0,0.0,0.0,False,0.0,,106.0,0.21,24.41,10.6,1.35,7.15,2.28,9.43,-25.6,-179.8,8.7,24.1,24.18,24.06,True,31.17,17.18,0.86,43.9,27.7,False,False,ZONA-BAHAYA;DISTRES;F-RENDAH;DILUSI;SHORT-TINGGI,100.0
FICO,Fair Isaac,Information Technology,Application Software,SP500,661.75,14.29,2026-10-01,501.0,TTM-4Q,2026-06-30,,,698.7,3.89,True,15.7,17.5,,12.5,6.4,5.7,7.0,0.2,66.0,,85.1,,4.26,-9.6,4.4,1.23,8.0,8.24,6.6,2.79,-26.3,3.9,-0.17,-0.96,1.0,66.6,1.29,-68.5,-0.95,,,1434.89,116.8,,2.0,19.0,,0.18,0.0,0.0,0.0,0.0,False,0.0,2026-07-29,102.4,0.02,10.82,5.5,0.18,0.0,25.15,25.15,24.1,28.8,-7.6,1039.33,1120.35,1224.39,False,1998.01,586.05,58.41,26.0,-49.2,False,False,GOODWILL,100.0
WMT,Walmart,Consumer Staples,Consumer Staples Merchandise Retail,SP500;NDX,104.26,827.17,2026-10-01,501.0,TTM-4Q,2026-07-31,,,2406.9,1.02,True,18.3,37.5,8.42,,5.5,2.7,1.6,-0.95,16.8,23.4,25.2,0.4,0.82,-7.4,1.2,1.94,5.0,5.87,17.4,0.64,3.6,-14.7,-0.21,-0.96,31.0,26.4,0.54,-23.3,0.25,,,,,,,,,0.11,0.0,0.0,0.0,0.0,False,0.0,2026-09-17,,,,,0.05,0.93,0.85,1.78,6.2,3.4,-0.5,108.93,117.88,118.38,False,135.16,98.88,2.24,40.1,-9.1,False,False,,100.0
DLB,Dolby,Information Technology,Application Software,SP400,59.06,5.58,2026-10-01,501.0,TTM-4Q,2026-06-26,2026-11-17,33.0,57.6,0.83,True,14.8,24.7,2.16,12.9,6.8,4.1,7.0,0.72,7.6,8.7,87.6,0.6,-2.02,-6.7,1.4,1.93,5.0,8.12,999.0,0.68,-13.2,2.4,-0.18,-0.96,50.0,29.6,0.75,-32.1,1.41,,,79.0,33.8,,1.75,3.0,3.0,-0.76,-0.18,0.0,0.18,0.0,False,-0.003,2026-09-01,106.3,-0.13,12.51,5.8,-0.06,2.4,4.21,6.61,0.6,-14.4,-2.5,59.92,58.18,59.76,False,73.01,48.26,1.64,47.8,12.6,False,False,,100.0
ITRI,"Itron, Inc.",Information Technology,Electronic Equipment & Instruments,SP600,86.24,3.78,2026-10-01,501.0,TTM-4Q,2026-06-30,,,55.8,1.36,True,12.6,13.8,2.34,12.5,8.0,7.3,10.2,1.23,8.5,17.0,39.9,3.3,2.26,-3.6,4.6,1.5,6.0,2.16,13.3,-0.74,-23.7,5.2,-0.19,-0.96,28.0,47.4,1.05,-43.5,0.43,,,129.6,50.3,,,10.0,,-0.81,-0.9,0.0,0.9,0.0,False,-0.024,2026-09-03,125.2,0.01,19.96,12.8,0.07,0.0,6.58,6.58,-5.7,1.5,-3.8,96.09,89.82,91.83,False,142.0,77.77,2.62,29.5,-1.2,False,False,GOODWILL,100.0
PTC,PTC Inc.,Information Technology,Application Software,SP500,146.47,15.89,2026-10-01,501.0,TTM-4Q,2026-06-30,,,239.9,1.11,True,13.9,13.0,4.58,,7.2,7.7,5.9,0.72,18.6,35.1,84.5,1.7,0.86,4.2,3.0,0.78,7.0,4.79,17.1,0.44,-24.7,7.2,-0.24,-0.96,44.0,36.5,0.94,-45.4,0.69,,,,,,,,,0.12,0.0,0.0,0.0,0.0,False,0.0,,,,,,0.15,0.0,8.82,8.82,19.5,138.7,-4.6,141.65,138.83,145.27,False,206.82,108.5,5.06,58.7,14.6,False,False,,100.0
WAL,Western Alliance Bancorporation,Financials,Regional Banks,SP400,75.7,8.26,2026-10-01,501.0,TTM-4Q,2026-06-30,,,88.8,1.27,True,,8.4,1.05,,,11.9,,1.15,,13.1,,,,,0.4,,,,999.0,-0.24,-9.1,7.9,-0.02,-0.96,33.0,36.4,1.45,-30.3,-1.09,,,,,,,,,2.55,0.0,0.0,0.0,0.0,False,0.0,,,,,,0.05,0.0,5.01,5.01,141.3,16.2,-1.5,79.81,78.4,81.13,False,97.23,65.82,2.11,39.4,-9.5,False,False,,90.0
DBD,Diebold Nixdorf,Information Technology,Electronic Equipment & Instruments,SP600,63.18,2.14,2026-10-01,501.0,TTM-4Q,2026-06-30,2026-11-04,24.0,15.3,1.43,True,7.6,19.3,2.21,9.0,13.2,5.2,,1.45,8.9,10.8,25.2,1.7,1.78,-4.3,7.1,2.46,7.0,1.88,2.7,-0.92,16.9,-14.2,0.03,-0.97,21.0,40.5,1.04,-33.6,0.9,,,98.33,55.6,,,3.0,-0.3,-1.35,0.05,0.05,0.0,1.0,False,0.002,2026-07-31,117.0,0.02,18.1,12.6,0.19,0.0,9.88,9.88,5.4,,-5.9,69.77,76.6,75.27,False,92.08,54.48,2.05,42.0,-25.9,False,False,,100.0
KBR,"KBR, Inc.",Industrials,Diversified Support Services,SP400,35.05,4.42,2026-10-01,501.0,TTM-4Q,2026-07-03,,,52.4,1.15,True,7.4,10.4,2.7,8.6,13.5,9.6,8.0,1.56,13.1,27.2,14.5,1.4,2.49,0.2,4.1,0.96,6.0,2.48,5.0,-0.8,-20.8,-1.0,-0.33,-0.97,25.0,33.6,0.72,-36.5,0.32,,,44.29,26.4,,2.0,7.0,,-0.75,0.0,0.0,0.0,0.0,False,0.0,,107.0,-0.01,8.75,8.2,-0.04,1.92,3.49,5.41,-3.6,16.2,-1.6,36.82,36.12,37.69,False,48.33,29.94,1.02,40.4,-6.2,False,False,GOODWILL,100.0
ARE,Alexandria Real Estate Equities,Real Estate,Office REITs,SP500,47.03,8.19,2026-10-01,501.0,TTM-4Q,2026-06-30,2026-10-26,17.0,96.9,1.78,True,,,0.53,,,-12.5,,-2.02,,-6.3,,,,-6.4,2.2,,,,,,-35.3,20.8,-0.15,-0.97,27.0,48.8,0.7,-50.3,-2.63,,,53.43,13.6,,3.0,14.0,26.2,-1.74,-0.88,0.48,1.36,1.0,False,-0.011,2026-09-11,99.6,-0.02,5.46,3.5,-0.22,8.56,0.0,8.56,-8.4,,0.3,51.02,49.33,50.3,True,85.37,39.41,1.8,35.5,-12.8,False,False,,100.0
LPX,Louisiana-Pacific,Industrials,Building Products,SP400,64.55,4.51,2026-10-01,501.0,TTM-4Q,2026-06-30,,,74.3,1.59,True,20.5,83.6,2.59,21.2,4.9,1.2,-0.5,-0.8,2.5,3.1,18.0,10.7,0.53,-7.8,23.5,4.78,5.0,5.3,4.1,-1.44,-21.3,-4.6,-0.32,-0.98,13.0,41.1,0.97,-33.7,-0.03,,,92.07,42.6,,1.57,14.0,,-1.71,0.0,0.0,0.0,0.0,False,0.0,,98.0,0.0,11.83,7.8,-0.01,0.0,0.0,0.0,-14.3,-81.8,0.0,70.56,73.16,76.78,False,100.34,62.18,2.29,37.7,-20.7,False,False,,100.0
CRWV,CoreWeave,Information Technology,Computer Services,NDX,88.57,48.8,2026-10-01,380.0,TTM-4Q,2026-06-30,2026-11-11,29.0,2637.0,0.68,True,15.8,,9.71,,6.3,-4.0,-28.0,-2.1,-1.0,-50.2,67.4,1.8,2.85,-17.1,,,,0.24,-0.1,0.04,-40.2,4.3,-0.19,-0.99,53.0,93.0,1.72,-57.5,-1.51,,,141.58,59.8,,1.85,38.0,22.4,3.0,-524.3,0.0,524.3,0.0,False,-1.074,2026-09-22,76.7,0.04,17.64,2.5,-1.74,0.0,0.0,0.0,115.3,,13.1,86.53,93.77,92.19,True,153.2,60.55,5.23,52.4,5.6,False,False,ZONA-BAHAYA;DISTRES;DILUSI;INSIDER-JUAL,90.0
TLN,Talen Energy,Utilities,Independent Power Producers & Energy Traders,SP400,323.09,15.48,2026-10-01,501.0,TTM-4Q,2026-06-30,,,258.0,1.35,True,59.4,,9.58,,1.7,-1.2,3.7,-2.28,0.9,-12.9,,,22.35,-9.4,7.3,,4.0,,999.0,-1.6,-30.9,-10.5,-0.37,-0.99,21.0,55.6,1.44,-36.7,-2.96,,,,,,,,,-0.59,0.0,0.0,0.0,0.0,False,0.0,,,,,,0.14,0.0,1.92,1.92,60.8,-198.9,-4.2,320.21,346.13,352.04,False,451.28,279.77,13.64,58.0,-13.6,False,False,,100.0
MATW,Matthews International Corporation,Consumer Discretionary,Specialized Consumer Services,SP600,18.58,0.58,2026-10-01,501.0,TTM-4Q,2026-06-30,,,23.0,0.74,False,9.2,,1.19,23.7,10.9,-5.1,-14.1,-1.43,4.0,-5.9,36.6,1.7,4.38,1.9,2.5,,4.0,1.9,1.4,-1.15,-12.7,-17.8,-0.45,-0.99,7.0,33.8,0.96,-34.9,0.32,,,31.33,68.6,,2.0,3.0,,,0.32,0.32,0.0,3.0,True,0.055,2026-09-11,97.8,0.0,26.35,7.4,1.09,5.79,1.01,6.8,-31.8,,0.0,22.47,25.18,25.56,False,30.93,18.54,0.67,28.5,-32.1,False,False,TIPIS;SHORT-TINGGI,100.0
SHAK,"Shake Shack, Inc.",Consumer Discretionary,Restaurants,SP600,60.19,2.52,2026-10-01,501.0,TTM-4Q,2026-07-01,,,91.1,0.98,True,14.6,63.4,4.63,,6.9,1.6,-0.5,-0.91,4.7,7.7,,,-0.35,-8.2,1.4,4.82,7.0,2.15,25.8,0.08,-27.8,-25.4,-0.46,-0.99,16.0,57.7,1.53,-50.0,-1.57,,,,,,,,,1.42,0.0,0.0,0.0,0.0,False,0.0,,,,,,0.08,0.0,0.0,0.0,17.3,99.7,0.1,65.56,72.61,77.1,False,107.46,51.6,2.71,46.6,3.9,False,False,,100.0
BAH,Booz Allen Hamilton,Industrials,Research & Consulting Services,SP400,70.47,8.48,2026-10-01,501.0,TTM-4Q,2026-06-30,2026-10-23,16.0,127.4,1.83,True,9.7,10.9,7.05,10.5,10.3,9.2,13.2,1.31,18.0,68.6,53.0,0.7,2.78,-5.8,3.2,1.55,5.0,3.58,999.0,1.17,-22.3,-4.8,-0.32,-0.99,34.0,42.1,0.42,-41.4,0.25,,,85.15,20.8,,2.87,13.0,21.9,-0.81,-0.04,0.0,0.04,0.0,False,-0.0,2026-08-13,100.5,-0.0,6.83,4.5,-0.02,3.29,5.26,8.55,-7.3,-25.3,-3.4,74.43,74.81,77.91,False,109.1,59.5,2.45,38.7,10.0,False,False,GOODWILL,100.0
ASO,Academy Sports + Outdoors,Consumer Discretionary,Specialty Stores,SP600,47.85,2.95,2026-10-01,501.0,TTM-4Q,2026-08-01,2026-12-08,48.0,104.0,0.42,True,4.4,7.4,1.35,6.8,22.7,13.4,11.2,1.48,17.7,18.6,35.8,0.3,0.27,-2.8,2.9,1.38,7.0,2.69,999.0,0.04,-13.7,-25.6,-0.44,-0.99,36.0,44.3,1.15,-29.9,-0.05,,,58.84,23.0,,2.1,19.0,11.0,-0.15,-5.63,0.0,5.63,0.0,False,-0.191,2026-09-15,122.4,0.02,20.46,3.6,-0.04,1.23,9.52,10.75,3.7,6.7,-6.1,47.78,51.22,52.46,True,62.44,41.29,1.85,48.2,-2.5,False,False,SHORT-TINGGI,100.0
ABT,Abbott Laboratories,Health Care,Health Care Equipment,SP500,96.69,168.42,2026-10-01,501.0,TTM-4Q,2026-03-31,2026-10-14,9.0,889.6,1.03,True,18.0,26.8,3.23,15.9,5.6,3.7,4.4,0.11,8.0,12.4,56.3,,2.46,-3.3,3.6,1.51,5.0,3.1,14.4,-0.37,-16.8,7.8,-0.17,-1.0,26.0,26.9,0.13,-37.7,0.86,,,120.26,24.4,,1.52,25.0,2.6,-0.47,-46.85,0.0,46.85,0.0,False,-0.028,2026-09-02,81.8,0.0,1.29,2.5,0.02,2.49,0.47,2.96,6.6,-53.5,-0.0,106.9,99.56,104.17,False,135.45,81.97,2.28,25.6,-1.2,False,False,INSIDER-JUAL,100.0
ADSK,Autodesk,Information Technology,Application Software,SP500;NDX,211.31,44.16,2026-10-01,501.0,TTM-4Q,2026-07-31,2026-11-27,41.0,507.1,1.01,True,19.4,26.9,13.05,14.9,5.2,3.7,6.4,0.23,26.3,53.9,91.2,0.2,-0.29,-10.5,1.5,1.76,8.0,3.66,999.0,1.5,-22.0,4.1,-0.23,-1.0,19.0,38.3,0.85,-42.0,0.83,,,308.66,46.1,,1.53,34.0,5.6,-0.21,0.0,0.0,0.0,0.0,False,0.0,,101.6,-0.0,4.45,3.7,0.15,0.0,3.29,3.29,17.9,57.4,-1.9,233.28,231.2,239.38,False,326.2,185.5,8.27,41.5,-0.7,False,False,GOODWILL,100.0
YELP,"Yelp, Inc.",Communication Services,Interactive Media & Services,SP600,18.11,0.98,2026-10-01,501.0,TTM-4Q,2026-06-30,,,29.3,1.22,False,4.3,7.8,1.52,,23.5,12.9,30.3,1.47,15.9,18.2,,1.0,0.03,-22.6,4.8,2.76,4.0,1.92,999.0,1.74,-28.4,-11.3,-0.44,-1.0,4.0,44.9,0.48,-48.0,-0.07,,,,,,,,,-0.38,0.0,0.0,0.0,0.0,False,0.0,2026-09-01,,,,,0.16,0.0,34.24,34.24,1.5,-15.2,-15.2,22.62,24.15,24.9,False,34.49,17.27,0.91,33.4,-33.4,False,False,TIPIS,90.0
CWK,Cushman & Wakefield plc,Real Estate,Real Estate Services,SP600,12.06,2.83,2026-10-01,501.0,TTM-4Q,2026-06-30,2026-10-29,20.0,25.8,1.89,True,8.6,41.0,1.4,7.0,11.7,2.4,8.8,0.73,7.9,3.5,,,3.7,-3.1,1.3,4.39,6.0,,2.2,0.48,-15.9,7.1,-0.1,-1.0,16.0,44.4,1.49,-31.7,-2.83,,,17.73,47.0,,2.0,11.0,0.9,-0.28,-0.39,0.0,0.39,0.0,False,-0.014,2026-09-08,98.3,0.02,7.86,9.5,0.12,0.0,0.0,0.0,11.0,-66.4,1.7,13.37,13.26,13.85,False,17.4,11.57,0.5,38.4,-16.0,False,False,GOODWILL,100.0
BDC,Belden Inc.,Information Technology,Electronic Components,SP400,108.28,4.23,2026-10-01,501.0,TTM-4Q,2026-06-28,2026-10-29,20.0,48.9,0.88,True,10.7,17.3,3.06,10.8,9.3,5.8,5.0,0.76,11.4,18.6,37.6,1.8,1.85,-3.8,2.1,1.54,8.0,3.13,999.0,-0.59,-6.7,-3.9,-0.13,-1.0,30.0,41.6,1.35,-34.0,0.64,,,153.2,41.5,,1.2,5.0,15.7,-0.29,0.0,0.0,0.0,0.0,False,0.0,2026-09-15,109.0,0.03,16.7,10.1,0.2,0.19,-0.3,-0.11,9.4,8.5,-1.8,118.54,116.95,119.26,False,159.99,98.0,4.2,39.9,-8.5,False,False,,100.0
CC,Chemours,Materials,Diversified Chemicals,SP600,13.48,2.03,2026-10-01,501.0,TTM-4Q,2026-06-30,2026-11-05,25.0,26.5,1.09,True,9.7,,,7.0,10.3,-15.0,10.7,0.46,4.3,-339.7,15.3,2.7,5.92,-9.6,5.5,,4.0,1.46,0.8,-0.26,-2.6,-29.2,-0.25,-1.0,14.0,64.0,1.61,-51.3,-1.72,,,18.78,39.3,,2.22,9.0,0.1,-0.77,0.49,0.49,0.0,7.0,True,0.024,2026-08-12,91.6,0.01,14.65,9.2,1.26,2.66,0.0,2.66,-0.9,,0.7,15.41,19.29,18.34,True,28.67,10.44,0.55,32.7,-30.9,False,False,ZONA-BAHAYA;DISTRES;GOODWILL,100.0
SHEN,Shenandoah Telecommunications Co,Communication Services,Wireless Telecommunication Services,SP600,11.15,0.62,2026-10-01,501.0,TTM-4Q,2026-03-31,,,13.8,0.64,False,11.9,,0.71,,8.4,-6.9,-40.0,-1.34,-1.5,-4.8,,2.4,6.17,-7.8,26.8,,3.0,0.99,-0.9,-0.61,-8.2,-20.0,-0.36,-1.0,16.0,39.6,0.25,-35.0,0.55,,,,,,,,,,0.07,0.07,0.0,2.0,True,0.012,2026-07-31,,,,,1.29,0.0,0.0,0.0,4.4,,1.1,12.24,14.09,13.56,True,17.35,9.67,0.51,34.4,-19.8,False,False,TIPIS;ZONA-BAHAYA;DISTRES;F-RENDAH,100.0
ATMU,Atmus Filtration Technologies Inc.,Industrials,Industrial Machinery & Supplies & Components,SP600,44.59,3.64,2026-10-01,501.0,TTM-4Q,2026-06-30,2026-11-06,26.0,34.8,1.03,True,12.0,16.9,8.0,13.6,8.3,5.9,5.2,0.24,21.5,55.8,28.8,2.0,2.03,-1.9,1.4,1.14,8.0,3.89,7.4,0.33,2.9,-20.3,-0.22,-1.0,22.0,39.2,0.96,-33.6,0.03,,,65.2,46.2,,1.6,5.0,5.2,0.05,-0.1,0.1,0.2,1.0,False,-0.003,2026-08-17,110.0,-0.03,4.24,5.5,-0.08,0.49,1.4,1.89,13.1,14.1,-1.2,48.48,52.75,53.99,False,66.5,42.6,1.39,41.8,-12.6,False,False,,100.0
HSY,Hershey Company (The),Consumer Staples,Packaged Foods & Meats,SP500,159.3,32.01,2026-10-01,501.0,TTM-4Q,2026-06-28,,,258.1,1.44,True,13.7,21.5,7.02,16.1,7.3,4.7,7.0,-0.09,16.5,32.8,38.4,4.8,1.79,-8.5,3.9,1.78,4.0,4.06,9.5,-0.0,-3.1,-11.9,-0.28,-1.01,19.0,26.9,0.01,-32.3,0.49,,,205.52,29.0,,2.48,21.0,,0.21,0.0,0.0,0.0,0.0,False,0.0,2026-09-23,91.4,-0.03,7.36,7.6,-0.13,3.49,1.37,4.86,7.7,-2.7,,176.46,187.82,191.08,False,239.48,156.16,3.58,27.2,-14.7,False,False,,100.0
ROAD,"Construction Partners, Inc.",Industrials,Construction & Engineering,SP600,90.15,5.07,2026-10-01,501.0,TTM-4Q,2026-06-30,,,54.2,0.9,True,,35.6,4.87,,,2.8,3.5,-0.3,8.8,15.0,15.8,1.6,,-6.4,1.0,2.48,5.0,2.73,2.7,-0.6,-20.8,-10.9,-0.31,-1.01,12.0,51.1,1.46,-36.0,-0.84,,,,,,,,,1.94,0.0,0.0,0.0,0.0,False,0.0,,,,,,0.07,0.0,0.64,0.64,41.9,91.2,1.1,104.42,112.24,113.76,False,151.0,88.47,4.06,36.2,-18.6,False,False,GOODWILL,100.0
SEI,"Solaris Energy Infrastructure, Inc.",Energy,Oil & Gas Equipment & Services,SP600,71.38,4.7,2026-10-01,501.0,TTM-4Q,2026-06-30,,,185.6,0.6,True,18.6,85.7,5.21,,5.4,1.2,-15.5,-1.93,7.1,8.4,,,2.66,-13.0,2.0,7.75,5.0,1.5,999.0,0.04,25.0,-10.4,0.09,-1.01,89.0,77.4,2.04,-47.6,-3.0,,,,,,,,,1.52,0.5,0.5,0.0,1.0,False,0.011,2026-09-08,,,,,0.16,0.57,0.0,0.57,70.5,143.0,,59.52,64.59,61.17,True,86.19,38.5,4.1,61.2,3.6,False,False,ZONA-BAHAYA,100.0
TRIP,TripAdvisor,Communication Services,Interactive Media & Services,SP600,8.38,0.98,2026-10-01,501.0,TTM-4Q,2026-06-30,,,40.3,0.69,False,6.9,196.4,1.48,,14.5,0.5,13.5,0.33,1.9,0.8,92.1,2.2,-0.13,-7.3,3.1,40.6,6.0,1.49,0.8,0.61,-41.8,-11.7,-0.47,-1.01,3.0,57.3,1.17,-51.9,-0.96,,,,,,,,,-0.55,0.0,0.0,0.0,0.0,False,0.0,2026-09-02,,,,,0.16,0.0,0.0,0.0,-1.6,-92.3,-9.5,10.44,11.08,11.58,False,17.82,8.02,0.39,32.5,-42.8,False,False,TIPIS;ZONA-BAHAYA;DISTRES;GOODWILL,100.0
NVR,"NVR, Inc.",Consumer Discretionary,Homebuilding,SP500,6126.38,16.33,2026-10-01,501.0,TTM-4Q,2026-06-30,,,255.5,1.21,True,,14.3,4.81,15.3,,7.0,6.4,-0.1,,31.5,,,,1.3,3.2,0.93,,,999.0,,-21.9,-5.8,-0.51,-1.01,19.0,27.2,0.36,-32.0,1.23,,,6717.8,9.7,,2.67,5.0,,-1.24,0.41,0.41,0.0,1.0,False,0.002,2026-08-07,91.2,0.0,7.47,3.8,0.05,0.0,10.93,10.93,-9.9,-24.9,-8.4,6287.06,6405.64,6698.36,False,8200.0,5501.01,140.57,43.0,-11.5,False,False,UTANG-TAK-TERBACA,90.0
DFIN,"Donnelley Financial Solutions, Inc.",Financials,Financial Exchanges & Data,SP600,47.49,1.17,2026-10-01,501.0,TTM-4Q,2026-06-30,2026-10-29,20.0,11.2,0.91,True,,33.2,3.01,8.7,,3.0,,-1.27,,8.6,,,,,4.1,,,,12.0,-0.77,-6.4,4.6,-0.02,-1.02,47.0,47.2,1.34,-33.8,-1.57,,,64.0,34.8,,1.67,3.0,7.8,-0.75,-0.3,1.0,1.3,1.0,False,-0.026,2026-09-03,96.2,0.02,5.31,4.9,0.08,0.0,14.74,14.74,3.0,-57.1,-10.3,48.43,46.25,46.86,True,56.26,36.11,1.48,45.8,0.2,False,False,GOODWILL,90.0
SO,Southern Company,Utilities,Electric Utilities,SP500,83.47,94.1,2026-10-01,501.0,TTM-4Q,2026-03-31,,,553.6,1.18,True,12.4,21.6,2.36,,8.0,4.6,-3.7,-0.35,5.6,11.3,,,5.45,-3.5,0.4,2.24,4.0,,999.0,-0.11,-4.0,-7.6,-0.34,-1.02,24.0,17.3,-0.06,-15.5,0.61,,,,,,,,,-0.47,-0.12,0.0,0.12,0.0,False,-0.0,2026-09-03,,,,,0.11,3.25,-2.26,0.99,8.3,-5.3,2.1,89.59,93.15,92.18,False,100.84,81.69,1.34,32.9,-17.0,False,False,,100.0
RMBS,Rambus,Information Technology,Semiconductors,SP400,107.29,11.6,2026-10-01,501.0,TTM-4Q,2026-03-31,,,249.4,0.42,True,39.9,50.4,8.33,,2.5,2.0,2.9,-0.31,16.5,18.0,79.5,1.4,-2.9,-9.3,11.0,1.59,5.0,51.61,203.0,0.92,-19.0,-6.2,-0.16,-1.02,58.0,79.6,2.09,-52.9,-1.34,,,,,,,,,0.01,0.0,0.0,0.0,0.0,False,0.0,2026-09-22,,,,,0.15,0.0,0.06,0.06,19.1,11.0,1.0,93.35,109.69,107.8,False,174.1,77.89,5.17,65.5,-7.4,False,False,,100.0
KNSL,Kinsale Capital Group,Financials,Property & Casualty Insurance,SP400,334.53,7.62,2026-10-01,501.0,TTM-4Q,2026-06-30,,,74.2,1.33,True,,13.4,3.74,15.5,,7.5,,-0.33,,30.3,,,,,1.1,,,,60.2,1.17,-12.2,7.9,-0.06,-1.02,25.0,35.7,0.38,-39.3,-0.35,,,354.78,6.1,,3.17,9.0,,0.03,0.0,0.0,0.0,0.0,False,0.0,,96.8,0.02,10.84,13.0,0.08,0.25,3.06,3.31,15.8,27.3,-2.2,364.03,342.83,355.49,False,485.0,287.2,9.93,38.0,-8.1,False,False,,90.0
AIG,American International Group,Financials,Multi-line Insurance,SP500,75.43,39.44,2026-10-01,501.0,TTM-4Q,2026-06-30,2026-11-04,24.0,384.0,1.05,True,,13.3,0.97,8.6,,7.5,,0.59,,7.2,,,,,0.9,,,,10.0,-0.42,-1.7,1.1,-0.01,-1.03,37.0,24.3,0.37,-17.0,0.96,,,88.45,17.3,,2.32,20.0,3.7,-0.88,0.0,0.0,0.0,0.0,False,0.0,2026-08-13,100.3,0.01,2.33,2.9,0.02,2.52,7.56,10.08,-4.2,-7.3,-7.7,76.65,76.63,77.16,False,87.29,71.25,1.46,49.7,-7.4,False,False,,90.0
MOS,Mosaic Company (The),Materials,Fertilizers & Agricultural Chemicals,SP500,21.55,6.85,2026-10-01,501.0,TTM-4Q,2026-06-30,,,203.9,1.44,True,11.6,,0.6,13.8,8.6,-9.3,-13.8,-1.59,-0.8,-5.3,11.0,6.5,4.61,-4.4,5.3,,5.0,1.63,-999.0,-1.42,-26.5,-5.7,-0.36,-1.03,23.0,45.1,0.81,-42.5,-0.22,,,26.77,24.2,,2.45,18.0,,-0.27,-0.51,0.0,0.51,0.0,False,-0.007,2026-08-19,98.4,0.0,12.9,3.6,0.08,4.09,0.0,4.09,8.8,-167.9,-0.3,23.58,23.69,24.51,False,36.0,19.8,1.07,33.8,-0.6,False,False,ZONA-BAHAYA;DISTRES,100.0
GEHC,GE HealthCare,Health Care,Health Care Equipment,SP500;NDX,63.98,29.1,2026-10-01,501.0,TTM-4Q,2026-03-31,,,241.3,0.91,True,11.4,15.2,2.73,11.8,8.8,6.6,5.2,0.54,9.9,19.2,39.1,0.9,2.43,-0.3,0.6,1.06,7.0,1.74,999.0,-0.7,-6.1,-2.1,-0.12,-1.04,24.0,34.6,1.35,-32.5,-0.3,,,83.05,29.8,,1.75,19.0,,-0.24,0.0,0.0,0.0,0.0,False,0.0,,94.0,0.0,4.24,6.0,0.04,0.22,1.03,1.25,6.0,-12.5,-0.4,68.67,67.69,71.38,False,89.77,58.75,1.5,35.5,-4.9,False,False,ZONA-BAHAYA;GOODWILL,100.0
LKFN,Lakeland Financial,Financials,Regional Banks,SP600,58.1,1.44,2026-10-01,501.0,TTM-4Q,2026-06-30,,,12.0,1.34,True,,13.0,1.87,12.9,,7.7,,0.06,,15.0,,,,,0.1,,,,999.0,-0.05,-5.2,3.1,-0.04,-1.04,41.0,24.1,0.71,-12.8,0.79,,,66.5,14.5,,3.0,4.0,,,-0.05,0.0,0.05,0.0,False,-0.003,2026-08-05,88.2,0.04,11.92,16.9,0.27,3.6,2.93,6.52,,17.6,-2.1,60.66,60.01,59.9,True,65.43,54.36,1.13,38.6,-9.2,False,False,,90.0
FER,Ferrovial,Industrials,"Military, Government, Technical",NDX,52.94,,2026-10-01,501.0,,,,,92.7,1.82,True,,,,39.2,,,,,,,,,,,,,,,999.0,,0.4,-13.1,-0.25,-1.04,14.0,25.3,0.76,-28.1,0.76,,,76.05,43.6,,2.33,3.0,,,0.0,0.0,0.0,0.0,False,,,42.1,0.18,0.87,3.4,0.27,,,,,,,60.16,64.95,65.86,False,74.79,52.24,1.08,27.6,-23.8,False,False,DATA-KURANG;FILER-ASING,0.0
WEC,WEC Energy Group,Utilities,Electric Utilities,SP500,101.73,33.15,2026-10-01,501.0,TTM-4Q,2026-06-30,,,297.2,1.04,True,14.5,19.6,2.27,,6.9,5.1,,-0.81,6.1,12.0,65.7,5.1,5.88,-3.7,0.1,2.11,4.0,,2.5,-0.01,-4.2,-7.0,-0.35,-1.04,26.0,16.1,0.04,-14.5,0.6,,,,,,,,,-0.25,-0.1,0.0,0.1,0.0,False,-0.0,2026-08-11,,,,,0.08,3.62,-1.17,2.45,8.9,2.0,2.1,106.89,111.96,111.29,False,119.91,99.8,1.69,39.0,-16.5,False,False,,100.0
CE,Celanese,Materials,Specialty Chemicals,SP600,44.2,4.85,2026-10-01,501.0,TTM-4Q,2026-06-30,2026-11-05,25.0,91.2,0.68,True,108.4,,1.16,7.2,0.9,-24.1,14.6,0.34,-3.1,-24.8,20.9,3.7,74.47,-9.5,8.9,,4.0,1.28,-1.0,-1.85,5.1,-30.5,-0.24,-1.04,30.0,52.8,0.67,-37.7,-0.07,,,63.24,43.1,,1.82,17.0,10.2,-0.4,0.23,0.23,0.0,3.0,True,0.005,2026-08-14,112.0,0.0,10.1,4.6,1.15,0.27,0.0,0.27,-2.2,,0.5,45.28,52.4,51.25,True,70.7,35.13,1.87,43.6,-9.6,False,False,ZONA-BAHAYA;DISTRES,100.0
IBM,IBM,Information Technology,IT Consulting & Other Services,SP500,225.62,212.56,2026-10-01,501.0,TTM-4Q,2026-06-30,,,1342.7,1.6,True,15.5,19.8,6.17,17.2,6.4,5.0,6.5,0.48,12.2,34.6,58.1,1.5,3.45,-2.8,2.0,1.39,6.0,3.18,6.4,-0.21,-15.9,-3.4,-0.19,-1.05,14.0,50.8,0.91,-37.5,0.64,,,240.59,6.6,,2.25,22.0,,-0.31,-5.76,0.0,5.76,0.0,False,-0.003,2026-08-26,66.6,-0.02,2.65,4.6,0.12,2.97,-0.34,2.63,7.9,83.9,0.6,231.55,244.79,255.93,False,332.46,199.19,7.05,44.1,-24.0,False,False,GOODWILL,100.0
RMD,ResMed|,Health Care,Health Care Equipment,SP500,221.15,31.9,2026-10-01,501.0,TTM-4Q,2026-06-30,,,281.1,0.73,True,14.9,20.9,4.84,,6.7,4.8,5.2,0.24,21.6,24.3,61.1,2.0,-0.39,-3.3,1.5,1.19,6.0,10.89,999.0,0.34,-14.6,4.4,-0.18,-1.05,39.0,28.5,0.63,-35.0,0.44,,,,,,,,,-0.15,0.0,0.0,0.0,0.0,False,0.0,2026-09-08,,,,,0.09,1.1,1.96,3.06,9.9,8.8,-0.9,222.72,216.6,225.88,False,284.87,180.27,5.39,45.1,2.8,False,False,,100.0
FUL,H.B. Fuller Company,Materials,Specialty Chemicals,SP600,50.23,2.7,2026-10-01,501.0,TTM-4Q,2026-08-29,,,50.2,1.3,True,8.0,13.7,1.25,9.6,12.5,7.3,3.7,0.66,7.1,9.6,32.3,2.2,3.35,-1.7,0.5,1.46,7.0,2.1,2.9,-0.04,-7.7,-13.1,-0.31,-1.06,18.0,33.7,0.91,-27.0,0.4,,,69.86,39.1,,1.43,7.0,,-0.17,-0.59,0.0,0.59,0.0,False,-0.022,2026-08-11,106.6,-0.07,7.44,4.9,-0.0,1.92,1.81,3.72,1.5,72.2,-0.5,55.24,58.33,59.43,False,68.63,46.7,1.87,37.9,-15.7,False,False,,100.0
LVS,Las Vegas Sands,Consumer Discretionary,Casinos & Gaming,SP500,36.69,23.76,2026-10-01,501.0,TTM-4Q,2026-06-30,,,236.4,1.09,True,8.1,13.8,40.9,10.5,12.3,7.3,11.4,0.31,14.4,134.3,,,2.71,-9.6,4.9,2.16,7.0,2.27,3.9,0.29,-16.7,-18.3,-0.5,-1.06,5.0,35.2,0.81,-46.3,0.03,,,59.07,61.0,,1.81,19.0,,1.01,0.0,0.0,0.0,0.0,False,0.0,,42.7,-0.0,14.42,3.7,0.05,3.95,10.7,14.64,18.1,22.3,-5.7,44.06,49.02,51.87,False,70.45,36.48,1.04,18.2,-23.9,False,False,,100.0
TXT,Textron,Industrials,Aerospace & Defense,SP500,77.17,13.27,2026-10-01,501.0,TTM-4Q,2026-07-04,,,153.1,0.68,True,8.6,14.2,1.65,,11.7,7.1,5.7,1.12,9.9,12.1,,1.5,0.1,-1.7,0.3,1.32,,,999.0,-0.17,-5.6,-10.3,-0.3,-1.06,19.0,26.8,0.98,-24.5,0.61,,,,,,,,,-0.11,0.0,0.0,0.0,0.0,False,0.0,,,,,,0.07,0.14,5.8,5.94,8.8,14.8,-3.4,83.47,88.61,89.66,False,101.57,75.51,1.78,37.9,-18.7,False,False,,90.0
UFPI,UFP Industries,Industrials,Building Products,SP400,77.08,4.25,2026-10-01,501.0,TTM-4Q,2026-06-27,,,37.1,0.8,True,8.0,17.1,1.4,,12.6,5.9,6.3,1.27,7.0,8.1,16.1,1.2,-0.85,-6.0,4.9,1.98,5.0,5.56,31.1,-0.44,-10.4,-8.7,-0.32,-1.06,18.0,29.9,0.66,-32.5,0.6,,,,,,,,,-0.99,0.0,0.0,0.0,0.0,False,0.0,,,,,,0.07,1.9,7.51,9.41,-4.7,-28.3,-5.8,85.51,87.27,91.2,False,118.0,75.2,2.32,34.8,-15.8,False,False,,100.0
GBCI,Glacier Bancorp,Financials,Regional Banks,SP400,43.41,5.65,2026-10-01,501.0,TTM-4Q,2026-06-30,,,46.8,0.98,True,,18.1,1.31,12.1,,5.5,,-0.24,,7.9,,,,,0.2,,,,999.0,-0.35,-4.2,2.0,-0.04,-1.06,28.0,27.9,0.84,-20.7,0.21,,,56.5,30.2,,1.83,6.0,,0.02,0.11,0.11,0.0,1.0,False,0.002,2026-08-28,89.1,0.03,8.35,10.5,0.14,2.98,0.0,2.98,14.3,41.6,11.5,47.11,47.62,47.77,True,54.58,39.9,0.91,30.2,-18.3,False,False,DILUSI,90.0
VST,Vistra Corp.,Utilities,Electric Utilities,SP500,139.75,46.91,2026-10-01,501.0,TTM-4Q,2026-06-30,,,682.5,0.99,True,12.2,21.1,8.56,,8.2,4.7,4.8,0.04,12.1,43.1,,,3.54,-7.2,4.8,2.31,6.0,,3.1,3.0,-29.2,-10.2,-0.4,-1.07,20.0,48.7,1.49,-35.9,-2.83,,,,,,,,,-0.96,1.17,1.17,0.0,1.0,False,0.003,2026-09-08,,,,,0.61,0.66,2.45,3.1,3.8,-7.1,-1.8,143.89,152.28,155.05,False,217.1,132.66,4.69,46.2,-9.8,False,False,,100.0
NAVI,Navient,Financials,Consumer Finance,SP600,9.11,0.85,2026-10-01,501.0,TTM-4Q,2026-06-30,,,14.6,0.95,False,,,0.36,9.4,,-5.7,,0.45,,-2.0,,,,,0.4,,,,-999.0,-0.81,-25.6,14.3,-0.13,-1.07,36.0,42.3,1.06,-42.9,-1.42,,,9.07,-0.4,,3.29,7.0,,,0.0,0.0,0.0,0.0,False,0.0,,107.7,0.04,28.67,10.6,0.26,7.14,9.13,16.27,,-244.1,-5.9,9.18,8.65,9.33,False,13.5,7.33,0.36,46.2,3.1,False,False,TIPIS;SHORT-TINGGI,90.0
JBTM,JBT Marel Corporation,Industrials,Industrial Machinery & Supplies & Components,SP600,106.86,5.54,2026-10-01,501.0,TTM-4Q,2026-06-30,,,65.1,0.92,True,,28.9,1.24,11.6,,3.5,5.6,0.5,3.7,4.3,35.6,1.5,,-2.9,7.8,2.22,7.0,1.86,999.0,-0.62,-16.9,-9.5,-0.34,-1.07,8.0,38.3,0.84,-37.2,0.06,,,167.06,56.3,,1.62,8.0,,,0.0,0.0,0.0,0.0,False,0.0,,109.3,0.01,9.11,7.4,0.01,0.38,0.0,0.38,44.9,,0.0,119.61,128.29,135.78,False,170.19,104.45,3.38,33.9,-28.6,False,False,,100.0
GXO,GXO Logistics,Industrials,Air Freight & Logistics,SP400,45.96,5.27,2026-10-01,501.0,TTM-4Q,2026-06-30,,,64.2,1.13,True,9.7,40.2,1.76,13.0,10.4,2.5,3.4,0.45,3.6,4.4,,,3.05,-3.1,0.8,3.89,7.0,1.53,2.5,-1.13,-12.7,-13.7,-0.32,-1.07,21.0,41.1,1.07,-32.7,-0.09,,,68.71,49.5,,,17.0,,0.21,0.0,0.0,0.0,0.0,False,0.0,,108.3,0.0,6.55,5.2,-0.01,0.0,0.34,0.34,7.6,107.9,0.6,47.51,50.77,52.49,False,66.85,43.61,1.47,49.0,-13.8,False,False,ZONA-BAHAYA;GOODWILL,100.0
BRO,Brown & Brown,Financials,Insurance Brokers,SP500,61.77,20.67,2026-10-01,501.0,TTM-4Q,2026-06-30,2026-10-26,17.0,148.0,1.25,True,,17.2,1.64,12.8,,5.8,,-1.36,,9.9,,,,,0.7,,,,4.9,0.03,-22.4,12.5,-0.16,-1.08,16.0,31.3,0.37,-42.9,-0.29,,,76.5,23.8,,2.79,16.0,-0.4,0.72,0.0,0.0,0.0,0.0,False,0.0,,86.5,0.0,5.44,8.2,-0.01,1.06,0.0,1.06,34.2,19.8,14.0,68.76,65.44,68.04,False,96.55,53.81,1.72,35.3,-14.0,False,False,DILUSI;GOODWILL,90.0
NCLH,Norwegian Cruise Line Holdings,Consumer Discretionary,"Hotels, Resorts & Cruise Lines",SP500,14.64,6.72,2026-10-01,501.0,TTM-4Q,2026-06-30,,,285.2,1.39,True,7.9,8.8,2.61,8.8,12.6,11.3,-17.6,-1.26,9.2,36.7,42.5,73.1,5.47,-5.9,10.9,2.77,6.0,0.26,999.0,-1.35,-37.4,-20.4,-0.53,-1.08,5.0,54.2,1.5,-43.6,-1.19,,,20.2,38.0,,2.3,25.0,,0.07,0.0,0.0,0.0,0.0,False,0.0,,104.5,-0.0,23.43,6.2,0.05,0.0,0.0,0.0,6.2,5.8,3.5,16.85,18.37,19.47,False,25.13,13.63,0.6,40.3,-27.8,False,False,ZONA-BAHAYA;SHORT-TINGGI,100.0
APP,AppLovin,Communication Services,Advertising,SP500;NDX,281.31,94.32,2026-10-01,501.0,TTM-4Q,2026-06-30,2026-11-04,24.0,1583.4,1.65,True,17.5,21.4,29.82,13.4,5.7,4.7,,-0.3,78.8,203.7,88.5,12.4,0.09,-1.7,20.2,1.03,9.0,15.07,26.6,1.05,-56.6,-19.6,-0.51,-1.08,2.0,75.4,3.35,-61.7,-2.77,,,498.37,77.2,,1.58,31.0,0.4,0.86,0.0,0.0,0.0,0.0,False,0.0,2026-07-06,76.1,0.01,3.76,2.4,0.24,0.0,2.6,2.6,60.6,81.5,-1.5,333.33,426.98,458.25,False,738.01,275.13,15.74,32.0,-48.0,False,False,,100.0
CLX,Clorox,Consumer Staples,Household Products,SP500,80.65,9.75,2026-10-01,501.0,TTM-4Q,2026-03-31,2026-11-03,23.0,274.5,1.19,True,9.6,12.9,,12.9,10.4,7.8,3.9,-0.04,24.5,,43.8,3.4,2.21,3.0,4.3,0.76,6.0,2.48,11.2,-0.25,-19.4,-6.7,-0.41,-1.09,11.0,31.5,0.35,-35.0,-0.11,,,100.76,24.9,,3.21,17.0,0.9,-0.47,0.0,0.0,0.0,0.0,False,0.0,,88.3,0.0,8.1,2.8,-0.02,6.17,3.39,9.57,-3.7,8.9,-1.8,95.9,98.25,101.49,False,128.9,79.12,2.5,29.9,-19.2,False,False,GOODWILL,100.0
HUBS,HubSpot,Information Technology,Application Software,SP400,217.45,10.84,2026-10-01,501.0,TTM-4Q,2026-06-30,,,400.6,0.75,True,,73.8,6.55,12.9,,1.4,7.4,0.22,,7.9,83.2,1.8,,-19.7,2.7,5.83,6.0,4.56,203.0,2.14,-46.3,3.4,-0.29,-1.09,16.0,74.6,1.26,-65.6,-1.01,,,249.72,14.8,,2.35,31.0,,,0.2,0.2,0.0,1.0,False,0.002,2026-09-15,100.2,,8.5,2.5,0.16,0.0,10.31,10.31,21.1,,-3.9,230.2,224.18,247.12,False,503.0,169.63,14.16,47.0,10.3,False,False,UTANG-TAK-TERBACA,90.0
WRB,W. R. Berkley Corporation,Financials,Property & Casualty Insurance,SP500,68.9,25.58,2026-10-01,501.0,TTM-4Q,2026-06-30,,,268.1,0.67,True,,13.3,2.6,,,7.5,,-0.17,,20.2,,,,,0.4,,,,20.0,0.38,-9.3,4.7,-0.1,-1.09,42.0,22.4,0.23,-17.6,1.15,,,,,,,,,-0.61,0.0,0.0,0.0,0.0,False,0.0,,,,,,0.05,1.88,2.48,4.36,4.3,9.5,-2.1,70.18,68.68,68.89,False,78.96,62.87,1.35,49.7,-6.8,False,False,,90.0
BSY,Bentley Systems,Information Technology,Application Software,SP400,32.75,10.45,2026-10-01,501.0,TTM-4Q,2026-06-30,2026-11-04,24.0,89.2,0.72,True,,36.0,8.69,20.8,,2.8,4.8,0.05,12.2,24.5,81.8,1.6,,-6.6,1.8,1.8,9.0,3.27,19.7,0.75,-30.4,4.4,-0.32,-1.09,24.0,41.2,0.61,-49.7,0.7,,,43.93,34.1,,1.65,15.0,9.8,-0.3,0.0,0.0,0.0,0.0,False,0.0,,55.1,-0.01,8.69,8.2,0.14,0.81,1.92,2.73,12.8,14.0,-4.2,34.24,33.81,34.6,False,57.25,28.08,1.19,49.7,-1.0,False,False,GOODWILL,100.0
FN,Fabrinet,Information Technology,Electronic Manufacturing Services,SP400,451.44,16.18,2026-10-01,501.0,TTM-4Q,2026-06-26,,,311.5,1.26,True,28.8,34.2,6.59,20.7,3.5,2.9,0.0,-0.36,17.8,21.3,12.0,0.3,-1.65,6.4,0.8,0.54,6.0,9.7,999.0,-1.05,10.3,-24.8,-0.1,-1.09,40.0,75.5,1.81,-49.8,-0.94,,,734.11,62.6,,1.78,9.0,,0.57,-0.96,0.0,0.96,0.0,False,-0.006,2026-09-03,104.4,-0.0,5.69,1.5,0.12,0.0,0.03,0.03,35.7,42.3,-0.0,449.05,547.34,531.87,False,748.89,358.28,22.33,58.8,-11.9,False,False,,100.0
WAY,Waystar Holding Corp,Health Care,Health Care Technology,SP600,25.35,4.86,2026-10-01,501.0,TTM-4Q,2026-06-30,,,51.6,0.96,True,14.2,36.1,1.22,,7.0,2.8,5.1,0.52,3.9,3.8,,,2.95,-3.0,1.4,2.17,7.0,1.95,999.0,-0.68,-32.1,8.4,-0.22,-1.1,31.0,53.8,1.09,-56.3,-1.2,,,,,,,,,0.06,0.0,0.0,0.0,0.0,False,0.0,2026-09-02,,,,,0.09,0.0,0.0,0.0,19.2,56.8,7.1,24.56,22.96,24.41,False,40.35,17.26,1.11,52.4,5.3,False,False,DILUSI;GOODWILL,100.0
KD,Kyndryl,Information Technology,IT Consulting & Other Services,SP400,12.12,2.64,2026-10-01,501.0,TTM-4Q,2026-06-30,,,50.4,2.86,True,5.5,30.3,2.47,4.9,18.2,3.3,5.6,1.32,4.1,7.6,21.8,3.9,3.16,-5.7,8.1,8.76,5.0,1.17,3.4,-1.27,-56.3,2.1,-0.29,-1.1,8.0,93.5,1.54,-65.4,-1.64,,,14.2,17.2,,,5.0,,-0.7,0.0,0.0,0.0,0.0,False,0.0,,89.8,0.0,14.42,8.8,0.15,0.0,11.59,11.59,-0.6,-70.7,-7.7,12.88,12.59,14.97,False,30.99,10.1,0.61,47.2,-3.5,False,False,ZONA-BAHAYA,100.0
ICE,Intercontinental Exchange,Financials,Financial Exchanges & Data,SP500,151.47,85.03,2026-10-01,501.0,TTM-4Q,2026-06-30,,,475.6,0.9,True,,21.1,2.88,17.2,,4.7,,-1.29,,13.9,,,,,0.7,,,,6.8,-0.09,-4.3,1.3,-0.06,-1.1,51.0,25.4,0.58,-29.3,0.25,,,187.29,23.6,,1.47,14.0,,-0.37,-1.09,0.0,1.09,0.0,False,-0.001,2026-09-14,96.7,0.01,1.29,2.0,0.01,1.34,2.35,3.69,6.9,34.5,-1.6,155.18,152.0,155.06,False,176.05,121.79,3.38,41.2,11.0,False,False,GOODWILL,90.0
MBC,"MasterBrand, Inc.",Industrials,Building Products,SP600,7.01,1.43,2026-10-01,501.0,TTM-4Q,2026-06-28,,,23.8,0.67,True,35.3,,0.72,29.2,2.8,-6.8,5.2,-0.71,-0.9,-5.8,26.9,2.1,15.76,-6.6,2.4,,3.0,1.46,-0.4,-1.79,-39.6,-3.4,-0.41,-1.1,5.0,52.7,1.3,-52.6,-1.25,,,10.3,46.9,,3.0,3.0,,-1.47,-0.52,0.0,0.52,0.0,False,-0.036,2026-08-25,110.3,0.0,9.65,9.2,-0.04,0.0,0.0,0.0,-0.0,-203.4,19.0,8.21,8.48,9.35,False,13.95,6.27,0.4,38.6,-30.8,False,False,ZONA-BAHAYA;DISTRES;F-RENDAH;DILUSI,100.0
CHWY,Chewy,Consumer Discretionary,Other Specialty Retail,SP400,17.72,7.27,2026-10-01,501.0,TTM-4Q,2026-08-02,2026-12-09,49.0,222.1,0.7,True,15.3,26.6,19.61,9.5,6.5,3.8,7.8,-0.42,37.5,72.0,29.9,1.1,-0.04,-12.9,5.6,2.62,8.0,4.52,28.5,1.29,-41.4,-10.9,-0.57,-1.11,4.0,46.0,0.67,-56.7,-0.56,,,28.82,62.6,,,22.0,-0.9,0.31,-0.08,0.0,0.08,0.0,False,-0.001,2026-08-03,101.7,-0.05,10.26,2.7,-0.03,0.0,7.02,7.02,5.9,81.1,-4.3,21.97,22.72,24.57,False,40.5,17.4,0.93,26.2,-17.1,False,False,,100.0
VMC,Vulcan Materials Company,Materials,Construction Materials,SP500,243.98,31.66,2026-10-01,501.0,TTM-4Q,2026-03-31,,,317.7,1.73,True,15.1,28.4,3.75,,6.6,3.5,3.5,-0.29,9.9,13.4,27.7,2.2,1.85,-4.1,0.9,1.62,7.0,3.71,7.1,0.29,-15.0,-6.9,-0.39,-1.11,15.0,28.4,0.77,-26.7,0.67,,,,,,,,,-0.04,-4.44,0.0,4.44,0.0,False,-0.014,2026-08-21,,,,,-0.0,0.83,1.74,2.56,7.4,18.7,-1.4,265.81,278.1,284.34,False,331.09,237.03,6.81,38.0,-21.6,False,False,,100.0
ACN,Accenture,Information Technology,IT Consulting & Other Services,SP500,212.3,130.69,2026-10-01,501.0,TTM-4Q,2026-05-31,2026-10-01,0.0,1258.8,5.44,True,10.5,16.8,4.1,14.5,9.6,6.0,9.6,1.06,21.1,24.9,32.0,0.3,-0.42,-8.2,0.9,1.69,5.0,4.38,39.8,-0.04,-22.2,-2.6,-0.26,-1.11,77.0,48.1,0.65,-56.5,0.3,,,192.49,-9.3,,2.22,24.0,2.5,-0.6,-0.01,0.0,0.01,0.0,False,-0.0,2026-08-14,82.5,0.02,4.53,5.2,0.18,3.01,3.29,6.3,6.7,-2.0,-2.4,178.89,176.18,196.29,False,291.09,118.15,9.58,70.0,50.7,False,False,EARNINGS-DEKAT,100.0
PLAB,"Photronics, Inc.",Information Technology,Semiconductor Materials & Equipment,SP600,30.83,1.82,2026-10-01,501.0,TTM-4Q,2026-08-02,,,26.0,1.97,True,4.2,11.0,1.42,,23.8,9.1,6.1,2.39,10.3,13.7,33.7,4.5,-2.45,-7.7,1.7,1.87,4.0,6.26,999.0,-0.51,19.1,-33.1,-0.08,-1.11,53.0,84.7,1.2,-50.6,-0.72,,,,,,,,,-0.55,-0.3,0.0,0.3,0.0,False,-0.016,2026-09-22,,,,,0.09,0.0,0.0,0.0,1.2,52.2,1.1,30.16,36.11,35.91,True,56.0,20.05,1.13,57.2,4.1,False,False,,100.0
USLM,"United States Lime & Minerals, Inc.",Materials,Construction Materials,SP600,111.36,3.19,2026-10-01,501.0,TTM-4Q,2026-06-30,,,17.1,1.13,True,15.1,23.8,4.59,,6.6,4.2,2.9,-0.38,19.7,21.4,48.5,7.6,-2.18,-4.2,4.1,1.21,6.0,40.43,999.0,1.99,-12.4,-15.2,-0.35,-1.12,30.0,39.0,1.29,-30.1,-0.2,,,,,,,,,-0.07,0.0,2.2,2.2,1.0,False,0.0,2026-09-09,,,,,0.07,0.22,0.08,0.3,7.0,7.3,0.2,115.58,115.59,116.9,False,141.44,96.27,3.35,43.3,1.0,False,False,,100.0
CELH,Celsius Holdings,Consumer Staples,Soft Drinks & Non-alcoholic Beverages,SP400,27.41,6.94,2026-10-01,501.0,TTM-4Q,2026-06-30,2026-11-09,27.0,202.3,0.77,True,35.4,53.7,5.78,15.8,2.8,1.9,6.7,-0.66,7.3,10.5,48.8,4.2,0.22,-8.5,13.8,3.94,5.0,2.85,3.0,-0.08,-46.6,-10.5,-0.45,-1.12,5.0,63.4,0.84,-63.4,-2.65,,,42.29,54.3,,1.75,21.0,-13.9,2.53,1.83,1.83,0.0,3.0,True,0.026,2026-09-15,75.2,0.0,12.33,3.6,1.07,0.0,0.18,0.18,82.9,-2.0,-1.3,29.4,32.34,36.51,False,66.74,23.56,1.26,41.0,-19.4,False,False,,100.0
EVTC,"EVERTEC, Inc.",Financials,Transaction & Payment Processing Services,SP600,27.39,1.64,2026-10-01,501.0,TTM-4Q,2026-06-30,2026-11-04,24.0,13.7,0.77,True,,16.8,2.55,6.3,,6.0,,-1.23,,15.6,,,,,6.2,,,,2.5,-0.99,-13.2,5.2,-0.1,-1.12,29.0,40.3,0.67,-33.6,-0.62,,,35.6,30.0,,,5.0,10.6,-0.26,-1.51,0.0,1.51,0.0,False,-0.092,2026-09-03,106.5,0.02,6.66,7.0,0.01,0.76,8.11,8.87,12.4,-29.2,-5.3,29.58,28.16,28.27,False,34.41,21.81,0.88,39.9,-9.9,False,False,GOODWILL,90.0
WY,Weyerhaeuser,Real Estate,Timber REITs,SP500,18.59,13.4,2026-10-01,501.0,TTM-4Q,2026-06-30,,,153.3,1.8,True,13.4,28.4,1.42,,7.5,3.5,3.7,-0.32,5.9,5.0,14.5,9.9,3.53,-0.5,5.2,1.16,6.0,,3.1,-0.94,-3.1,-2.6,-0.11,-1.12,11.0,26.7,0.55,-29.6,-0.49,,,,,,,,,-0.87,0.0,0.0,0.0,0.0,False,0.0,,,,,,0.06,4.52,0.41,4.93,-2.6,69.2,-0.3,23.17,23.78,24.18,False,27.75,18.46,0.54,16.2,-23.8,False,False,,100.0
HII,Huntington Ingalls Industries,Industrials,Aerospace & Defense,SP500,274.33,10.81,2026-10-01,501.0,TTM-4Q,2026-06-30,,,137.7,1.68,True,13.2,16.4,2.03,13.2,7.6,6.1,-0.8,-0.06,7.0,13.0,,3.2,2.64,2.5,0.6,0.52,7.0,2.79,7.1,-1.21,3.3,-25.0,-0.28,-1.14,21.0,38.2,0.81,-42.8,-0.08,,,367.25,33.9,,2.08,12.0,,0.21,-0.24,0.0,0.24,0.0,False,-0.002,2026-08-10,92.6,0.01,3.45,3.0,0.01,2.0,0.0,2.0,14.0,25.9,0.3,294.68,327.96,344.39,False,460.0,256.79,7.52,45.7,-8.3,False,False,,100.0
BTU,"Peabody Energy, Inc.",Energy,Coal & Consumable Fuels,SP600,24.74,3.02,2026-10-01,501.0,TTM-4Q,2026-06-30,2026-10-29,20.0,67.5,0.73,True,14.7,,0.93,8.7,6.8,-5.7,,-1.12,-4.6,-5.0,,,-0.97,-7.0,8.6,,3.0,1.93,-5.0,-1.54,10.9,-10.9,0.0,-1.14,35.0,57.1,0.94,-47.1,-1.62,,,31.92,29.0,,1.67,6.0,-27.8,-1.1,0.0,0.0,0.0,0.0,False,0.0,,100.8,0.15,13.94,5.5,0.97,1.21,0.0,1.21,-0.7,-200.6,0.2,25.8,27.29,28.87,False,41.14,20.06,1.2,41.0,8.2,False,False,F-RENDAH,100.0
TMUS,T-Mobile US,Communication Services,Wireless Telecommunication Services,SP500;NDX,161.73,173.48,2026-10-01,501.0,TTM-4Q,2026-06-30,,,877.4,0.75,True,5.4,16.4,3.08,,18.5,6.1,10.6,0.44,21.5,18.0,,1.5,0.1,-8.6,1.8,2.73,6.0,1.53,999.0,0.75,-22.3,-9.8,-0.53,-1.14,15.0,30.5,0.41,-31.0,0.78,,,,,,,,,-0.2,0.0,0.0,0.0,0.0,False,0.0,2026-09-10,,,,,0.16,2.5,6.96,9.46,9.7,-13.5,-4.6,176.51,188.53,191.4,False,240.95,161.14,4.47,33.6,-11.2,False,False,ZONA-BAHAYA,100.0
TPL,Texas Pacific Land Corporation,Energy,Oil & Gas Exploration & Production,SP500,336.46,23.21,2026-10-01,501.0,TTM-4Q,2026-06-30,,,141.0,0.88,True,31.0,42.9,13.88,,3.2,2.3,,-1.38,35.9,36.6,,,-0.34,-3.8,7.0,1.11,7.0,77.67,999.0,2.53,19.6,-15.5,0.04,-1.14,31.0,48.7,0.57,-39.4,-0.73,,,,,,,,,-0.03,0.03,0.03,0.0,2.0,True,0.0,2026-09-24,,,,,1.15,0.68,0.04,0.71,20.8,17.3,-0.0,366.93,410.93,396.71,True,547.2,269.23,13.86,41.4,-19.4,False,False,,100.0
PCG,PG&E Corporation,Utilities,Multi-Utilities,SP500,12.17,32.62,2026-10-01,501.0,TTM-4Q,2026-06-30,,,563.7,0.67,True,,10.3,0.96,,,9.7,-13.1,0.81,5.5,9.7,,,,-3.5,0.8,2.57,7.0,,1.7,,-5.9,-20.6,-0.36,-1.14,7.0,36.5,0.22,-37.1,-1.3,,,,,,,,,0.05,0.0,0.0,0.0,0.0,False,0.0,2026-09-04,,,,,0.14,0.0,0.0,0.0,5.7,30.0,3.7,15.58,16.64,16.54,False,19.16,11.77,0.54,30.1,-30.4,False,False,,100.0
STEP,StepStone Group,Financials,Asset Management & Custody Banks,SP600,44.71,3.67,2026-10-01,501.0,TTM-4Q,2026-06-30,,,53.9,1.8,True,,,,,,-16.7,,-3.0,,,,,,,5.5,,,,-57.5,-3.0,-21.2,8.5,-0.13,-1.14,29.0,48.8,1.68,-46.9,-2.45,,,,,,,,,,0.0,0.0,0.0,0.0,False,0.0,,,,,,0.05,3.71,0.0,3.71,48.5,,5.3,47.65,47.68,51.96,False,77.79,38.85,1.98,42.5,6.0,False,False,DILUSI;GOODWILL,90.0
UTI,Universal Technical Institute,Consumer Discretionary,Education Services,SP600,19.03,1.05,2026-10-01,501.0,TTM-4Q,2026-06-30,,,39.7,0.95,True,12.8,30.6,3.05,,7.8,3.3,-2.2,-0.87,7.6,10.5,,,-0.12,-4.9,2.1,2.17,5.0,2.55,11.4,-0.17,-35.9,-43.4,-0.55,-1.15,2.0,72.8,0.55,-63.9,-1.61,,,,,,,,,-0.03,-3.6,0.32,3.91,1.0,False,-0.343,2026-09-21,,,,,-0.14,0.0,0.0,0.0,9.1,-45.7,0.5,25.76,34.54,32.93,False,51.34,18.02,1.27,31.2,-61.5,False,False,,100.0
MKTX,MarketAxess,Financials,Financial Exchanges & Data,SP600,164.22,5.78,2026-10-01,501.0,TTM-4Q,2026-06-30,,,149.3,0.59,True,,18.9,4.66,18.8,,5.3,,-0.77,,23.3,,,,,1.7,,,,59.9,1.42,-4.9,-0.8,-0.08,-1.16,72.0,36.6,0.06,-43.3,-0.23,,,158.0,-3.8,,,9.0,,-0.5,-1.01,0.0,1.01,0.0,False,-0.017,2026-09-10,114.1,-0.01,8.65,2.4,-0.09,1.96,5.97,7.94,3.9,37.5,-5.5,158.58,150.54,156.77,False,195.97,108.75,0.59,79.6,37.4,False,False,,90.0
AON,Aon plc,Financials,Insurance Brokers,SP500,275.95,58.54,2026-10-01,501.0,TTM-4Q,2026-06-30,2026-10-30,21.0,662.1,0.89,True,,15.0,6.1,13.6,,6.7,,-0.93,,44.9,,,,,1.5,,,,6.2,1.21,-8.0,2.0,-0.11,-1.16,11.0,28.0,0.38,-28.5,0.37,,,383.84,39.1,,2.14,19.0,0.3,-0.33,6.55,6.55,0.0,1.0,False,0.011,2026-09-02,93.2,0.06,1.76,2.6,0.37,1.12,2.62,3.75,4.9,50.4,-1.6,330.85,329.54,332.24,False,382.34,269.02,7.7,27.5,-24.7,False,False,GOODWILL,90.0
WYNN,Wynn Resorts,Consumer Discretionary,Casinos & Gaming,SP500,77.3,7.96,2026-10-01,501.0,TTM-4Q,2026-06-30,,,196.7,1.3,True,9.5,17.7,,,10.5,5.6,9.9,0.03,10.2,,,,5.07,-7.8,4.3,3.25,8.0,1.04,1.9,-0.45,-28.7,-11.2,-0.6,-1.17,6.0,33.4,0.94,-41.5,0.13,,,,,,,,,0.15,0.0,0.0,0.0,0.0,False,0.0,,,,,,0.08,2.28,2.11,4.39,6.4,16.9,-0.8,93.17,98.94,103.37,False,134.72,76.27,2.67,24.0,-21.4,False,False,ZONA-BAHAYA,100.0
UVV,Universal Corporation,Consumer Staples,Tobacco,SP600,41.68,1.04,2026-10-01,501.0,TTM-4Q,2026-06-30,,,15.5,1.13,True,10.8,54.3,0.75,,9.3,1.8,15.8,1.36,4.0,1.3,15.6,,5.33,-6.4,1.2,11.35,5.0,2.51,1.9,-1.31,-12.1,-9.0,-0.43,-1.17,13.0,24.6,0.09,-26.8,0.65,,,,,,,,,-0.79,-0.09,0.0,0.09,0.0,False,-0.009,2026-08-10,,,,,0.02,7.87,0.0,7.87,-3.6,-81.5,-0.2,46.65,50.83,51.71,False,59.38,41.1,0.96,22.6,-21.3,False,False,,100.0
DXC,DXC Technology,Information Technology,IT Consulting & Other Services,SP600,11.64,1.86,2026-10-01,501.0,TTM-4Q,2026-06-30,2026-10-29,20.0,29.8,1.57,True,1.7,15.0,0.61,3.9,59.8,6.7,67.3,3.0,8.2,4.0,,4.5,0.76,-10.3,2.3,11.94,6.0,1.18,4.2,-0.27,-18.1,-11.0,-0.25,-1.18,42.0,57.6,1.01,-46.7,0.14,,,11.21,-3.7,,,7.0,-11.4,-1.12,0.0,0.0,0.0,0.0,False,0.0,,116.2,-0.03,17.83,10.7,0.11,0.0,14.63,14.63,-2.4,-67.3,-10.1,10.98,10.76,11.67,False,15.68,7.9,0.51,58.9,14.5,False,False,ZONA-BAHAYA,100.0
MSTR,MicroStrategy,Information Technology,Software,NDX,160.5,56.58,2026-10-01,501.0,TTM-4Q,2026-06-30,,,3508.2,0.82,True,,,1.83,3.2,-59.7,-53.8,-0.0,-3.0,-61.6,-77.6,67.6,4.9,,-51.8,20.2,,2.0,2.06,-999.0,-0.53,-61.2,1.7,-0.37,-1.18,79.0,80.6,1.5,-77.1,-1.69,,,229.87,43.2,,1.25,15.0,,-0.93,-1.92,0.0,1.92,0.0,False,-0.003,2026-09-22,60.5,0.01,8.15,1.1,0.15,0.0,-26.25,-26.25,7.8,-734.6,14.9,122.28,131.39,136.0,False,365.21,81.81,8.95,63.1,55.3,False,False,F-RENDAH;DILUSI,100.0
FCN,FTI Consulting,Industrials,Research & Consulting Services,SP400,141.72,3.91,2026-10-01,501.0,TTM-4Q,2026-06-30,,,71.3,1.52,True,11.1,15.5,2.93,13.0,9.0,6.5,9.2,0.79,11.6,15.6,31.8,0.3,1.99,-4.3,0.3,1.6,6.0,3.39,11.4,0.09,-6.4,-15.3,-0.35,-1.18,20.0,30.7,0.21,-30.3,1.1,,,175.5,23.8,,,2.0,,-0.25,-0.14,0.0,0.14,0.0,False,-0.003,2026-08-11,113.3,0.0,17.66,9.1,-0.01,0.0,21.52,21.52,7.1,1.2,-13.6,149.97,159.06,162.55,False,189.3,129.12,4.71,48.4,-10.0,False,False,,100.0
CPRT,Copart,Industrials,Diversified Support Services,SP500;NDX,27.29,25.27,2026-10-01,501.0,TTM-4Q,2026-04-30,2026-11-19,35.0,312.5,0.7,True,11.7,16.3,2.88,15.4,8.5,6.1,5.3,0.43,15.7,17.7,,,-1.79,-1.4,2.5,1.09,6.0,20.41,999.0,0.42,-27.8,-1.7,-0.47,-1.19,11.0,31.1,0.74,-40.7,0.24,,,38.7,41.8,,2.25,10.0,-8.5,-0.6,-2.2,0.0,2.2,0.0,False,-0.009,2026-07-28,88.0,-0.0,4.57,3.3,-0.02,0.0,0.0,0.0,1.0,5.0,-3.6,30.49,31.68,33.55,False,45.89,26.74,0.89,31.4,-11.4,False,False,,100.0
XRAY,Dentsply Sirona,Health Care,Health Care Supplies,SP400,8.74,1.74,2026-10-01,501.0,TTM-4Q,2026-06-30,,,47.6,1.23,True,95.6,,1.29,,1.0,-31.3,8.2,-0.77,-6.2,-33.0,49.5,1.9,50.9,-15.3,6.9,,4.0,0.53,-3.4,-1.11,-14.0,-7.7,-0.23,-1.19,7.0,47.5,0.66,-40.5,-0.21,,,,,,,,,,0.0,0.0,0.0,0.0,False,0.0,,,,,,0.09,5.51,0.0,5.51,-0.8,,0.6,11.21,11.4,11.62,False,14.76,8.61,0.42,28.1,-26.9,False,False,ZONA-BAHAYA;DISTRES,100.0
LIF,Life360,Information Technology,Application Software,SP600,40.3,3.28,2026-10-01,501.0,TTM-4Q,2026-06-30,,,23.4,1.17,True,133.3,22.3,5.35,22.6,0.8,4.5,3.1,-0.19,0.8,30.1,77.6,5.1,1.78,4.8,16.3,0.71,5.0,5.45,999.0,-0.55,-60.6,1.6,-0.39,-1.2,4.0,76.0,2.18,-65.6,-1.72,,,60.7,50.6,,1.5,9.0,,0.82,-13.19,0.0,13.19,0.0,False,-0.402,2026-09-21,56.4,0.0,11.87,12.6,-1.41,0.0,0.0,0.0,34.0,434.2,1.3,47.02,46.12,49.33,False,112.54,37.01,1.86,39.8,-31.9,False,False,INSIDER-JUAL,90.0
NFG,National Fuel Gas,Utilities,Gas Utilities,SP400,76.26,7.25,2026-10-01,501.0,TTM-4Q,2026-06-30,,,68.9,0.88,True,6.4,10.7,1.85,10.1,15.6,9.3,3.1,2.45,11.4,19.6,87.7,5.0,1.56,-6.3,2.2,1.88,6.0,,6.8,2.41,-7.5,-9.1,-0.42,-1.21,28.0,19.9,0.03,-20.9,0.2,,,92.0,20.6,,2.0,2.0,,3.0,0.0,0.0,0.0,0.0,False,0.0,,85.3,0.0,6.27,11.0,0.11,2.74,0.0,2.74,15.1,177.3,5.0,81.38,83.67,83.52,False,97.06,75.03,1.56,30.0,-6.3,False,False,DILUSI,100.0
PPL,PPL Corporation,Utilities,Electric Utilities,SP500,32.76,24.65,2026-10-01,501.0,TTM-4Q,2026-03-31,,,241.2,1.43,True,12.3,20.2,1.64,,8.1,4.9,-6.6,-0.32,5.3,8.3,,,5.37,-3.3,2.4,2.19,7.0,,2.6,-0.29,-5.0,-9.4,-0.4,-1.22,26.0,17.9,0.09,-18.4,0.32,,,,,,,,,0.07,0.0,0.0,0.0,0.0,False,0.0,,,,,,0.14,3.27,0.0,3.27,7.5,22.5,2.1,34.51,36.19,36.11,False,40.11,31.56,0.54,39.4,-13.4,False,False,,100.0
ERIE,Erie Indemnity,Financials,Insurance Brokers,SP500,222.11,11.61,2026-10-01,501.0,TTM-4Q,2026-06-30,2026-10-29,20.0,46.2,0.68,True,,20.1,4.71,15.9,,5.0,,-0.72,,24.8,,,,,3.4,,,,999.0,1.51,-17.8,4.9,-0.17,-1.22,15.0,37.8,0.33,-36.5,-0.29,,,,,,,,2.9,-0.57,0.0,0.0,0.0,0.0,False,0.0,,46.0,-0.0,9.53,8.2,-0.03,2.27,0.0,2.27,3.7,-7.7,,245.29,238.8,249.31,False,330.54,204.63,7.26,35.2,-16.5,False,False,,90.0
ADMA,"ADMA Biologics, Inc.",Health Care,Biotechnology,SP600,9.93,2.22,2026-10-01,501.0,TTM-4Q,2026-06-30,2026-11-04,24.0,29.8,1.3,True,9.8,13.2,5.45,10.5,10.2,7.6,5.2,0.58,29.2,41.9,64.7,20.2,0.26,5.2,29.6,0.81,6.0,7.3,25.4,-1.4,-36.4,2.4,-0.31,-1.22,27.0,55.5,0.79,-62.7,-1.14,,,17.0,71.2,,,4.0,3.5,-0.38,0.0,0.0,0.0,0.0,False,0.0,,93.2,0.03,13.32,12.2,0.06,0.0,8.42,8.42,8.0,-19.1,-7.3,9.38,9.92,11.8,False,20.46,7.21,0.37,57.7,8.2,False,False,,100.0
HLNE,Hamilton Lane,Financials,Asset Management & Custody Banks,SP400,88.57,4.89,2026-10-01,501.0,TTM-4Q,2026-06-30,,,58.1,1.09,True,,17.7,5.2,12.1,,5.6,,-0.66,,32.5,,,,,1.8,,,,999.0,1.49,-22.3,7.0,-0.18,-1.22,25.0,41.9,1.21,-51.4,-1.87,,,133.43,50.6,,,7.0,,0.44,0.0,0.0,0.0,0.0,False,0.0,,110.2,-0.01,10.19,7.1,-0.07,1.84,0.0,1.84,24.0,30.0,,96.38,92.67,103.39,False,155.66,71.88,3.59,40.7,8.3,False,False,,90.0
BKE,"The Buckle, Inc.",Consumer Discretionary,Apparel Retail,SP600,42.69,2.2,2026-10-01,501.0,TTM-4Q,2026-08-01,2026-11-20,36.0,21.1,0.84,True,6.3,10.0,4.5,10.3,15.9,10.0,8.7,0.55,43.6,45.8,49.0,0.7,-0.95,-3.5,4.3,1.17,6.0,4.83,999.0,1.31,-21.3,-15.2,-0.61,-1.23,27.0,29.8,0.81,-29.3,0.8,,,46.0,7.8,,,1.0,7.4,0.0,0.0,0.0,0.0,0.0,False,0.0,,63.2,-0.0,12.54,8.2,0.05,10.25,0.0,10.25,6.2,9.6,0.8,43.11,46.83,48.42,False,58.68,39.44,1.05,53.8,-1.4,False,False,,100.0
TJX,TJX Companies,Consumer Discretionary,Apparel Retail,SP500,133.59,146.95,2026-10-01,501.0,TTM-4Q,2026-08-01,,,1195.1,0.63,True,15.4,24.2,13.8,,6.5,4.1,4.0,-0.64,48.0,62.2,32.0,,-0.33,-5.6,2.1,1.32,8.0,6.17,999.0,1.3,-6.7,-17.2,-0.57,-1.23,21.0,21.1,0.35,-26.8,1.62,,,,,,,,,0.27,0.0,0.0,0.0,0.0,False,0.0,,,,,,0.08,1.33,1.67,3.0,7.7,22.0,-1.0,141.42,151.96,152.68,False,170.0,122.78,2.96,50.6,-15.6,False,False,,100.0
LAZ,Lazard,Financials,Diversified Capital Markets,SP600,36.44,4.07,2026-10-01,501.0,TTM-4Q,2026-03-31,,,72.6,0.78,True,,14.7,4.62,9.5,,6.8,,-0.61,,37.4,,,,,3.2,,,,4.1,0.54,-16.4,3.1,-0.16,-1.23,15.0,42.0,1.83,-35.9,-1.9,,,47.38,30.0,,,8.0,,-0.46,0.0,0.0,0.0,0.0,False,0.0,2026-08-25,105.5,0.0,11.64,8.3,-0.01,4.63,1.39,6.02,9.0,-8.9,1.9,41.5,43.57,45.67,False,58.75,35.16,1.62,36.0,-14.5,False,False,,90.0
INGR,Ingredion,Consumer Staples,Agricultural Products & Services,SP400,94.91,5.99,2026-10-01,501.0,TTM-4Q,2026-06-30,,,64.1,1.03,True,6.3,10.1,1.32,8.4,15.9,9.9,5.9,1.11,10.2,13.6,23.7,2.6,0.77,-2.7,2.8,1.36,6.0,3.61,999.0,-0.78,-12.0,-5.5,-0.49,-1.23,26.0,17.9,0.43,-21.0,0.75,,,121.5,28.0,,,6.0,,-0.48,-0.17,0.0,0.17,0.0,False,-0.003,2026-08-05,101.8,-0.05,8.03,8.0,-0.21,3.51,0.0,3.51,-1.4,-12.4,-2.6,101.53,104.74,107.3,False,123.49,93.97,1.77,28.1,-5.2,False,False,,100.0
DMC,Del Monte Corporation,Consumer Staples,Packaged Foods & Meats,SP600,29.56,1.39,2026-10-01,501.0,TTM-4Q,2026-06-26,2026-10-28,19.0,13.4,0.95,True,12.0,41.0,0.69,9.4,8.4,2.4,7.0,0.43,2.1,1.7,9.2,0.7,2.65,-4.5,1.6,5.29,6.0,2.82,5.8,-1.17,-4.2,-18.4,-0.39,-1.23,29.0,29.0,0.08,-36.5,0.21,,,52.0,75.9,,,1.0,35.8,-0.32,0.35,0.36,0.01,1.0,False,0.025,2026-09-08,75.1,0.0,10.66,7.1,0.06,4.1,3.04,7.13,-0.2,-77.4,-1.2,30.77,34.03,35.1,False,43.58,26.47,0.75,37.1,2.1,False,False,,100.0
LOW,Lowe's,Consumer Discretionary,Home Improvement Retail,SP500,182.38,102.33,2026-10-01,501.0,TTM-4Q,2026-07-31,,,644.2,1.34,True,10.8,15.4,,14.0,9.2,6.5,6.8,-0.26,29.2,,33.1,0.1,2.71,-5.1,1.9,1.39,7.0,3.04,999.0,0.3,-18.8,-14.3,-0.61,-1.23,10.0,27.2,0.77,-35.8,0.71,,,251.09,37.7,,1.86,33.0,,0.16,0.0,0.0,0.0,0.0,False,0.0,,81.3,0.0,1.86,2.9,0.05,2.63,0.45,3.08,8.2,-3.1,0.0,205.48,220.84,231.95,False,293.06,179.21,4.43,26.8,-21.8,False,False,GOODWILL,100.0
GME,GameStop,Consumer Discretionary,Computer & Electronics Retail,SP400,24.11,12.16,2026-10-01,501.0,TTM-4Q,2026-08-01,,,227.8,1.08,True,,13.6,1.98,13.0,,7.3,5.7,0.0,4.0,15.8,37.9,4.0,,1.8,7.1,0.79,5.0,2.6,999.0,-1.13,-31.0,-17.4,-0.62,-1.24,57.0,38.8,0.28,-35.5,0.79,,,,,,,,,-0.04,48.34,48.5,0.16,4.0,True,0.397,2026-09-21,32.9,0.04,8.4,5.3,1.37,0.0,0.0,0.0,-7.7,146.7,8.4,20.45,22.11,22.25,True,28.1,17.79,0.88,64.9,3.0,False,False,DILUSI,90.0
SYK,Stryker Corporation,Health Care,Health Care Equipment,SP500,272.96,104.7,2026-10-01,501.0,TTM-4Q,2026-06-30,,,893.7,0.77,True,16.2,28.1,4.36,,6.2,3.6,4.5,0.12,10.5,16.5,65.0,0.5,1.6,-3.8,0.8,1.48,8.0,4.37,9.2,0.34,-13.5,-3.4,-0.28,-1.24,12.0,29.8,0.58,-30.0,0.59,,,,,,,,,-0.1,-118.2,0.0,118.2,0.0,False,-0.113,2026-08-21,,,,,-0.01,1.26,0.0,1.26,8.5,27.8,-0.1,312.08,320.11,330.6,False,392.55,267.0,7.99,35.3,-18.5,False,False,INSIDER-JUAL,100.0
IDXX,Idexx Laboratories,Health Care,Health Care Equipment,SP500;NDX,517.75,40.79,2026-10-01,501.0,TTM-4Q,2026-06-30,,,255.9,0.63,True,25.4,35.8,25.29,30.9,3.9,2.8,3.1,-0.28,57.7,74.2,62.4,1.1,0.16,-6.8,2.3,1.2,9.0,19.02,38.6,1.59,-14.7,-3.5,-0.29,-1.24,20.0,31.6,0.84,-34.2,0.19,,,701.33,35.5,,2.15,12.0,,-0.1,-1.17,0.0,1.17,0.0,False,-0.003,2026-09-04,96.7,-0.02,2.78,3.8,0.03,0.0,2.88,2.88,12.8,15.6,-2.1,544.22,560.03,588.86,False,769.98,500.61,13.19,44.3,-9.5,False,False,,100.0
PRVA,"Privia Health Group, Inc.",Health Care,Health Care Services,SP600,20.03,2.56,2026-10-01,501.0,TTM-4Q,2026-06-30,,,26.8,1.07,True,37.7,91.0,3.27,,2.7,1.1,,-0.22,3.7,3.8,,,-7.24,-7.5,15.3,4.66,7.0,4.22,999.0,0.72,-17.1,-2.0,-0.3,-1.25,13.0,31.7,0.71,-32.0,0.37,,,,,,,,,0.19,0.0,0.0,0.0,0.0,False,0.0,2026-07-09,,,,,0.09,0.0,0.0,0.0,24.1,89.5,2.6,21.44,22.82,22.89,False,28.82,18.92,0.64,43.9,-28.6,False,False,,100.0
PSN,Parsons Corporation,Industrials,Aerospace & Defense,SP400,41.01,4.39,2026-10-01,501.0,TTM-4Q,2026-03-31,,,53.3,1.09,True,10.6,19.3,1.66,,9.4,5.2,9.5,0.95,8.1,8.9,22.8,0.8,2.32,-4.5,1.1,2.13,6.0,2.47,7.3,-0.46,-44.1,-15.8,-0.46,-1.25,4.0,64.7,0.87,-54.8,-1.2,,,,,,,,,-1.04,0.96,0.96,0.0,1.0,False,0.022,2026-08-07,,,,,0.09,0.0,2.86,2.86,-6.9,-12.9,-2.4,47.14,52.41,55.92,False,89.5,36.26,1.66,30.9,-29.0,False,False,,100.0
CASH,"Pathward Financial, Inc.",Financials,Regional Banks,SP600,73.72,1.53,2026-10-01,501.0,TTM-4Q,2026-06-30,2026-10-21,14.0,18.6,1.51,True,,8.7,1.8,7.7,,11.5,,0.3,,21.1,,,,,0.2,,,,999.0,0.2,8.8,-10.7,-0.03,-1.25,25.0,30.0,0.91,-28.7,-0.24,,,101.0,37.0,,,2.0,-29.6,-0.93,0.0,0.0,0.0,0.0,False,0.0,,103.5,0.0,15.94,12.1,-0.02,0.29,-0.0,0.29,-0.8,-2.6,-8.5,81.95,85.88,85.02,True,101.26,65.87,1.74,35.3,-19.0,False,False,,90.0
EFOR,Everforth Inc.,Information Technology,IT Consulting & Other Services,SP600,36.19,1.48,2026-10-01,501.0,TTM-4Q,2026-06-30,2026-10-28,19.0,23.9,1.76,True,8.9,17.9,0.82,8.4,11.2,5.6,14.9,2.11,4.2,4.6,28.5,0.5,4.13,-4.5,3.0,3.1,5.0,2.08,2.7,-1.05,-36.1,-21.3,-0.31,-1.25,87.0,93.6,0.85,-68.0,-1.22,,,27.5,-24.0,,,6.0,11.4,-0.68,0.0,0.0,0.0,0.0,False,0.0,,110.0,0.01,10.74,5.4,0.17,0.0,9.99,9.99,-1.0,-40.8,-6.8,30.94,28.19,33.2,False,54.94,16.9,1.8,68.9,99.8,False,False,GOODWILL,100.0
WING,Wingstop,Consumer Discretionary,Restaurants,SP400,104.36,2.84,2026-10-01,501.0,TTM-4Q,2026-06-27,,,144.7,0.63,True,17.3,24.4,,,5.8,4.1,4.5,-0.79,30.0,,,2.2,4.76,-10.7,3.0,1.63,5.0,1.89,999.0,0.77,-56.1,-23.9,-0.64,-1.25,2.0,62.5,1.13,-65.4,-1.87,,,,,,,,,-0.06,0.0,0.0,0.0,0.0,False,0.0,,,,,,0.08,1.18,6.32,7.49,7.6,-32.1,-2.7,114.61,149.42,177.28,False,302.8,95.82,5.86,45.3,-42.8,False,False,GOODWILL,100.0
FBRT,"Franklin BSP Realty Trust, Inc.",Real Estate,Mortgage REITs,SP600,6.47,0.54,2026-10-01,501.0,TTM-4Q,2026-06-30,,,20.0,0.63,False,,8.6,0.39,5.8,,11.6,,2.34,,4.4,,,,-1.6,0.8,2.53,,,999.0,,-16.5,1.9,-0.24,-1.25,9.0,30.0,0.5,-35.3,-0.83,,,11.67,80.3,,2.0,3.0,,2.15,0.0,0.0,0.0,0.0,False,0.0,,60.7,0.0,10.56,3.9,-0.01,24.28,13.06,37.35,41.8,-42.8,3.1,7.82,8.38,8.78,False,11.19,6.19,0.28,24.4,-21.8,False,False,TIPIS,90.0
POOL,Pool Corporation,Consumer Discretionary,Distributors,SP600,160.67,5.86,2026-10-01,501.0,TTM-4Q,2026-03-31,,,145.1,0.87,True,11.2,14.4,5.17,,8.9,6.9,5.3,-0.26,19.0,34.2,29.7,0.6,1.88,1.1,5.6,0.9,7.0,3.54,999.0,-0.49,-39.6,-7.4,-0.67,-1.25,6.0,35.2,0.65,-47.2,0.15,,,,,,,,,-0.27,0.0,0.0,0.0,0.0,False,0.0,,,,,,0.08,3.17,6.05,9.22,1.8,-0.7,-3.2,183.16,196.33,209.06,False,313.75,158.4,4.85,27.8,-28.6,False,False,,100.0
SUI,Sun Communities,Real Estate,Single-Family Residential REITs,SP400,110.0,13.56,2026-10-01,501.0,TTM-4Q,2026-03-31,,,125.1,0.92,True,,9.5,2.01,,,10.6,,1.0,,21.0,,0.9,,3.8,3.7,0.62,,,,,-3.3,-3.8,-0.18,-1.26,24.0,19.6,0.25,-17.5,0.82,,,,,,,,,2.38,0.0,0.0,0.0,0.0,False,0.0,,,,,,0.06,7.73,4.42,12.15,3.6,1659.6,-3.3,118.99,123.76,124.41,False,137.85,109.77,2.07,29.1,-13.3,False,False,,90.0
BWXT,BWX Technologies,Industrials,Aerospace & Defense,SP400,136.79,12.53,2026-10-01,501.0,TTM-4Q,2026-06-30,2026-11-02,22.0,165.8,1.19,True,25.6,35.3,9.39,26.0,3.9,2.8,2.5,-0.79,11.6,28.2,22.1,1.0,2.59,-4.0,1.4,1.46,4.0,4.66,12.4,-0.32,-11.9,-23.9,-0.4,-1.26,6.0,44.7,1.09,-43.5,-0.56,,,222.07,62.3,,1.61,16.0,2.7,0.47,0.0,0.0,0.0,0.0,False,0.0,2026-08-12,94.3,0.02,4.42,2.9,0.03,0.77,0.0,0.77,22.7,20.7,0.3,157.34,187.83,189.91,False,241.82,133.21,5.07,32.3,-30.2,False,False,,100.0
RYN,Rayonier,Real Estate,Timber REITs,SP400,18.22,5.48,2026-10-01,501.0,TTM-4Q,2026-03-31,,,72.2,0.93,True,,11.8,1.03,,,8.5,,0.94,0.7,12.8,27.4,6.8,,3.6,4.2,0.57,4.0,,1.1,-2.23,-13.7,1.0,-0.25,-1.26,18.0,25.9,0.35,-24.5,0.04,,,,,,,,,-2.86,-0.11,0.0,0.11,0.0,False,-0.002,2026-09-10,,,,,0.05,4.79,0.07,4.86,-29.1,31.3,66.6,20.71,20.88,21.31,False,27.06,17.91,0.46,21.9,-17.3,False,False,DILUSI,100.0
DOCS,Doximity,Health Care,Health Care Technology,SP400,28.5,5.13,2026-10-01,501.0,TTM-4Q,2026-06-30,2026-11-05,25.0,78.2,1.15,True,23.1,30.7,5.6,18.4,4.3,3.3,,-0.04,14.8,17.2,88.1,1.0,-1.3,-12.2,4.9,1.83,5.0,20.22,999.0,1.72,-64.0,14.9,-0.38,-1.26,41.0,64.2,1.75,-75.5,-2.59,,,29.94,5.1,,2.62,18.0,-4.2,-0.44,0.0,0.0,0.0,0.0,False,0.0,2026-09-15,102.9,-0.0,9.93,4.6,0.04,0.0,7.82,7.82,11.2,-29.0,-5.0,24.93,23.44,26.87,False,74.33,17.15,1.19,65.7,27.1,False,False,,100.0
UHS,Universal Health Services,Health Care,Health Care Facilities,SP500,175.07,10.49,2026-10-01,501.0,TTM-4Q,2026-06-30,,,138.9,0.82,True,5.6,6.9,1.4,,17.7,14.5,8.1,1.87,13.0,21.0,,,1.76,-1.8,1.8,1.18,7.0,,13.1,-0.38,-16.1,-3.8,-0.31,-1.27,38.0,32.5,0.51,-42.0,0.26,,,,,,,,,-0.11,0.0,0.0,0.0,0.0,False,0.0,,,,,,0.09,0.47,10.08,10.55,10.0,21.0,-7.8,172.12,169.16,181.05,False,246.33,140.08,5.28,50.5,7.8,False,False,,100.0
REZI,"Resideo Technologies, Inc.",Industrials,Trading Companies & Distributors,SP600,18.17,2.76,2026-10-01,501.0,TTM-4Q,2026-07-04,,,39.5,1.04,True,8.0,6.5,0.92,,12.5,15.5,-50.7,0.39,8.2,15.2,29.6,0.8,4.23,19.6,4.0,-2.97,4.0,1.72,2.9,-1.66,-36.0,-19.7,-0.46,-1.27,8.0,60.9,1.71,-41.5,-1.52,,,,,,,,,,0.85,0.85,0.0,3.0,True,0.031,2026-08-17,,,,,1.1,0.0,0.0,0.0,3.4,,3.4,21.02,22.97,23.5,False,31.52,17.51,0.73,35.4,-17.0,False,False,ZONA-BAHAYA;GOODWILL,100.0
SRE,Sempra,Utilities,Multi-Utilities,SP500,78.05,51.02,2026-10-01,501.0,TTM-4Q,2026-03-31,,,285.1,0.87,True,14.4,26.1,1.58,,6.9,3.8,-11.5,-1.08,3.0,6.1,,,5.92,-2.8,0.7,2.5,5.0,,2.3,-1.4,-3.6,-12.9,-0.41,-1.27,19.0,20.4,0.44,-21.7,-0.26,,,,,,,,,-1.64,0.0,0.0,0.0,0.0,False,0.0,,,,,,0.14,3.2,-0.02,3.18,3.1,-34.0,0.4,84.33,90.39,90.09,False,101.04,76.21,1.58,34.4,-18.2,False,False,,100.0
SEDG,SolarEdge,Information Technology,Semiconductor Materials & Equipment,SP600,30.87,1.9,2026-10-01,501.0,TTM-4Q,2026-06-30,,,109.7,1.08,True,,,4.61,,-7.6,-14.2,4.7,-1.93,-12.7,-58.4,23.3,49.1,,-16.0,22.5,,7.0,0.53,-999.0,-2.72,-12.2,-37.4,-0.25,-1.27,7.0,99.1,0.22,-62.0,-0.69,,,,,,,,,,0.0,0.0,0.0,0.0,False,0.0,,,,,,0.15,0.0,0.0,0.0,41.6,,4.2,34.83,45.06,42.17,True,81.25,28.21,2.37,39.4,-42.5,False,False,ZONA-BAHAYA;DISTRES,90.0
EQT,EQT Corporation,Energy,Oil & Gas Exploration & Production,SP500,50.09,31.33,2026-10-01,501.0,TTM-4Q,2026-06-30,2026-10-20,13.0,400.3,1.1,True,5.5,11.6,1.24,13.1,18.3,8.7,12.0,0.93,9.3,11.6,83.7,15.3,0.82,-8.7,5.1,2.3,6.0,2.24,10.4,0.42,3.3,-8.5,-0.08,-1.27,29.0,30.7,0.34,-28.1,0.46,,,67.58,34.9,,1.46,26.0,-3.3,0.38,0.0,0.0,0.0,0.0,False,0.0,2026-08-14,95.9,0.08,4.09,3.5,0.51,1.3,0.0,1.3,32.3,137.1,4.3,52.88,55.67,55.53,False,68.24,47.94,1.4,40.8,-7.2,False,False,,100.0
HCA,HCA Healthcare,Health Care,Health Care Facilities,SP500,423.39,93.92,2026-10-01,501.0,TTM-4Q,2026-03-31,,,640.9,0.72,True,8.8,13.8,,13.2,11.4,7.2,8.4,0.77,22.5,,,,2.77,-10.2,1.6,1.91,7.0,2.57,5.3,0.81,-2.5,-12.7,-0.24,-1.28,40.0,31.0,0.3,-33.6,0.72,,,454.23,7.3,,1.96,22.0,,-0.15,0.0,0.0,0.0,0.0,False,0.0,,78.9,0.02,4.6,4.8,0.06,0.73,9.72,10.45,6.7,17.6,-9.1,415.54,431.03,446.21,False,556.52,353.99,12.51,50.0,0.5,False,False,,100.0
EXE,Expand Energy,Energy,Oil & Gas Exploration & Production,SP500,85.96,19.9,2026-10-01,501.0,TTM-4Q,2026-06-30,2026-10-27,18.0,310.5,1.05,True,3.5,7.2,1.03,10.0,28.8,14.0,13.5,1.93,12.5,14.9,,,0.46,-10.3,42.1,2.03,8.0,2.58,16.8,0.53,-3.8,-4.6,-0.13,-1.28,19.0,31.3,0.14,-30.4,0.56,,,125.52,46.0,,1.54,27.0,19.1,2.64,0.0,0.0,0.0,0.0,False,0.0,,96.4,0.04,4.14,3.8,0.25,3.84,2.92,6.76,59.3,1250.0,-0.9,93.15,95.8,98.53,False,126.62,83.25,2.32,35.5,-7.6,False,False,,100.0
NI,NiSource,Utilities,Multi-Utilities,SP500,39.5,18.94,2026-10-01,501.0,TTM-4Q,2026-06-30,,,230.3,1.02,True,11.6,20.9,1.98,17.5,8.6,4.8,-5.7,-0.3,5.7,9.8,,1.1,5.53,-3.9,0.3,2.54,4.0,,2.5,0.16,-2.9,-11.5,-0.41,-1.29,22.0,17.6,0.26,-20.0,0.1,,,49.86,26.2,,1.53,14.0,,0.55,-1.59,0.0,1.59,0.0,False,-0.008,2026-08-14,98.2,0.04,3.94,2.9,-1.26,2.95,-1.65,1.3,17.0,2.1,1.9,41.83,45.3,44.86,False,49.21,38.42,0.68,37.7,-19.5,False,False,,100.0
KNF,Knife River Corporation,Materials,Construction Materials,SP400,50.62,2.87,2026-10-01,501.0,TTM-4Q,2026-06-30,,,62.8,1.24,True,9.1,20.5,1.79,14.5,11.0,4.9,1.5,0.05,6.7,9.1,17.8,2.1,3.23,-4.4,1.1,2.24,4.0,2.24,3.1,-0.38,-19.6,-24.7,-0.44,-1.29,3.0,50.2,0.84,-46.3,-0.48,,,85.38,68.7,,2.0,8.0,,0.09,0.0,0.0,0.0,0.0,False,0.0,,103.3,0.02,10.3,5.1,0.13,0.0,0.0,0.0,12.1,-8.7,-0.1,63.56,76.21,76.58,False,96.28,49.69,2.39,28.6,-41.9,False,False,,100.0
ARLO,Arlo Technologies,Information Technology,Communications Equipment,SP600,12.77,1.37,2026-10-01,501.0,TTM-4Q,2026-06-28,2026-11-05,25.0,17.3,1.06,True,56.6,45.0,8.67,12.4,1.8,2.2,,-0.39,10.8,22.1,46.0,6.8,-4.51,-13.7,7.9,2.56,7.0,4.41,999.0,-0.03,-25.8,-10.9,-0.36,-1.29,27.0,51.4,1.91,-42.2,-0.24,,,21.0,64.4,,1.29,6.0,43.1,0.51,0.0,0.0,0.0,0.0,False,0.0,2026-09-01,104.2,0.03,13.88,9.8,0.19,0.0,4.35,4.35,15.6,,2.6,13.65,13.66,13.5,False,19.94,11.05,0.54,44.0,-4.1,False,False,,100.0
ENSG,Ensign Group,Health Care,Health Care Facilities,SP400,169.63,9.89,2026-10-01,501.0,TTM-4Q,2026-06-30,2026-11-03,23.0,64.2,1.21,True,16.7,26.1,4.05,19.8,6.0,3.8,,0.23,15.0,17.0,20.7,1.0,-0.31,-4.3,0.6,1.61,6.0,3.53,60.0,-0.62,0.4,-13.4,-0.24,-1.29,37.0,27.4,0.13,-31.8,1.01,,,220.0,29.7,,1.6,5.0,4.0,-0.22,0.0,0.0,0.0,0.0,False,0.0,2026-07-27,92.6,0.01,3.06,4.9,0.05,0.15,0.4,0.55,18.9,17.3,1.5,176.61,180.43,181.81,False,218.0,141.58,3.87,39.2,-1.7,False,False,,100.0
GBX,"The Greenbrier Companies, Inc.",Industrials,Construction Machinery & Heavy Transportation Equipment,SP600,40.09,1.24,2026-10-01,501.0,TTM-4Q,2026-05-31,,,17.4,1.02,True,8.7,11.6,0.79,10.7,11.5,8.6,-9.1,0.5,3.9,7.0,15.1,3.1,4.81,0.0,1.5,0.99,3.0,,999.0,-1.68,-6.5,-19.0,-0.4,-1.29,17.0,31.6,0.55,-31.0,0.72,,,45.33,13.1,,4.0,3.0,,-2.18,-0.19,0.0,0.19,0.0,False,-0.016,2026-07-13,107.8,0.0,13.17,8.7,-0.02,3.38,1.14,4.52,-25.6,-53.2,-1.4,45.28,48.4,49.1,False,59.19,38.23,1.13,26.2,-17.8,False,False,F-RENDAH,100.0
OPCH,Option Care Health,Health Care,Health Care Facilities,SP400,22.58,3.55,2026-10-01,501.0,TTM-4Q,2026-03-31,,,50.8,0.76,True,11.4,17.2,2.62,10.8,8.8,5.8,6.0,0.58,9.8,15.3,19.2,1.4,2.47,-1.4,1.2,1.23,6.0,3.6,6.1,-1.22,-14.8,-10.8,-0.29,-1.29,23.0,43.6,0.48,-46.7,-0.12,,,28.58,26.6,,2.08,12.0,,-0.19,0.0,0.0,0.0,0.0,False,0.0,,108.8,0.0,11.26,7.1,0.05,0.0,0.0,0.0,9.3,-3.5,-5.2,23.5,24.1,26.55,False,36.8,18.01,0.64,38.3,0.5,False,False,GOODWILL,100.0
GGG,Graco Inc.,Industrials,Industrial Machinery & Supplies & Components,SP400,77.76,12.59,2026-10-01,501.0,TTM-4Q,2026-06-26,,,119.0,0.67,True,16.3,23.6,4.99,22.2,6.1,4.2,5.0,-0.15,20.5,21.2,52.6,1.4,-0.64,-4.5,1.5,1.26,7.0,14.77,199.1,1.41,-8.3,-9.6,-0.44,-1.3,40.0,20.2,0.73,-22.6,1.1,,,91.29,17.4,,2.6,7.0,,-0.34,-0.26,0.0,0.26,0.0,False,-0.002,2026-08-03,94.0,0.0,4.31,2.2,-0.0,1.5,2.61,4.11,4.6,10.6,-1.7,79.31,79.89,81.86,False,95.69,72.51,1.36,49.8,0.8,False,False,,90.0
NSSC,Napco Security Technologies,Information Technology,Electronic Equipment & Instruments,SP600,36.19,1.29,2026-10-01,501.0,TTM-4Q,2026-06-30,,,13.3,0.97,True,24.3,30.1,6.78,20.0,4.1,3.3,4.6,0.04,21.9,23.9,59.2,7.1,-2.89,-8.3,4.1,1.42,8.0,19.9,999.0,0.36,-17.1,-10.3,-0.34,-1.3,28.0,40.2,1.16,-25.7,1.07,,,50.67,40.0,,1.17,6.0,,-0.26,-18.26,0.0,18.26,0.0,False,-1.41,2026-08-27,105.0,0.03,7.59,4.9,-1.76,1.57,0.0,1.57,11.4,-0.9,-1.7,36.97,38.87,39.65,False,51.77,33.91,1.11,50.2,-6.6,False,False,INSIDER-JUAL,100.0
ORCL,Oracle Corporation,Information Technology,Application Software,SP500,138.07,417.49,2026-10-01,501.0,TTM-4Q,2026-08-31,,,5245.8,0.71,True,14.9,22.1,6.25,12.6,6.7,4.5,-6.9,-0.53,11.8,41.6,,0.6,2.6,-11.6,0.9,2.48,7.0,1.58,4.5,0.07,-49.2,-2.0,-0.45,-1.3,15.0,56.3,1.85,-62.9,-0.95,,,237.97,72.4,,1.6,41.0,,0.12,-0.4,0.0,0.4,0.0,False,-0.0,2026-09-22,43.6,-0.01,2.73,1.8,0.14,1.42,-5.12,-3.69,21.6,52.1,3.1,143.15,159.14,163.1,False,322.54,114.5,6.88,43.6,-4.0,False,False,ZONA-BAHAYA,90.0
LULU,Lululemon Athletica,Consumer Discretionary,"Apparel, Accessories & Luxury Goods",SP500,95.86,10.12,2026-10-01,501.0,TTM-4Q,2026-08-02,,,811.8,0.7,True,3.5,7.1,2.11,11.1,28.8,14.0,13.4,1.98,30.4,30.9,56.1,1.3,-0.55,-7.0,3.2,1.4,5.0,4.74,999.0,1.24,-33.7,-25.7,-0.65,-1.3,3.0,45.9,1.11,-55.6,-0.94,,,104.91,9.4,,3.2,27.0,,-0.4,0.0,0.0,0.0,0.0,False,0.0,,80.7,-0.02,13.07,1.9,0.01,0.0,11.44,11.44,1.7,-20.6,-5.6,112.26,129.38,145.51,False,225.98,95.35,4.13,35.6,-21.1,False,False,,100.0
AMTM,Amentum,Industrials,Diversified Support Services,SP600,18.48,4.52,2026-10-01,501.0,TTM-4Q,2026-07-03,2026-12-14,52.0,33.6,0.99,True,7.6,22.1,0.96,7.0,13.1,4.5,10.5,1.76,5.0,4.5,10.2,0.4,3.25,-2.6,2.3,2.48,,1.94,999.0,-1.21,-16.5,-24.1,-0.44,-1.31,9.0,46.3,1.24,-51.7,-1.0,,,29.58,60.1,,2.42,12.0,9.6,0.96,0.0,0.0,0.0,0.0,False,0.0,,109.7,0.0,7.95,5.8,-0.01,0.0,0.0,0.0,11.4,292.3,0.8,20.88,23.36,25.62,False,38.11,17.89,0.62,36.2,-15.2,False,False,GOODWILL,100.0
EPAM,EPAM Systems,Information Technology,IT Consulting & Other Services,SP600,114.35,5.9,2026-10-01,501.0,TTM-4Q,2026-06-30,2026-11-05,25.0,128.5,1.38,True,7.5,14.7,1.68,8.1,13.4,6.8,8.2,1.57,11.4,11.2,29.4,1.7,-1.11,-3.0,2.5,1.34,4.0,,999.0,-0.66,-22.8,-13.9,-0.35,-1.31,35.0,52.6,1.1,-65.7,-0.41,,,122.82,7.4,,2.16,17.0,7.6,-0.4,0.0,0.0,0.0,0.0,False,0.0,,119.2,-0.02,17.52,5.2,0.13,0.0,12.11,12.11,10.8,0.1,-7.6,108.46,109.74,131.06,False,222.53,73.06,5.32,55.4,26.3,False,False,,100.0
AVAV,AeroVironment,Industrials,Aerospace & Defense,SP400,140.31,7.13,2026-10-01,501.0,TTM-4Q,2026-08-01,2026-12-02,44.0,350.5,0.54,True,,,1.62,31.5,-0.3,-2.8,-0.4,-1.65,-3.9,-4.6,26.5,5.3,,-4.6,9.6,,4.0,3.71,-999.0,-1.74,-54.2,-21.4,-0.5,-1.31,3.0,75.9,2.18,-66.6,-3.0,,,219.35,56.3,,1.6,19.0,138.0,3.0,0.0,0.0,0.0,0.0,False,0.0,2026-09-15,88.0,0.0,11.76,2.1,-0.01,0.0,0.0,0.0,84.4,,6.3,158.46,174.5,201.72,False,417.86,135.2,8.17,37.2,-28.3,False,False,RESTATEMENT;DILUSI,100.0
SLVM,Sylvamo Corp.,Materials,Paper Products,SP600,33.17,1.32,2026-10-01,501.0,TTM-4Q,2026-06-30,,,12.2,2.02,True,5.7,17.4,1.38,,17.6,5.8,-0.8,0.48,6.4,7.9,,,1.97,-4.7,3.1,2.75,4.0,3.11,3.4,-0.1,-18.6,-17.4,-0.48,-1.32,12.0,37.7,1.07,-39.0,-0.22,,,,,,,,,-0.68,0.0,0.0,0.0,0.0,False,0.0,,,,,,0.07,5.54,3.18,8.72,-7.1,-65.1,-3.2,36.76,39.32,41.9,False,56.8,31.75,1.23,35.5,-16.1,False,False,,100.0
LOPE,Grand Canyon Education,Consumer Discretionary,Education Services,SP400,153.71,4.01,2026-10-01,501.0,TTM-4Q,2026-06-30,,,51.9,0.92,True,,17.9,5.98,13.6,,5.6,6.1,-0.2,29.6,31.0,,,,-5.6,2.6,1.24,6.0,16.43,999.0,,-31.6,-12.3,-0.69,-1.32,27.0,32.0,0.82,-38.0,0.41,,,195.0,26.9,,1.33,3.0,,0.06,0.0,0.0,0.0,0.0,False,0.0,,105.2,-0.03,8.56,7.0,0.01,0.0,8.55,8.55,7.0,-5.2,-6.8,148.99,155.28,158.61,False,223.04,134.27,4.46,57.6,-1.8,False,False,,100.0
DKS,Dick's Sporting Goods,Consumer Discretionary,Specialty Stores,SP400,132.85,11.97,2026-10-01,501.0,TTM-4Q,2026-08-01,2026-11-24,38.0,402.8,0.95,True,7.3,14.3,2.09,10.1,13.6,7.0,2.0,-0.03,13.5,18.5,32.1,1.8,0.56,-5.2,3.8,1.9,5.0,2.66,16.4,-0.08,-39.1,-30.4,-0.67,-1.33,3.0,52.2,1.23,-48.9,-1.05,,,158.27,19.1,,2.3,23.0,-6.2,1.63,5.09,5.09,0.0,6.0,True,0.042,2026-09-23,107.4,0.01,13.67,1.4,1.09,3.7,1.54,5.24,53.5,-28.5,11.2,162.87,197.33,199.93,False,244.38,120.15,5.68,40.1,-45.2,False,False,DILUSI,90.0
GTM,ZoomInfo,Communication Services,Interactive Media & Services,SP600,3.85,1.12,2026-10-01,501.0,TTM-4Q,2026-06-30,,,21.1,1.02,False,,,1.35,3.4,-15.9,-48.3,32.0,-1.4,-14.1,-45.4,83.5,1.3,,-16.2,0.7,,4.0,0.01,-8.8,0.66,-62.2,-29.6,-0.65,-1.33,11.0,71.0,1.94,-77.9,-2.48,,,4.6,19.4,,,18.0,,-1.32,-0.07,0.0,0.07,0.0,False,-0.006,2026-09-02,98.7,0.0,15.52,7.2,0.13,0.0,25.8,25.8,2.7,-706.5,-10.0,3.83,4.37,5.42,False,12.31,2.54,0.21,49.7,25.5,False,False,TIPIS;ZONA-BAHAYA;DISTRES;GOODWILL,100.0
PIPR,Piper Sandler Companies,Financials,Investment Banking & Brokerage,SP600,65.78,4.65,2026-10-01,501.0,TTM-4Q,2026-06-30,,,59.9,1.42,True,,15.1,3.39,,,6.6,,-0.52,,23.6,,,,,3.4,,,,999.0,1.11,-11.8,-2.3,-0.19,-1.34,18.0,36.5,1.42,-29.9,-1.05,,,,,,,,,0.91,0.0,0.0,0.0,0.0,False,0.0,,,,,,0.05,3.04,2.68,5.72,32.1,45.7,0.5,74.35,77.05,79.54,False,95.07,62.96,2.59,30.8,-9.8,False,False,,90.0
TRUP,Trupanion,Financials,Life & Health Insurance,SP600,23.7,1.04,2026-10-01,501.0,TTM-4Q,2026-06-30,,,11.0,0.84,True,,44.8,2.54,,,2.2,,-0.9,,6.1,,,,,3.7,,,,2.3,-0.95,-35.6,9.6,-0.28,-1.34,9.0,46.9,1.09,-51.2,-1.96,,,,,,,,,0.2,-0.2,0.0,0.2,0.0,False,-0.019,2026-09-11,,,,,0.03,0.0,0.0,0.0,11.8,110.8,1.1,26.83,25.63,27.58,False,46.98,21.16,1.1,38.9,-14.1,False,False,,90.0
PATK,"Patrick Industries, Inc.",Consumer Discretionary,Automotive Parts & Equipment,SP600,66.56,2.14,2026-10-01,501.0,TTM-4Q,2026-06-28,,,43.6,0.93,True,8.1,14.5,1.89,,12.4,6.9,6.0,0.15,8.2,13.0,23.1,1.2,3.19,-2.0,3.1,1.42,7.0,2.76,999.0,-0.91,-19.9,-27.3,-0.64,-1.34,5.0,36.6,0.88,-53.7,-0.34,,,,,,,,,-0.07,0.0,0.0,0.0,0.0,False,0.0,,,,,,0.08,2.78,4.96,7.75,3.2,16.8,0.4,79.87,92.16,100.37,False,148.5,66.24,2.5,27.5,-23.7,False,False,,100.0
ENOV,Enovis,Health Care,Health Care Equipment,SP600,18.05,1.04,2026-10-01,501.0,TTM-4Q,2026-07-03,2026-11-04,24.0,39.0,0.74,True,7.5,,0.7,4.9,13.4,-105.8,6.1,-0.31,-24.3,-54.3,61.1,1.9,4.12,-31.2,11.6,,4.0,-0.38,-30.9,0.9,-32.3,-12.2,-0.35,-1.34,6.0,63.5,1.43,-45.8,-1.47,,,38.33,112.4,,,12.0,6.3,-0.44,0.45,0.45,0.0,2.0,True,0.043,2026-09-04,125.1,0.04,19.6,5.8,1.11,0.0,-0.11,-0.11,4.9,,0.8,23.2,23.63,23.84,False,34.28,17.3,1.03,36.3,-21.8,False,False,ZONA-BAHAYA;DISTRES,100.0
KR,Kroger,Consumer Staples,Food Retail,SP500,59.48,35.13,2026-10-01,501.0,FY,2026-01-31,,,497.8,0.97,True,9.1,34.6,5.93,10.8,11.0,2.9,9.8,0.41,7.0,14.3,,0.7,2.4,-12.3,1.1,7.2,4.0,4.28,999.0,0.72,-12.1,-16.9,-0.5,-1.34,36.0,29.2,-0.26,-26.2,0.84,,,67.91,14.2,,2.08,22.0,,-0.45,-6.19,0.0,6.19,0.0,False,-0.018,2026-09-18,85.5,0.77,5.04,4.4,1.19,2.52,7.17,9.68,0.4,-61.9,-9.0,58.11,63.26,63.53,False,76.58,54.15,1.62,52.3,-0.4,False,False,,75.0
GPI,"Group 1 Automotive, Inc.",Consumer Discretionary,Automotive Retail,SP600,256.7,3.06,2026-10-01,501.0,TTM-4Q,2026-06-30,,,76.1,1.1,True,,10.5,1.04,5.8,,9.5,5.4,0.3,7.8,9.5,15.9,0.9,,-1.5,3.1,1.51,4.0,3.27,999.0,-1.15,-38.0,-18.2,-0.69,-1.34,8.0,40.7,0.58,-46.3,0.07,,,371.08,44.6,,1.83,12.0,,-0.58,89.46,89.46,0.0,1.0,False,2.923,2026-09-18,106.8,1.26,15.6,6.0,3.0,0.84,15.03,15.86,0.8,-39.7,-7.8,274.04,306.11,323.74,False,461.27,234.05,11.33,47.3,-13.2,False,False,,100.0
WSO,Watsco,Industrials,Trading Companies & Distributors,SP400,301.15,11.5,2026-10-01,501.0,TTM-4Q,2026-06-30,,,143.4,0.76,True,15.3,24.2,3.84,,6.5,4.1,6.1,0.01,15.0,16.5,27.5,0.6,-0.47,-5.2,2.4,1.54,5.0,7.08,999.0,0.41,-19.5,-14.8,-0.49,-1.34,11.0,35.2,0.91,-33.6,0.19,,,,,,,,,-0.83,0.0,0.0,0.0,0.0,False,0.0,,,,,,0.07,4.34,0.0,4.34,-3.0,-10.5,0.8,318.17,368.94,371.97,False,459.0,295.75,9.19,38.9,-27.5,False,False,,100.0
LDOS,Leidos,Industrials,Diversified Support Services,SP500,121.97,15.31,2026-10-01,501.0,TTM-4Q,2026-07-03,,,164.6,0.84,True,8.8,11.1,2.9,9.6,11.3,9.0,14.1,1.64,14.9,27.7,17.8,1.5,2.27,-6.3,3.4,1.67,6.0,3.07,999.0,-0.07,-25.7,-10.5,-0.52,-1.35,20.0,34.6,0.8,-49.5,-0.2,,,157.27,28.9,,2.35,15.0,,-0.46,-1.55,0.0,1.55,0.0,False,-0.01,2026-09-01,84.7,-0.01,4.78,4.6,-0.03,1.41,3.93,5.34,3.4,-1.9,-3.1,130.33,134.87,147.58,False,205.77,98.86,3.57,37.5,9.2,False,False,GOODWILL,100.0
AOS,A. O. Smith,Industrials,Building Products,SP500,56.67,7.81,2026-10-01,501.0,TTM-4Q,2026-06-30,2026-10-27,18.0,87.3,1.45,True,10.9,15.6,4.24,13.9,9.2,6.4,8.2,0.67,22.3,27.1,38.6,1.2,0.6,-5.6,3.9,1.38,5.0,5.99,31.4,1.12,-18.5,-9.1,-0.51,-1.35,20.0,26.9,0.58,-30.3,0.83,,,69.91,23.4,,2.54,11.0,11.5,-0.5,0.0,0.0,0.0,0.0,False,0.0,,118.0,0.0,11.14,8.2,-0.0,2.53,3.99,6.53,0.4,-3.5,-3.2,60.2,61.63,64.42,False,81.87,54.16,1.36,39.3,-11.9,False,False,,100.0
NFLX,Netflix,Communication Services,Movies & Entertainment,SP500;NDX,67.85,282.52,2026-10-01,501.0,TTM-4Q,2026-06-30,,,2581.5,1.21,True,19.5,20.7,9.37,17.8,5.1,4.8,3.9,-0.33,28.3,49.5,49.1,1.3,0.35,3.0,3.9,0.88,7.0,8.88,16.9,-0.25,-32.6,-15.4,-0.66,-1.35,8.0,36.6,0.93,-45.5,-0.1,,,92.93,37.0,,1.84,45.0,,0.0,-3.13,0.0,3.13,0.0,False,-0.001,2026-09-10,84.0,0.01,2.28,3.4,0.22,0.0,3.51,3.51,16.0,33.2,-2.0,75.6,83.51,84.2,False,124.86,65.08,2.04,32.4,-14.8,False,False,,100.0
IPGP,IPG Photonics,Information Technology,Electronic Manufacturing Services,SP400,83.66,3.56,2026-10-01,501.0,TTM-4Q,2026-06-30,,,31.6,1.1,True,35.8,129.1,1.67,36.3,2.8,0.8,0.6,-0.16,0.3,1.3,38.4,4.4,-11.61,-2.9,5.9,3.5,7.0,9.78,999.0,-0.52,-5.0,-34.9,-0.28,-1.35,26.0,71.8,1.13,-54.0,-0.5,,,124.14,48.4,,2.0,7.0,,,0.2,0.2,0.0,1.0,False,0.006,2026-09-02,75.1,0.01,21.93,6.0,0.19,0.0,0.0,0.0,13.0,,0.8,80.81,103.3,101.25,False,155.82,69.41,3.38,60.4,-22.5,False,False,SHORT-TINGGI,100.0
CCOI,"Cogent Communications Holdings, Inc.",Communication Services,Alternative Carriers,SP600,8.23,0.42,2026-10-01,501.0,TTM-4Q,2026-06-30,2026-11-05,25.0,20.5,1.32,False,6.5,,,,15.3,-10.7,-33.9,-1.54,3.5,-721.5,46.3,10.1,5.12,-1.9,25.2,,4.0,0.02,999.0,-1.56,-76.4,-50.6,-0.64,-1.36,1.0,99.0,0.65,-83.6,-2.23,,,15.27,85.6,,2.5,11.0,52.6,0.17,-0.07,0.0,0.07,0.0,False,-0.016,2026-09-15,97.6,0.02,18.58,3.9,0.12,13.04,0.0,13.04,-4.5,,1.8,10.12,15.31,17.24,False,45.69,7.13,0.75,42.2,-38.2,False,False,TIPIS;ZONA-BAHAYA,90.0
SUPN,"Supernus Pharmaceuticals, Inc.",Health Care,Pharmaceuticals,SP600,42.18,2.45,2026-10-01,501.0,TTM-4Q,2026-06-30,,,26.8,0.67,True,,,2.38,,-3.5,-4.5,0.8,-1.05,-9.8,-10.5,88.1,1.5,,-9.2,2.9,,4.0,4.75,-999.0,0.87,-8.5,-15.0,-0.32,-1.36,19.0,36.8,0.65,-27.6,0.42,,,,,,,,,-0.81,0.0,0.0,0.0,0.0,False,0.0,,,,,,0.09,0.0,-2.04,-2.04,24.9,-270.4,2.5,44.82,47.49,48.23,False,59.68,40.51,1.44,42.7,-14.4,False,False,,100.0
ALHC,"Alignment Healthcare, Inc.",Health Care,Health Care Services,SP600,7.74,1.61,2026-10-01,501.0,TTM-4Q,2026-06-30,2026-10-29,20.0,112.9,1.7,True,14.2,39.4,6.06,10.3,7.0,2.5,11.1,0.61,10.5,20.0,,,-4.37,-14.5,12.9,5.05,7.0,4.07,3.4,1.49,-22.1,-23.9,-0.33,-1.36,1.0,68.9,0.58,-68.8,-1.45,,,22.23,187.2,,1.5,13.0,24.4,0.19,-1.76,0.0,1.76,0.0,False,-0.11,2026-09-17,116.0,0.03,12.2,4.6,-0.03,0.0,0.0,0.0,37.2,,2.6,12.8,17.1,18.08,False,25.12,7.37,0.72,23.1,-68.3,False,False,,100.0
EEFT,Euronet Worldwide,Financials,Transaction & Payment Processing Services,SP400,63.64,2.38,2026-10-01,501.0,TTM-4Q,2026-06-30,2026-10-21,14.0,40.2,0.92,True,,8.3,1.94,5.3,,12.1,,0.01,,22.3,,,,,1.4,,,,7.1,0.23,-22.4,3.2,-0.26,-1.37,16.0,37.0,0.93,-29.5,-0.58,,,86.67,36.2,,,6.0,-4.0,-0.55,0.06,0.06,0.0,1.0,False,0.002,2026-08-07,105.9,0.0,14.58,8.5,-0.02,0.0,21.3,21.3,5.8,-13.3,7.5,70.94,71.04,71.67,False,89.77,62.25,2.23,35.2,-19.6,False,False,DILUSI,90.0
FMC,FMC Corporation,Materials,Fertilizers & Agricultural Chemicals,SP600,8.56,1.07,2026-10-01,501.0,TTM-4Q,2026-06-30,,,41.9,2.17,True,,,0.65,5.3,-37.8,-257.3,15.2,-2.21,-21.9,-91.4,35.3,2.0,,-27.9,11.5,,4.0,0.59,-7.6,-0.47,-64.1,-30.2,-0.54,-1.37,2.0,86.6,0.92,-73.9,-2.17,,,13.58,58.6,,2.47,16.0,,-3.0,-0.02,0.0,0.02,0.0,False,-0.001,2026-09-09,84.0,-20.32,28.25,9.2,-1.14,15.49,0.0,15.49,-21.3,-2860.8,-0.1,10.81,12.72,13.24,False,33.4,8.47,0.55,27.9,-26.5,False,False,ZONA-BAHAYA;DISTRES;SHORT-TINGGI,100.0
MCD,McDonald's,Consumer Discretionary,Restaurants,SP500,231.83,164.05,2026-10-01,501.0,TTM-4Q,2026-06-30,,,1474.0,0.99,True,15.3,18.7,,16.7,6.5,5.4,4.7,-0.59,26.1,,,,2.94,-4.3,1.4,1.29,6.0,4.47,7.9,0.25,-11.9,-13.8,-0.67,-1.37,11.0,19.2,0.31,-31.0,1.59,,,300.28,29.5,,2.06,29.0,,0.07,0.0,0.0,0.0,0.0,False,0.0,,76.4,0.01,1.92,2.8,0.07,3.18,1.42,4.6,6.3,4.7,-0.9,259.87,281.56,290.25,False,341.75,229.61,4.67,23.6,-19.5,False,False,GOODWILL,100.0
KTOS,Kratos Defense & Security Solutions,Industrials,Aerospace & Defense,SP400,42.82,8.04,2026-10-01,501.0,TTM-4Q,2026-06-28,,,190.9,1.16,True,80.3,260.1,2.35,38.9,1.2,0.4,-1.6,-1.42,0.5,1.1,23.0,1.6,-17.49,2.1,1.2,-1.28,4.0,8.01,999.0,-0.55,-46.0,-27.1,-0.51,-1.37,3.0,71.2,1.89,-67.3,-2.77,,,102.76,140.0,,1.38,21.0,,1.17,-0.63,0.0,0.63,0.0,False,-0.008,2026-09-21,85.4,0.0,6.16,3.1,-0.02,0.0,-16.77,-16.77,25.5,113.1,20.8,51.29,60.08,69.1,False,134.0,41.83,2.28,29.7,-24.6,False,False,DILUSI,100.0
MWA,Mueller Water Products,Industrials,Industrial Machinery & Supplies & Components,SP600,21.5,3.36,2026-10-01,501.0,TTM-4Q,2026-06-30,,,33.5,1.15,True,9.8,15.1,3.0,13.5,10.2,6.6,5.4,0.68,15.3,21.7,37.9,2.7,-0.13,-0.8,2.3,1.07,8.0,4.2,66.8,0.19,-6.7,-15.6,-0.45,-1.37,17.0,24.7,0.95,-29.7,0.54,,,29.5,37.2,,2.67,6.0,,-0.12,-0.31,0.0,0.31,0.0,False,-0.009,2026-09-01,103.2,0.02,5.52,5.6,0.01,1.29,0.39,1.68,5.9,49.0,-0.1,24.2,25.94,26.16,False,31.0,20.9,0.49,30.2,-16.1,False,False,,100.0
GLPI,Gaming and Leisure Properties,Real Estate,Other Specialized REITs,SP400,37.59,10.94,2026-10-01,501.0,TTM-4Q,2026-06-30,,,140.1,1.06,True,11.4,11.3,2.19,11.3,8.8,8.9,,0.61,10.8,20.3,,2.7,4.71,-1.8,0.4,1.24,5.0,,3.6,0.86,-5.5,-4.0,-0.25,-1.37,21.0,19.2,0.25,-20.4,0.73,,,52.39,39.4,,2.0,23.0,,-0.33,0.42,0.42,0.0,1.0,False,0.004,2026-08-18,97.2,0.01,4.01,2.3,0.03,8.08,0.0,8.08,5.8,34.8,2.9,42.14,45.04,45.16,False,49.95,37.35,0.69,24.0,-16.6,False,False,,100.0
QDEL,QuidelOrtho,Health Care,Health Care Supplies,SP600,10.38,0.71,2026-10-01,501.0,TTM-4Q,2026-06-28,,,16.6,1.99,False,,,0.4,,-10.6,-147.3,-29.7,-3.0,-12.9,-45.9,,,,-16.4,20.1,,3.0,-0.11,-4.1,,-53.3,-17.1,-0.39,-1.38,1.0,91.1,1.27,-71.8,-2.73,,,,,,,,,,0.0,0.0,0.0,0.0,False,0.0,,,,,,0.09,0.0,-0.73,-0.73,-2.5,,0.9,13.71,14.58,18.07,False,35.58,9.92,0.69,32.7,-44.6,False,False,TIPIS;ZONA-BAHAYA;DISTRES;F-RENDAH,100.0
BMI,"Badger Meter, Inc.",Information Technology,Electronic Equipment & Instruments,SP600,128.37,3.72,2026-10-01,501.0,TTM-4Q,2026-06-30,2026-10-21,14.0,49.4,1.02,True,20.7,29.6,5.45,25.8,4.8,3.4,4.0,0.09,18.0,18.5,41.3,1.0,-0.55,-4.2,1.9,1.33,6.0,9.75,999.0,-0.12,-25.1,-13.7,-0.4,-1.38,13.0,47.9,0.54,-39.3,0.93,,,156.67,22.0,,1.91,9.0,0.7,-0.79,0.1,0.1,0.0,1.0,False,0.003,2026-07-30,119.1,-0.01,19.26,12.8,0.15,1.26,0.0,1.26,0.8,-7.4,-1.5,131.55,135.29,143.04,False,204.0,112.09,4.28,47.2,-14.2,False,False,,100.0
PBH,Prestige Consumer Healthcare,Health Care,Pharmaceuticals,SP600,44.77,2.12,2026-10-01,501.0,TTM-4Q,2026-06-30,,,29.3,1.2,True,12.6,12.3,1.11,,8.0,8.1,11.1,1.24,6.8,9.1,53.5,0.8,5.98,-1.9,3.3,1.45,4.0,1.57,999.0,-0.48,-15.6,-8.7,-0.37,-1.38,12.0,32.7,0.4,-36.2,0.51,,,,,,,,,-0.31,0.0,0.0,0.0,0.0,False,0.0,,,,,,0.09,0.0,5.73,5.73,-1.4,-19.2,-4.5,49.97,52.53,55.63,False,71.07,42.62,1.5,36.2,-11.7,False,False,ZONA-BAHAYA,100.0
PAHC,Phibro Animal Health,Health Care,Pharmaceuticals,SP600,35.87,1.47,2026-10-01,501.0,TTM-4Q,2026-06-30,,,8.5,1.14,False,6.1,14.8,3.82,,16.3,6.8,0.7,0.74,19.9,29.7,33.8,1.3,0.14,2.1,2.3,0.69,6.0,3.05,4.2,-0.71,-4.3,-29.6,-0.31,-1.38,32.0,55.5,0.59,-52.1,-0.67,,,,,,,,,0.18,0.0,0.0,0.0,0.0,False,0.0,,,,,,0.09,1.32,0.0,1.32,17.1,106.6,0.7,35.73,40.68,41.34,False,60.08,28.25,1.33,52.5,5.1,False,False,TIPIS,90.0
BHF,Brighthouse Financial,Financials,Life & Health Insurance,SP400,50.05,2.88,2026-10-01,501.0,TTM-4Q,2026-06-30,2026-11-05,25.0,55.8,0.76,True,,3.5,0.44,2.5,,28.9,,3.0,,13.6,,,,,0.7,,,,999.0,-0.38,-0.2,-11.1,-0.15,-1.38,14.0,38.8,0.87,-26.8,-0.5,,,65.0,29.9,,3.14,6.0,-6.7,-0.55,0.0,0.0,0.0,0.0,False,0.0,,93.3,0.0,15.57,6.9,-0.02,0.0,0.0,0.0,2.6,25.2,0.2,55.24,59.83,60.9,False,66.8,44.51,1.64,37.7,-23.8,False,False,,90.0
WLK,Westlake Corporation,Materials,Specialty Chemicals,SP400,62.47,7.98,2026-10-01,501.0,TTM-4Q,2026-06-30,,,54.3,2.98,True,,,0.92,,-0.7,-15.5,-3.3,-1.8,-6.6,-13.0,9.6,7.8,,-9.3,7.2,,2.0,1.67,-6.1,-1.86,-1.1,-35.5,-0.42,-1.38,10.0,43.7,0.79,-48.8,-0.36,,,,,,,,,,-3.12,0.0,3.12,0.0,False,-0.039,2026-08-11,,,,,-0.14,3.42,0.79,4.21,-4.0,,0.2,73.34,89.23,88.31,True,124.23,56.33,2.36,26.0,-18.6,False,False,ZONA-BAHAYA;DISTRES;F-RENDAH,100.0
ASTE,"Astec Industries, Inc.",Industrials,Construction Machinery & Heavy Transportation Equipment,SP600,40.68,0.94,2026-10-01,501.0,TTM-4Q,2026-06-30,2026-11-04,24.0,8.9,1.25,False,11.8,47.8,1.36,10.2,8.5,2.1,3.5,0.26,4.1,2.9,25.7,2.0,2.97,-4.9,1.4,4.12,4.0,2.98,1.8,-0.75,-13.5,-26.3,-0.46,-1.38,11.0,43.0,1.15,-37.8,-0.39,,,67.25,65.3,,,4.0,-9.2,-0.06,0.0,0.0,0.0,0.0,False,0.0,,98.8,0.04,3.3,2.9,0.08,1.28,0.0,1.28,18.7,-57.3,0.9,44.33,51.75,51.5,False,65.69,39.38,1.35,40.0,-31.1,False,False,TIPIS,100.0
EYE,National Vision Holdings,Consumer Discretionary,Specialty Stores,SP600,16.4,1.3,2026-10-01,501.0,TTM-4Q,2026-07-04,,,38.6,0.72,True,8.5,25.8,1.45,13.6,11.7,3.9,3.8,-0.06,5.5,5.8,,0.3,1.11,-4.0,2.9,2.58,8.0,2.0,999.0,-0.33,-42.8,-30.2,-0.7,-1.39,6.0,52.0,0.83,-47.6,-0.61,,,28.18,71.8,,1.58,11.0,,,0.0,0.0,0.0,0.0,False,0.0,,129.2,0.01,28.14,7.4,0.06,0.0,2.48,2.48,7.8,,0.7,18.64,20.79,22.43,False,30.02,14.75,0.73,40.5,-19.1,False,False,SHORT-TINGGI,100.0
POST,Post Holdings,Consumer Staples,Packaged Foods & Meats,SP400,72.83,3.2,2026-10-01,501.0,TTM-4Q,2026-06-30,,,74.0,0.71,True,7.7,10.9,1.04,,13.0,9.2,17.3,2.12,5.5,8.3,28.8,1.5,5.34,-5.3,1.7,3.39,4.0,1.4,1.9,-0.76,-22.2,-14.0,-0.57,-1.39,7.0,31.7,0.08,-36.5,0.11,,,,,,,,,0.06,-32.29,0.0,32.29,0.0,False,-1.009,2026-09-02,,,,,-1.8,0.0,37.2,37.2,6.2,-20.0,-17.8,81.91,91.72,94.35,False,117.28,71.45,2.21,32.5,-23.5,False,False,ZONA-BAHAYA;GOODWILL;INSIDER-JUAL,100.0
UPWK,"Upwork, Inc.",Industrials,Human Resource & Employment Services,SP600,8.34,1.04,2026-10-01,501.0,TTM-4Q,2026-06-30,,,22.6,1.01,True,5.2,10.2,1.7,,19.3,9.8,19.6,3.0,8.9,16.7,77.2,1.8,-1.67,-8.4,10.3,2.05,5.0,2.23,999.0,1.67,-50.5,-17.8,-0.55,-1.39,5.0,61.6,1.18,-64.5,-1.74,,,,,,,,,-0.77,-0.89,0.0,0.89,0.0,False,-0.086,2026-09-18,,,,,0.0,0.0,16.78,16.78,1.9,-58.5,-7.3,8.76,9.59,11.84,False,22.84,7.44,0.3,46.5,-11.2,False,False,,100.0
HE,"Hawaiian Electric Industries, Inc.",Utilities,Electric Utilities,SP600,8.93,1.54,2026-10-01,501.0,TTM-4Q,2026-06-30,,,30.0,1.05,True,5.3,6.8,0.87,8.8,18.9,14.6,-36.7,2.17,7.7,13.7,,,3.01,4.4,7.5,-0.64,4.0,,2.8,-0.59,0.4,-27.2,-0.42,-1.4,4.0,32.0,0.46,-47.7,-1.76,,,9.81,9.9,,4.0,4.0,,,0.0,0.0,0.0,0.0,False,0.0,,88.1,-0.13,15.01,7.7,-0.73,0.0,0.0,0.0,5.1,,0.3,11.21,13.27,13.57,False,17.38,8.68,0.29,17.2,-36.1,False,False,,100.0
PEG,Public Service Enterprise Group,Utilities,Electric Utilities,SP500,67.89,33.84,2026-10-01,501.0,TTM-4Q,2026-06-30,,,239.8,1.32,True,,16.8,1.95,,,5.9,0.8,0.6,6.3,11.8,,1.1,,-2.8,2.2,1.79,5.0,,2.7,0.16,-9.8,-8.8,-0.5,-1.41,17.0,18.5,0.16,-21.5,0.11,,,,,,,,,0.11,-0.6,0.0,0.6,0.0,False,-0.002,2026-09-01,,,,,-0.2,3.83,0.0,3.83,12.7,1.6,-0.2,73.37,78.16,78.94,False,87.63,66.15,1.17,33.6,-18.9,False,False,,100.0
CMS,CMS Energy,Utilities,Multi-Utilities,SP500,63.64,19.96,2026-10-01,501.0,TTM-4Q,2026-06-30,2026-10-29,20.0,248.5,1.58,True,12.8,19.5,2.04,15.3,7.8,5.1,,-0.51,4.7,11.3,,,6.22,-2.9,0.7,2.09,5.0,,2.0,-0.75,-4.3,-11.4,-0.46,-1.41,19.0,17.1,-0.06,-20.4,0.42,,,78.67,23.6,,2.27,12.0,3.1,-0.34,0.01,0.01,0.0,1.0,False,0.0,2026-07-31,103.7,0.02,0.0,0.0,0.22,0.0,-5.19,-5.19,9.9,0.3,3.9,68.63,73.16,72.86,False,80.36,62.29,1.04,32.6,-20.2,False,False,,100.0
NABL,"N-able, Inc.",Information Technology,Systems Software,SP600,4.34,0.82,2026-10-01,501.0,TTM-4Q,2026-06-30,,,12.8,0.52,False,11.5,,1.02,10.1,8.7,-0.8,8.6,1.02,2.8,-0.9,76.5,2.9,2.9,-7.2,1.4,,3.0,1.43,999.0,-0.03,-51.0,-18.6,-0.46,-1.41,16.0,76.2,0.89,-64.7,-0.76,,,4.68,7.8,,2.67,5.0,,-0.53,0.0,0.0,0.0,0.0,False,0.0,,101.9,0.02,6.95,2.0,0.18,0.0,0.0,0.0,10.1,-309.9,0.2,4.01,4.24,4.78,False,8.73,2.92,0.24,59.0,2.9,False,False,TIPIS;ZONA-BAHAYA;F-RENDAH;GOODWILL,100.0
PEGA,Pegasystems,Information Technology,Application Software,SP400,34.43,5.66,2026-10-01,501.0,TTM-4Q,2026-06-30,,,79.2,0.83,True,28.5,17.5,10.1,,3.5,5.7,8.7,0.43,29.1,54.7,75.6,1.4,-1.95,-14.0,15.2,1.58,8.0,6.33,498.9,1.4,-35.9,-13.0,-0.46,-1.41,17.0,53.2,1.4,-60.9,-0.5,,,,,,,,,-0.47,-1.94,0.0,1.94,0.0,False,-0.034,2026-09-16,,,,,0.02,0.36,10.88,11.24,3.6,47.2,-5.7,33.69,35.83,39.65,False,68.1,25.1,1.46,48.8,8.1,False,False,,100.0
TMDX,"TransMedics Group, Inc.",Health Care,Health Care Equipment,SP600,78.64,2.73,2026-10-01,501.0,TTM-4Q,2026-06-30,,,61.1,1.26,True,19.1,18.0,5.26,,5.2,5.6,2.9,-0.03,11.9,36.3,58.7,4.6,-3.99,0.5,17.7,0.96,5.0,2.58,3.8,-0.41,-26.7,-18.1,-0.38,-1.41,22.0,58.4,1.05,-58.8,-1.35,,,,,,,,,0.27,0.11,0.11,0.0,1.0,False,0.004,2026-09-11,,,,,0.1,0.0,0.0,0.0,25.8,111.7,0.4,85.08,89.32,100.2,False,156.0,60.1,4.1,37.2,11.3,False,False,,100.0
GPOR,Gulfport Energy Corporation,Energy,Oil & Gas Exploration & Production,SP600,153.35,2.71,2026-10-01,501.0,TTM-4Q,2026-06-30,,,47.1,0.61,True,3.6,5.5,1.48,5.9,27.7,18.3,,2.12,21.0,27.7,76.3,11.6,0.92,-11.1,33.8,1.69,7.0,3.16,11.9,1.42,0.9,-12.8,-0.18,-1.41,14.0,34.1,0.34,-32.5,0.2,,,214.85,40.1,,2.21,13.0,,,-0.2,0.26,0.46,1.0,False,-0.007,2026-09-24,121.9,0.05,8.52,5.2,0.27,0.0,0.0,0.0,35.2,,0.2,166.42,177.42,182.41,False,225.78,149.18,4.82,35.5,-11.5,False,False,,100.0
BL,"BlackLine Systems, Inc.",Information Technology,Application Software,SP600,27.48,1.6,2026-10-01,501.0,TTM-4Q,2026-06-30,2026-11-03,23.0,26.4,1.01,True,21.8,45.9,5.05,9.9,4.6,2.2,11.1,0.52,1.8,9.5,75.6,0.7,1.75,-9.0,5.3,5.23,7.0,1.66,3.2,0.13,-39.3,-11.7,-0.48,-1.42,6.0,53.3,0.68,-57.1,0.15,,,38.8,41.2,,2.75,10.0,27.2,-0.16,-2.26,0.0,2.26,0.0,False,-0.142,2026-08-27,107.1,0.01,14.89,6.4,-0.39,0.0,14.48,14.48,8.6,-60.5,7.1,30.1,31.01,35.58,False,59.57,24.7,1.3,42.5,-10.3,False,False,ZONA-BAHAYA;DILUSI;GOODWILL,90.0
MMS,Maximus Inc.,Industrials,Data Processing & Outsourced Services,SP400,53.53,2.8,2026-10-01,501.0,TTM-4Q,2026-06-30,,,41.1,1.5,True,7.0,7.6,1.61,6.4,14.4,13.2,15.5,2.61,12.8,21.1,25.6,1.6,2.51,-2.2,2.0,1.27,7.0,2.9,6.5,-0.32,-35.7,-6.8,-0.59,-1.42,12.0,35.7,0.34,-46.5,0.33,,,92.5,72.8,,,2.0,,-0.73,0.0,0.0,0.0,0.0,False,0.0,,110.5,0.04,11.28,6.6,0.07,2.44,12.34,14.78,-3.3,17.3,-6.9,57.43,61.57,67.96,False,100.0,51.04,1.7,39.4,-6.4,False,False,GOODWILL,100.0
AZO,AutoZone,Consumer Discretionary,Automotive Retail,SP500,2819.03,46.02,2026-10-01,501.0,FY,2025-08-30,2026-12-08,48.0,1194.5,0.73,True,12.9,18.4,,14.5,7.7,5.4,3.9,-0.58,59.6,,52.6,0.4,2.02,-3.4,1.0,1.25,6.0,2.45,7.4,1.64,-30.9,-13.4,-0.74,-1.42,14.0,29.8,0.31,-34.7,1.1,,,3715.7,31.8,,1.48,23.0,4.0,-0.31,-4.51,0.0,4.51,0.0,False,-0.01,2026-08-07,99.1,0.95,3.45,1.6,1.27,0.0,3.43,3.43,2.4,-6.2,-3.1,2966.28,3207.59,3300.17,False,4293.03,2756.13,83.89,41.1,-13.0,False,False,LAPKEU-LAMA;GOODWILL,60.0
ANIP,"ANI Pharmaceuticals, Inc.",Health Care,Pharmaceuticals,SP600,72.96,1.6,2026-10-01,501.0,TTM-4Q,2026-06-30,2026-11-06,26.0,30.7,0.77,True,6.5,14.8,2.68,7.0,15.3,6.8,10.8,1.48,13.8,21.0,,4.8,-0.25,-5.7,4.9,1.75,7.0,2.52,4.8,-0.27,-21.5,-5.3,-0.43,-1.42,21.0,31.2,0.47,-26.4,0.76,,,105.78,45.0,,1.78,9.0,8.2,-0.1,-0.24,0.0,0.24,0.0,False,-0.015,2026-09-15,107.1,0.01,13.21,7.0,0.04,0.02,1.39,1.41,30.9,,7.9,75.44,77.9,78.56,False,97.0,69.58,2.29,45.6,-17.3,False,False,DILUSI,100.0
LMAT,LeMaitre Vascular,Health Care,Health Care Equipment,SP600,80.19,1.83,2026-10-01,501.0,TTM-4Q,2026-06-30,,,21.1,1.17,True,18.5,27.9,4.36,25.2,5.4,3.6,4.0,0.03,10.7,16.8,72.9,2.5,-2.36,-2.8,1.2,1.26,6.0,7.11,14.9,0.4,-6.4,-25.0,-0.35,-1.43,17.0,45.5,0.5,-32.5,0.2,,,107.0,33.4,,,7.0,,-0.05,0.0,0.0,0.0,0.0,False,0.0,,103.8,0.02,9.31,5.7,0.06,1.12,0.09,1.21,11.8,39.4,7.2,84.54,97.35,94.62,False,118.01,78.22,2.11,43.5,-24.0,False,False,DILUSI,90.0
NKE,"Nike, Inc.",Consumer Discretionary,"Apparel, Accessories & Luxury Goods",SP500,35.15,52.08,2026-10-01,501.0,TTM-4Q,2026-05-31,,,1378.1,3.11,True,11.3,16.8,3.5,15.9,8.9,6.0,4.2,-0.33,14.1,22.1,42.9,1.2,0.08,0.6,3.1,0.92,7.0,3.24,999.0,-0.19,-43.5,-12.9,-0.76,-1.43,5.0,36.9,0.99,-51.3,-0.38,,,46.74,33.0,,2.76,36.0,,-0.4,0.0,0.0,0.0,0.0,False,0.0,2026-09-09,82.6,0.0,8.98,2.9,0.05,4.62,-0.4,4.22,0.2,-3.4,-0.4,39.09,44.0,48.89,False,76.97,35.02,0.99,34.0,-22.3,False,False,,100.0
CRH,CRH plc,Materials,Construction Materials,SP500,81.7,54.35,2026-10-01,501.0,TTM-4Q,2026-06-30,2026-10-29,20.0,478.9,1.01,True,,14.2,2.26,12.6,,7.1,5.1,0.33,10.1,16.6,36.2,1.2,,-2.8,0.7,1.41,6.0,2.69,6.5,0.54,-23.1,-13.5,-0.57,-1.44,7.0,31.9,1.3,-37.1,-0.28,,,133.18,63.0,,1.3,24.0,-4.2,-0.23,0.0,0.0,0.0,0.0,False,0.0,,89.3,-0.01,2.03,2.7,0.12,0.0,2.1,2.1,6.3,16.2,-1.3,93.14,103.15,108.57,False,131.55,80.81,2.48,30.3,-25.9,False,False,,100.0
CSR,Centerspace Trust,Real Estate,Multi-Family Residential REITs,SP600,54.35,0.91,2026-10-01,501.0,TTM-4Q,2026-06-30,2026-11-02,22.0,23.8,0.61,False,10.5,42.6,1.34,,9.5,2.3,6.5,0.2,3.0,3.1,96.5,0.3,5.43,-3.7,1.0,4.29,6.0,,1.5,0.09,-7.6,-8.1,-0.28,-1.45,33.0,27.8,0.62,-22.9,-0.4,,,64.14,18.0,,2.56,7.0,87.7,0.29,0.0,0.0,0.0,0.0,False,0.0,,97.0,0.0,8.03,3.3,-0.01,5.65,0.0,5.65,0.7,,0.4,55.12,59.29,60.66,False,69.61,52.0,1.2,43.6,-7.4,False,False,TIPIS,100.0
LEU,Centrus Energy Corp.,Energy,Coal & Consumable Fuels,SP600,139.11,3.05,2026-10-01,501.0,TTM-4Q,2026-06-30,,,115.9,0.71,True,138.5,62.8,3.6,36.4,0.7,1.6,-5.4,-1.57,0.5,8.1,23.7,6.2,-40.65,5.4,10.3,-1.13,2.0,2.19,0.5,-0.71,-45.7,-8.1,-0.3,-1.45,5.0,89.3,1.89,-68.3,-3.0,,,247.4,77.8,,1.84,17.0,,-0.53,0.0,0.0,0.0,0.0,False,0.0,,88.7,-0.0,27.66,8.0,-0.05,0.0,-14.37,-14.37,8.5,-53.7,20.8,169.67,180.46,200.94,False,464.25,135.75,9.16,37.9,-16.4,False,False,F-RENDAH;DILUSI;SHORT-TINGGI,100.0
LII,Lennox International,Industrials,Building Products,SP500,360.46,12.54,2026-10-01,501.0,TTM-4Q,2026-03-31,,,186.9,1.1,True,12.2,15.8,10.33,13.8,8.2,6.3,5.3,0.24,35.3,72.5,33.2,2.5,1.28,-0.4,1.4,1.02,6.0,6.29,20.8,1.27,-28.2,-18.6,-0.55,-1.45,5.0,42.2,0.89,-37.8,-0.11,,,487.79,35.3,,2.5,14.0,,-0.74,0.0,0.0,0.0,0.0,False,0.0,,79.3,0.16,7.92,4.6,0.32,1.41,3.32,4.73,-2.0,-2.8,-2.0,405.71,476.67,487.23,False,587.27,350.22,10.73,36.7,-38.4,False,False,,100.0
RBA,RB Global,Industrials,Diversified Support Services,SP400,81.59,15.11,2026-10-01,501.0,TTM-4Q,2026-06-30,,,140.9,1.58,True,13.6,31.2,2.71,,7.4,3.2,4.0,-0.01,7.5,8.8,,,1.85,-3.1,2.6,1.78,6.0,2.2,4.3,-0.61,-23.1,-13.7,-0.56,-1.45,9.0,33.0,0.52,-31.9,0.68,,,,,,,,,-0.05,0.18,0.18,0.0,2.0,True,0.001,2026-09-09,,,,,1.07,1.76,0.0,1.76,9.7,15.9,0.2,89.94,99.82,102.05,False,119.33,78.05,2.17,37.7,-29.5,False,False,,100.0
EVR,Evercore,Financials,Investment Banking & Brokerage,SP400,259.0,10.65,2026-10-01,501.0,TTM-4Q,2026-06-30,2026-10-28,19.0,132.2,0.67,True,,14.3,5.73,11.5,,7.0,,-0.55,,42.4,,,,,4.6,,,,31.6,1.82,-14.2,-4.5,-0.25,-1.45,10.0,38.1,1.88,-32.4,-1.65,,,363.9,40.5,,2.0,10.0,-3.9,1.31,0.0,0.0,0.0,0.0,False,0.0,,95.4,-0.02,3.02,2.6,-0.19,1.41,0.0,1.41,45.7,61.2,-0.2,292.12,316.96,325.19,False,388.71,251.13,8.31,33.4,-26.3,False,False,,90.0
PRIM,Primoris Services Corporation,Industrials,Construction & Engineering,SP600,76.25,4.1,2026-10-01,501.0,TTM-4Q,2026-06-30,,,99.0,1.02,True,14.9,29.4,2.56,,6.7,3.4,2.1,-0.21,7.0,8.9,8.6,0.6,1.84,-1.2,1.0,1.39,4.0,3.03,999.0,-1.16,-47.3,-52.0,-0.53,-1.46,4.0,93.3,1.44,-64.9,-2.72,,,,,,,,,-0.53,0.0,0.0,0.0,1.0,False,0.0,2026-07-15,,,,,0.07,0.42,0.0,0.42,5.1,-42.1,-1.5,78.23,110.85,119.21,False,205.5,65.0,3.41,51.0,-15.7,False,False,,100.0
OLLI,Ollie's Bargain Outlet,Consumer Discretionary,Broadline Retail,SP400,87.91,5.22,2026-10-01,501.0,TTM-4Q,2026-08-01,,,146.2,0.75,True,13.2,19.1,2.75,17.8,7.6,5.2,4.3,-0.41,14.0,14.9,41.6,1.7,-0.31,-2.3,1.3,1.25,6.0,5.07,999.0,0.02,-43.7,-20.7,-0.76,-1.46,38.0,42.1,0.72,-53.4,-0.36,,,99.93,13.7,,1.6,15.0,,0.79,0.0,0.0,0.0,0.0,False,0.0,,122.3,-0.16,16.74,4.8,-0.21,0.0,3.5,3.5,14.4,28.3,-2.5,76.35,82.12,89.52,False,133.28,60.29,3.12,69.0,15.5,False,False,,100.0
WINA,Winmark,Consumer Discretionary,Other Specialty Retail,SP600,299.46,1.08,2026-10-01,501.0,TTM-4Q,2026-06-27,,,30.8,0.67,True,20.3,26.4,,,4.9,3.8,4.0,-0.8,184.7,,,0.6,0.62,-6.1,9.5,1.06,6.0,12.77,22.0,2.61,-32.3,-24.3,-0.74,-1.46,5.0,38.1,0.52,-43.0,0.32,,,,,,,,,-0.14,0.0,0.0,0.0,0.0,False,0.0,,,,,,0.08,4.61,0.0,4.61,3.8,-1.2,0.6,327.74,376.98,391.88,False,527.37,280.05,10.16,40.7,-31.2,False,False,GOODWILL,90.0
MIR,"Mirion Technologies, Inc.",Information Technology,Electronic Equipment & Instruments,SP600,14.35,3.95,2026-10-01,501.0,TTM-4Q,2026-06-30,,,59.6,0.99,True,19.4,161.1,2.16,21.3,5.2,0.6,3.4,0.1,2.1,1.5,48.0,2.2,0.13,-4.7,4.0,7.05,8.0,1.79,999.0,-0.6,-33.3,-16.9,-0.47,-1.46,6.0,52.8,1.53,-52.5,-0.32,,,24.27,69.1,,1.36,11.0,,-0.0,0.31,0.31,0.0,1.0,False,0.008,2026-09-02,115.6,0.17,23.54,11.4,0.44,0.0,1.04,1.04,15.7,145.0,13.2,15.57,17.55,19.18,False,30.28,14.04,0.67,38.3,-19.5,False,False,ZONA-BAHAYA;DILUSI;GOODWILL;SHORT-TINGGI,100.0
BANF,Bancfirst Corp,Financials,Regional Banks,SP600,106.49,3.58,2026-10-01,501.0,TTM-4Q,2026-06-30,2026-10-16,11.0,16.0,1.19,True,,14.2,1.83,13.6,,7.0,,-0.08,,13.7,,,,,0.0,,,,999.0,-0.06,-13.7,-1.0,-0.29,-1.47,33.0,25.4,0.81,-18.4,0.44,,,124.33,16.8,,,3.0,9.1,-0.17,-19.37,0.0,19.37,0.0,False,-0.541,2026-08-13,57.9,0.0,4.16,8.3,-0.45,1.8,0.0,1.8,,7.7,0.8,111.58,111.59,111.79,False,128.95,101.48,2.14,39.1,-8.9,False,False,INSIDER-JUAL,90.0
PZZA,Papa John's Pizza,Consumer Discretionary,Restaurants,SP600,19.6,0.65,2026-10-01,501.0,TTM-4Q,2026-06-28,,,31.9,0.88,False,7.6,23.4,,,13.1,4.3,5.3,-0.35,18.5,,,,3.96,-8.0,3.3,3.45,4.0,3.37,999.0,0.14,-51.0,-29.9,-0.76,-1.47,2.0,53.2,0.97,-63.3,-1.32,,,,,,,,,-1.17,0.0,0.0,0.0,0.0,False,0.0,,,,,,0.08,9.53,0.0,9.53,-5.6,-63.4,0.5,23.87,30.72,32.18,False,55.74,19.31,0.81,32.9,-46.7,False,False,TIPIS;GOODWILL,100.0
PPC,Pilgrim's Pride,Consumer Staples,Packaged Foods & Meats,SP400,25.2,6.0,2026-10-01,501.0,TTM-4Q,2026-06-28,,,41.9,1.58,True,6.0,11.0,1.6,,16.6,9.1,12.2,1.72,9.5,14.6,9.6,2.4,1.76,-6.7,4.0,2.24,5.0,3.16,5.6,-0.79,-23.6,-18.1,-0.61,-1.47,7.0,34.2,-0.22,-42.4,0.13,,,,,,,,,-0.36,0.0,0.0,0.0,0.0,False,0.0,,,,,,0.05,0.0,0.0,0.0,1.4,-55.9,0.2,29.15,31.09,33.63,False,44.84,25.13,1.08,25.8,-14.6,False,False,,100.0
COIN,Coinbase,Financials,Financial Exchanges & Data,SP500,189.29,49.93,2026-10-01,501.0,TTM-4Q,2026-06-30,2026-10-29,20.0,1805.1,0.6,True,,,3.82,66.8,,-2.0,,-1.68,,-7.8,,,,,11.1,,,,6.9,-3.0,-47.6,2.2,-0.32,-1.48,35.0,71.8,2.75,-63.6,-3.0,,,203.6,7.6,,1.97,30.0,-487.5,-2.69,0.0,0.0,0.0,0.0,False,0.0,2026-09-21,68.7,0.0,11.47,2.4,0.0,0.0,0.0,0.0,-10.4,-134.5,-5.6,172.4,177.6,185.75,False,402.16,139.11,10.94,53.4,11.5,False,False,,90.0
RUN,Sunrun,Industrials,Building Products,SP600,7.64,1.84,2026-10-01,501.0,TTM-4Q,2026-06-30,,,63.4,1.0,True,18.9,4.6,0.53,,5.3,21.9,,2.12,0.4,12.6,,2.8,16.68,2.7,6.2,-0.5,6.0,0.04,999.0,-2.84,-51.6,-40.8,-0.56,-1.48,2.0,82.6,1.27,-64.3,-2.36,,,,,,,,,,-0.89,0.0,0.89,0.0,False,-0.049,2026-08-03,,,,,0.03,0.0,0.0,0.0,63.2,,4.9,9.13,11.75,13.59,False,22.44,7.47,0.46,35.9,-41.5,False,False,ZONA-BAHAYA,100.0
PLNT,Planet Fitness,Consumer Discretionary,Leisure Facilities,SP400,41.85,3.16,2026-10-01,501.0,TTM-4Q,2026-06-30,,,124.2,0.79,True,8.9,13.3,,,11.2,7.5,8.3,-0.04,16.0,,81.7,0.7,3.61,-6.4,1.6,1.82,5.0,0.98,3.6,0.91,-51.4,-30.0,-0.77,-1.48,2.0,53.1,0.3,-63.8,-0.69,,,,,,,,,0.65,0.25,0.61,0.36,2.0,False,0.008,2026-09-14,,,,,0.08,0.0,22.08,22.08,12.7,25.9,,50.36,58.06,68.14,False,114.26,37.03,2.05,33.2,-23.7,False,False,ZONA-BAHAYA;GOODWILL,100.0
FNF,Fidelity National Financial,Financials,Property & Casualty Insurance,SP400,39.11,10.49,2026-10-01,501.0,TTM-4Q,2026-06-30,,,130.5,1.36,True,,13.6,1.41,6.8,,7.4,,-0.42,,10.1,,,,,1.6,,,,999.0,-0.63,-18.6,0.8,-0.32,-1.49,10.0,27.7,0.59,-30.8,0.09,,,61.4,57.0,,,5.0,,-0.35,0.0,0.0,0.0,0.0,False,0.0,,84.9,0.0,2.79,3.5,-0.01,5.27,2.01,7.28,13.0,-28.3,-2.2,46.69,47.87,49.59,False,58.57,38.06,1.21,23.6,-21.9,False,False,,90.0
OSIS,"OSI Systems, Inc.",Information Technology,Electronic Equipment & Instruments,SP600,196.62,3.13,2026-10-01,501.0,TTM-4Q,2026-06-30,,,46.7,0.75,True,14.4,20.3,3.76,15.4,6.9,4.9,7.8,0.69,10.8,17.3,33.2,0.9,2.45,-5.1,0.7,1.78,4.0,3.13,8.3,-0.64,-16.3,-20.9,-0.42,-1.49,13.0,44.0,1.51,-37.9,0.35,,,278.29,41.5,,1.43,7.0,,-0.49,0.0,0.0,0.0,0.0,False,0.0,,124.7,0.0,16.53,6.2,0.16,0.0,8.67,8.67,4.3,3.4,0.6,212.06,236.06,245.37,False,311.72,186.5,6.39,40.8,-13.6,False,False,,100.0
OLED,Universal Display,Information Technology,Semiconductors,SP400,77.39,3.56,2026-10-01,501.0,TTM-4Q,2026-06-30,,,59.6,0.58,True,12.0,18.2,2.11,16.3,8.3,5.5,6.2,0.87,10.0,11.5,75.3,1.3,-1.83,-3.5,0.5,1.34,5.0,12.52,999.0,0.35,-41.8,-7.5,-0.58,-1.5,13.0,42.5,1.29,-50.5,0.14,,,115.37,49.1,,,9.0,,-0.92,-0.42,0.0,0.42,0.0,False,-0.012,2026-08-18,97.5,-0.0,10.33,6.0,0.1,2.51,-0.06,2.46,-8.3,-20.0,-2.1,82.52,88.54,96.08,False,153.38,73.23,2.78,45.1,-4.1,False,False,,90.0
TDS,"Telephone and Data Systems, Inc.",Communication Services,Integrated Telecommunication Services,SP600,35.2,4.05,2026-10-01,501.0,TTM-4Q,2026-06-30,,,60.6,1.19,True,3.1,9.7,0.78,,32.4,10.3,-11.2,0.64,5.0,8.2,,1.5,-1.84,3.8,2.0,0.25,7.0,1.74,6.1,-0.45,-14.1,-23.8,-0.65,-1.5,26.0,29.2,0.79,-30.6,0.56,,,,,,,,,,-2.96,0.0,2.96,0.0,False,-0.073,2026-09-11,,,,,-0.6,2.16,0.0,2.16,3.8,,0.9,35.09,39.23,40.23,False,49.12,31.51,1.12,46.7,-5.2,False,False,ZONA-BAHAYA,100.0
CRC,California Resources Corporation,Energy,Oil & Gas Exploration & Production,SP600,51.66,4.59,2026-10-01,501.0,TTM-4Q,2026-06-30,2026-11-03,23.0,52.3,0.92,True,12.6,,1.35,12.4,7.9,-2.6,8.4,-0.48,-1.0,-3.6,,8.8,2.66,-14.4,4.8,,3.0,1.43,-999.0,-0.69,3.5,-17.9,-0.21,-1.51,47.0,34.1,0.51,-29.2,0.15,,,76.33,47.8,,1.38,12.0,-28.0,-1.34,0.0,0.0,0.0,0.0,False,0.0,2026-09-04,105.8,0.06,6.31,4.2,0.36,3.01,1.48,4.49,-22.5,-118.2,-0.1,53.12,58.2,56.22,True,71.98,43.24,1.6,42.2,-1.8,False,False,ZONA-BAHAYA;DISTRES;F-RENDAH,100.0
CG,Carlyle Group (The),Financials,Asset Management & Custody Banks,SP400,40.39,14.39,2026-10-01,501.0,TTM-4Q,2026-06-30,2026-10-29,20.0,141.0,1.14,True,,39.6,2.0,7.9,,2.5,,-0.64,,5.2,,,,,6.2,,,,5.4,-1.66,-23.7,-0.4,-0.32,-1.51,14.0,37.2,1.77,-39.1,-1.77,,,58.0,43.6,,2.21,18.0,18.0,-2.52,-17.1,0.0,17.1,0.0,False,-0.119,2026-09-11,65.0,0.0,7.27,6.0,-0.12,3.51,6.36,9.87,-41.9,-71.0,0.1,45.49,46.43,49.67,False,67.3,38.72,1.35,37.0,-8.1,False,False,INSIDER-JUAL,90.0
CHTR,Charter Communications,Communication Services,Cable & Satellite,SP500,111.37,13.5,2026-10-01,501.0,TTM-4Q,2026-06-30,2026-10-30,21.0,396.8,0.96,True,5.0,2.7,0.8,2.7,20.0,36.5,32.3,2.16,8.4,29.7,,,4.36,-7.5,0.1,3.34,6.0,0.58,999.0,-0.38,-46.9,-32.4,-0.73,-1.52,3.0,54.2,0.78,-60.9,-0.85,,,178.05,59.9,,3.0,19.0,5.9,-0.3,0.0,0.0,0.0,0.0,False,0.0,,88.8,-0.07,38.75,5.2,-0.11,0.0,35.23,35.23,-1.5,-6.5,-14.4,140.6,163.07,175.39,False,284.6,108.65,6.0,29.7,-20.9,False,False,ZONA-BAHAYA;GOODWILL;SHORT-TINGGI,100.0
ACI,Albertsons,Consumer Staples,Food Retail,SP400,11.72,5.69,2026-10-01,501.0,TTM-4Q,2026-02-28,2026-10-13,8.0,97.4,0.72,True,5.5,26.2,3.1,6.3,18.3,3.8,9.3,1.09,5.4,8.3,27.2,0.5,3.31,-8.0,1.9,10.89,5.0,3.36,1.6,-0.17,-25.8,-24.9,-0.62,-1.52,8.0,40.6,-0.04,-41.7,-0.27,,,14.19,21.1,,,16.0,-22.0,-0.25,2.52,2.52,0.0,3.0,True,0.044,2026-07-31,96.5,-0.0,17.07,8.0,1.12,5.67,25.99,31.66,3.5,-77.3,-6.3,12.08,14.73,15.41,False,20.0,10.86,0.37,41.8,-19.1,False,False,,100.0
VRRM,Verra Mobility Corporation,Industrials,Data Processing & Outsourced Services,SP600,2.99,0.45,2026-10-01,501.0,TTM-4Q,2026-06-30,,,26.4,0.89,False,5.7,10.3,2.03,,17.6,9.7,21.3,3.0,6.7,15.4,,,3.89,-10.3,2.3,4.85,7.0,0.47,2.2,-0.05,-83.1,-70.8,-0.58,-1.53,1.0,131.7,0.21,-87.9,-1.68,,,,,,,,,-0.73,0.0,0.0,0.0,0.0,False,0.0,,,,,,0.07,0.0,40.71,40.71,-3.1,13.6,-5.9,4.2,8.52,11.56,False,25.45,2.85,0.19,23.9,-32.2,False,False,TIPIS;ZONA-BAHAYA;GOODWILL,100.0
MLM,Martin Marietta Materials,Materials,Construction Materials,SP500,479.17,28.78,2026-10-01,501.0,TTM-4Q,2026-06-30,,,440.8,0.92,True,16.7,11.7,2.49,22.4,6.0,8.5,2.8,-0.27,6.8,23.5,28.2,3.0,2.82,4.8,2.4,0.62,6.0,2.85,5.9,-0.84,-19.4,-15.4,-0.61,-1.54,10.0,28.4,0.71,-32.1,0.55,,,652.71,36.2,,1.83,24.0,,0.38,0.0,0.0,0.0,0.0,False,0.0,,86.1,-0.02,4.57,4.0,0.12,0.7,0.69,1.4,14.8,123.2,-0.3,523.06,568.88,590.22,False,710.97,470.19,13.7,35.9,-22.1,False,False,,100.0
CRK,"Comstock Resources, Inc.",Energy,Oil & Gas Exploration & Production,SP600,12.84,3.77,2026-10-01,501.0,TTM-4Q,2026-06-30,2026-11-02,22.0,35.1,0.89,True,5.5,7.4,1.46,19.9,18.3,13.5,-19.5,-0.46,9.0,21.1,,,2.44,-4.4,9.7,1.61,9.0,1.25,2.8,-0.56,-19.2,-16.6,-0.32,-1.54,6.0,56.9,0.37,-55.0,-1.35,,,16.11,25.4,,3.13,14.0,201.5,1.43,0.0,0.0,0.0,0.0,False,0.0,,31.1,0.03,32.71,9.5,0.17,0.0,0.0,0.0,31.6,,-0.9,13.78,15.5,17.05,False,28.1,12.12,0.66,42.1,-14.7,False,False,ZONA-BAHAYA;SHORT-TINGGI,100.0
WU,Western Union,Financials,Transaction & Payment Processing Services,SP600,6.02,1.88,2026-10-01,501.0,TTM-4Q,2026-06-30,,,58.3,1.07,True,,4.7,2.05,,,21.1,,-0.13,,44.0,,,,,1.9,,,,4.3,0.79,-4.1,-13.8,-0.23,-1.54,9.0,38.4,0.49,-37.1,-0.49,,,,,,,,,-1.18,0.0,0.0,0.0,0.0,False,0.0,,,,,,0.05,16.12,7.58,23.71,-1.6,-55.9,-4.9,7.01,8.05,8.42,False,10.35,5.87,0.21,31.6,-26.7,False,False,GOODWILL,90.0
CNM,Core & Main,Industrials,Trading Companies & Distributors,SP400,41.38,8.0,2026-10-01,501.0,TTM-4Q,2026-08-02,2026-12-08,48.0,123.4,0.64,True,10.9,17.4,3.94,11.8,9.2,5.7,7.8,0.61,12.9,23.4,27.0,0.6,2.3,-3.4,1.4,1.49,7.0,3.03,6.3,-0.07,-21.8,-17.6,-0.6,-1.55,17.0,32.9,0.91,-31.3,0.32,,,55.29,33.6,,2.2,14.0,5.0,-0.56,0.1,0.1,0.0,1.0,False,0.001,2026-07-06,112.8,0.0,5.53,4.0,-0.01,0.0,4.56,4.56,-0.5,6.5,-2.5,43.69,47.14,49.27,False,59.66,40.03,1.19,40.6,-10.2,False,False,,100.0
SMPL,Simply Good Foods Company,Consumer Staples,Packaged Foods & Meats,SP600,9.88,0.87,2026-10-01,501.0,TTM-4Q,2026-05-30,,,23.7,1.44,False,,,0.62,,-18.9,-22.7,13.7,-1.94,-9.6,-12.2,32.7,1.6,,-15.4,1.6,,4.0,1.6,-11.8,-0.49,-54.1,-19.9,-0.71,-1.55,2.0,51.9,0.56,-62.9,-1.92,,,,,,,,,-1.18,0.0,0.0,0.0,0.0,False,0.0,,,,,,0.05,0.0,27.43,27.43,-4.5,-236.8,-11.5,10.56,12.16,13.84,False,25.66,9.38,0.4,44.5,-29.9,False,False,TIPIS;ZONA-BAHAYA;DISTRES,100.0
CCI,Crown Castle,Real Estate,Telecom Tower REITs,SP500,66.12,28.13,2026-10-01,501.0,TTM-4Q,2026-06-30,2026-10-21,14.0,258.6,0.99,True,17.0,32.6,,22.9,5.9,3.1,8.6,-0.15,10.3,,97.5,2.0,6.46,-6.6,5.7,3.04,7.0,,2.1,1.44,-18.5,-5.1,-0.39,-1.56,13.0,30.1,0.1,-29.7,-0.04,,,94.35,42.7,,2.13,21.0,36.1,-1.15,-0.11,0.0,0.11,0.0,False,-0.0,2026-08-07,101.8,-0.0,2.75,3.6,-0.05,-8.18,3.45,-4.73,-4.6,,-0.7,74.06,81.86,83.11,False,100.5,65.68,1.86,24.1,-15.9,False,False,GOODWILL,100.0
WHR,Whirlpool Corporation,Consumer Discretionary,Household Appliances,SP400,30.48,1.99,2026-10-01,501.0,TTM-4Q,2026-06-30,,,98.2,1.03,True,7.9,10.6,0.51,,12.6,9.4,-8.7,-0.21,4.2,5.7,13.6,1.8,5.9,-0.2,5.6,1.2,6.0,1.22,2.0,-1.64,-50.5,-30.1,-0.81,-1.56,2.0,49.6,1.11,-66.7,-1.45,,,,,,,,,,0.0,0.0,0.0,0.0,False,0.0,,,,,,0.08,8.76,0.0,8.76,-3.9,,16.2,37.71,44.49,53.62,False,94.82,29.81,1.56,28.6,-22.0,False,False,ZONA-BAHAYA;DILUSI,100.0
TRMB,Trimble Inc.,Information Technology,Application Software,SP500,57.53,13.41,2026-10-01,501.0,TTM-4Q,2026-07-03,,,139.3,1.56,True,17.4,,2.62,,5.8,-0.8,5.8,0.15,7.4,-1.9,69.8,4.9,1.47,-10.2,4.3,,6.0,3.47,8.1,0.06,-27.8,-9.4,-0.58,-1.56,24.0,32.0,1.23,-41.5,0.71,,,,,,,,,-0.54,0.0,0.0,0.0,0.0,False,0.0,2026-08-04,,,,,0.15,0.0,3.9,3.9,5.8,-136.5,-2.8,58.1,59.31,62.78,False,84.42,47.92,1.56,47.3,5.7,False,False,,100.0
OTIS,Otis Worldwide,Industrials,Industrial Machinery & Supplies & Components,SP500,64.48,24.55,2026-10-01,501.0,TTM-4Q,2026-06-30,,,327.5,1.37,True,13.1,16.2,,14.2,7.7,6.2,7.0,0.07,65.0,,,,3.1,-3.3,1.7,1.23,5.0,2.74,10.0,2.66,-21.1,-7.7,-0.66,-1.57,13.0,21.9,0.55,-30.5,0.98,,,87.38,35.5,,2.36,13.0,,-0.35,0.0,0.0,0.0,0.0,False,0.0,,96.2,0.09,4.82,4.5,0.18,2.68,4.3,6.98,5.2,0.2,-3.1,70.55,74.47,78.2,False,94.57,63.59,1.52,32.3,-14.1,False,False,GOODWILL,100.0
VNT,Vontier,Information Technology,Electronic Equipment & Instruments,SP400,31.69,4.28,2026-10-01,501.0,TTM-4Q,2026-07-03,,,42.7,0.84,True,9.4,12.3,3.59,,10.6,8.1,9.0,1.27,14.2,29.1,,0.9,2.6,-2.7,0.8,1.33,7.0,2.93,999.0,-0.23,-24.0,-11.4,-0.56,-1.57,32.0,31.7,1.06,-35.6,1.02,,,,,,,,,-0.61,0.0,0.0,0.0,0.0,False,0.0,,,,,,0.15,0.34,9.22,9.56,0.9,-11.9,-5.7,32.43,32.67,34.22,False,48.2,27.25,0.81,48.8,7.9,False,False,GOODWILL,100.0
MPT,Medical Properties Trust,Real Estate,Health Care REITs,SP600,3.37,2.02,2026-10-01,501.0,TTM-4Q,2026-03-31,,,41.1,1.13,False,16.6,,0.44,67.4,6.0,-6.2,,-0.68,2.2,-2.7,89.4,2.2,13.66,-2.3,6.9,,6.0,,0.8,-0.73,-16.1,-11.5,-0.37,-1.59,7.0,37.2,0.98,-40.5,-2.13,,,5.12,52.1,,2.88,6.0,,,0.01,0.01,0.0,1.0,False,0.0,2026-08-20,63.1,0.0,32.56,17.4,-0.01,9.94,0.0,9.94,5.5,,-0.5,4.05,4.63,4.79,False,6.47,3.33,0.14,32.1,-28.4,False,False,TIPIS;SHORT-TINGGI,100.0
HWKN,"Hawkins, Inc.",Materials,Commodity Chemicals,SP600,127.19,2.66,2026-10-01,501.0,TTM-4Q,2026-06-28,,,23.3,0.87,True,16.7,32.9,4.84,25.4,6.0,3.0,3.5,-0.4,11.9,15.6,22.3,2.1,1.37,-6.8,1.1,1.84,4.0,5.86,999.0,0.52,-31.4,-20.0,-0.66,-1.6,17.0,38.9,0.62,-35.5,0.33,,,174.25,37.0,,2.33,4.0,,-0.01,0.26,0.26,0.0,2.0,True,0.01,2026-08-27,79.7,0.02,7.82,7.7,1.18,0.6,0.26,0.86,9.3,-4.7,0.2,127.06,144.06,144.55,False,186.15,116.05,3.93,53.3,-10.5,False,False,,100.0
NHI,"National Health Investors, Inc.",Real Estate,Health Care REITs,SP600,65.08,3.2,2026-10-01,501.0,TTM-4Q,2026-06-30,,,27.6,1.21,True,,19.2,2.03,20.0,,5.2,,0.09,,10.9,,,,-2.9,1.2,1.49,,,,,-5.8,-10.5,-0.35,-1.61,18.0,23.5,0.14,-25.8,0.44,,,81.88,25.8,,1.75,8.0,,0.96,0.0,0.0,0.0,0.0,False,0.0,,79.6,-0.02,4.19,6.5,-0.16,5.49,-3.22,2.27,23.9,16.7,3.6,72.05,76.35,77.6,False,91.38,64.56,1.31,23.0,-18.1,False,False,,100.0
ISRG,Intuitive Surgical,Health Care,Health Care Equipment,SP500;NDX,401.24,141.75,2026-10-01,501.0,TTM-4Q,2026-06-30,,,927.4,0.62,True,,45.2,7.8,33.2,,2.2,2.3,-0.37,15.8,17.4,66.7,1.2,,-2.8,1.6,1.18,6.0,34.95,999.0,0.43,-17.4,-20.5,-0.51,-1.62,20.0,36.9,1.19,-44.0,-0.53,,,476.34,18.7,,,29.0,,-0.03,0.0,0.0,0.0,0.0,False,0.0,2026-09-15,89.5,-0.02,2.31,3.6,0.03,0.0,2.51,2.51,20.7,20.4,-1.9,378.84,419.89,448.05,False,603.88,328.57,10.97,57.9,-8.2,False,False,,100.0
AORT,Artivion,Health Care,Health Care Equipment,SP600,21.93,1.07,2026-10-01,501.0,TTM-4Q,2026-06-30,2026-11-05,25.0,15.1,0.8,True,30.0,,2.4,29.3,3.3,-0.3,-0.9,-0.51,1.9,-0.7,64.4,0.7,6.33,-4.7,1.7,,5.0,1.74,0.9,-0.13,-36.0,-20.7,-0.55,-1.62,5.0,51.3,0.66,-57.8,-0.78,,,42.15,92.2,,1.25,8.0,34.5,0.07,-2.6,0.0,2.6,0.0,False,-0.243,2026-09-10,96.3,0.01,8.09,5.2,-0.16,0.0,-1.05,-1.05,16.4,,7.0,25.97,28.29,31.81,False,48.25,19.16,0.97,29.2,-10.8,False,False,ZONA-BAHAYA;DISTRES;DILUSI,100.0
FOUR,Shift4,Financials,Transaction & Payment Processing Services,SP400,35.58,2.81,2026-10-01,501.0,TTM-4Q,2026-06-30,,,89.8,2.25,True,,26.7,1.74,5.7,,3.7,,-1.69,,6.6,,,,,2.6,,,,1.5,-0.85,-46.9,-3.6,-0.39,-1.62,3.0,65.3,1.16,-55.2,-2.78,,,55.05,54.7,,2.08,21.0,,0.49,0.0,0.0,0.0,0.0,False,0.0,,92.0,0.0,19.09,7.5,-0.03,0.0,22.28,22.28,32.4,-52.4,,44.69,44.81,49.05,False,80.98,34.56,2.24,31.3,-32.5,False,False,GOODWILL,90.0
APTV,Aptiv,Consumer Discretionary,Automotive Parts & Equipment,SP500,43.97,9.13,2026-10-01,501.0,TTM-4Q,2026-06-30,2026-10-29,20.0,175.4,0.65,True,7.1,41.5,1.04,6.7,14.1,2.4,7.5,0.41,4.1,2.4,19.6,2.5,2.38,-5.4,4.2,6.14,7.0,2.45,3.0,-0.84,-48.0,-27.8,-0.86,-1.63,4.0,44.3,0.82,-51.5,-0.47,,,66.61,51.5,,1.65,18.0,14.1,-0.47,8.25,8.25,0.0,4.0,True,0.09,2026-08-13,107.0,-0.06,4.87,1.6,1.02,0.0,7.88,7.88,5.3,-78.3,-2.8,47.92,58.01,63.49,False,88.93,42.56,1.45,43.5,-27.2,False,False,,100.0
NXRT,"NexPoint Residential Trust, Inc.",Real Estate,Multi-Family Residential REITs,SP600,18.86,0.48,2026-10-01,501.0,TTM-4Q,2026-06-30,,,19.9,1.36,False,16.9,,1.94,,5.9,-6.9,,-1.38,1.2,-11.2,,,13.0,-6.2,1.3,,5.0,,0.5,-1.74,-23.2,-3.2,-0.46,-1.64,5.0,28.8,0.76,-36.6,-1.18,,,28.5,51.1,,,4.0,,,0.0,0.0,0.0,0.0,False,0.0,,83.0,0.08,13.95,5.3,0.68,11.33,0.0,11.33,-0.5,,0.5,23.5,26.09,27.05,False,32.36,18.52,0.79,23.9,-36.0,False,False,TIPIS,100.0
OLN,Olin Corporation,Materials,Diversified Chemicals,SP400,15.96,1.82,2026-10-01,501.0,TTM-4Q,2026-06-30,,,45.7,1.84,True,11.9,,1.06,20.3,8.4,-10.8,5.5,0.21,-1.7,-10.7,6.9,6.0,7.25,-6.7,7.1,,4.0,1.52,-0.6,-1.48,-28.9,-40.3,-0.63,-1.65,6.0,54.7,0.99,-47.8,-0.77,,,21.27,33.2,,2.87,15.0,,,0.0,0.0,0.0,0.0,False,0.0,,107.0,0.0,13.14,4.8,0.12,5.01,1.11,6.12,0.6,,-0.9,18.17,22.94,22.94,False,30.46,14.95,0.63,37.0,-22.4,False,False,ZONA-BAHAYA;DISTRES,100.0
NRG,NRG Energy,Utilities,Independent Power Producers & Energy Traders,SP500,96.93,20.38,2026-10-01,501.0,TTM-4Q,2026-06-30,,,301.7,0.93,True,11.9,24.0,4.2,8.7,8.4,4.2,1.7,-0.14,7.9,23.8,,1.3,6.32,-2.2,3.9,1.83,7.0,,2.0,0.4,-31.5,-26.5,-0.59,-1.65,4.0,49.0,1.37,-47.7,-3.0,,,188.56,94.5,,1.56,16.0,,1.5,0.0,0.0,0.0,0.0,False,0.0,2026-09-08,95.7,0.01,3.71,2.2,0.16,2.15,8.04,10.2,12.8,62.6,8.2,115.17,135.39,141.18,False,189.96,93.36,4.03,33.4,-30.9,False,False,DILUSI;GOODWILL,100.0
ESAB,ESAB,Industrials,Industrial Machinery & Supplies & Components,SP400,67.11,4.17,2026-10-01,501.0,TTM-4Q,2026-07-03,2026-10-29,20.0,66.9,0.81,True,13.8,24.2,1.64,10.4,7.3,4.1,4.7,0.23,7.0,7.5,37.0,1.4,4.71,-1.6,0.7,1.5,4.0,1.59,999.0,-0.56,-33.5,-26.5,-0.66,-1.66,4.0,45.3,1.21,-51.7,-0.95,,,126.91,89.1,,1.27,11.0,-3.6,-0.32,-0.1,0.0,0.1,0.0,False,-0.002,2026-08-07,107.6,0.0,9.41,5.6,-0.01,0.58,0.0,0.58,9.7,-32.7,0.5,77.99,90.68,98.3,False,137.42,64.83,3.05,40.4,-29.5,False,False,ZONA-BAHAYA;GOODWILL,100.0
KRMN,Karman Holdings,Industrials,Aerospace & Defense,SP600,31.89,4.23,2026-10-01,410.0,TTM-4Q,2026-06-30,,,147.9,0.58,True,27.1,113.7,10.04,33.3,3.7,0.9,-0.7,-1.18,17.5,9.5,41.7,1.6,-0.3,2.6,0.6,0.16,,3.37,2.0,0.29,-43.1,-50.3,-0.64,-1.66,1.0,73.2,1.84,-72.3,-2.89,,,89.7,181.3,,1.27,10.0,,3.0,1.04,1.04,0.0,3.0,True,0.025,2026-09-16,105.0,0.31,11.3,5.0,1.63,0.0,0.0,0.0,50.2,365.7,0.2,45.6,61.68,68.96,False,118.38,31.66,2.49,29.7,-44.8,False,False,LABA-KERTAS;GOODWILL,100.0
FG,"F&G Annuities & Life, Inc.",Financials,Life & Health Insurance,SP600,21.98,2.88,2026-10-01,501.0,TTM-4Q,2026-06-30,,,16.5,1.14,True,,6.9,0.62,4.5,,14.5,,1.37,,9.2,,,,,0.9,,,,,-0.54,-22.3,-7.5,-0.37,-1.67,10.0,39.8,0.85,-40.3,-1.02,,,27.0,22.8,,,1.0,,-0.03,0.0,0.0,0.0,0.0,False,0.0,,97.7,0.01,12.11,6.9,0.03,5.11,4.52,9.62,15.0,22.9,-3.0,25.09,26.21,26.87,False,35.33,20.57,0.83,38.1,-23.3,False,False,,90.0
INTU,Intuit,Information Technology,Application Software,SP500;NDX,282.78,75.57,2026-10-01,501.0,TTM-4Q,2026-07-31,,,1133.1,1.27,True,12.0,16.6,3.98,10.4,8.3,6.0,11.5,1.13,17.1,23.6,,0.4,0.45,-11.6,1.3,1.94,7.0,4.55,23.0,0.44,-48.9,-18.4,-0.67,-1.68,6.0,50.6,0.46,-62.5,0.19,,,405.6,43.4,,2.06,31.0,,-0.16,-0.31,0.0,0.31,0.0,False,-0.0,2026-09-08,93.5,-0.03,3.02,1.8,0.11,1.78,7.16,8.94,13.9,18.0,-2.1,323.38,347.84,395.58,False,689.17,252.84,13.03,37.8,0.1,False,False,,100.0
TSCO,Tractor Supply,Consumer Discretionary,Other Specialty Retail,SP500,31.73,16.53,2026-10-01,501.0,TTM-4Q,2026-06-27,,,313.4,1.27,True,10.0,8.8,6.28,,10.0,11.4,1.9,-0.3,23.8,73.4,36.5,0.6,1.04,5.2,1.1,0.68,6.0,3.7,19.8,-0.41,-37.5,-20.9,-0.89,-1.68,11.0,32.9,0.63,-47.9,0.23,,,,,,,,,0.33,0.65,0.65,0.0,3.0,True,0.004,2026-08-04,,,,,1.08,3.0,2.69,5.69,4.0,73.0,-1.4,33.5,35.87,40.02,False,58.21,28.36,1.0,40.8,-2.6,False,False,,100.0
FLO,Flowers Foods,Consumer Staples,Packaged Foods & Meats,SP600,5.56,1.18,2026-10-01,501.0,FY,2026-01-03,,,49.3,0.83,True,8.6,14.1,0.9,7.8,11.7,7.1,27.1,2.44,4.6,6.2,,0.5,5.11,-9.6,2.0,5.32,5.0,1.85,2.3,0.02,-45.2,-16.4,-0.8,-1.68,3.0,38.3,0.4,-54.0,-0.98,,,7.9,42.1,,,5.0,,-0.27,0.0,0.0,0.0,0.0,False,0.0,,105.6,0.0,23.63,6.0,-0.02,17.75,0.47,18.22,3.0,-66.2,-0.0,6.74,7.73,8.51,False,13.28,5.4,0.23,23.7,-37.2,False,False,SHORT-TINGGI,75.0
NOC,Northrop Grumman,Industrials,Aerospace & Defense,SP500,482.0,68.47,2026-10-01,501.0,TTM-4Q,2026-06-30,,,451.0,1.21,True,13.3,15.2,3.83,15.8,7.5,6.6,5.3,0.26,12.2,27.0,,1.5,2.1,-1.2,3.8,1.13,9.0,2.94,999.0,-0.2,-11.1,-22.9,-0.62,-1.69,14.0,27.4,0.31,-36.7,0.88,,,644.91,33.8,,2.0,22.0,,-0.26,0.0,0.0,0.0,0.0,False,0.0,2026-08-03,84.5,0.0,1.58,3.0,-0.01,1.96,1.17,3.13,5.9,14.0,-1.1,539.23,581.84,598.81,False,774.0,479.02,11.86,26.2,-14.4,False,False,,100.0
AGO,Assured Guaranty Ltd.,Financials,Property & Casualty Insurance,SP600,68.27,3.0,2026-10-01,501.0,TTM-4Q,2026-06-30,2026-11-05,25.0,39.4,1.02,True,,8.6,0.54,9.7,,11.7,,2.34,,6.3,,,,,1.5,,,,999.0,-0.44,-10.8,-6.7,-0.37,-1.7,13.0,23.9,0.42,-25.5,0.62,,,91.0,33.3,,1.33,3.0,-23.2,-1.36,0.0,0.0,0.0,0.0,False,0.0,,96.5,0.0,7.74,5.8,-0.01,2.26,12.29,14.55,-10.6,-25.0,-9.7,75.55,78.98,81.12,False,92.4,67.24,1.54,30.9,-20.5,False,False,,90.0
CRUS,Cirrus Logic,Information Technology,Semiconductors,SP400,120.17,6.02,2026-10-01,501.0,TTM-4Q,2026-06-27,2026-11-03,23.0,102.7,0.56,True,9.9,14.0,2.75,13.5,10.1,7.1,9.5,1.27,19.4,20.9,52.8,0.9,-1.54,-6.9,3.1,1.39,8.0,11.87,471.0,0.32,-12.9,-25.9,-0.53,-1.72,22.0,36.5,1.12,-39.4,0.75,,,165.0,37.3,,1.8,4.0,1.4,-0.62,0.0,0.0,0.0,0.0,False,0.0,2026-09-21,107.5,-0.01,8.26,3.9,0.14,0.0,3.51,3.51,6.2,23.0,-1.8,120.24,143.2,139.82,False,180.42,106.26,3.42,52.5,-19.9,False,False,,90.0
OI,"O-I Glass, Inc.",Materials,"Metal, Glass & Plastic Containers",SP600,5.65,0.87,2026-10-01,501.0,TTM-4Q,2026-06-30,,,22.5,1.05,False,8.5,,1.61,3.8,11.8,-132.8,-1.6,-2.43,2.2,-120.9,14.8,1.7,7.13,-18.2,3.0,,4.0,,0.5,0.33,-45.9,-33.8,-0.74,-1.75,2.0,54.0,1.04,-66.1,-1.38,,,9.59,69.7,,2.0,9.0,,,0.0,0.0,0.0,0.0,False,0.0,,106.1,0.0,15.69,6.2,0.12,0.0,3.46,3.46,-1.9,,-0.3,6.91,8.84,10.45,False,16.91,5.51,0.27,26.6,-43.7,False,False,TIPIS;GOODWILL,100.0
LHX,L3Harris,Industrials,Aerospace & Defense,SP500,238.4,44.39,2026-10-01,501.0,TTM-4Q,2026-07-03,,,405.2,0.79,True,10.3,23.7,2.23,17.6,9.7,4.2,6.3,0.6,11.7,9.6,25.6,,1.81,-3.4,0.7,1.76,8.0,2.63,999.0,-0.39,-12.7,-25.2,-0.66,-1.77,9.0,28.5,0.44,-36.7,0.72,,,338.5,42.0,,1.79,14.0,,-0.31,0.0,0.0,0.0,0.0,False,0.0,,89.3,0.0,2.75,2.6,-0.0,2.07,1.93,4.0,5.3,10.4,-0.3,266.4,304.19,310.86,False,379.23,234.01,5.37,27.7,-23.1,False,False,GOODWILL,100.0
XYL,Xylem Inc.,Industrials,Industrial Machinery & Supplies & Components,SP500,100.88,23.55,2026-10-01,501.0,TTM-4Q,2026-06-30,,,301.0,1.05,True,13.4,23.1,2.26,,7.5,4.3,4.1,0.13,7.9,9.5,39.2,0.5,0.89,-1.6,0.4,1.28,5.0,3.33,57.4,-0.08,-26.5,-12.1,-0.76,-1.77,11.0,25.3,0.82,-33.1,0.54,,,,,,,,,-0.35,0.0,0.0,0.0,0.0,False,0.0,,,,,,0.07,1.71,5.29,6.99,4.5,8.5,-3.0,112.5,115.96,121.18,False,154.27,98.58,2.55,28.2,-16.7,False,False,,100.0
CALX,Calix,Information Technology,Application Software,SP600,34.9,2.2,2026-10-01,501.0,TTM-4Q,2026-06-27,2026-10-26,17.0,40.5,1.2,True,25.3,42.9,3.09,15.2,4.0,2.3,3.9,0.05,5.8,6.9,56.6,2.6,-2.46,-6.2,15.9,2.14,7.0,6.75,999.0,-0.14,-38.6,-19.6,-0.71,-1.78,8.0,41.0,1.15,-51.6,0.25,,,62.33,78.6,,1.57,6.0,16.2,0.27,0.0,0.0,0.0,0.0,False,0.0,,99.0,0.02,12.42,6.3,0.18,0.0,11.85,11.85,27.8,,1.5,36.86,41.35,44.37,False,71.22,32.35,1.09,45.6,-11.6,False,False,,100.0
FISV,Fiserv,Financials,Transaction & Payment Processing Services,SP500,45.38,24.13,2026-10-01,500.0,TTM-4Q,2026-06-30,,,369.8,0.79,True,,8.6,0.9,,,11.6,,-0.76,,10.7,,,,,0.9,,,,3.0,-0.1,-60.4,-6.8,-0.49,-1.78,6.0,69.3,0.5,-65.4,-2.25,,,60.35,33.0,,2.74,26.0,,-0.99,0.52,0.52,0.0,1.0,False,0.002,2026-08-07,,,,,0.05,0.0,-0.19,-0.19,-1.2,-17.1,-3.4,51.09,54.21,56.88,False,130.4,44.81,1.58,32.5,-15.5,False,False,GOODWILL,90.0
COLL,"Collegium Pharmaceutical, Inc.",Health Care,Pharmaceuticals,SP600,21.84,0.71,2026-10-01,501.0,TTM-4Q,2026-06-30,2026-11-05,25.0,20.9,1.09,False,,14.8,2.28,3.3,,6.7,46.2,2.59,,17.6,60.0,5.4,,-15.1,4.3,6.89,5.0,0.8,2.1,0.53,-31.4,-27.8,-0.67,-1.81,2.0,44.5,0.36,-56.2,-0.3,,,49.0,124.4,,1.5,8.0,8.8,-0.18,0.0,0.0,0.0,0.0,False,0.0,,131.1,0.04,20.82,6.6,0.08,0.0,0.0,0.0,14.3,32.1,-16.9,27.03,32.23,35.88,False,50.79,21.43,1.01,28.3,-42.5,False,False,TIPIS;ZONA-BAHAYA;UTANG-TAK-TERBACA;SHORT-TINGGI,90.0
ALNY,Alnylam Pharmaceuticals,Health Care,Biotechnology,NDX,231.18,30.93,2026-10-01,501.0,TTM-4Q,2026-06-30,2026-10-29,20.0,347.8,1.38,True,,42.2,22.84,18.5,,2.4,,-0.25,,76.8,,1.8,,,13.4,,,,999.0,,-46.0,-25.1,-0.7,-1.81,4.0,50.9,0.94,-58.2,-1.04,,,371.35,60.6,,1.69,26.0,-14.2,,0.0,0.0,0.0,0.0,False,0.0,,101.7,0.03,7.16,4.2,0.07,0.0,0.0,0.0,,,5.9,242.47,283.82,303.74,False,495.55,197.81,10.39,39.5,-27.9,False,False,DILUSI,78.0
MZTI,The Marzetti Company,Consumer Staples,Packaged Foods & Meats,SP400,99.69,2.72,2026-10-01,501.0,TTM-4Q,2026-06-30,,,46.9,1.23,True,9.3,14.2,2.58,13.8,10.7,7.0,7.6,0.51,16.8,18.7,24.7,1.4,0.56,-6.4,2.2,1.48,6.0,6.24,135.4,0.31,-33.9,-18.5,-0.88,-1.85,7.0,29.9,0.22,-41.5,-0.11,,,146.6,47.1,,,5.0,,-0.24,-0.1,0.0,0.1,0.0,False,-0.004,2026-09-10,72.0,0.02,33.15,6.1,0.02,4.0,1.33,5.33,1.1,14.5,-0.3,108.26,119.99,131.28,False,176.26,97.0,3.22,37.9,-16.1,False,False,SHORT-TINGGI,100.0
PMT,PennyMac Mortgage Investment Trust,Real Estate,Mortgage REITs,SP600,7.76,0.68,2026-10-01,501.0,TTM-4Q,2026-06-30,,,16.8,1.61,False,,4.1,0.37,,,24.6,,3.0,4.5,8.9,,,,48.9,0.7,-60.6,,,999.0,,-13.5,-15.6,-0.5,-1.86,6.0,29.5,0.36,-39.6,-0.76,,,,,,,,,0.36,0.0,0.0,0.0,0.0,False,0.0,2026-09-01,,,,,0.06,20.6,0.0,20.6,14.6,58.0,0.3,9.2,10.44,11.02,False,13.81,7.64,0.24,19.6,-30.0,False,False,TIPIS;LABA-KERTAS,100.0
AHCO,AdaptHealth Corp.,Health Care,Health Care Equipment,SP600,5.68,0.77,2026-10-01,501.0,TTM-4Q,2026-06-30,2026-11-03,23.0,15.8,0.73,False,9.6,,0.56,,10.4,-29.5,12.6,0.65,-3.4,-15.4,17.0,0.9,6.79,-18.7,6.5,,5.0,0.56,-999.0,-0.52,-38.4,-53.5,-0.67,-1.86,2.0,68.5,-0.09,-61.0,-0.61,,,9.0,58.5,,1.14,7.0,-139.5,-2.28,0.52,0.52,0.0,2.0,True,0.067,2026-08-07,108.5,0.02,9.61,3.4,1.12,0.0,0.0,0.0,4.2,-383.2,-0.7,6.61,9.45,9.64,False,13.43,5.21,0.27,41.2,-48.5,False,False,TIPIS;ZONA-BAHAYA;DISTRES;GOODWILL,100.0
PDD,PDD Holdings,Information Technology,EDP Services,NDX,76.5,435.56,2026-10-01,501.0,FY,2025-12-31,,,501.3,0.79,True,28.0,31.1,7.37,,3.6,3.2,,-0.08,21.2,27.4,56.3,5.3,-4.51,-1.6,7.1,1.09,5.0,10.82,999.0,0.2,-37.1,-18.3,-0.82,-1.93,9.0,33.6,0.81,-46.9,0.81,,,,,,,,,-0.16,-0.14,0.0,0.14,0.0,False,-0.0,2026-09-03,,,,,0.15,0.0,0.0,0.0,14.5,-9.2,0.2,83.93,90.11,94.68,False,139.41,71.94,1.81,36.1,-9.5,False,False,,75.0
KMPR,Kemper Corporation,Financials,Multi-line Insurance,SP600,25.94,1.53,2026-10-01,501.0,TTM-4Q,2026-06-30,,,23.6,1.13,True,,,0.7,6.1,,-32.4,,-1.57,,-38.7,,,,,1.8,,,,999.0,-2.65,-44.1,-5.8,-0.59,-1.95,10.0,42.5,0.63,-54.3,-1.43,,,36.33,40.1,,2.67,3.0,,-2.15,0.37,0.37,0.0,5.0,True,0.024,2026-08-13,98.6,0.01,9.97,6.0,1.04,4.99,17.63,22.61,-4.5,-244.3,-8.9,27.48,28.75,30.93,False,52.12,22.69,0.97,44.5,-12.3,False,False,,90.0
VICI,Vici Properties,Real Estate,Hotel & Resort REITs,SP500,22.73,25.03,2026-10-01,501.0,TTM-4Q,2026-06-30,,,268.3,0.88,True,11.4,9.0,0.86,,8.8,11.1,,1.07,8.0,9.8,99.3,0.3,4.55,0.3,0.8,0.95,5.0,,4.3,0.76,-17.8,-5.4,-0.63,-1.96,16.0,18.4,0.3,-26.1,0.5,,,,,,,,,-0.49,0.0,0.0,0.0,0.0,False,0.0,,,,,,0.06,7.59,0.0,7.59,4.4,0.3,3.1,25.46,27.08,27.46,False,33.01,22.54,0.41,23.3,-18.5,False,False,,100.0
WD,"Walker & Dunlop, Inc.",Financials,Commercial & Residential Mortgage Finance,SP600,34.53,1.19,2026-10-01,501.0,TTM-4Q,2026-06-30,,,19.6,1.26,True,,30.9,0.69,,,3.2,,-0.42,,2.2,,,,,1.5,,,,1.9,-0.82,-49.1,-6.3,-0.62,-1.99,3.0,44.8,0.95,-57.8,-1.97,,,,,,,,,-0.75,0.0,0.0,0.0,0.0,False,0.0,,,,,,0.05,7.85,1.74,9.59,8.0,-65.2,-0.3,42.09,47.07,50.86,False,90.0,33.59,1.46,26.6,-38.3,False,False,,90.0
STWD,Starwood Property Trust,Financials,Mortgage REITs,SP400,13.18,4.88,2026-10-01,501.0,TTM-4Q,2026-06-30,,,72.6,1.77,True,,21.4,0.75,,,4.7,,0.56,,3.5,,,,,0.2,,,,999.0,-0.56,-12.9,-6.4,-0.54,-1.99,12.0,17.7,0.48,-23.9,0.86,,,,,,,,,-0.45,0.0,0.0,0.0,0.0,False,0.0,,,,,,0.05,14.34,-11.01,3.34,11.8,-38.4,8.8,15.73,16.8,17.15,False,19.57,13.07,0.34,15.5,-22.0,False,False,DILUSI,90.0
HLI,Houlihan Lokey,Financials,Investment Banking & Brokerage,SP400,128.38,8.68,2026-10-01,501.0,TTM-4Q,2026-06-30,,,118.1,0.92,True,,21.4,3.85,14.6,,4.7,,-0.91,,18.3,,,,,2.8,,,,999.0,0.69,-34.1,-4.8,-0.64,-2.03,15.0,30.5,0.97,-39.2,-0.7,,,153.5,19.6,,,8.0,,-0.78,0.36,0.5,0.14,1.0,False,0.004,2026-09-10,105.5,0.02,4.78,3.6,0.13,2.1,2.51,4.6,1.7,-0.6,-1.9,131.28,141.02,149.75,False,205.43,112.83,4.23,44.3,-10.7,False,False,,90.0
PODD,Insulet Corporation,Health Care,Health Care Equipment,SP500,130.79,9.07,2026-10-01,501.0,TTM-4Q,2026-06-30,,,223.5,2.14,True,15.4,24.2,6.38,,6.5,4.1,3.2,0.03,15.0,26.0,71.1,3.4,0.67,-4.1,5.4,1.36,9.0,5.25,8.8,0.23,-51.9,-28.3,-0.87,-2.04,3.0,46.0,0.35,-62.3,-0.49,,,,,,,,,0.15,0.16,0.16,0.0,1.0,False,0.002,2026-08-21,,,,,0.09,0.0,3.63,3.63,29.4,59.0,-1.8,145.77,168.81,194.17,False,354.88,126.4,4.63,33.6,-22.5,False,False,,100.0
ACM,AECOM,Industrials,Construction & Engineering,SP400,59.6,7.67,2026-10-01,501.0,TTM-4Q,2026-06-30,2026-11-17,33.0,99.1,0.81,True,13.2,26.6,3.5,9.3,7.6,3.8,2.7,-0.09,9.9,12.3,5.7,0.5,2.39,-0.6,1.5,1.27,4.0,1.78,3.1,-1.12,-48.6,-22.4,-0.93,-2.05,6.0,38.1,0.77,-56.0,-0.46,,,86.92,45.8,,1.46,12.0,-134.2,-1.87,0.0,0.0,0.0,0.0,False,0.0,,96.0,-0.02,6.22,2.9,-0.04,1.95,8.39,10.35,-4.2,-53.1,-3.4,66.06,74.4,80.1,False,135.52,58.08,2.16,39.3,-14.2,False,False,ZONA-BAHAYA;GOODWILL,100.0
BSX,Boston Scientific,Health Care,Health Care Equipment,SP500,43.23,62.65,2026-10-01,501.0,TTM-4Q,2026-06-30,2026-10-28,19.0,947.6,0.84,True,13.4,17.1,2.51,12.7,7.4,5.9,5.8,0.47,11.0,15.5,69.9,0.3,2.17,-2.0,1.6,1.23,7.0,2.93,11.4,0.34,-50.8,-22.5,-0.93,-2.09,5.0,39.5,0.77,-59.4,-0.63,,,61.0,41.1,,1.65,29.0,3.9,-0.19,9.49,9.49,0.0,4.0,True,0.015,2026-08-25,94.7,-0.03,3.21,2.3,1.04,0.0,0.0,0.0,13.5,46.9,-1.3,46.9,53.27,61.98,False,105.65,42.2,1.36,38.8,-6.6,False,False,,100.0
FIS,Fidelity National Information Services,Financials,Transaction & Payment Processing Services,SP500,33.1,17.07,2026-10-01,501.0,TTM-4Q,2026-06-30,,,235.9,1.06,True,,5.1,1.06,4.9,,19.8,,-0.19,,22.3,,,,,9.9,,,,3.2,-1.06,-36.4,-8.6,-0.67,-2.13,4.0,33.4,0.47,-50.2,-0.74,,,49.88,50.7,,2.28,24.0,,3.0,0.0,0.0,0.0,0.0,False,0.0,2026-07-15,101.5,0.0,4.22,3.3,-0.03,5.13,4.22,9.34,18.3,2910.7,-1.5,40.06,42.99,46.95,False,69.14,32.75,1.13,25.0,-22.8,False,False,GOODWILL,90.0
ZTS,Zoetis,Health Care,Pharmaceuticals,SP500,69.1,28.55,2026-10-01,501.0,TTM-4Q,2026-06-30,,,331.7,1.18,True,9.0,10.9,9.07,,11.1,9.2,8.1,0.88,23.4,64.4,71.5,0.7,1.85,-1.5,1.3,1.09,6.0,4.54,14.7,0.59,-46.2,-33.4,-1.0,-2.25,5.0,39.7,0.39,-52.3,-0.09,,,,,,,,,-0.23,0.0,0.0,0.0,0.0,False,0.0,,,,,,0.09,3.11,12.76,15.88,1.5,1.0,-6.2,74.49,89.6,98.61,False,148.79,68.92,1.92,34.2,-9.9,False,False,,100.0
JBGS,JBG Smith,Real Estate,Office REITs,SP600,10.37,0.6,2026-10-01,501.0,TTM-4Q,2026-06-30,,,12.2,0.92,False,21.6,,0.57,,4.6,-25.1,,-1.91,-1.0,-12.7,,,17.37,-4.8,1.5,,,,-0.3,-2.81,-44.6,-16.3,-0.88,-2.4,3.0,34.4,0.44,-52.7,-1.66,,,12.0,15.7,,4.33,2.0,,,0.0,0.0,0.0,0.0,False,0.0,,101.3,0.02,29.02,16.0,0.13,6.93,16.41,23.34,-1.1,,-14.6,11.95,13.86,14.58,False,22.38,9.93,0.38,33.9,-34.7,False,False,TIPIS;SHORT-TINGGI,90.0
CSGP,CoStar Group,Real Estate,Real Estate Services,SP500,27.72,11.23,2026-10-01,501.0,TTM-4Q,2026-06-30,2026-10-27,18.0,181.9,0.74,True,27.8,152.6,1.42,15.6,3.6,0.7,2.5,-1.11,0.6,0.9,78.7,1.0,-0.68,-4.1,1.8,6.75,5.0,,3.2,-0.21,-62.1,-19.3,-0.9,-2.41,4.0,45.2,0.71,-68.2,-2.73,,,37.3,34.6,,2.1,20.0,11.9,0.52,2.24,2.49,0.25,1.0,False,0.02,2026-08-07,104.8,-0.02,3.69,2.2,-0.2,0.0,9.11,9.11,22.0,-29.3,-4.7,30.28,33.97,40.25,False,85.24,25.89,1.14,38.4,-9.9,False,False,,100.0
PNR,Pentair,Industrials,Industrial Machinery & Supplies & Components,SP500,52.88,8.55,2026-10-01,501.0,TTM-4Q,2026-03-31,,,144.3,1.11,True,10.6,12.7,2.24,,9.4,7.9,8.4,0.95,13.2,18.0,40.9,2.7,1.91,-1.7,1.3,1.17,7.0,3.29,999.0,0.07,-44.8,-29.8,-1.11,-2.42,2.0,33.5,1.04,-52.4,-0.5,,,,,,,,,-0.45,0.0,0.0,0.0,0.0,False,0.0,,,,,,0.07,1.96,4.39,6.34,3.1,3.8,-1.6,61.2,74.0,81.29,False,113.95,51.81,1.5,24.7,-32.8,False,False,,100.0
AGNT,"eXp World Holdings, Inc.",Real Estate,Real Estate Services,SP600,3.56,0.59,2026-10-01,501.0,TTM-4Q,2026-06-30,2026-11-05,25.0,7.0,0.98,False,,,2.12,11.9,-1.9,-2.9,15.6,-0.46,-5.0,-6.9,,0.2,,-23.4,11.4,,7.0,,-999.0,-0.76,-62.0,-32.5,-0.91,-2.5,2.0,52.0,0.86,-69.4,-3.0,,,5.38,51.0,,,2.0,37.1,0.24,-31.99,0.0,31.99,0.0,False,-5.377,2026-09-03,41.8,0.0,14.8,10.6,-1.84,5.32,0.0,5.32,8.1,,6.5,4.05,5.06,6.01,False,12.23,3.4,0.22,39.2,-34.8,False,False,TIPIS;DILUSI;INSIDER-JUAL,100.0
BXMT,"Blackstone Mortgage Trust, Inc.",Financials,Mortgage REITs,SP600,11.3,1.9,2026-10-01,501.0,TTM-4Q,2026-06-30,2026-10-28,19.0,34.2,1.48,True,,123.4,0.58,7.3,,0.8,,0.78,,0.4,,,,,1.0,,,,999.0,-0.85,-19.1,-24.4,-0.87,-2.59,4.0,25.0,0.56,-40.3,-0.12,,,18.86,66.9,,,7.0,-12.2,,0.14,0.14,0.0,1.0,False,0.008,2026-09-17,67.4,0.0,8.83,6.0,0.01,16.76,4.29,21.05,,,-1.7,13.98,17.0,17.64,False,20.67,11.12,0.37,16.7,-36.1,False,False,,90.0
ROL,"Rollins, Inc.",Industrials,Environmental & Facilities Services,SP500,30.57,14.71,2026-10-01,501.0,TTM-4Q,2026-06-30,,,255.0,1.03,True,17.8,27.7,10.29,,5.6,3.6,4.2,-0.38,27.0,37.0,,,0.69,-3.5,0.5,1.22,4.0,6.68,21.8,1.56,-37.5,-31.8,-1.23,-2.68,3.0,28.1,0.42,-53.7,0.22,,,,,,,,,-0.07,0.0,0.0,0.0,0.0,False,0.0,,,,,,0.07,2.34,1.66,4.0,9.9,8.7,-0.7,35.47,45.9,49.79,False,66.14,29.7,0.93,28.6,-31.3,False,False,GOODWILL,100.0
ABR,Arbor Realty Trust,Financials,Mortgage REITs,SP600,3.71,0.69,2026-10-01,501.0,TTM-4Q,2026-06-30,2026-10-30,21.0,22.7,1.37,False,,11.7,0.25,6.9,,8.5,,2.25,,2.1,,,,,0.7,,,,999.0,-0.7,-53.8,-29.9,-0.95,-2.72,2.0,44.0,0.75,-66.0,-1.77,,,5.88,58.4,,,4.0,257.1,2.87,0.13,0.13,0.0,1.0,False,0.019,2026-08-31,67.9,0.0,0.0,0.0,-0.01,38.48,2.0,40.48,98.4,-74.2,-8.7,4.85,6.02,6.46,False,12.58,3.63,0.18,20.0,-31.4,False,False,TIPIS,90.0
AMSF,"Amerisafe, Inc.",Financials,Property & Casualty Insurance,SP600,23.68,0.44,2026-10-01,501.0,TTM-4Q,2026-06-30,2026-10-28,19.0,15.6,0.79,False,,9.3,1.76,11.7,,10.7,,0.49,,18.2,,,,,0.3,,,,999.0,0.31,-37.1,-19.3,-0.96,-2.72,4.0,29.5,0.3,-42.0,-0.12,,,35.67,50.6,,,3.0,-15.9,-0.45,0.0,0.0,0.0,0.0,False,0.0,,97.0,0.03,7.34,2.8,0.19,11.18,0.0,11.18,9.5,-6.8,-2.2,26.57,30.46,32.34,False,43.93,23.2,0.62,28.0,-34.0,False,False,TIPIS,90.0
ADIG,ADI Global Distribution,Information Technology,Electronic Equipment & Instruments,SP600,17.98,,2026-10-01,45.0,,,2026-11-12,30.0,15.3,0.89,True,,,,9.8,,,,,,,,,,,,,,,999.0,,,,,,,,,,,,,28.5,58.5,,2.0,4.0,,,0.0,0.0,0.0,0.0,False,,,23.6,0.56,,4.1,0.83,,,,,,,,,,,,,1.37,32.3,,False,False,DATA-KURANG,0.0
CWEN-A,"Clearway Energy, Inc. (Class A)",Utilities,Renewable Electricity,SP600,,,,,,,,,,,False,,,,,,,,,,,,,,,,,,,999.0,,,,,,,,,,,,,,,,,,,,0.0,0.0,0.0,0.0,False,,,,,,,0.0,,,,,,,,,,,,,,,,,,GAGAL-UNDUH,0.0
FDXF,FedEx Freight,Industrials,Cargo Ground Transportation,SP500,110.67,16.55,2026-10-01,89.0,FY,2026-05-31,,,223.6,1.43,True,19.5,25.3,,20.5,5.1,4.0,-1.3,-0.9,12.8,69.1,,,3.81,8.2,,0.25,,2.87,9.5,-1.61,,,,,,,,,,,,162.93,47.2,,1.93,14.0,,-0.9,0.0,0.0,0.0,0.0,False,0.0,,64.7,1.51,,3.0,1.27,0.29,0.0,0.29,-1.1,-51.3,0.0,132.57,,,,,,4.8,30.3,-28.5,False,False,DATA-KURANG;GOODWILL,55.0
HLX,"Helix Energy Solutions Group, Inc.",Energy,Oil & Gas Equipment & Services,SP600,10.6,,2026-09-01,8.0,,,,,,,False,,,,19.5,,,,,,,,,,,,,,,999.0,,,,,,,,,,,,,12.25,15.6,,2.0,4.0,,,0.0,0.0,0.0,0.0,False,,,94.6,0.0,6.2,5.0,-0.19,,,,,,,,,,,,,,,,False,False,TIPIS;DATA-KURANG;BASI,0.0
HONA,Honeywell Aerospace,Industrials,Aerospace & Defense,SP500;NDX,154.07,,2026-10-01,76.0,,,,,661.5,0.63,True,,,,17.0,,,,,,,,,,,,,,,999.0,,,,,,,,,,,,,209.5,36.0,,2.38,14.0,,,1.0,1.0,0.0,1.0,False,,2026-09-01,78.7,2.0,,1.4,1.2,,,,,,,170.25,,,,,,6.2,45.6,-39.2,False,False,DATA-KURANG,0.0
LEG,Leggett & Platt,Consumer Discretionary,Home Furnishings,SP600,9.2,,2026-08-26,1.0,,,,,,,False,,,,9.0,,,,,,,,,,,,,,,999.0,,,,,,,,,,,,,10.0,8.7,,3.0,1.0,,,0.0,0.0,0.0,0.0,False,,,100.5,0.0,19.16,12.2,-0.02,,,,,,,,,,,,,,,,False,False,TIPIS;DATA-KURANG;BASI,0.0
MBGL,"Mobility Global, Inc.",Industrials,Data Processing & Outsourced Services,SP600,17.71,,2026-10-01,68.0,,,,,77.7,0.91,True,,,,10.9,,,,,,,,,,,,,,,999.0,,,,,,,,,,,,,24.6,38.9,,2.2,10.0,,,0.98,0.98,0.0,1.0,False,,2026-08-13,29.3,0.45,,1.5,0.82,,,,,,,19.91,,,,,,0.7,35.9,-12.8,False,False,DATA-KURANG,0.0
MFP,"Midera Food Processing, Inc.",Industrials,Industrial Machinery & Supplies & Components,SP600,41.55,,2026-10-01,68.0,,,,,21.3,1.0,True,,,,16.1,,,,,,,,,,,,,,,999.0,,,,,,,,,,,,,46.67,12.3,,,3.0,,,0.49,0.49,0.0,1.0,False,,2026-08-17,44.8,0.05,,3.3,0.02,,,,,,,45.22,,,,,,3.45,28.2,12.5,False,False,DATA-KURANG,0.0
Q,Qnity Electronics,Information Technology,Semiconductor Materials & Equipment,SP500,128.45,26.87,2026-10-01,234.0,TTM-4Q,2026-06-30,,,183.3,0.84,True,23.7,42.7,3.7,,4.2,2.3,3.1,-0.03,4.7,6.8,46.2,1.2,2.42,-3.8,,1.86,,3.09,999.0,-0.64,,,,,,,,,,,,,,,,,,-0.16,0.14,0.14,0.0,1.0,False,0.001,2026-08-11,,,,,0.15,0.0,0.0,0.0,14.8,-23.6,0.4,127.73,135.14,125.42,True,,,4.8,56.4,-11.7,False,False,DATA-KURANG;GOODWILL,80.0
SOLS,Solstice Advanced Materials,Materials,Specialty Chemicals,SP400,56.98,9.05,2026-10-01,239.0,TTM-4Q,2026-06-30,,,126.1,0.85,True,12.2,43.1,5.71,,8.2,2.3,2.2,-0.38,11.9,8.3,30.6,1.3,1.45,-6.7,,2.89,,2.52,8.4,0.84,,,,,,,,,,,,,,,,,,-0.09,0.0,0.0,0.0,0.0,False,0.0,,,,,,0.07,0.0,0.0,0.0,9.2,-59.3,0.4,59.56,71.7,69.1,True,,,2.25,43.8,-30.7,False,False,DATA-KURANG,80.0
SPCX,SpaceX,Communication Services,Telecommunications Services,NDX,148.07,,2026-10-01,77.0,,,,,14148.5,0.74,True,,,,,,,,,,,,,,,,,,,999.0,,,,,,,,,,,,,,,,,,,,0.0,0.0,0.0,0.0,False,,2026-09-22,,,,,0.0,,,,,,,138.14,,,,,,6.45,53.2,-10.9,False,False,DATA-KURANG,0.0
VGNT,Versigent PLC,Consumer Discretionary,Other Specialty Retail,SP600,46.26,,2026-10-01,130.0,,,,,35.5,0.74,True,,,,,,,,,,,,,,,,,,,999.0,,,,,,,,,,,,,,,,,,,,0.0,0.0,0.0,0.0,False,,2026-09-09,,,,,0.0,,,,,,,45.74,,,,,,1.78,50.5,12.2,False,False,DATA-KURANG,0.0
VSNT,"Versant Media Group, Inc.",Communication Services,Cable & Satellite,SP600,30.84,4.29,2026-10-01,200.0,FY,2025-12-31,,,61.8,1.54,True,2.3,4.6,0.42,,43.7,21.7,43.2,3.0,8.6,8.8,,,0.41,-9.0,,2.17,,2.4,97.8,0.25,,,,,,,,,,,,,,,,,,-0.55,0.0,0.0,0.0,0.0,False,0.0,,,,,,0.16,0.0,0.0,0.0,-5.3,-31.8,,37.09,38.14,37.51,,,,1.21,22.4,-20.8,False,False,DATA-KURANG,55.0
