Ticker,CIK,Insider_Beli90H_JutaUSD,Insider_Jual90H_JutaUSD,Insider_Net90H_JutaUSD,Insider_Pembeli90H,Insider_Penjual90H,Insider_Transaksi90H,Insider_Rencana90H,Insider_ClusterBuy,Insider_ClusterTgl,Insider_Terakhir,Institusi_Pct,Institusi_Pct_Lalu,Institusi_Delta,Short_PctFloat,Short_Ratio,Short_Lembar,Short_Lembar_Lalu,Target_Rata,Target_Tinggi,Target_Rendah,Target_Revisi,Target_Revisi_Umur,Rekom_Rata,Jumlah_Analis,EPS_Fwd,Surprise_Terakhir,Surprise_Rata4Q,Surprise_Tanggal,Earnings_Berikut,Catatan_SM
A,1090872.0,0.0,0.09597175,-0.09597175,0.0,1.0,1.0,0.0,False,,2026-09-04,95.495003,95.459,0.03600299999999379,2.0499999,2.14,5078629.0,5170553.0,175.42857,190.0,155.0,,,1.78261,21.0,6.75735,9.01,3.645,2026-08-26,2026-11-25,
AA,1675149.0,0.0,1.3472305516,-1.3472305516,0.0,4.0,4.0,0.0,False,,2026-08-31,85.890996,85.874003,0.01699299999999937,4.5500003,3.12,11984650.0,10933734.0,63.05833,80.0,49.7,,,1.84615,12.0,5.6706,-3.21,18.73,2026-07-16,2026-10-15,
AAL,6201.0,0.0,3.4746164052,-3.4746164052,0.0,2.0,7.0,0.0,False,,2026-07-31,78.603,78.602,0.000999999999990564,13.930000000000001,1.42,91609119.0,64750222.0,17.32609,25.0,10.0,,,2.28,23.0,2.02629,227.58,56.0625,2026-07-23,2026-10-22,
AAMI,1748824.0,0.0,2.2351610354000004,-2.2351610354000004,0.0,1.0,4.0,0.0,False,,2026-08-04,109.322,109.244,0.07800000000000296,4.6,2.55,1071734.0,887656.0,91.0,98.0,80.0,,,3.0,3.0,6.48,29.76,13.920000000000002,2026-07-30,2026-10-29,
AAON,824142.0,0.10958394,0.0,0.10958394,2.0,0.0,2.0,0.0,True,2026-09-15,2026-09-15,85.458,85.457003,0.0009969999999981383,7.090000000000001,4.43,4870610.0,4253205.0,134.75,154.0,110.0,,,1.5,4.0,3.49833,39.68,25.66,2026-08-10,2026-11-05,
AAP,1158449.0,0.0,0.0,0.0,0.0,0.0,0.0,0.0,False,,,127.16499999999999,127.14499,0.020009999999984984,27.629998,3.99,10297794.0,9999484.0,50.21053,70.0,33.0,,,3.0,19.0,3.91327,28.19,59.155,2026-08-20,2026-11-05,
AAPL,320193.0,0.0,0.0,0.0,0.0,0.0,0.0,7.0,False,,2026-09-22,66.34400000000001,66.34100000000001,0.0030000000000001137,0.88,3.03,128753092.0,116327753.0,328.22205,405.0,215.0,,,2.20455,39.0,9.58535,6.74,5.2425,2026-07-30,2026-10-29,
AAT,1500217.0,20.059590810000003,0.0,20.059590810000003,1.0,0.0,18.0,0.0,False,,2026-09-14,118.854,118.844,0.010000000000005116,7.1499999999999995,4.26,1907533.0,1248079.0,23.5,24.0,23.0,,,3.66667,2.0,,-10.0,-24.2475,2026-07-28,2026-10-27,
ABBV,1551152.0,0.0,8.1775,-8.1775,0.0,1.0,1.0,0.0,False,,2026-08-14,77.365,77.36,0.0049999999999954525,1.23000005,4.44,19494556.0,18299894.0,278.60715,328.0,200.0,,,1.7,28.0,16.25802,1.15,1.6925000000000003,2026-07-31,2026-10-29,
ABCB,351569.0,0.0,0.0,0.0,0.0,0.0,0.0,0.0,False,,,101.416,101.392,0.02400000000000091,5.91,8.18,2742830.0,2583535.0,94.16667,100.0,88.0,,,2.28571,6.0,7.02857,-3.61,1.5500000000000003,2026-07-23,2026-10-26,
ABG,1144980.0,0.0,0.2372607948,-0.2372607948,0.0,1.0,1.0,0.0,False,,2026-07-29,107.62100000000001,107.62,0.0010000000000047748,12.47,6.52,1301434.0,1064265.0,258.36365,315.0,190.0,,,,11.0,30.28252,8.13,2.165,2026-07-28,2026-10-27,
ABM,771497.0,0.0,0.1793460834,-0.1793460834,0.0,1.0,1.0,1.0,False,,2026-07-16,102.44500000000001,102.407,0.038000000000010914,4.9200002,4.17,2014393.0,1884396.0,55.92857,68.0,49.0,,,,7.0,4.3525,2.58,-4.715,2026-09-08,2026-12-16,
ABNB,1559720.0,0.0,0.0,0.0,0.0,0.0,0.0,107.0,False,,2026-09-15,89.358,89.352,0.006000000000000227,3.5000000000000004,3.24,14488469.0,12860433.0,184.35,220.0,135.0,,,2.0,40.0,6.18687,9.48,-6.265,2026-08-06,2026-11-05,
ABR,1253986.0,0.13159105000000001,0.0,0.13159105000000001,1.0,0.0,3.0,0.0,False,,2026-08-31,67.85900000000001,67.85900000000001,0.0,0.0,0.0,3658.0,12656.0,5.875,8.0,5.0,,,,4.0,0.534,257.14,72.3175,2026-07-31,2026-10-30,
ABT,1800.0,0.0,46.85026145999999,-46.85026145999999,0.0,3.0,4.0,0.0,False,,2026-09-02,81.824,81.82300000000001,0.000999999999990564,1.2899999500000001,2.48,19911199.0,20375133.0,120.2636,135.0,103.0,,,1.51852,25.0,6.06545,2.61,0.8325,2026-07-16,2026-10-14,
ACA,1739445.0,0.0,0.0,0.0,0.0,0.0,0.0,0.0,False,,,93.753,93.746,0.007000000000005002,3.8,2.71,1564980.0,874446.0,146.66667,150.0,140.0,,,,3.0,5.1195,-4.52,42.1125,2026-08-05,2026-10-29,
ACAD,1070494.0,0.0,0.0,0.0,0.0,0.0,0.0,5.0,False,,2026-08-06,99.777,99.763,0.013999999999995794,8.870000000000001,6.94,9666972.0,9478912.0,32.15789,49.0,17.0,,,1.8,19.0,0.88853,317.25,106.715,2026-08-04,2026-11-04,
ACGL,947484.0,0.0,1.093528614,-1.093528614,0.0,1.0,1.0,0.0,False,,2026-08-18,94.148004,94.148004,0.0,2.5,2.5,7258342.0,7292778.0,111.65789,134.0,95.0,,,2.25,19.0,9.75081,3.99,11.040000000000001,2026-07-28,2026-10-26,
ACHC,1520697.0,0.0,0.0,0.0,0.0,0.0,0.0,0.0,False,,,147.364,147.198,0.16599999999999682,35.480000000000004,14.29,21509968.0,20952409.0,33.78571,41.0,17.0,,,2.0,14.0,1.84676,9.74,162.91,2026-07-28,2026-11-04,
ACI,1646972.0,2.5155422990000003,0.0,2.5155422990000003,3.0,0.0,4.0,0.0,True,2026-07-28,2026-07-31,96.54,96.542,-0.001999999999995339,17.07,8.04,55956616.0,51725053.0,14.1875,24.0,10.0,,,,16.0,1.84959,-21.99,0.8325000000000005,2026-07-23,2026-10-13,
ACIW,935036.0,0.0,0.0,0.0,0.0,0.0,0.0,0.0,False,,,106.11699999999999,106.116,0.000999999999990564,9.2,8.32,6427049.0,6028918.0,67.33333,70.0,66.0,,,,3.0,3.89,1.89,6.1375,2026-08-06,2026-11-05,
ACLS,1113232.0,0.0,0.0,0.0,0.0,0.0,0.0,0.0,False,,,103.351,103.323,0.028000000000005798,6.7,4.51,1434982.0,1682955.0,161.0,198.0,140.0,,,2.8,3.0,5.268,18.57,18.475,2026-08-06,2026-11-03,
ACM,868857.0,0.0,0.0,0.0,0.0,0.0,0.0,0.0,False,,,95.975995,95.992,-0.01600500000000693,6.22,2.92,6336477.0,5116228.0,86.91667,106.0,65.0,,,1.46154,12.0,6.39541,-134.17,-29.527499999999996,2026-08-10,2026-11-17,
ACMR,1680062.0,0.0,0.0,0.0,0.0,0.0,0.0,15.0,False,,2026-09-09,78.008,77.961,0.046999999999997044,7.64,4.51,4136685.0,3285493.0,115.875,166.0,75.0,,,1.44444,8.0,2.89275,81.19,21.044999999999998,2026-08-07,2026-11-04,
ACN,1467373.0,0.0,0.0119663,-0.0119663,0.0,1.0,1.0,5.0,False,,2026-08-14,82.515997,82.5,0.015996999999998707,4.5300003,5.19,24818048.0,23335476.0,192.48792,275.0,130.0,,,2.22222,24.0,14.6731,2.46,3.3899999999999997,2026-06-18,2026-10-01,
ACT,1823529.0,0.0,84.5519785582,-84.5519785582,0.0,2.0,4.0,0.0,False,,2026-08-31,22.625,22.625,0.0,12.25,7.22,2751139.0,2405822.0,50.2,53.0,48.0,,,2.66667,5.0,5.06858,6.12,5.032500000000001,2026-08-05,2026-11-09,
ADAM,1273685.0,0.0,0.0,0.0,0.0,0.0,0.0,0.0,False,,,57.616,57.616,0.0,4.2700000000000005,4.11,3176986.0,2887073.0,12.125,24.0,9.5,,,2.57143,6.0,1.24805,21.12,20.705,2026-07-29,2026-10-28,
ADBE,796343.0,0.0,31.454837494199996,-31.454837494199996,0.0,2.0,13.0,0.0,False,,2026-09-17,89.002997,87.154996,1.8480009999999965,5.21,3.63,18496677.0,17970237.0,278.15485,377.07,195.0,,,2.76923,33.0,27.67328,0.71,2.0725,2026-09-10,2026-12-09,
ADC,917251.0,4.14287032,0.0,4.14287032,3.0,0.0,6.0,0.0,True,2026-09-16,2026-09-21,117.70201,117.74501,-0.042999999999992156,0.0,0.0,1698.0,9277.0,83.83333,93.0,72.0,,,1.85,18.0,1.933,-1.54,1.285,2026-07-30,2026-10-20,
ADEA,1803696.0,0.0,0.0,0.0,0.0,0.0,0.0,0.0,False,,,105.783,105.77201,0.010990000000006717,11.8599996,9.02,7471140.0,7618674.0,43.0,50.0,39.0,,,1.5,4.0,1.60075,10.39,5.8175,2026-08-03,2026-11-02,
ADI,6281.0,0.0,0.0,0.0,0.0,0.0,0.0,59.0,False,,2026-09-22,93.841004,93.808,0.03300399999999115,1.9900000000000002,2.33,8621427.0,8403888.0,470.71875,675.0,365.0,,,1.38235,32.0,16.34812,3.32,4.305,2026-08-19,2026-11-24,
ADIG,2105139.0,0.0,0.0,0.0,0.0,0.0,0.0,0.0,False,,,23.589,23.033,0.5559999999999974,,4.07,3215706.0,2365900.0,28.5,35.0,24.0,,,2.0,4.0,1.83208,,,,2026-11-12,
ADM,7084.0,0.0,0.0,0.0,0.0,0.0,0.0,0.0,False,,,88.972,88.953,0.018999999999991246,3.9699999999999998,4.01,14598260.0,12248844.0,80.4,95.0,60.0,,,3.0,10.0,5.67012,28.02,13.225,2026-08-04,2026-11-03,
ADMA,1368514.0,0.0,0.0,0.0,0.0,0.0,0.0,0.0,False,,,93.211,93.185997,0.02500299999999811,13.319999,12.18,24206749.0,22683647.0,17.0,21.0,12.0,,,,4.0,0.94333,3.53,-0.3200000000000002,2026-08-05,2026-11-04,
ADNT,1670541.0,0.0,0.15097775,-0.15097775,0.0,1.0,1.0,0.0,False,,2026-09-02,101.942,101.91001,0.0319899999999933,10.609999,8.43,6752775.0,6190342.0,29.54545,64.0,21.0,,,1.91667,11.0,3.0408,-15.93,18.96,2026-08-05,2026-11-04,
ADP,8670.0,0.0,0.0,0.0,0.0,0.0,0.0,23.0,False,,2026-09-03,91.74799999999999,91.499,0.24899999999999523,2.96,5.08,10508337.0,11138012.0,287.6,322.0,225.0,,,2.72222,15.0,13.39844,1.58,1.9449999999999998,2026-07-29,2026-10-28,
ADSK,769397.0,0.0,0.0,0.0,0.0,0.0,0.0,0.0,False,,,101.56701,101.568,-0.0009900000000016007,4.4499997,3.71,8341914.0,7416942.0,308.65912,375.0,215.0,,,1.52778,34.0,14.19939,5.64,6.3725000000000005,2026-08-27,2026-11-27,
ADT,1703056.0,0.0,0.0,0.0,0.0,0.0,0.0,0.0,False,,,110.31899999999999,110.435,-0.11600000000001387,5.63,3.79,24262728.0,26424190.0,8.23,9.0,7.0,,,,5.0,0.98523,3.09,6.085,2026-07-30,2026-11-05,
ADUS,1468328.0,0.0,0.0,0.0,0.0,0.0,0.0,0.0,False,,,108.102,108.052,0.04999999999999716,5.6799997,4.56,879964.0,1013422.0,133.53847,155.0,96.0,,,1.71429,13.0,7.50907,1.87,2.76,2026-08-03,2026-11-02,
AEE,1002910.0,0.0,0.13286020999999998,-0.13286020999999998,0.0,2.0,3.0,2.0,False,,2026-09-11,90.21299499999999,90.207,0.00599499999999864,4.9799999999999995,8.9,12135965.0,12525882.0,119.53333,136.0,107.0,,,1.75,15.0,5.8076,4.18,6.182499999999999,2026-07-30,2026-11-04,
AEIS,927003.0,0.0,0.0,0.0,0.0,0.0,0.0,23.0,False,,2026-09-08,102.395,102.397,-0.0020000000000095497,6.23,3.53,1818246.0,1727827.0,429.08334,535.0,370.0,,,1.33333,12.0,15.33973,23.8,14.1725,2026-08-03,2026-11-03,
AEO,919012.0,0.0,0.09704106,-0.09704106,0.0,2.0,2.0,1.0,False,,2026-07-17,102.81401,103.457,-0.6429899999999975,12.740000000000002,2.31,16904324.0,17017435.0,18.36364,27.0,15.0,,,2.92857,11.0,1.91978,259.09,70.1925,2026-09-09,2026-12-01,
AEP,4904.0,0.0,0.0,0.0,0.0,0.0,0.0,1.0,False,,2026-09-08,94.315004,94.308996,0.006008000000008451,4.7,7.87,25607447.0,23333138.0,142.975,173.0,128.0,,,2.0,20.0,6.85684,-8.2,-0.06749999999999967,2026-07-30,2026-10-29,
AES,874761.0,0.0,0.0,0.0,0.0,0.0,0.0,0.0,False,,,91.586,91.59,-0.0040000000000048885,2.5999999,2.42,18476963.0,17221477.0,15.0,15.0,15.0,,,3.0,8.0,2.3705,-6.05,33.28999999999999,2026-08-04,2026-11-04,
AESI,1984060.0,0.0,0.0,0.0,0.0,0.0,0.0,0.0,False,,,87.845004,87.821996,0.02300800000000436,26.770001999999998,7.83,24004387.0,23871980.0,17.75,25.0,10.0,,,2.41667,12.0,0.08,-88.67,-250.85,2026-08-03,2026-11-02,
AFG,1042046.0,0.0,13.715511254,-13.715511254,0.0,4.0,5.0,0.0,False,,2026-09-14,68.415,68.408996,0.006004000000004339,2.5,5.41,1723256.0,1690044.0,155.83333,175.0,136.0,,,2.42857,6.0,12.13857,18.92,8.23,2026-08-04,2026-11-03,
AFL,4977.0,0.0,1.5578939299999999,-1.5578939299999999,0.0,1.0,2.0,56.0,False,,2026-09-23,60.115004000000006,60.108,0.007004000000009114,2.9899999999999998,5.46,11592013.0,10997420.0,118.53333,138.0,99.0,,,3.2,15.0,7.54144,-0.45,7.454999999999998,2026-08-06,2026-11-04,
AGCO,880266.0,0.10071,57.6680211612,-57.5673111612,1.0,4.0,7.0,0.0,False,,2026-09-15,98.095,98.094004,0.000996000000000663,6.0599998,2.81,3481853.0,3599949.0,124.0,151.0,98.0,,,2.5,15.0,7.46318,-3.14,34.392500000000005,2026-07-30,2026-10-30,
AGNC,1423689.0,0.0,0.221,-0.221,0.0,1.0,3.0,0.0,False,,2026-08-19,42.793,,,9.19,5.59,108524898.0,105315393.0,11.05556,12.0,10.0,,,,9.0,1.50122,4.91,-40.362500000000004,2026-07-20,2026-10-19,
AGNT,1495932.0,0.0,31.9913072,-31.9913072,0.0,1.0,1.0,0.0,False,,2026-09-03,41.825,41.821000000000005,0.003999999999997783,14.799999999999999,10.65,14808997.0,13131284.0,5.375,6.0,4.75,,,,2.0,0.3,37.13,-52.1975,2026-08-04,2026-11-05,
AGO,1273813.0,0.0,0.0,0.0,0.0,0.0,0.0,0.0,False,,,96.46900000000001,96.467,0.0020000000000095497,7.739999999999999,5.82,2277921.0,2162184.0,91.0,97.0,85.0,,,1.33333,3.0,7.0398,-23.17,36.46249999999999,2026-08-06,2026-11-05,
AGX,100591.0,0.0,3.3132222400000004,-3.3132222400000004,0.0,1.0,1.0,0.0,False,,2026-07-31,112.396,112.396,0.0,9.520000000000001,3.31,1299081.0,1016152.0,573.0,800.0,273.0,,,,6.0,16.23001,38.87,42.5725,2026-06-04,2026-12-03,
AGYS,78749.0,0.0,23.046536579999998,-23.046536579999998,0.0,4.0,7.0,0.0,False,,2026-09-01,106.96499,106.932,0.032989999999998076,7.35,7.21,1656422.0,1490203.0,134.5,159.0,118.0,,,1.5,6.0,3.20125,21.74,11.2425,2026-07-27,2026-10-26,
AHCO,1725255.0,0.52053,0.0,0.52053,2.0,0.0,4.0,1.0,True,2026-08-06,2026-08-07,108.50800000000001,108.49199,0.016010000000008517,9.609999499999999,3.45,9633037.0,7603417.0,9.0,10.0,7.0,,,1.14286,7.0,-0.124,-139.52,-173.11249999999998,2026-08-04,2026-11-03,
AHR,1632970.0,0.0,0.0,0.0,0.0,0.0,0.0,1.0,False,,2026-09-01,99.197996,99.183,0.014995999999996457,12.959999999999999,9.69,24871701.0,29502599.0,64.4,74.0,55.0,,,1.4,15.0,0.99,11.48,18.162499999999998,2026-08-06,2026-11-05,
AIG,5272.0,0.0,0.0,0.0,0.0,0.0,0.0,3.0,False,,2026-08-13,100.318,100.31099,0.0070099999999939655,2.33,2.88,10535266.0,7908737.0,88.45,101.0,80.0,,,2.31818,20.0,8.78651,3.74,11.8025,2026-08-06,2026-11-04,
AIN,819793.0,0.0,0.0,0.0,0.0,0.0,0.0,0.0,False,,,107.311,107.264,0.047000000000011255,5.1599998000000005,4.02,1075103.0,868515.0,65.66667,75.0,61.0,,,,3.0,3.1717,11.55,3.8625000000000003,2026-08-04,2026-11-04,
AIR,1750.0,0.0,0.0,0.0,0.0,0.0,0.0,0.0,False,,,102.608,102.607,0.0010000000000047748,4.099999700000001,4.04,1599093.0,1352216.0,145.2,155.0,128.0,,,1.875,5.0,6.54143,10.53,10.6375,2026-07-21,2026-09-29,
AIT,109563.0,0.0,1.291648962,-1.291648962,0.0,2.0,2.0,0.0,False,,2026-08-26,98.494005,98.472,0.022005000000007158,2.8099999,3.34,896045.0,648100.0,400.0,420.0,390.0,,,1.5,6.0,13.22714,8.65,3.8375000000000004,2026-08-13,2026-10-27,
AIZ,1267238.0,0.0,1.1889895219,-1.1889895219,0.0,1.0,1.0,0.0,False,,2026-08-06,99.821,99.818003,0.002996999999993477,3.55,4.19,1320781.0,1149272.0,330.0,355.0,320.0,,,1.42857,6.0,23.43346,23.73,17.8525,2026-08-04,2026-11-03,
AJG,354190.0,0.0,7.5630138,-7.5630138,0.0,4.0,4.0,0.0,False,,2026-09-15,95.515996,95.513,0.002995999999996002,2.52,4.67,6372633.0,5846996.0,289.66666,388.0,250.0,,,1.72727,18.0,14.86305,0.94,-1.3049999999999997,2026-07-30,2026-10-29,
AKAM,1086222.0,0.0,0.0,0.0,0.0,0.0,0.0,2.0,False,,2026-09-15,113.73100000000001,113.753,-0.02199999999999136,15.370000000000001,6.13,18794670.0,19706937.0,158.79173,225.0,93.0,,,2.08,23.0,6.85427,0.83,5.0025,2026-08-06,2026-11-05,
AKR,899629.0,0.0,0.0,0.0,0.0,0.0,0.0,0.0,False,,,123.18800999999999,123.181,0.0070099999999939655,21.190001,8.32,12695306.0,16699437.0,24.71429,26.0,23.0,,,1.33333,7.0,0.34,68.25,29.2725,2026-07-28,2026-10-27,
ALAB,1736297.0,0.0,64.00846602540001,-64.00846602540001,0.0,3.0,54.0,122.0,False,,2026-09-02,75.998,75.947,0.05100000000000193,6.569999999999999,2.42,8685910.0,8753228.0,389.9527,500.0,190.0,,,1.80769,23.0,6.39348,15.62,16.8325,2026-08-04,2026-11-03,
ALB,915913.0,0.0,0.0,0.0,0.0,0.0,0.0,0.0,False,,,101.781,101.763,0.018000000000000682,0.04,0.02,42177.0,68494.0,171.564,225.0,83.28,,,1.95455,20.0,11.29725,15.71,52.51,2026-08-05,2026-11-04,
ALG,897077.0,0.0,0.8895308799999999,-0.8895308799999999,0.0,1.0,2.0,0.0,False,,2026-09-04,100.172,100.153,0.018999999999991246,5.9899997,3.29,524690.0,497779.0,204.8,216.0,188.0,,,1.75,5.0,12.176,2.92,-4.535,2026-08-03,2026-11-05,
ALGM,866291.0,0.0,0.0,0.0,0.0,0.0,0.0,2.0,False,,2026-08-17,80.773,80.761003,0.011996999999993818,10.609999,4.92,10439912.0,9893658.0,54.81818,62.0,48.0,,,1.33333,11.0,1.47618,8.82,5.5075,2026-07-30,2026-10-29,
ALGN,1097149.0,0.0,0.0,0.0,0.0,0.0,0.0,0.0,False,,,105.155,105.15699,-0.0019899999999921647,6.280000500000001,4.59,3901037.0,3426703.0,206.35715,235.0,170.0,,,2.0,14.0,12.50527,1.72,8.432500000000001,2026-07-29,2026-10-28,
ALGT,1362468.0,0.0,0.0,0.0,0.0,0.0,0.0,0.0,False,,,99.778,99.757004,0.020996000000010895,10.35,4.44,2381823.0,1611457.0,124.92857,165.0,100.0,,,1.57143,14.0,10.78396,72.85,26.919999999999998,2026-08-04,2026-11-04,
ALHC,1832466.0,0.0,1.75835447,-1.75835447,0.0,2.0,2.0,9.0,False,,2026-09-17,115.96199,115.93499,0.027000000000001023,12.2,4.56,24618078.0,23534830.0,22.23077,28.0,13.0,,,1.5,13.0,0.7525,24.35,310.58,2026-07-30,2026-10-29,
ALK,766421.0,1.00151,0.2632563,0.7382536999999999,1.0,1.0,2.0,0.0,False,,2026-08-20,94.268,94.268996,-0.000996000000000663,11.59,4.87,11512393.0,10826720.0,57.90625,92.0,37.0,,,1.5,16.0,4.47824,7.24,73.515,2026-07-21,2026-10-22,
ALKS,1520262.0,0.0,2.239076256,-2.239076256,0.0,1.0,1.0,9.0,False,,2026-09-03,107.856,107.903,-0.047000000000011255,12.520000000000001,11.23,15156775.0,14761342.0,56.55556,83.0,38.0,,,1.73684,18.0,1.80824,141.33,317.6525,2026-07-28,2026-10-28,
ALL,899051.0,0.0,23.7573166755,-23.7573166755,0.0,2.0,5.0,0.0,False,,2026-08-11,86.166,86.173,-0.007000000000005002,0.01,0.01,13425.0,12311.0,276.0909,334.0,191.0,,,2.6,22.0,27.74057,48.03,55.045,2026-08-05,2026-11-04,
ALLE,1579241.0,0.0269076,1.2658258299999998,-1.2389182299999997,1.0,3.0,4.0,3.0,False,,2026-08-28,105.34999,105.329,0.020990000000011833,3.54,2.26,2998751.0,3900137.0,174.63635,200.0,160.0,,,2.27273,11.0,9.77328,8.29,0.9324999999999999,2026-07-23,2026-10-22,
ALLY,40729.0,0.0,0.0,0.0,0.0,0.0,0.0,1.0,False,,2026-08-04,88.744,88.74299500000001,0.001004999999992151,4.93,4.82,14956175.0,12931332.0,53.22778,58.0,45.0,,,1.5,18.0,6.2627,-1.02,9.382499999999999,2026-07-21,2026-10-20,
ALNY,1178670.0,0.0,0.0,0.0,0.0,0.0,0.0,0.0,False,,,101.667,101.636,0.03100000000000591,7.16,4.19,7194097.0,4770978.0,371.35385,536.0,256.0,,,1.68966,26.0,12.47148,-14.21,17.677500000000002,2026-07-30,2026-10-29,
ALRM,1459200.0,0.0,0.297378,-0.297378,0.0,1.0,1.0,2.0,False,,2026-08-24,101.72699999999999,101.683,0.04399999999998272,9.090000400000001,7.88,2955286.0,2727976.0,63.0,85.0,40.0,,,,5.0,3.07,18.89,15.7525,2026-08-06,2026-11-05,
ALSN,1411207.0,0.0,4.1674678965,-4.1674678965,0.0,3.0,5.0,0.0,False,,2026-08-21,106.96799999999999,106.961,0.006999999999990791,4.0599998,3.31,2419049.0,3132232.0,140.4,185.0,115.0,,,2.4,10.0,11.29765,4.46,4.7725,2026-08-03,2026-10-29,
ALV,1034670.0,0.0,0.0,0.0,0.0,0.0,0.0,0.0,False,,,84.66799999999999,84.667,0.000999999999990564,7.22,8.25,4595987.0,4221620.0,134.3125,148.0,118.0,,,2.05556,16.0,11.79181,-2.04,8.1075,2026-07-17,2026-10-23,
AM,1623925.0,0.0,0.45851,-0.45851,0.0,2.0,2.0,0.0,False,,2026-08-06,60.963,60.962003,0.0009969999999981383,3.66,5.27,12080301.0,10495878.0,24.0,26.0,22.0,,,2.85714,7.0,1.61188,-18.1,-6.76,2026-07-29,2026-10-28,
AMAT,6951.0,0.0,59.60969573999999,-59.60969573999999,0.0,3.0,6.0,0.0,False,,2026-09-08,86.26899999999999,86.256,0.012999999999991019,1.78,2.2,14108387.0,11875178.0,640.8857,900.0,358.0,,,1.46154,35.0,18.47185,3.11,5.2875,2026-08-13,2026-11-12,
AMCR,1748790.0,0.0,0.0,0.0,0.0,0.0,0.0,0.0,False,,,79.73700000000001,79.721,0.016000000000005343,5.0100001999999995,6.25,21542903.0,21396274.0,50.17917,60.0,42.0,,,2.07143,12.0,4.35667,4.24,3.04,2026-08-12,2026-11-05,
AMD,2488.0,0.0,7.723649999999999,-7.723649999999999,0.0,1.0,1.0,77.0,False,,2026-09-15,75.401,75.39,0.01099999999999568,2.4600001,2.23,39975696.0,40065798.0,618.508,1250.0,365.0,,,1.49091,50.0,15.57829,3.21,6.8725000000000005,2026-08-04,2026-11-03,
AME,1037868.0,1.0234,1.678432,-0.655032,1.0,1.0,2.0,0.0,False,,2026-08-11,92.649,92.657995,-0.008994999999998754,1.46,2.09,2953231.0,2947003.0,278.33334,316.0,217.0,,,1.75,18.0,9.62001,4.81,4.84,2026-08-04,2026-10-29,
AMG,1004434.0,0.0,0.0,0.0,0.0,0.0,0.0,0.0,False,,,100.57499999999999,100.532,0.042999999999992156,5.41,3.88,1039423.0,675879.0,437.57144,512.0,360.0,,,1.42857,7.0,42.78273,4.69,4.405,2026-07-30,2026-11-02,
AMGN,318154.0,0.0,4.1068120642,-4.1068120642,0.0,3.0,6.0,0.0,False,,2026-08-13,85.016,85.006,0.010000000000005116,2.5999999,5.4,14063517.0,12039849.0,389.21967,457.0,225.0,,,2.64706,29.0,24.44897,11.97,11.105,2026-08-04,2026-11-03,
AMH,1562401.0,0.53014,0.0,0.53014,2.0,0.0,16.0,0.0,True,2026-08-11,2026-09-11,93.289,93.31,-0.021000000000000796,4.67,5.77,11598362.0,9849131.0,37.11364,42.0,31.0,,,2.0,22.0,0.67623,111.87,86.6375,2026-07-30,2026-10-28,
AMKR,1047127.0,0.0,2.897637,-2.897637,0.0,2.0,3.0,6.0,False,,2026-09-08,48.696998,48.696998,0.0,16.08,2.19,9900880.0,9634298.0,76.4,92.0,65.0,,,,10.0,2.80635,45.4,39.2725,2026-07-27,2026-10-26,
AMN,1142750.0,0.0,0.0,0.0,0.0,0.0,0.0,0.0,False,,,124.826,124.792,0.033999999999991815,10.6800005,6.23,3488132.0,3163114.0,36.14286,40.0,28.0,,,2.55556,7.0,0.93659,307.77,103.745,2026-08-06,2026-11-05,
AMP,820027.0,0.0,26.1450408304,-26.1450408304,0.0,5.0,11.0,0.0,False,,2026-08-10,91.63700299999999,91.636,0.0010029999999972006,4.1300002000000005,6.15,2730471.0,2471490.0,579.4545,645.0,489.0,,,2.5,11.0,51.66846,2.37,4.695,2026-07-23,2026-10-29,
AMPH,1297184.0,0.0,0.4765618417,-0.4765618417,0.0,2.0,3.0,2.0,False,,2026-09-21,69.594,69.585,0.009000000000000341,25.590000000000003,12.47,4994808.0,5385239.0,22.5,30.0,20.0,,,,6.0,3.18156,48.26,-0.005000000000000782,2026-08-06,2026-11-05,
AMR,1704715.0,12.635231529999999,0.0,12.635231529999999,2.0,0.0,26.0,0.0,True,2026-08-21,2026-09-08,90.481,90.459996,0.021003999999990697,14.719999999999999,3.45,1288121.0,1673508.0,180.0,195.0,160.0,,,,3.0,18.25829,1.03,29.090000000000003,2026-08-07,2026-11-06,
AMRX,1723128.0,0.0,7.216566630000001,-7.216566630000001,0.0,3.0,4.0,0.0,False,,2026-08-13,48.431998,48.393002,0.038995999999997366,4.6,7.16,11289778.0,9514369.0,22.71429,27.0,20.0,,,1.42857,7.0,1.19257,30.28,31.715,2026-07-30,2026-10-29,
AMSF,1018979.0,0.0,0.0,0.0,0.0,0.0,0.0,0.0,False,,,97.021,96.989,0.031999999999996476,7.340000000000001,2.75,1120147.0,685502.0,35.66667,42.0,32.0,,,,3.0,2.01667,-15.92,-9.8525,2026-07-21,2026-10-28,
AMT,1053507.0,0.500733,0.8944499999999999,-0.3937169999999999,1.0,1.0,2.0,2.0,False,,2026-08-21,96.76599999999999,96.757007,0.008992999999989593,1.5,2.96,6084092.0,7032065.0,215.69565,260.0,188.0,,,1.52,23.0,7.01004,20.65,16.7,2026-07-28,2026-10-27,
AMTM,2011286.0,0.0,0.0,0.0,0.0,0.0,0.0,0.0,False,,,109.653,109.652,0.0010000000000047748,7.95,5.78,12229137.0,10651434.0,29.58333,40.0,21.0,,,2.41667,12.0,2.63953,9.65,6.845000000000001,2026-08-10,2026-12-14,
AMZN,1018724.0,0.0,0.0,0.0,0.0,0.0,0.0,27.0,False,,2026-09-01,68.711,68.711,0.0,0.83,2.51,81440414.0,95300129.0,329.5393,405.0,230.0,,,1.32203,57.0,10.39363,215.02,77.36500000000001,2026-07-30,2026-10-29,
AN,350698.0,0.0,0.198,-0.198,0.0,1.0,1.0,0.0,False,,2026-08-05,101.261,101.279,-0.018000000000000682,11.9799994,6.54,2637336.0,2000904.0,245.66667,300.0,210.0,,,1.61538,12.0,24.98197,1.78,2.8375,2026-07-31,2026-10-29,
ANDE,821026.0,0.0,0.0,0.0,0.0,0.0,0.0,1.0,False,,2026-07-22,93.8,93.754995,0.04500500000000329,5.88,3.48,1368509.0,958479.0,88.33333,90.0,85.0,,,1.0,3.0,6.38333,44.94,54.65,2026-08-03,2026-11-03,
ANET,1596532.0,0.0,0.0,0.0,0.0,0.0,0.0,231.0,False,,2026-09-21,73.334,73.329,0.005000000000009663,1.27,2.62,13245323.0,12873977.0,241.92892,289.0,190.0,,,1.29032,28.0,5.18742,15.18,9.015,2026-08-04,2026-11-03,
ANF,1018840.0,0.0,6.295392,-6.295392,0.0,4.0,5.0,4.0,False,,2026-09-04,115.55899000000001,115.558,0.0009900000000016007,17.25,2.17,5270080.0,4039347.0,163.54546,185.0,134.0,,,,11.0,12.84079,111.93,34.835,2026-08-26,2026-11-25,
ANIP,1023024.0,0.0,0.243474,-0.243474,0.0,1.0,1.0,10.0,False,,2026-09-15,107.06500000000001,107.058,0.007000000000005002,13.209999999999999,7.01,2490166.0,3420781.0,105.77778,121.0,85.0,,,1.77778,9.0,10.48531,8.22,24.7725,2026-08-07,2026-11-06,
AON,315293.0,6.54968829,0.0,6.54968829,1.0,0.0,6.0,7.0,False,,2026-09-02,93.17,93.113,0.05700000000000216,1.76,2.55,3695919.0,3368629.0,383.8421,435.0,264.0,,,2.14286,19.0,20.28863,0.27,2.2625,2026-07-29,2026-10-30,
AORT,784199.0,0.0,2.5956760869999997,-2.5956760869999997,0.0,4.0,7.0,0.0,False,,2026-09-10,96.29900500000001,96.287,0.012005000000002042,8.09,5.17,3284198.0,2745747.0,42.15,48.0,38.0,,,1.25,8.0,0.74833,34.48,0.29999999999999893,2026-08-06,2026-11-05,
AOS,91142.0,0.0,0.0,0.0,0.0,0.0,0.0,0.0,False,,,118.018,118.015,0.0030000000000001137,11.14,8.2,10608536.0,10713077.0,69.90909,84.0,59.0,,,2.53846,11.0,4.08631,11.48,3.035,2026-07-30,2026-10-27,
AOSL,1387467.0,0.0,0.0,0.0,0.0,0.0,0.0,1.0,False,,2026-07-16,76.941,76.861,0.0799999999999983,13.59,5.23,2922868.0,3056614.0,43.75,58.0,34.0,,,,4.0,0.315,45.83,5.119999999999997,2026-08-12,2026-11-09,
APA,1841666.0,0.0,0.0,0.0,0.0,0.0,0.0,0.0,False,,,110.14500000000001,110.156,-0.01099999999999568,9.21,4.67,24498195.0,26113640.0,45.96,62.0,36.0,,,2.55556,25.0,4.4702,1.01,20.3075,2026-08-05,2026-11-04,
APAM,1517302.0,0.0,0.2981426,-0.2981426,0.0,1.0,1.0,0.0,False,,2026-08-19,100.002,99.98,0.02199999999999136,6.859999999999999,5.06,3724843.0,3464468.0,39.5,45.0,35.0,,,,4.0,3.97,3.01,4.455,2026-07-28,2026-10-27,
APD,2969.0,0.0,0.0,0.0,0.0,0.0,0.0,0.0,False,,,93.072,93.09,-0.018000000000000682,1.8599999999999999,4.14,4066833.0,3883478.0,345.10526,373.0,314.0,,,1.81818,19.0,14.43686,3.8,3.1225000000000005,2026-07-30,2026-11-05,
APG,1796209.0,0.0,0.0,0.0,0.0,0.0,0.0,7.0,False,,2026-08-04,86.819,86.807996,0.011003999999999792,2.98,3.32,10683444.0,10644454.0,52.36364,55.0,47.0,,,1.3,11.0,1.98925,1.31,4.1875,2026-07-30,2026-10-29,
APH,820313.0,0.0,180.40959716479998,-180.40959716479998,0.0,4.0,7.0,0.0,False,,2026-08-05,96.760005,96.709,0.05100500000000352,1.45000005,2.75,31544237.0,29545798.0,99.38889,115.0,85.0,,,1.44444,18.0,3.28029,13.19,11.175,2026-07-29,2026-10-28,
APLE,1418121.0,0.0,0.0,0.0,0.0,0.0,0.0,0.0,False,,,89.989996,89.935994,0.05400200000001121,11.1,7.43,16454465.0,17845309.0,17.16667,18.5,16.0,,,2.45455,9.0,0.727,8.28,2.5124999999999997,2026-08-05,2026-11-05,
APO,1858681.0,0.0,0.422535,-0.422535,0.0,1.0,1.0,0.0,False,,2026-08-14,68.005997,68.00499599999999,0.00100100000000225,4.34,9.28,23567880.0,20775932.0,153.47368,173.0,130.0,,,1.7619,19.0,10.73575,-2.21,9.05,2026-08-04,2026-11-03,
APOG,6845.0,0.0,0.0,0.0,0.0,0.0,0.0,0.0,False,,,96.976,96.958,0.018000000000000682,5.47,4.48,935284.0,543999.0,44.0,48.0,40.0,,,1.0,2.0,3.95,39.02,15.645,2026-06-26,2026-10-06,
APP,1751008.0,0.0,0.0,0.0,0.0,0.0,0.0,9.0,False,,2026-07-06,76.075,76.066,0.009000000000000341,3.7600000000000002,2.36,10944088.0,11372027.0,498.36807,790.0,325.0,,,1.57576,31.0,20.98079,0.43,4.1075,2026-08-05,2026-11-04,
APPF,1433195.0,0.0,0.0,0.0,0.0,0.0,0.0,360.0,False,,2026-08-21,99.445,99.432,0.012999999999991019,9.7399995,7.12,2340047.0,2359430.0,234.16125,280.0,200.0,,,1.44444,8.0,8.4312,1.15,2.835,2026-07-23,2026-10-29,
APTV,1521332.0,8.2545083992,0.0,8.2545083992,4.0,0.0,6.0,0.0,True,2026-08-10,2026-08-13,106.985,107.042,-0.05700000000000216,4.8699997,1.59,7383432.0,9328977.0,66.61111,78.0,55.0,,,1.65,18.0,6.54602,14.08,10.245000000000001,2026-08-04,2026-10-29,
AR,1433270.0,0.0,0.0,0.0,0.0,0.0,0.0,0.0,False,,,91.503,91.501,0.001999999999995339,4.46,4.05,13144085.0,13072724.0,50.28571,60.0,37.0,,,1.8,21.0,4.34261,-10.46,-16.1875,2026-07-29,2026-10-28,
ARCB,894405.0,0.0,3.2237714900000003,-3.2237714900000003,0.0,5.0,9.0,0.0,False,,2026-09-15,106.43100000000001,106.409,0.02200000000000557,8.34,5.97,1350683.0,1287253.0,170.92308,200.0,150.0,,,2.0,13.0,9.54634,5.16,2.2874999999999996,2026-07-29,2026-11-04,
ARE,1035443.0,0.4798,1.3583731,-0.8785731000000001,1.0,2.0,4.0,0.0,False,,2026-09-11,99.579,99.601996,-0.022996000000006234,5.46,3.48,6756134.0,6806547.0,53.42857,60.0,46.0,,,3.0,14.0,-0.81,26.17,-196.6075,2026-08-03,2026-10-26,
ARES,1176948.0,0.0,0.0,0.0,0.0,0.0,0.0,0.0,False,,,93.54599999999999,93.542,0.003999999999990678,14.99,8.74,16075443.0,14273747.0,147.89474,168.0,122.0,,,2.0,19.0,7.19056,1.44,-3.7849999999999997,2026-07-31,2026-11-02,
ARLO,1736946.0,0.0,0.0,0.0,0.0,0.0,0.0,8.0,False,,2026-09-01,104.16700000000002,104.139,0.02800000000002001,13.88,9.79,12399928.0,11587050.0,21.0,25.0,18.0,,,1.28571,6.0,1.02571,43.07,32.615,2026-08-06,2026-11-05,
ARM,1973239.0,0.0,0.0,0.0,0.0,0.0,0.0,2.0,False,,2026-09-21,96.238,96.215,0.022999999999996135,10.69,3.93,15521694.0,18264105.0,288.705,500.0,125.0,,,1.93023,40.0,3.05476,11.44,9.45,2026-07-29,2026-11-04,
ARMK,1584509.0,0.0,4.31071778,-4.31071778,0.0,1.0,2.0,0.0,False,,2026-08-13,100.33099999999999,100.325,0.0059999999999860165,3.1400003,3.6,8254388.0,8702423.0,68.5,75.0,47.0,,,1.5,16.0,2.81537,7.22,-0.6249999999999998,2026-08-11,2026-11-24,
AROC,1389050.0,0.0,0.0,0.0,0.0,0.0,0.0,0.0,False,,,102.281,102.252,0.029000000000010573,6.08,3.86,7615905.0,6943856.0,42.5,46.0,40.0,,,1.42857,8.0,2.18972,-22.82,8.109999999999998,2026-08-04,2026-10-27,
ARR,1428205.0,0.0,0.5644175459999999,-0.5644175459999999,0.0,1.0,1.0,0.0,False,,2026-09-10,56.589999999999996,56.589,0.0009999999999976694,0.0,0.0,2045.0,6451.0,18.375,19.0,18.0,,,,4.0,2.93391,-0.07,-54.255,2026-07-22,2026-10-28,
ARW,7536.0,0.0,0.20985,-0.20985,0.0,1.0,1.0,0.0,False,,2026-09-03,105.918,105.917,0.0010000000000047748,3.73,2.9,1658027.0,1260399.0,235.0,250.0,200.0,,,,4.0,23.925,22.47,33.435,2026-08-06,2026-10-29,
ARWR,879407.0,0.0,1.1866,-1.1866,0.0,2.0,2.0,0.0,False,,2026-08-18,85.468,85.529,-0.06099999999999284,9.13,6.44,9272290.0,9207426.0,107.23077,126.0,74.0,,,1.42857,13.0,-4.93101,-10.35,37.760000000000005,2026-08-04,2026-11-24,
ASB,7789.0,0.0,6.698303045500001,-6.698303045500001,0.0,6.0,10.0,0.0,False,,2026-09-03,81.855005,81.818,0.037005000000007726,0.0,0.0,4333.0,17802.0,34.4,36.0,33.0,,,2.4,10.0,3.3356,-12.41,3.0125,2026-07-23,2026-10-22,
ASH,1674862.0,0.0,0.0,0.0,0.0,0.0,0.0,0.0,False,,,119.32499999999999,119.32399,0.0010099999999937381,10.83,7.76,4402859.0,4262617.0,80.18182,90.0,70.0,,,1.58333,11.0,4.30967,3.62,-2.1949999999999994,2026-07-28,2026-11-03,
ASML,937966.0,0.0,0.0,0.0,0.0,0.0,0.0,0.0,False,,,20.408002,20.4,0.008002000000001175,0.38,1.24,1477623.0,1352364.0,2123.5422,2824.4487,882.04315,,,1.40476,16.0,59.208794,9.09,4.125,2026-07-14,2026-10-14,
ASO,1817358.0,0.0,5.634499449999999,-5.634499449999999,0.0,3.0,7.0,0.0,False,,2026-09-15,122.40899999999999,122.393,0.015999999999991132,20.459999,3.55,8197155.0,7605742.0,58.84211,69.0,47.0,,,2.1,19.0,7.07065,11.05,4.2775,2026-09-09,2026-12-08,
ASTE,792987.0,0.0,0.0,0.0,0.0,0.0,0.0,0.0,False,,,98.794997,98.752,0.04299699999999973,3.3000000000000003,2.9,629877.0,520999.0,67.25,78.0,60.0,,,,4.0,3.98,-9.18,1.6875,2026-08-05,2026-11-04,
ASTH,1083446.0,0.0,0.0,0.0,0.0,0.0,0.0,0.0,False,,,66.12400000000001,66.097,0.027000000000015234,12.57,10.46,3273033.0,3184849.0,51.66667,65.0,41.0,,,1.4,9.0,3.63667,9.59,15.6675,2026-08-06,2026-11-05,
ATEN,1580808.0,0.0,0.0,0.0,0.0,0.0,0.0,2.0,False,,2026-08-25,108.425,108.356,0.06900000000000261,18.969999,8.05,9713373.0,7543199.0,36.66667,45.0,28.0,,,1.83333,6.0,1.18626,4.17,6.5024999999999995,2026-08-05,2026-11-03,
ATI,1018963.0,0.0,0.5010008499999999,-0.5010008499999999,0.0,1.0,1.0,21.0,False,,2026-09-21,95.448,95.41,0.0379999999999967,4.8499998,2.32,4335143.0,3446485.0,259.8889,275.0,245.0,,,1.11111,9.0,6.37289,18.25,13.7375,2026-08-06,2026-10-27,
ATMU,1921963.0,0.09955119999999999,0.19695591,-0.09740471,1.0,1.0,2.0,0.0,False,,2026-08-17,109.99401,110.028,-0.03399000000000285,4.24,5.49,3087685.0,3050905.0,65.2,73.0,56.0,,,1.6,5.0,3.278,5.25,10.095,2026-08-07,2026-11-06,
ATO,731802.0,0.050278350000000006,0.0,0.050278350000000006,1.0,0.0,1.0,0.0,False,,2026-08-11,97.827005,97.769,0.05800499999999431,2.8900001,4.78,4312335.0,3489932.0,185.54546,206.0,170.0,,,2.71429,11.0,9.02064,5.6,3.59,2026-08-05,2026-11-04,
ATR,896622.0,0.0,3.6117836532000003,-3.6117836532000003,0.0,5.0,7.0,0.0,False,,2026-09-02,98.52300000000001,98.522,0.0010000000000047748,3.47,5.05,1941117.0,1594078.0,170.14285,220.0,155.0,,,,7.0,6.31714,4.85,3.2875,2026-07-30,2026-10-29,
AUB,883948.0,0.0,0.0,0.0,0.0,0.0,0.0,0.0,False,,,88.35299599999999,88.347,0.0059959999999961155,7.7299999999999995,7.85,8237073.0,6996078.0,47.5,50.0,43.0,,,1.77778,8.0,4.03556,2.42,4.285,2026-07-21,2026-10-22,
AVA,104918.0,0.0,0.17409841239999999,-0.17409841239999999,0.0,1.0,2.0,0.0,False,,2026-09-02,92.4,92.367995,0.032005000000012274,6.9,6.2,4149692.0,4429648.0,41.33333,50.0,37.0,,,2.85714,6.0,2.78843,75.87,23.962500000000002,2026-08-03,2026-11-04,
AVAV,1368622.0,0.0,0.0,0.0,0.0,0.0,0.0,6.0,False,,2026-09-15,88.0,87.99900000000001,0.000999999999990564,11.76,2.11,4515776.0,3666021.0,219.3458,315.0,148.57,,,1.6,19.0,4.45736,138.05,27.860000000000003,2026-09-09,2026-12-02,
AVGO,1730168.0,0.0,20.84020891,-20.84020891,0.0,3.0,4.0,16.0,False,,2026-09-23,79.81300399999999,79.815,-0.001996000000005438,1.11,2.01,51922175.0,56209128.0,531.8468,715.0,215.88,,,1.26,47.0,19.38391,1.74,2.2600000000000002,2026-06-03,2026-12-09,
AVNT,1122976.0,0.0,0.0,0.0,0.0,0.0,0.0,0.0,False,,,107.981,107.96701,0.01398999999999262,5.9499998,5.88,4126545.0,3928808.0,50.85714,56.0,46.0,,,1.57143,7.0,3.49501,7.73,3.56,2026-08-06,2026-11-09,
AVT,8858.0,0.0,8.0300112,-8.0300112,0.0,2.0,3.0,0.0,False,,2026-08-19,110.57299,110.597,-0.024009999999989873,11.9799994,7.22,8476230.0,7983016.0,106.25,120.0,80.0,,,,4.0,11.04667,28.81,13.85,2026-08-05,2026-10-28,
AVTR,1722482.0,0.0,0.0,0.0,0.0,0.0,0.0,0.0,False,,,105.34201,105.335,0.007010000000008176,9.22,7.35,51373338.0,52194128.0,14.66,19.0,12.0,,,2.70588,15.0,0.88149,11.09,4.6325,2026-07-29,2026-10-28,
AVY,8818.0,0.0,0.962209043,-0.962209043,0.0,2.0,2.0,0.0,False,,2026-09-15,100.43599999999999,100.421,0.014999999999986358,3.27,2.02,2122019.0,2693658.0,201.8,225.0,181.0,,,1.54545,10.0,11.18624,17.0,5.842499999999999,2026-07-30,2026-10-21,
AWI,7431.0,0.0,0.0,0.0,0.0,0.0,0.0,0.0,False,,,104.57598999999999,104.571,0.004989999999992278,4.19,4.63,1515301.0,1482379.0,210.18182,230.0,190.0,,,1.7,11.0,9.57788,4.99,-1.1374999999999997,2026-07-28,2026-10-27,
AWK,1410636.0,0.0,0.0,0.0,0.0,0.0,0.0,0.0,False,,,107.02199999999999,106.94001,0.08198999999999046,8.520000399999999,6.61,13180501.0,10650191.0,141.45454,162.0,128.0,,,2.61538,11.0,6.56585,3.97,-0.6825,2026-07-29,2026-10-28,
AWR,1056903.0,0.0,0.128455938,-0.128455938,0.0,2.0,2.0,0.0,False,,2026-09-04,87.82900000000001,87.811995,0.017005000000011705,3.6999999999999997,5.32,1035426.0,1005861.0,84.0,89.0,79.0,,,,2.0,3.8,17.2,4.177499999999999,2026-08-05,2026-11-04,
AX,1299709.0,0.0,0.05265,-0.05265,0.0,1.0,1.0,0.0,False,,2026-08-05,88.31400000000001,88.48700000000001,-0.17300000000000182,8.04,11.92,3196838.0,2963650.0,117.71429,128.0,110.0,,,1.42857,7.0,10.82,17.36,6.345,2026-07-30,2026-10-29,
AXON,1069183.0,0.0,0.0,0.0,0.0,0.0,0.0,122.0,False,,2026-09-11,91.218,91.170996,0.047004000000001156,5.3200003,4.33,3644077.0,3461044.0,704.1053,830.0,440.0,,,1.66667,19.0,10.55187,1.96,3.2975000000000003,2026-08-05,2026-11-03,
AXP,4962.0,0.0,2.9729195099999997,-2.9729195099999997,0.0,1.0,1.0,0.0,False,,2026-08-18,64.652,64.621,0.03100000000000591,2.0599999,4.51,10777036.0,10884711.0,378.53708,450.0,329.0,,,2.17241,24.0,20.17759,2.88,3.3549999999999995,2026-07-24,2026-10-23,
AXTA,1616862.0,0.0,0.0,0.0,0.0,0.0,0.0,0.0,False,,,107.623,108.02,-0.39699999999999136,4.32,4.84,7960927.0,10292632.0,39.33333,47.0,33.0,,,2.1875,15.0,2.87179,10.93,6.255,2026-07-28,2026-10-28,
AYI,1144215.0,0.0,0.43878,-0.43878,0.0,1.0,1.0,1.0,False,,2026-09-01,103.151,103.128,0.022999999999996135,4.18,5.34,1080311.0,1044828.0,398.2857,465.0,358.0,,,,7.0,21.69256,2.4,3.895,2026-06-25,2026-10-01,
AZO,866787.0,0.0,4.5105,-4.5105,0.0,1.0,1.0,0.0,False,,2026-08-07,99.05199999999999,98.098,0.9539999999999935,3.45,1.64,496329.0,409917.0,3715.6956,4800.0,3000.0,,,1.48148,23.0,194.51799,4.01,1.335,2026-09-22,2026-12-08,
AZTA,933974.0,0.008096146,0.0,0.008096146,1.0,0.0,1.0,0.0,False,,2026-07-31,117.26,117.205,0.05500000000000682,19.950001,6.57,5382386.0,5250376.0,35.25,37.0,33.0,,,2.16667,4.0,0.5875,60.0,-23.667500000000004,2026-08-04,2026-11-20,
AZZ,8947.0,0.0,1.049707682,-1.049707682,0.0,2.0,2.0,0.0,False,,2026-08-14,96.963,96.929,0.033999999999991815,4.0599998,4.85,1027621.0,936731.0,164.0,200.0,144.0,,,,9.0,7.80625,9.61,5.13,2026-07-08,2026-10-13,
BA,12927.0,0.0,0.0,0.0,0.0,0.0,0.0,0.0,False,,,76.813006,76.80799999999999,0.005006000000008726,0.01,0.01,49800.0,42665.0,273.5,305.0,246.0,,,1.48148,26.0,4.18992,-141.48,559.9125,2026-07-28,2026-10-28,
BAC,70858.0,0.0,0.0,0.0,0.0,0.0,0.0,0.0,False,,,71.25399999999999,71.269,-0.01500000000001478,0.0,0.0,766.0,2606.0,68.61905,76.0,62.0,,,1.5,21.0,5.28807,7.74,7.545,2026-07-14,2026-10-14,
BAH,1443646.0,0.0,0.036544480000000004,-0.036544480000000004,0.0,1.0,1.0,0.0,False,,2026-08-13,100.52499999999999,100.528,-0.0030000000000143245,6.83,4.51,7241472.0,7737389.0,85.15385,140.0,68.0,,,2.86667,13.0,6.74137,21.94,22.072499999999998,2026-07-24,2026-10-23,
BALL,9389.0,0.0,0.914139281,-0.914139281,0.0,2.0,3.0,0.0,False,,2026-08-25,90.535,90.374,0.16100000000000136,3.4799999999999995,4.55,7921682.0,6683301.0,72.57143,79.0,63.0,,,1.6,14.0,4.52277,4.27,4.23,2026-08-04,2026-11-03,
BANC,1169770.0,0.0,0.309877595,-0.309877595,0.0,2.0,2.0,0.0,False,,2026-09-10,101.844,101.815,0.028999999999996362,8.37,5.1,11155210.0,9242971.0,22.0,24.0,20.0,,,1.83333,12.0,2.12099,-4.82,6.975,2026-07-29,2026-10-21,
BANF,760498.0,0.0,19.3664795494,-19.3664795494,0.0,1.0,8.0,0.0,False,,2026-08-13,57.908,57.908,0.0,4.16,8.29,962145.0,858697.0,124.33333,127.0,121.0,,,,3.0,7.85333,9.09,2.9524999999999997,2026-07-23,2026-10-16,
BANR,946673.0,0.0,0.0,0.0,0.0,0.0,0.0,0.0,False,,,88.08399999999999,88.082004,0.001995999999991227,4.96,4.6,1358659.0,1814052.0,76.66667,81.0,74.0,,,2.28571,6.0,6.72333,-2.04,7.27,2026-07-22,2026-10-14,
BAX,10456.0,0.0,0.0,0.0,0.0,0.0,0.0,0.0,False,,,110.21700000000001,110.1,0.11700000000001864,7.090000000000001,4.73,23227313.0,23914369.0,28.72727,40.0,23.0,,,2.69231,11.0,2.0364,52.53,16.515,2026-07-30,2026-10-29,
BBT,1108134.0,0.0,0.0,0.0,0.0,0.0,0.0,0.0,False,,,93.643,93.643,0.0,5.52,5.7,4578444.0,3827658.0,34.83333,38.0,33.0,,,2.42857,6.0,3.32286,0.37,-14.262500000000001,2026-07-29,2026-10-28,
BBWI,701985.0,0.0,0.0,0.0,0.0,0.0,0.0,0.0,False,,,105.755,105.75399000000002,0.0010099999999795273,8.05,2.29,16186293.0,14021463.0,24.0625,54.0,17.0,,,2.57895,16.0,2.78732,154.91,42.207499999999996,2026-08-26,2026-11-19,
BBY,764478.0,0.0,38.449576902,-38.449576902,0.0,2.0,4.0,7.0,False,,2026-09-23,97.028,97.055,-0.027000000000001023,8.6,3.77,15989821.0,14058498.0,86.7,100.0,71.0,,,2.8,20.0,7.21321,6.53,5.8325000000000005,2026-08-27,2026-11-24,
BC,14930.0,0.0,0.0,0.0,0.0,0.0,0.0,1.0,False,,2026-08-03,107.06899999999999,107.059,0.009999999999990905,0.01,0.01,8097.0,8301.0,90.70588,120.0,76.0,,,2.05,17.0,5.41525,31.02,24.6825,2026-07-30,2026-10-22,
BCC,1328581.0,0.0,0.26248940000000004,-0.26248940000000004,0.0,2.0,2.0,0.0,False,,2026-08-27,98.803,98.763,0.03999999999999204,6.78,5.79,1617596.0,1465366.0,96.5,105.0,89.0,,,,6.0,5.28833,34.9,36.2625,2026-08-03,2026-11-02,
BCO,78890.0,0.0,0.0,0.0,0.0,0.0,0.0,0.0,False,,,113.865,113.815,0.04999999999999716,20.51,13.97,5371019.0,4757365.0,146.33333,163.0,138.0,,,1.0,3.0,10.35333,4.41,4.98,2026-08-05,2026-11-04,
BCPC,9326.0,0.0,0.0,0.0,0.0,0.0,0.0,0.0,False,,,93.807,93.754995,0.052005000000008295,2.6700001,3.55,620041.0,605061.0,209.25,242.0,165.0,,,,4.0,6.27235,4.56,2.79,2026-07-31,2026-10-20,
BDC,913142.0,0.0,0.0,0.0,0.0,0.0,0.0,1.0,False,,2026-09-15,108.956,108.92501,0.030990000000002738,16.700001,10.07,4051483.0,3269666.0,153.2,170.0,140.0,,,1.2,5.0,10.03492,15.73,7.16,2026-07-30,2026-10-29,
BDX,10795.0,0.0,0.44088792,-0.44088792,0.0,1.0,1.0,3.0,False,,2026-08-26,99.767995,99.719,0.04899500000000501,4.7399998,6.8,11316237.0,9368149.0,195.66667,225.0,170.0,,,2.07143,12.0,13.29249,2.93,3.0149999999999997,2026-08-06,2026-11-05,
BE,1664703.0,0.0,1.2922958999999998,-1.2922958999999998,0.0,2.0,2.0,9.0,False,,2026-09-16,86.111,,,7.340000000000001,1.46,18994065.0,18260304.0,280.23846,390.0,97.0,,,2.24138,26.0,4.92871,91.83,107.9225,2026-07-28,2026-10-27,
BEN,38777.0,0.0,0.0,0.0,0.0,0.0,0.0,0.0,False,,,50.138000000000005,50.135,0.003000000000007219,4.29,5.39,16576135.0,15267413.0,35.5,41.0,26.0,,,2.75,12.0,3.18932,8.28,19.62,2026-07-31,2026-11-06,
BF-B,14693.0,0.0,0.0,0.0,0.0,0.0,0.0,0.0,False,,,70.71499999999999,70.71499999999999,0.0,12.540000000000001,4.55,35315913.0,48765329.0,28.25882,35.0,20.0,,,3.16667,17.0,1.71385,3.1,-9.0825,2026-09-02,2026-12-03,
BFAM,1437578.0,0.0,0.4358796,-0.4358796,0.0,1.0,1.0,3.0,False,,2026-09-02,122.533,124.072,-1.5390000000000015,6.2,3.96,2986485.0,2244232.0,89.22222,99.0,66.0,,,2.33333,9.0,5.89698,6.57,7.7075000000000005,2026-07-30,2026-10-29,
BFH,1101215.0,0.0017183446,0.29734824,-0.29562989539999995,1.0,1.0,2.0,0.0,False,,2026-09-14,107.99198999999999,107.974,0.017989999999983297,0.05,0.03,12815.0,17577.0,114.8125,130.0,86.0,,,2.17647,16.0,13.63326,28.26,122.47749999999999,2026-07-23,2026-10-22,
BFS,907254.0,0.0,0.0,0.0,0.0,0.0,0.0,0.0,False,,,48.730000000000004,48.698002,0.031998000000001525,0.06999999999999999,0.08,8199.0,13057.0,43.0,47.0,39.0,,,,2.0,,100.0,22.245,2026-05-07,2026-11-05,
BG,1996862.0,0.68905,0.0,0.68905,1.0,0.0,2.0,0.0,False,,2026-08-04,80.372,80.35600000000001,0.015999999999991132,5.050000000000001,4.18,6670725.0,6254046.0,141.77779,155.0,116.0,,,1.55556,9.0,11.26202,2.89,34.30499999999999,2026-07-29,2026-11-04,
BGC,1094831.0,0.0,0.0,0.0,0.0,0.0,0.0,0.0,False,,,87.306,87.28199599999999,0.02400400000000502,3.7900000000000005,4.0,11804165.0,11909410.0,15.5,16.0,15.0,,,,2.0,1.575,4.48,4.045,2026-07-30,2026-11-05,
BHE,863436.0,0.0,0.49262784,-0.49262784,0.0,1.0,2.0,0.0,False,,2026-08-11,105.04298999999999,107.033,-1.9900100000000123,4.5300003,4.07,1360205.0,1281135.0,86.0,92.0,76.0,,,1.5,3.0,3.30667,9.22,8.28,2026-07-29,2026-11-03,
BHF,1685040.0,0.0,0.0,0.0,0.0,0.0,0.0,0.0,False,,,93.309,93.307996,0.0010039999999946758,15.57,6.89,7864134.0,6022227.0,65.0,70.0,55.0,,,3.14286,6.0,20.14,-6.67,13.694999999999999,2026-08-05,2026-11-05,
BIIB,875045.0,0.0,0.0,0.0,0.0,0.0,0.0,2.0,False,,2026-08-04,99.49900000000001,99.522,-0.022999999999996135,4.3899998,8.07,5817797.0,5190555.0,238.18195,300.0,175.0,,,1.88571,31.0,16.53585,77.38,36.3425,2026-07-29,2026-10-28,
BILL,1786352.0,0.0,0.0,0.0,0.0,0.0,0.0,13.0,False,,2026-09-03,118.02600999999999,118.025,0.0010099999999795273,17.559999,5.06,10943117.0,10552777.0,57.3,75.0,43.0,,,,20.0,4.34819,18.49,19.15,2026-08-19,2026-11-05,
BIO,12208.0,0.0,0.0,0.0,0.0,0.0,0.0,0.0,False,,,91.256,91.253996,0.0020039999999994507,6.280000500000001,3.78,998654.0,2.0,328.75,390.0,280.0,,,3.0,4.0,10.1075,50.13,13.8175,2026-08-04,2026-10-29,
BJ,1531152.0,0.0,0.144975,-0.144975,0.0,1.0,1.0,9.0,False,,2026-09-15,111.351,111.352,-0.0010000000000047748,7.8099996,4.96,9796907.0,9344937.0,105.8,120.0,82.0,,,2.13043,20.0,5.02396,16.52,8.182500000000001,2026-08-21,2026-11-20,
BJRI,1013488.0,0.10790225,4.648326310000001,-4.54042406,1.0,3.0,8.0,0.0,False,,2026-09-03,104.81601,104.747,0.06901000000000579,11.61,4.69,2072625.0,1723846.0,75.14286,82.0,65.0,,,2.11111,7.0,2.72291,4.95,16.1925,2026-07-30,2026-10-29,
BKE,885245.0,0.0,0.0,0.0,0.0,0.0,0.0,0.0,False,,,63.223,63.226000000000006,-0.003000000000007219,12.540000000000001,8.24,3927643.0,3625511.0,46.0,46.0,46.0,,,,1.0,4.14712,7.38,9.615,2026-08-21,2026-11-20,
BKH,1130464.0,0.0,0.0,0.0,0.0,0.0,0.0,0.0,False,,,104.386,104.35901,0.02698999999999785,18.9,13.63,10827316.0,9491221.0,86.6,97.0,80.0,,,1.2,5.0,4.612,33.33,12.5225,2026-08-05,2026-11-04,
BKNG,1075531.0,0.0,0.0,0.0,0.0,0.0,0.0,21.0,False,,2026-09-15,98.48599999999999,98.457,0.028999999999996362,2.6199998,3.2,19629385.0,21243813.0,238.78378,301.0,188.0,,,1.51282,37.0,12.36832,4.49,3.54,2026-08-04,2026-10-27,
BKR,1701605.0,0.0,0.0,0.0,0.0,0.0,0.0,1.0,False,,2026-07-01,99.982,100.00399,-0.021990000000002397,2.8299998,3.6,24637530.0,23810150.0,72.30435,85.0,51.0,,,1.70833,23.0,3.11092,31.47,18.86,2026-07-26,2026-10-22,
BKU,1504008.0,0.0,0.1437,-0.1437,0.0,1.0,1.0,0.0,False,,2026-08-13,105.152,105.14,0.012000000000000455,6.6000000000000005,4.52,3336570.0,2773673.0,50.18182,55.0,42.0,,,2.54545,11.0,4.47678,-4.27,-1.13,2026-07-22,2026-10-21,
BL,1666134.0,0.0,2.263237,-2.263237,0.0,2.0,2.0,0.0,False,,2026-08-27,107.09599999999999,107.09,0.0059999999999860165,14.89,6.37,5761952.0,4940259.0,38.8,70.0,26.0,,,2.75,10.0,2.78038,27.25,14.865,2026-08-04,2026-11-03,
BLFS,834365.0,0.0,0.0,0.0,0.0,0.0,0.0,0.0,False,,,105.668,100.167,5.501000000000005,12.42,4.54,3884193.0,4017528.0,31.28571,33.0,31.0,,,,7.0,0.33,40.5,719.7375,2026-08-06,2026-11-05,
BLK,2012383.0,0.0,22.000825982000002,-22.000825982000002,0.0,2.0,3.0,0.0,False,,2026-07-16,84.619004,84.615,0.004004000000009,1.34000005,3.72,2040079.0,1813402.0,1322.75,1479.0,1190.0,,,1.47059,16.0,64.28669,9.62,7.297499999999999,2026-07-15,2026-10-14,
BLKB,1280058.0,0.0,1.9067745712,-1.9067745712,0.0,3.0,4.0,1.0,False,,2026-09-01,110.904,110.902,0.001999999999995339,12.58,9.72,3667985.0,3595180.0,51.5,58.0,45.0,,,2.25,4.0,5.97,4.23,3.33,2026-07-29,2026-10-28,
BMI,9092.0,0.1015719239,0.0,0.1015719239,1.0,0.0,1.0,0.0,False,,2026-07-30,119.066,119.076,-0.009999999999990905,19.259999999999998,12.78,3818128.0,4215027.0,156.66667,170.0,112.0,,,1.90909,9.0,4.96806,0.72,-5.045,2026-07-22,2026-10-21,
BMRN,1048477.0,0.0,1.163748188,-1.163748188,0.0,1.0,1.0,0.0,False,,2026-09-02,103.79499999999999,103.691,0.103999999999985,5.2199997,5.62,10075655.0,10202950.0,91.61538,124.0,60.0,,,1.74074,26.0,6.61975,26.58,-18.14,2026-08-06,2026-10-26,
BMY,14272.0,0.0,0.43724792999999995,-0.43724792999999995,0.0,2.0,2.0,0.0,False,,2026-09-09,84.870005,84.898,-0.02799499999999,2.0599999,5.36,41969577.0,45852662.0,66.70833,82.0,40.0,,,2.46429,24.0,6.56484,27.74,12.76,2026-07-30,2026-10-29,
BNL,1424182.0,0.2116,0.0,0.2116,1.0,0.0,2.0,0.0,False,,2026-08-21,95.017,95.015,0.001999999999995339,14.09,11.09,20145672.0,20057438.0,23.7,26.0,20.0,,,1.81818,10.0,0.73197,4.56,8.0225,2026-07-29,2026-10-28,
BNY,1390777.0,0.0,4.9374258084,-4.9374258084,0.0,1.0,4.0,2.0,False,,2026-08-27,87.18900000000001,87.214994,-0.025993999999997186,0.01,0.02,42152.0,19181.0,167.35715,184.0,135.0,,,2.125,14.0,10.24888,10.7,10.0625,2026-07-15,2026-10-15,
BOH,46195.0,0.0,0.35884119,-0.35884119,0.0,1.0,2.0,0.0,False,,2026-08-04,85.921997,85.90100000000001,0.02099699999999416,0.01,0.01,3443.0,10805.0,86.33333,92.0,82.0,,,3.0,6.0,6.65056,0.63,2.4225,2026-07-27,2026-10-26,
BOOT,1610250.0,0.0,0.0,0.0,0.0,0.0,0.0,0.0,False,,,118.54899999999999,118.477,0.07199999999998852,12.659999999999998,5.22,3263101.0,2660683.0,221.5,282.0,190.0,,,1.25,14.0,10.00087,12.07,3.38,2026-07-29,2026-10-28,
BOX,1372612.0,0.0,0.4062015,-0.4062015,0.0,2.0,3.0,5.0,False,,2026-09-15,105.012,105.011,0.0010000000000047748,15.310000000000002,5.61,16735884.0,15587434.0,38.71429,50.0,26.0,,,,7.0,1.73662,0.47,11.794999999999998,2026-08-25,2026-12-01,
BR,1383312.0,0.0,0.0,0.0,0.0,0.0,0.0,0.0,False,,,98.116994,98.132,-0.01500599999999963,2.94,2.61,2931908.0,3327748.0,213.375,250.0,176.0,,,2.33333,8.0,11.57582,1.68,11.040000000000001,2026-08-04,2026-11-03,
BRC,746598.0,0.0,0.482076,-0.482076,0.0,1.0,1.0,0.0,False,,2026-09-18,88.083,88.083,0.0,2.3800000000000003,4.47,1005477.0,700380.0,110.0,111.0,109.0,,,1.0,2.0,7.215,1.02,4.06,2026-09-03,2026-11-17,
BRK-B,1067983.0,0.0,0.0,0.0,0.0,0.0,0.0,0.0,False,,,66.88199999999999,66.88,0.001999999999995339,0.9599999499999999,2.33,11923610.0,11722714.0,547.6667,604.0,510.0,,,2.0,3.0,22.19254,17.4,5.522499999999999,2026-08-08,2026-11-07,
BRKR,1109354.0,0.0,0.1976137,-0.1976137,0.0,1.0,1.0,3.0,False,,2026-09-15,95.817,95.851,-0.034000000000006025,15.8,6.29,12490387.0,11785398.0,60.0,70.0,50.0,,,2.14286,13.0,2.39027,27.49,22.8225,2026-08-04,2026-11-03,
BRO,79282.0,0.0,0.0,0.0,0.0,0.0,0.0,0.0,False,,,86.50099999999999,86.49900000000001,0.001999999999981128,5.4399999999999995,8.16,13754997.0,14207585.0,76.5,90.0,60.0,,,2.78947,16.0,4.82516,-0.39,4.54,2026-07-27,2026-10-26,
BROS,1866581.0,0.10312,0.0,0.10312,1.0,0.0,1.0,0.0,False,,2026-08-13,95.655,95.654,0.0010000000000047748,39.78,4.17,16413424.0,14268890.0,75.48,95.0,29.0,,,1.26923,25.0,1.33541,11.19,24.95,2026-08-05,2026-11-04,
BRX,1581068.0,0.0,0.2673,-0.2673,0.0,1.0,1.0,0.0,False,,2026-08-12,105.67800000000001,105.668,0.010000000000005116,9.32,8.09,20667204.0,17334022.0,35.22222,42.0,30.0,,,1.5,18.0,1.00068,-15.08,-7.637500000000001,2026-07-27,2026-10-26,
BSX,885725.0,9.486038289,0.0,9.486038289,4.0,0.0,6.0,0.0,True,2026-08-03,2026-08-25,94.732004,94.761,-0.02899599999999225,3.2099999999999995,2.28,46504769.0,27617554.0,61.0,94.0,44.0,,,1.64516,29.0,3.41257,3.86,3.25,2026-07-29,2026-10-28,
BSY,1031308.0,0.0,0.0,0.0,0.0,0.0,0.0,0.0,False,,,55.089,55.098,-0.009000000000000341,8.6899996,8.24,17832774.0,17419996.0,43.93333,59.0,37.0,,,1.64706,15.0,1.57481,9.83,4.845000000000001,2026-08-06,2026-11-04,
BTSG,1865782.0,0.0,0.0,0.0,0.0,0.0,0.0,1.0,False,,2026-09-14,108.39099999999999,108.392,-0.0010000000000047748,7.9799999999999995,4.65,10183689.0,8831443.0,78.94118,90.0,70.0,,,1.17647,17.0,2.27823,13.01,12.052499999999998,2026-07-31,2026-10-30,
BTU,1064728.0,0.0,0.0,0.0,0.0,0.0,0.0,0.0,False,,,100.84500000000001,100.694,0.15100000000001046,13.939999,5.51,12189814.0,11417779.0,31.91667,36.0,27.5,,,1.66667,6.0,2.84333,-27.84,-77.32749999999999,2026-07-29,2026-10-29,
BURL,1579298.0,0.0,0.0,0.0,0.0,0.0,0.0,20.0,False,,2026-09-01,104.98999,104.93699,0.05300000000001148,9.21,1.85,3140030.0,2176403.0,364.75,440.0,290.0,,,1.78947,16.0,13.68078,35.36,13.085,2026-08-27,2026-11-27,
BWA,908255.0,0.5006643138,5.92104298,-5.4203786662,1.0,6.0,9.0,0.0,False,,2026-08-28,109.21499999999999,109.3,-0.08500000000000796,3.5900000000000003,3.57,6393462.0,6700084.0,79.93333,95.0,62.0,,,1.93333,15.0,5.93804,11.51,9.075,2026-08-05,2026-10-29,
BWXT,1486957.0,0.0,0.0,0.0,0.0,0.0,0.0,4.0,False,,2026-08-12,94.34700000000001,94.327,0.020000000000010232,4.42,2.87,3209858.0,2760157.0,222.06938,290.0,165.0,,,1.61111,16.0,5.253,2.69,15.04,2026-08-03,2026-11-02,
BX,1393818.0,0.06244475945281,24.4463316304,-24.38388687094719,1.0,4.0,10.0,0.0,False,,2026-09-18,73.75,73.74300000000001,0.006999999999990791,2.6300002,6.09,19659385.0,21868913.0,144.38095,184.0,119.0,,,2.04348,21.0,7.4849,13.71,13.3025,2026-07-23,2026-10-22,
BXMT,1061630.0,0.143357,0.0,0.143357,1.0,0.0,1.0,3.0,False,,2026-09-17,67.380995,67.376,0.0049949999999938655,8.83,5.95,10873976.0,11762891.0,18.85714,23.0,16.0,,,,7.0,1.54963,-12.21,-232.92000000000002,2026-07-30,2026-10-28,
BXP,1037540.0,0.0,0.0,0.0,0.0,0.0,0.0,0.0,False,,,113.33799,113.392,-0.05400999999999101,10.319999600000001,10.58,12380192.0,10454516.0,76.35,91.0,60.0,,,2.13636,20.0,2.22282,14.75,-11.785000000000004,2026-07-28,2026-10-27,
BYD,906553.0,0.0,1.14784752,-1.14784752,0.0,2.0,2.0,0.0,False,,2026-08-24,76.091003,76.089996,0.0010070000000013124,9.64,6.18,5364822.0,4032927.0,95.9375,111.0,87.0,,,2.36842,16.0,7.76534,2.11,3.8699999999999997,2026-07-23,2026-10-22,
C,831001.0,0.0,0.0,0.0,0.0,0.0,0.0,0.0,False,,,82.096,82.10299599999999,-0.0069959999999866795,0.02,0.04,392935.0,592106.0,154.75,176.0,130.0,,,1.68182,20.0,12.90602,15.62,6.885,2026-07-14,2026-10-13,
CACC,885550.0,0.0,8.105444807600001,-8.105444807600001,0.0,1.0,23.0,0.0,False,,2026-07-16,76.481,76.48,0.000999999999990564,28.68,9.49,982761.0,944516.0,636.6667,660.0,600.0,,,3.0,3.0,54.805,2.25,7.015,2026-08-04,2026-10-29,
CACI,16058.0,0.0,0.0,0.0,0.0,0.0,0.0,0.0,False,,,104.682,104.70600000000002,-0.02400000000001512,5.609999999999999,3.92,978329.0,1101533.0,735.2143,892.0,648.0,,,1.5625,14.0,37.6804,23.2,11.1,2026-08-05,2026-10-21,
CAG,23217.0,0.5106325,0.0,0.5106325,1.0,0.0,1.0,0.0,False,,2026-07-17,90.586,90.620005,-0.03400500000000761,10.84,3.89,40286287.0,40504488.0,14.4125,23.0,12.0,,,3.29412,16.0,1.55645,2.78,5.19,2026-07-15,2026-09-30,
CAH,721371.0,0.0,59.55244181999999,-59.55244181999999,0.0,7.0,31.0,0.0,False,,2026-08-19,91.460997,91.069,0.3919970000000035,3.3299996999999997,4.49,6668906.0,6393294.0,270.33334,292.0,235.0,,,1.52941,15.0,14.05805,7.41,12.469999999999999,2026-08-11,2026-11-05,
CAKE,887596.0,0.0,22.301805043399998,-22.301805043399998,0.0,8.0,12.0,0.0,False,,2026-08-17,103.72699999999999,103.723,0.003999999999990678,37.96,6.33,9908462.0,9246344.0,95.92857,117.0,60.0,,,2.66667,14.0,4.9967,21.91,9.9775,2026-07-28,2026-10-27,
CALM,16160.0,0.0,0.0,0.0,0.0,0.0,0.0,0.0,False,,,98.051,98.058,-0.007000000000005002,12.86,5.36,4962860.0,5020240.0,75.0,80.0,70.0,,,3.0,3.0,2.215,-804.25,-196.5075,2026-07-22,2026-09-30,
CALX,1406666.0,0.0,0.0,0.0,0.0,0.0,0.0,0.0,False,,,99.02,99.002,0.018000000000000682,12.42,6.33,5580340.0,3960312.0,62.33333,85.0,52.0,,,1.57143,6.0,2.30226,16.15,13.4675,2026-07-20,2026-10-26,
CALY,837465.0,0.0,1.5365452290000001,-1.5365452290000001,0.0,2.0,7.0,0.0,False,,2026-08-07,89.365995,89.332,0.03399500000000444,4.8299997999999995,4.19,6486845.0,6063595.0,20.4,23.0,17.0,,,2.18182,10.0,0.88624,10.02,33.03,2026-08-04,2026-11-05,
CAR,723612.0,0.0,0.6525749399999999,-0.6525749399999999,0.0,1.0,3.0,0.0,False,,2026-08-07,118.00999999999999,118.01,-1.4210854715202004e-14,48.419996999999995,14.16,4702350.0,5447674.0,128.57143,160.0,94.0,,,3.375,7.0,6.04591,-46.91,-291.8925,2026-07-28,2026-10-27,
CARG,1494259.0,0.0,0.3607,-0.3607,0.0,1.0,1.0,11.0,False,,2026-09-15,108.815,108.794,0.021000000000000796,17.040001,8.9,7226663.0,5590737.0,42.0,46.0,39.0,,,1.92857,12.0,3.02343,7.64,3.185,2026-08-06,2026-11-05,
CARR,1783180.0,0.0,0.0,0.0,0.0,0.0,0.0,0.0,False,,,89.939004,90.007,-0.06799600000000794,2.34,2.75,15860118.0,14813933.0,77.14182,90.0,60.0,,,1.88,22.0,3.31245,5.2,7.595,2026-07-28,2026-10-27,
CART,1579091.0,0.0,8.1066652428,-8.1066652428,0.0,2.0,2.0,10.0,False,,2026-09-22,81.224996,81.227,-0.0020039999999994507,10.58,4.25,15480525.0,15797088.0,58.14286,77.0,45.0,,,2.03125,28.0,4.89699,-16.55,-13.094999999999999,2026-08-06,2026-11-09,
CASH,907471.0,0.0,0.0,0.0,0.0,0.0,0.0,0.0,False,,,103.542,103.541,0.0010000000000047748,15.939999999999998,12.14,2733781.0,2206551.0,101.0,105.0,97.0,,,,2.0,9.59667,-29.62,1.79,2026-07-22,2026-10-21,
CASY,726958.0,0.0,29.111759879999997,-29.111759879999997,0.0,6.0,27.0,0.0,False,,2026-07-09,91.047996,90.706,0.34199599999999464,4.5500003,2.67,1502437.0,1143057.0,790.5263,933.0,687.0,,,1.6,19.0,23.45296,8.09,15.8325,2026-09-08,2026-12-08,
CAT,18230.0,0.0,26.211763870000002,-26.211763870000002,0.0,1.0,14.0,0.0,False,,2026-08-28,73.494005,73.488,0.0060050000000018144,2.0299999,3.54,8377107.0,6455487.0,975.60614,1225.0,575.0,,,2.14286,26.0,32.37734,31.83,17.5175,2026-08-04,2026-10-29,
CATY,861842.0,0.0,2.3085468,-2.3085468,0.0,2.0,8.0,0.0,False,,2026-09-02,79.096,79.091,0.005000000000009663,6.74,7.78,3018646.0,2500165.0,65.0,75.0,53.0,,,2.83333,5.0,5.94,1.48,3.4925,2026-07-22,2026-10-21,
CAVA,1639438.0,0.48234,0.0,0.48234,2.0,0.0,2.0,0.0,True,2026-09-15,2026-09-15,90.002996,90.00200000000001,0.0009959999999864522,13.350001,5.29,14689351.0,12733415.0,82.75,110.0,18.0,,,1.89286,24.0,0.74389,2.88,16.7425,2026-08-11,2026-11-10,
CB,896159.0,0.0,4.99681908,-4.99681908,0.0,2.0,2.0,0.0,False,,2026-08-21,83.818,83.82,-0.001999999999995339,0.9299999999999999,2.27,3592838.0,3816560.0,365.91302,425.0,306.0,,,2.44,23.0,29.10319,7.63,10.862499999999999,2026-07-21,2026-10-27,
CBOE,1374310.0,0.0,0.0,0.0,0.0,0.0,0.0,1.0,False,,2026-08-12,91.27199999999999,91.256,0.015999999999991132,2.98,2.87,2549419.0,2578029.0,315.64285,356.0,258.0,,,3.05882,14.0,15.223,2.01,5.2524999999999995,2026-07-31,2026-10-30,
CBRE,1138118.0,0.0,0.0,0.0,0.0,0.0,0.0,3.0,False,,2026-08-13,100.05001,100.075,-0.02499000000000251,1.48,2.84,4256551.0,4314633.0,182.91667,200.0,144.0,,,1.41667,12.0,9.09536,5.77,15.094999999999999,2026-07-29,2026-10-22,
CBRL,1067294.0,0.0,0.0,0.0,0.0,0.0,0.0,0.0,False,,,106.45,106.395,0.05500000000000682,42.130002,7.19,5688122.0,5109187.0,49.71429,60.0,44.0,,,3.11111,7.0,1.95504,469.92,202.97750000000002,2026-09-23,2026-12-09,
CBSH,22356.0,0.0,2.013797037,-2.013797037,0.0,7.0,7.0,0.0,False,,2026-08-27,78.089,78.053004,0.03599599999999725,4.5600000000000005,7.05,6413757.0,6298940.0,66.55556,76.0,62.0,,,2.7,9.0,4.58222,5.26,3.87,2026-07-16,2026-10-15,
CBT,16040.0,0.0,19.6463138919,-19.6463138919,0.0,1.0,3.0,0.0,False,,2026-08-28,106.325,106.308,0.016999999999995907,12.32,13.3,4656549.0,4111755.0,91.33333,100.0,78.0,,,,6.0,6.9869,0.71,5.6875,2026-08-03,2026-11-02,
CBU,723188.0,0.0752648996,0.0,0.0752648996,3.0,0.0,3.0,0.0,True,2026-08-27,2026-09-09,79.807997,79.80699999999999,0.0009970000000123491,5.41,10.34,2057492.0,1869636.0,70.16667,75.0,68.0,,,2.66667,6.0,5.18667,-6.78,-3.115,2026-07-28,2026-10-27,
CC,1627223.0,0.488619305121,0.0,0.488619305121,7.0,0.0,7.0,0.0,True,2026-08-07,2026-08-12,91.565,91.557,0.007999999999995566,14.649999,9.23,15735958.0,13546779.0,18.77778,24.0,15.0,,,2.22222,9.0,1.92807,0.07,99.6675,2026-08-04,2026-11-05,
CCEP,1650107.0,0.0,0.0,0.0,0.0,0.0,0.0,0.0,False,,,37.162,37.138,0.02400000000000091,8.04,8.0,11533719.0,10453915.0,109.468704,118.796036,90.24854,,,1.92308,12.0,5.5799694,-69.3,-40.072500000000005,2020-08-06,2027-02-19,
CCI,1051470.0,0.0,0.113835,-0.113835,0.0,1.0,1.0,0.0,False,,2026-08-07,101.77199999999999,101.776,-0.0040000000000048885,2.75,3.61,9782773.0,9788962.0,94.35238,120.0,80.0,,,2.13043,21.0,2.88738,36.09,18.92,2026-07-22,2026-10-21,
CCK,1219601.0,0.0,0.0,0.0,0.0,0.0,0.0,1.0,False,,2026-07-15,101.861,101.87,-0.009000000000000341,2.69,3.56,2576544.0,2818971.0,136.57143,155.0,121.0,,,1.73333,14.0,9.04652,15.29,9.1275,2026-07-20,2026-10-19,
CCL,815097.0,0.0,0.0,0.0,0.0,0.0,0.0,0.0,False,,,71.69200000000001,71.691,0.0010000000000047748,3.7900000000000005,2.51,48180142.0,36812639.0,33.98846,43.0,28.0,,,1.58621,26.0,2.60466,21.08,19.299999999999997,2026-06-23,2026-09-29,
CCOI,1158324.0,0.0,0.067548985,-0.067548985,0.0,2.0,2.0,0.0,False,,2026-09-15,97.59300400000001,97.573,0.020004000000014344,18.58,3.87,6863303.0,6747898.0,15.27273,30.0,9.0,,,2.5,11.0,-2.58333,52.64,51.230000000000004,2026-08-06,2026-11-05,
CCS,1576940.0,0.0,0.0,0.0,0.0,0.0,0.0,0.0,False,,,95.443,95.386004,0.05699599999999805,9.26,6.88,1862346.0,1800897.0,78.0,92.0,64.0,,,,2.0,4.59,106.35,60.537499999999994,2026-07-22,2026-10-21,
CDE,215466.0,0.0,0.64447,-0.64447,0.0,2.0,2.0,2.0,False,,2026-09-08,82.505,82.48100000000001,0.0239999999999867,5.0100001999999995,1.42,47882580.0,46473772.0,23.95455,35.0,18.0,,,1.72727,11.0,2.03906,-54.07,-14.335,2026-08-05,2026-10-28,
CDNS,813672.0,0.0,0.0,0.0,0.0,0.0,0.0,23.0,False,,2026-09-15,91.611,91.61,0.0010000000000047748,1.59,1.81,4347608.0,4498632.0,405.47116,470.0,300.0,,,1.36,26.0,9.55762,2.66,4.640000000000001,2026-07-27,2026-10-26,
CDP,860546.0,0.0,0.0,0.0,0.0,0.0,0.0,0.0,False,,,117.36901,117.334,0.035009999999999764,8.92,9.39,7438100.0,7079481.0,40.375,44.0,38.0,,,1.75,8.0,1.46,25.41,7.795,2026-07-27,2026-10-29,
CDW,1402057.0,0.0,3.6737659,-3.6737659,0.0,1.0,1.0,0.0,False,,2026-08-07,113.19500000000001,113.06,0.13500000000000512,8.799999999999999,5.63,9496316.0,8270787.0,158.66667,171.0,148.0,,,1.8,9.0,12.01523,3.97,3.0475000000000003,2026-08-05,2026-11-03,
CE,1306830.0,0.23006246470000002,0.0,0.23006246470000002,3.0,0.0,5.0,0.0,True,2026-08-11,2026-08-14,111.99600999999998,111.995,0.0010099999999795273,10.100000000000001,4.65,7024523.0,6828479.0,63.23529,86.0,45.0,,,1.82353,17.0,6.17581,10.21,-2.9275,2026-08-04,2026-11-05,
CEG,1868275.0,0.41793090000000005,0.0,0.41793090000000005,1.0,0.0,1.0,0.0,False,,2026-08-11,82.968,82.959,0.009000000000000341,3.6999999999999997,4.57,11740256.0,9408275.0,347.282,441.0,290.0,,,1.54545,20.0,13.32016,11.73,4.2175,2026-08-06,2026-11-09,
CELH,1341766.0,1.8300426,0.0,1.8300426,3.0,0.0,4.0,0.0,True,2026-09-14,2026-09-15,75.222,75.221,0.000999999999990564,12.33,3.58,30669027.0,29990894.0,42.28571,64.0,26.0,,,1.75,21.0,1.73107,-13.88,28.759999999999998,2026-08-06,2026-11-09,
CENT,887733.0,0.0,0.5396,-0.5396,0.0,2.0,3.0,0.0,False,,2026-08-13,98.050004,97.986,0.06400399999999706,6.9699995,3.5,385057.0,378996.0,53.0,60.0,46.0,,,,2.0,3.05594,0.55,30.9775,2026-08-05,2026-11-25,
CENTA,887733.0,0.0,0.0,0.0,0.0,0.0,0.0,0.0,False,,,96.866,96.847,0.019000000000005457,4.21,5.02,1529919.0,1176191.0,46.25,50.0,39.0,,,,4.0,3.05594,0.55,30.9775,2026-08-05,2026-11-25,
CENX,949157.0,0.0,0.0,0.0,0.0,0.0,0.0,0.0,False,,,78.403,78.385,0.018000000000000682,14.12,5.4,9701397.0,9181113.0,69.0,79.0,60.0,,,1.0,4.0,11.67604,6.96,-9.5025,2026-08-06,2026-11-05,
CERT,1827090.0,0.0,0.0,0.0,0.0,0.0,0.0,0.0,False,,,112.92800000000001,112.93,-0.001999999999995339,29.59,13.79,28814125.0,25229619.0,8.335,10.0,7.0,,,,10.0,0.39082,-12.19,-2.2825,2026-08-04,2026-11-05,
CF,1324404.0,0.0,0.0,0.0,0.0,0.0,0.0,0.0,False,,,108.92999999999999,108.933,-0.0030000000000143245,7.7299999999999995,3.64,9773355.0,9233730.0,127.086,195.72,98.0,,,2.95455,20.0,10.70441,-15.07,5.772499999999999,2026-08-05,2026-11-04,
CFFN,1490906.0,0.0,0.0,0.0,0.0,0.0,0.0,0.0,False,,,83.33,83.255994,0.07400599999999713,8.02,9.14,7137993.0,6295115.0,9.5,10.0,9.0,,,,3.0,0.775,11.76,11.965,2026-07-29,2026-10-28,
CFG,759944.0,0.0,9.323623829999999,-9.323623829999999,0.0,1.0,1.0,0.0,False,,2026-07-24,100.121,100.198,-0.07699999999999818,0.02,0.03,83179.0,43115.0,80.70588,90.0,70.0,,,1.61111,17.0,6.53376,4.39,3.1574999999999998,2026-07-16,2026-10-16,
CFR,39263.0,0.0,0.0,0.0,0.0,0.0,0.0,0.0,False,,,96.115994,96.160007,-0.04401299999999253,0.02,0.02,9473.0,22121.0,173.7857,200.0,145.0,,,2.53333,14.0,11.87979,5.2,9.427500000000002,2026-07-30,2026-10-29,
CG,1527166.0,0.0,17.096,-17.096,0.0,1.0,1.0,0.0,False,,2026-09-11,65.04699600000001,65.04699600000001,0.0,7.2700000000000005,5.96,19257718.0,19926549.0,58.0,73.0,49.0,,,2.21053,18.0,5.10074,17.99,2.7574999999999994,2026-08-05,2026-10-29,
CGNX,851205.0,0.0,0.0,0.0,0.0,0.0,0.0,5.0,False,,2026-08-11,112.862,112.858,0.003999999999990678,4.78,4.49,7132531.0,7507974.0,79.63158,92.0,65.0,,,1.85,19.0,2.01895,5.93,19.870000000000005,2026-08-05,2026-10-28,
CHCO,726854.0,0.0,0.707713494,-0.707713494,0.0,2.0,2.0,4.0,False,,2026-08-26,74.081004,74.073,0.008003999999999678,9.99,10.28,983730.0,941938.0,140.4,147.0,128.0,,,3.0,5.0,9.64,5.57,4.0725,2026-07-22,2026-10-21,
CHD,313927.0,0.0,5.4620349699999995,-5.4620349699999995,0.0,4.0,5.0,0.0,False,,2026-08-26,94.838995,94.841003,-0.0020080000000035625,5.239999699999999,5.89,10817562.0,10811056.0,105.10526,115.0,78.0,,,2.2381,19.0,4.03525,-0.95,3.5575,2026-07-31,2026-10-30,
CHDN,20212.0,0.0,0.0,0.0,0.0,0.0,0.0,0.0,False,,,89.475995,89.486,-0.010005000000006703,6.72,4.77,4410884.0,3619753.0,130.83333,157.0,100.0,,,1.25,12.0,7.40498,0.48,6.5775,2026-07-29,2026-10-28,
CHE,19584.0,0.0,3.80626,-3.80626,0.0,3.0,5.0,0.0,False,,2026-09-18,106.514,106.53,-0.016000000000005343,5.89,4.79,653250.0,638408.0,571.6,650.0,520.0,,,2.2,5.0,27.51786,8.21,1.0775000000000003,2026-07-28,2026-10-27,
CHEF,1517175.0,0.0,15.203198303899999,-15.203198303899999,0.0,3.0,10.0,0.0,False,,2026-08-14,100.57399000000001,100.54699,0.027000000000015234,15.020000999999999,7.13,4655894.0,5530744.0,122.0,131.0,104.0,,,1.25,8.0,3.05859,32.27,30.3275,2026-07-29,2026-10-28,
CHH,1046311.0,0.0,0.5409978599999999,-0.5409978599999999,0.0,1.0,1.0,0.0,False,,2026-08-18,77.304,77.322,-0.018000000000000682,29.509999999999998,12.06,6011178.0,6085954.0,114.8125,131.0,91.0,,,3.05882,16.0,7.53781,2.77,-4.1825,2026-08-05,2026-11-04,
CHRD,1486159.0,0.0,3.389609,-3.389609,0.0,3.0,6.0,5.0,False,,2026-09-01,103.01,102.992,0.018000000000000682,8.25,5.35,3464530.0,3268434.0,173.125,210.0,145.0,,,1.47059,16.0,15.74351,-1.2,8.985,2026-08-05,2026-11-03,
CHRW,1043277.0,0.0,0.0,0.0,0.0,0.0,0.0,0.0,False,,,105.17601,105.178,-0.0019899999999921647,4.97,3.9,5089482.0,4595954.0,197.56,237.0,91.0,,,1.76,25.0,7.50122,5.61,7.96,2026-07-29,2026-10-28,
CHTR,1091667.0,0.0,0.0,0.0,0.0,0.0,0.0,0.0,False,,,88.752,88.819003,-0.0670029999999997,38.75,5.16,15404722.0,22983789.0,178.05263,380.0,101.0,,,3.0,19.0,41.86,5.94,-2.385,2026-07-24,2026-10-30,
CHWY,1766502.0,0.0,0.08191546999999999,-0.08191546999999999,0.0,1.0,2.0,2.0,False,,2026-08-03,101.658,101.708,-0.04999999999999716,10.26,2.67,22989686.0,20592478.0,28.81818,36.0,21.0,,,,22.0,1.86843,-0.88,0.5525,2026-09-09,2026-12-09,
CI,1739940.0,0.0,0.0,0.0,0.0,0.0,0.0,3.0,False,,2026-09-03,92.178,92.18,-0.0020000000000095497,2.77,4.68,6562998.0,5240030.0,341.83334,400.0,290.0,,,1.75,24.0,33.42321,2.37,2.4375,2026-07-30,2026-11-05,
CIEN,936395.0,0.0,1.34209152,-1.34209152,0.0,1.0,1.0,19.0,False,,2026-09-23,95.92699999999999,95.914,0.012999999999991019,3.9899999999999998,1.54,3590902.0,2921400.0,516.83234,660.0,347.0,,,1.75,19.0,11.79509,22.14,17.0675,2026-09-03,2026-12-10,
CINF,20286.0,0.17164,1.33306736,-1.16142736,1.0,1.0,2.0,0.0,False,,2026-08-25,74.028,74.027,0.0010000000000047748,2.86,8.33,3759762.0,3483567.0,191.66667,200.0,177.0,,,,6.0,9.03122,-21.26,10.502500000000001,2026-07-27,2026-10-26,
CL,21665.0,0.0,31.0084515314,-31.0084515314,0.0,3.0,4.0,0.0,False,,2026-08-24,86.396,86.388,0.007999999999995566,2.5799999000000002,4.23,18399416.0,17557432.0,98.8,110.0,87.0,,,2.04762,20.0,4.10252,4.53,3.4450000000000003,2026-07-31,2026-10-30,
CLF,764065.0,0.0,0.0,0.0,0.0,0.0,0.0,0.0,False,,,84.463,84.459996,0.0030039999999900147,14.21,5.7,80326843.0,81120317.0,12.3,15.0,10.0,,,2.92308,10.0,0.7301,7.25,10.4475,2026-07-23,2026-10-19,
CLH,822818.0,0.0,1.0511038899999998,-1.0511038899999998,0.0,2.0,2.0,0.0,False,,2026-08-14,96.262,96.143997,0.11800300000000163,2.25,2.85,1128021.0,1113361.0,359.93332,390.0,325.0,,,1.58824,15.0,9.93294,14.01,4.6225000000000005,2026-07-29,2026-11-04,
CLSK,827876.0,0.0,0.0,0.0,0.0,0.0,0.0,4.0,False,,2026-09-08,100.64499,100.61901,0.02598000000000411,42.810002000000004,4.32,78577506.0,73687226.0,23.89286,27.0,21.0,,,1.28571,14.0,-1.5325,-16.34,-236.70499999999998,2026-08-06,2026-11-24,
CLX,21076.0,0.0,0.0,0.0,0.0,0.0,0.0,0.0,False,,,88.327,88.325,0.001999999999995339,8.1,2.83,8498860.0,11983934.0,100.76471,154.0,77.0,,,3.21053,17.0,6.26059,0.86,3.3025,2026-08-03,2026-11-03,
CMC,22444.0,0.6044678,0.0,0.6044678,2.0,0.0,2.0,0.0,False,,2026-08-13,95.746005,95.724,0.022004999999992947,7.39,5.78,6181773.0,4899029.0,80.72727,88.0,75.0,,,,11.0,7.29766,1.33,3.8249999999999997,2026-06-25,2026-10-15,
CMCSA,1166691.0,0.0,0.0,0.0,0.0,0.0,0.0,0.0,False,,,91.582,91.574997,0.007002999999997428,2.54,3.46,79928949.0,75479151.0,29.05609,44.0,18.0,,,2.64286,23.0,3.57588,7.62,7.0975,2026-07-23,2026-10-22,
CME,1156375.0,0.0,4.256594360000001,-4.256594360000001,0.0,2.0,3.0,0.0,False,,2026-09-14,91.837,91.846,-0.009000000000000341,1.7999999999999998,3.05,5801564.0,5199595.0,283.6,330.0,230.0,,,2.625,15.0,12.92641,2.75,1.3675,2026-07-22,2026-10-21,
CMG,1058090.0,0.0,0.09563125,-0.09563125,0.0,1.0,1.0,0.0,False,,2026-08-21,92.764,92.765,-0.0010000000000047748,3.5999999999999996,3.05,40240541.0,38263380.0,44.01613,53.0,35.0,,,1.77143,31.0,1.3713,3.96,2.7800000000000002,2026-07-29,2026-10-28,
CMI,26172.0,0.0,0.3994103278,-0.3994103278,0.0,1.0,1.0,0.0,False,,2026-08-24,87.765,87.759,0.006000000000000227,3.04,3.57,3630523.0,2210656.0,745.96,894.0,530.0,,,1.86957,20.0,34.62433,-6.12,-0.5024999999999997,2026-08-04,2026-11-05,
CMS,811156.0,0.014491,0.0,0.014491,1.0,0.0,1.0,0.0,False,,2026-07-31,103.68900000000001,103.67299,0.016010000000008517,0.0,0.0,11737.0,8913.0,78.66667,87.0,68.0,,,2.26667,12.0,4.1555,3.07,3.915,2026-07-28,2026-10-29,
CNC,1071739.0,0.0,6.891182080000001,-6.891182080000001,0.0,1.0,2.0,0.0,False,,2026-08-26,101.67699999999999,101.712,-0.0350000000000108,3.2800000000000002,3.56,14134355.0,13270562.0,71.77778,85.0,56.0,,,2.38095,18.0,5.34776,132.64,149.3225,2026-07-28,2026-10-27,
CNH,1567094.0,0.0,0.0,0.0,0.0,0.0,0.0,0.0,False,,,78.283,78.287005,-0.004004999999992265,6.0300004,2.08,52392004.0,57055464.0,13.93895,21.0,9.0,,,1.94737,19.0,0.68516,22.41,61.589999999999996,2026-08-03,2026-11-09,
CNK,1385280.0,0.0,0.0,0.0,0.0,0.0,0.0,0.0,False,,,108.012,108.051,-0.03900000000000148,10.569999,3.58,7262674.0,7761591.0,39.81818,44.0,34.0,,,2.0,11.0,2.62774,16.12,16.509999999999998,2026-07-30,2026-11-04,
CNM,1856525.0,0.09511093799999999,0.0,0.09511093799999999,1.0,0.0,1.0,0.0,False,,2026-07-06,112.75,112.749,0.0010000000000047748,5.53,3.95,10170572.0,10765013.0,55.28571,75.0,40.0,,,2.2,14.0,3.50188,5.05,-3.4074999999999998,2026-09-09,2026-12-08,
CNMD,816956.0,0.0,0.0,0.0,0.0,0.0,0.0,0.0,False,,,116.599,116.589,0.010000000000005116,8.48,7.02,2137300.0,2319480.0,45.5,49.0,43.0,,,,6.0,4.78155,24.33,10.952499999999999,2026-07-29,2026-11-04,
CNO,1224608.0,0.0,0.0,0.0,0.0,0.0,0.0,15.0,False,,2026-09-16,98.043,98.026,0.017000000000010118,0.01,0.01,5595.0,5598.0,53.75,56.0,52.0,,,,4.0,5.028,29.9,8.525,2026-07-30,2026-11-02,
CNP,1130310.0,0.0407,0.0,0.0407,1.0,0.0,1.0,0.0,False,,2026-08-17,107.33299999999998,107.342,-0.009000000000014552,9.07,7.87,46673652.0,42134024.0,45.23529,50.0,38.0,,,2.15789,17.0,2.0874,7.4,5.1825,2026-07-28,2026-10-22,
CNR,1710366.0,0.0,0.0,0.0,0.0,0.0,0.0,0.0,False,,,95.514,95.498,0.015999999999991132,6.6599995,3.89,1902166.0,1577056.0,109.5,118.0,105.0,,,,4.0,6.645,292.37,164.98250000000002,2026-08-06,2026-11-05,
CNS,1284812.0,0.0,0.091476,-0.091476,0.0,1.0,1.0,0.0,False,,2026-07-20,57.69800000000001,57.679003,0.018997000000005926,5.4399999999999995,6.02,1536637.0,1161114.0,76.33333,89.0,60.0,,,,3.0,3.98,-0.58,-0.925,2026-07-16,2026-10-15,
CNX,1070412.0,0.0,0.0,0.0,0.0,0.0,0.0,0.0,False,,,92.77499999999999,92.740995,0.0340049999999934,14.510000000000002,10.88,15406626.0,14820793.0,37.72727,48.0,32.0,,,3.08333,11.0,3.80466,29.41,39.125,2026-07-30,2026-10-29,
CNXC,1803599.0,0.0212497,0.0,0.0212497,1.0,0.0,1.0,0.0,False,,2026-07-08,115.276,115.29499,-0.018990000000002283,16.549999,6.64,8590073.0,10572640.0,36.25,45.0,30.0,,,,4.0,11.89,-0.28,-0.825,2026-06-29,2026-09-29,
CNXN,1050377.0,0.0,6.125724030000001,-6.125724030000001,0.0,3.0,8.0,28.0,False,,2026-09-15,42.400002,42.362,0.03800199999999876,4.99,4.57,546926.0,490994.0,83.0,83.0,83.0,,,,1.0,4.465,25.96,13.120000000000001,2026-07-29,2026-10-28,
COCO,1482981.0,0.0,0.0,0.0,0.0,0.0,0.0,0.0,False,,,95.445997,95.442003,0.003994000000005826,12.550001,5.02,5827273.0,5486367.0,83.22222,90.0,68.0,,,1.63636,9.0,2.34,58.52,40.13,2026-07-23,2026-10-28,
COF,927628.0,0.0,1.92898046,-1.92898046,0.0,2.0,2.0,16.0,False,,2026-09-15,89.22099999999999,89.218,0.002999999999985903,1.8099998999999998,3.12,9857399.0,10747577.0,258.7619,300.0,225.0,,,1.56522,21.0,24.09297,23.79,12.510000000000002,2026-07-21,2026-10-20,
COHR,820318.0,0.0,2.3714945750000003,-2.3714945750000003,0.0,3.0,3.0,6.0,False,,2026-09-11,87.517,87.494004,0.022995999999992023,6.0900003,1.66,10178444.0,10032446.0,415.36197,500.0,280.0,,,1.6087,22.0,13.95531,7.6,6.702500000000001,2026-08-12,2026-11-04,
COHU,21535.0,0.0,0.5582,-0.5582,0.0,1.0,1.0,7.0,False,,2026-09-25,116.529,116.502,0.027000000000001023,22.0,9.0,8628062.0,8947969.0,70.875,80.0,65.0,,,1.125,8.0,1.84625,87.39,-63.25750000000001,2026-07-30,2026-10-29,
COIN,1679788.0,0.0,0.0,0.0,0.0,0.0,0.0,43.0,False,,2026-09-21,68.683,68.679,0.0040000000000048885,11.4700004,2.39,25234463.0,22918131.0,203.60333,330.0,95.0,,,1.97143,30.0,2.83521,-487.47,-1069.7325,2026-07-30,2026-10-29,
COKE,317540.0,0.0,0.0,0.0,0.0,0.0,0.0,0.0,False,,,75.024,75.03500600000001,-0.011006000000008953,6.859999999999999,6.14,2787719.0,2910118.0,,,,,,,,38.94,32.3,16.86,2022-11-01,2026-10-28,
COLB,887343.0,0.02247782,0.0,0.02247782,1.0,0.0,1.0,0.0,False,,2026-06-30,97.419,97.419,0.0,3.75,3.66,10555238.0,9828071.0,34.14286,37.0,30.0,,,2.28571,14.0,3.28669,4.67,11.865,2026-07-23,2026-10-29,
COLL,1267565.0,0.0,0.0,0.0,0.0,0.0,0.0,0.0,False,,,131.144,131.10299,0.04100999999999999,20.82,6.65,5675115.0,6523302.0,49.0,60.0,43.0,,,1.5,8.0,6.68329,8.78,10.1525,2026-08-06,2026-11-05,
COLM,1050797.0,0.0,0.0,0.0,0.0,0.0,0.0,0.0,False,,,53.059,53.05800000000001,0.000999999999990564,17.459999,6.48,4361519.0,3430182.0,69.83333,92.0,47.0,,,,6.0,4.18623,233.24,85.9825,2026-07-30,2026-10-29,
CON,2014596.0,0.0,0.0,0.0,0.0,0.0,0.0,2.0,False,,2026-08-03,90.143996,90.122,0.02199600000000146,4.4899996,4.48,3182027.0,2217654.0,41.0,43.0,40.0,,,1.22222,8.0,1.84129,23.45,10.594999999999999,2026-08-06,2026-11-05,
COO,711404.0,1.8801099776999999,0.0,1.8801099776999999,3.0,0.0,5.0,0.0,True,2026-09-11,2026-09-16,111.92600999999999,111.898,0.02800999999999476,6.0300004,2.96,10008627.0,7636457.0,66.21429,75.0,58.0,,,2.5,14.0,4.69375,2.67,5.8825,2026-09-09,2026-12-10,
COP,1163165.0,0.0,3.2998930499999997,-3.2998930499999997,0.0,2.0,2.0,0.0,False,,2026-08-21,86.92999999999999,86.92699999999999,0.0030000000000001137,1.34000005,2.51,16065330.0,16864931.0,146.08,189.0,126.0,,,1.74074,25.0,9.66093,10.58,6.807499999999999,2026-08-06,2026-11-05,
COR,1140859.0,0.0,4.073927458636,-4.073927458636,0.0,2.0,2.0,1.0,False,,2026-09-16,99.737,99.665,0.07199999999998852,2.5700000000000003,3.82,4311607.0,4643250.0,369.25,430.0,330.0,,,1.71429,12.0,19.82611,3.22,1.5325,2026-08-05,2026-11-04,
CORT,1088856.0,0.0,4.6085477635,-4.6085477635,0.0,3.0,3.0,57.0,False,,2026-09-16,76.859003,76.859003,0.0,11.14,10.68,9350914.0,9696757.0,141.0,165.0,50.0,,,2.0,5.0,4.4025,535.26,100.78,2026-07-29,2026-11-04,
COST,909832.0,0.0,0.0,0.0,0.0,0.0,0.0,0.0,False,,,74.469,74.429,0.03999999999999204,1.66,3.81,7360574.0,7364782.0,1057.8,1315.0,740.0,,,1.94872,35.0,24.96994,3.41,2.1900000000000004,2026-09-24,2026-12-10,
COTY,1024305.0,0.0,0.0,0.0,0.0,0.0,0.0,0.0,False,,,42.644999999999996,42.645,-7.105427357601002e-15,12.91,7.04,48694415.0,48704587.0,2.689,4.0,1.5,,,3.11111,14.0,0.25592,-132.29,-226.155,2026-08-19,2026-11-05,
CPAY,1175454.0,0.0,113.44376043700001,-113.44376043700001,0.0,4.0,36.0,0.0,False,,2026-08-25,100.684,100.683,0.000999999999990564,4.9399999999999995,7.5,3121394.0,2514769.0,461.0,536.0,390.0,,,1.6875,15.0,31.44802,6.3,3.7575000000000003,2026-08-05,2026-11-04,
CPB,16732.0,0.0,0.0,0.0,0.0,0.0,0.0,0.0,False,,,63.791,63.815,-0.02400000000000091,24.95,4.57,38555533.0,41802250.0,20.79412,41.5,16.0,,,3.3,17.0,1.83554,0.73,-0.10750000000000026,2026-09-03,2026-12-09,
CPF,701347.0,0.0,0.0,0.0,0.0,0.0,0.0,0.0,False,,,97.292,97.261,0.03100000000000591,3.27,4.78,700583.0,603235.0,43.0,44.0,42.0,,,,3.0,3.575,2.24,5.8025,2026-07-24,2026-10-28,
CPK,19745.0,0.0,0.0,0.0,0.0,0.0,0.0,0.0,False,,,94.319,94.319,0.0,5.0100001999999995,6.68,1011475.0,1106967.0,147.41667,160.0,134.0,,,2.0,6.0,7.33557,-1.89,-3.1225,2026-08-06,2026-11-05,
CPRT,900075.0,0.0,2.204,-2.204,0.0,1.0,1.0,1.0,False,,2026-07-28,87.99,87.991995,-0.0019950000000079626,4.5700002,3.26,33967761.0,45095161.0,38.7,55.0,25.0,,,2.25,10.0,1.7705,-8.52,-1.4599999999999997,2026-09-10,2026-11-19,
CPT,906345.0,0.0,0.0,0.0,0.0,0.0,0.0,0.0,False,,,105.607,105.733,-0.12600000000000477,4.33,4.8,4190597.0,4582925.0,115.42045,132.0,102.0,,,2.58333,22.0,1.09,-33.95,-53.42,2026-07-30,2026-11-05,
CR,1944013.0,0.0,0.2203,-0.2203,0.0,1.0,2.0,0.0,False,,2026-08-31,79.96600000000001,79.963,0.0030000000000143245,2.17,2.74,1070533.0,1009790.0,237.2,253.0,192.0,,,1.3,10.0,7.82821,6.79,9.805,2026-07-28,2026-10-26,
CRBG,1889539.0,0.0,491.3710241415,-491.3710241415,0.0,2.0,2.0,16.0,False,,2026-09-23,113.68599999999999,113.425,0.2609999999999957,4.8299997999999995,3.72,12645073.0,13643522.0,38.83333,46.0,32.0,,,1.64286,12.0,5.77296,3.46,0.8525,2026-08-04,2026-11-02,
CRC,1609253.0,0.0,0.0,0.0,0.0,0.0,0.0,3.0,False,,2026-09-04,105.76,105.70099,0.05901000000000067,6.3100000000000005,4.25,3659325.0,3422252.0,76.33333,91.0,59.0,,,1.38462,12.0,4.17617,-27.99,-5.484999999999999,2026-08-10,2026-11-03,
CRGY,1866175.0,0.0,0.0,0.0,0.0,0.0,0.0,0.0,False,,,93.513,93.383,0.13000000000000966,11.450000000000001,5.93,32418204.0,32686975.0,17.47059,21.0,12.0,,,1.70588,17.0,2.34325,17.46,30.365000000000002,2026-08-03,2026-11-02,
CRH,849395.0,0.0,0.0,0.0,0.0,0.0,0.0,0.0,False,,,89.342004,89.352,-0.009996000000001004,2.0299999,2.71,11896345.0,12856835.0,133.18124,165.0,105.0,,,1.30435,24.0,6.49414,-4.19,0.7624999999999997,2026-07-30,2026-10-29,
CRI,1060822.0,0.0,0.0,0.0,0.0,0.0,0.0,0.0,False,,,113.55900000000001,113.54200000000002,0.016999999999995907,19.1,3.94,5782950.0,3163032.0,42.28571,53.0,30.0,,,,7.0,3.69236,320.58,135.79,2026-07-31,2026-11-02,
CRK,23194.0,0.0,0.0,0.0,0.0,0.0,0.0,0.0,False,,,31.139,31.109,0.029999999999997584,32.709998,9.51,25681438.0,24575628.0,16.10714,20.0,14.0,,,3.13333,14.0,0.6446,201.51,67.4875,2026-07-29,2026-11-02,
CRL,1100682.0,0.0,2.9767218699999995,-2.9767218699999995,0.0,3.0,11.0,7.0,False,,2026-08-25,123.67099999999999,123.606,0.06499999999999773,5.4,2.58,2230517.0,2360745.0,298.7857,334.0,145.0,,,1.70588,14.0,12.7082,10.31,5.375,2026-08-05,2026-11-04,
CRM,1108524.0,0.9994508496,1.1727461022,-0.17329525260000012,1.0,1.0,3.0,0.0,False,,2026-09-18,87.474996,87.477,-0.0020039999999994507,4.54,1.97,32348247.0,26502629.0,281.0783,475.0,160.0,,,1.74074,53.0,16.00674,80.36,35.7125,2026-08-26,2026-12-02,
CROX,1334036.0,0.6125702275,4.1547848016,-3.5422145741,2.0,1.0,10.0,0.0,True,2026-09-15,2026-09-15,103.52501000000001,103.624,-0.09898999999998637,13.149999000000001,4.84,4679535.0,4351107.0,138.25,163.0,95.0,,,,12.0,14.94673,4.65,13.807500000000001,2026-07-30,2026-10-29,
CRS,17843.0,0.0,54.64437247149999,-54.64437247149999,0.0,3.0,23.0,0.0,False,,2026-09-04,95.39800000000001,95.394,0.0040000000000048885,3.6799999999999997,2.34,1771239.0,1497691.0,625.875,700.0,540.0,,,,8.0,15.88036,4.72,6.7425,2026-07-30,2026-10-22,
CRSR,1743759.0,0.0,0.1214868348,-0.1214868348,0.0,1.0,1.0,0.0,False,,2026-08-13,90.77499999999999,90.766,0.00899999999998613,18.15,6.99,9254090.0,10878421.0,13.22222,16.0,11.0,,,,9.0,0.82892,227.59,75.3925,2026-08-06,2026-11-03,
CRUS,772406.0,0.0,0.0,0.0,0.0,0.0,0.0,5.0,False,,2026-09-21,107.476,107.48401,-0.00800999999999874,8.2600005,3.86,3582985.0,3739506.0,165.0,200.0,130.0,,,1.8,4.0,8.9002,1.39,13.287500000000001,2026-08-05,2026-11-03,
CRVL,874866.0,0.0,0.6304098100000001,-0.6304098100000001,0.0,2.0,4.0,4.0,False,,2026-09-14,56.145,56.126,0.019000000000005457,11.58,6.95,1304525.0,1400259.0,,,,,,,,,-21.8,-16.7325,2015-02-03,2026-11-03,
CRWD,1535527.0,0.0,44.70177659,-44.70177659,0.0,6.0,18.0,702.0,False,,2026-09-24,76.38200499999999,76.373,0.009004999999987717,2.77,2.41,27929552.0,24164922.0,235.67,300.0,132.0,,,1.69811,50.0,1.60591,6.38,3.2424999999999997,2026-08-26,2026-12-01,
CRWV,1769628.0,0.0,524.30388808,-524.30388808,0.0,9.0,117.0,676.0,False,,2026-09-22,76.728994,76.68800399999999,0.040990000000007853,17.639999,2.47,54939326.0,58859603.0,141.57895,317.0,39.0,,,1.85366,38.0,-1.82233,22.45,6.124999999999999,2026-08-11,2026-11-11,
CSCO,858877.0,0.0,0.0,0.0,0.0,0.0,0.0,21.0,False,,2026-09-14,83.384,83.378,0.006000000000000227,1.46,3.96,57677354.0,58942738.0,137.25,170.0,115.0,,,1.82143,24.0,5.62188,4.38,2.56,2026-08-12,2026-11-12,
CSGP,1057352.0,2.489837,0.25310964,2.2367273599999997,1.0,2.0,3.0,0.0,False,,2026-08-07,104.791,104.81501,-0.024010000000004084,3.6900000000000004,2.22,14839529.0,16691379.0,37.3,53.0,25.0,,,2.09524,20.0,1.77373,11.88,18.08,2026-07-28,2026-10-27,
CSL,790051.0,0.0,0.0,0.0,0.0,0.0,0.0,0.0,False,,,103.763,103.759,0.0040000000000048885,6.950000000000001,3.28,2042974.0,2139884.0,410.375,475.0,340.0,,,2.2,8.0,24.00455,10.77,8.26,2026-07-29,2026-10-28,
CSR,798359.0,0.0,0.0,0.0,0.0,0.0,0.0,0.0,False,,,96.989,96.988,0.0010000000000047748,8.0299996,3.33,918128.0,573858.0,64.14286,80.0,57.0,,,2.55556,7.0,-0.36,87.7,-75.40750000000001,2026-08-03,2026-11-02,
CSW,1624794.0,0.0,1.8056237,-1.8056237,0.0,2.0,2.0,3.0,False,,2026-09-15,102.973,102.826,0.14700000000000557,7.9,9.13,1087027.0,1022234.0,351.85715,400.0,320.0,,,,7.0,13.66446,10.9,6.9625,2026-07-30,2026-10-29,
CSX,277948.0,0.0,2.28354,-2.28354,0.0,2.0,2.0,0.0,False,,2026-07-24,81.554,81.55200500000001,0.0019949999999937518,2.1999999999999997,4.49,40751812.0,34310600.0,53.0596,60.0,32.0,,,1.92,23.0,2.27267,4.19,3.3150000000000004,2026-07-22,2026-10-21,
CTAS,723254.0,0.0,2.72744118,-2.72744118,0.0,2.0,2.0,0.0,False,,2026-07-22,70.133,69.744,0.3889999999999958,3.7600000000000002,6.35,11215794.0,10362405.0,218.25,250.0,180.0,,,2.2,16.0,6.15917,0.23,0.985,2026-09-23,2026-12-17,
CTRE,1590717.0,0.0,0.0,0.0,0.0,0.0,0.0,0.0,False,,,107.738,107.737,0.0010000000000047748,8.2100004,7.26,16242115.0,24756021.0,45.15385,49.0,43.0,,,1.30769,13.0,1.774,0.28,-5.237499999999999,2026-08-06,2026-11-09,
CTS,26058.0,0.0,0.0,0.0,0.0,0.0,0.0,0.0,False,,,100.75099999999999,100.725,0.02599999999999625,4.3999999999999995,6.02,1041368.0,839750.0,70.66667,80.0,65.0,,,,3.0,2.86667,21.31,10.557500000000001,2026-07-28,2026-10-27,
CTSH,1058290.0,0.0,0.0,0.0,0.0,0.0,0.0,6.0,False,,2026-09-14,116.323,116.34899,-0.025990000000007285,8.01,6.38,36035960.0,35596472.0,65.104,84.0,47.0,,,2.2069,25.0,6.33185,-0.66,3.2675,2026-07-29,2026-10-28,
CTVA,1755672.0,0.0,0.0,0.0,0.0,0.0,0.0,0.0,False,,,92.111,92.103994,0.0070060000000040645,3.53,4.31,20671603.0,14475141.0,92.6,103.0,78.0,,,1.7619,20.0,4.12415,2.93,19.762500000000003,2026-07-30,2026-11-03,
CUBE,1298675.0,0.0,0.0,0.0,0.0,0.0,0.0,0.0,False,,,106.38300000000001,106.341,0.0420000000000158,5.48,4.14,8688626.0,7503895.0,43.9375,48.0,40.0,,,2.33333,16.0,1.57202,7.18,-0.4375,2026-07-30,2026-10-29,
CUBI,1488813.0,0.0,8.809025244799999,-8.809025244799999,0.0,2.0,4.0,0.0,False,,2026-08-13,101.546,101.526,0.020000000000010232,10.91,11.01,2514167.0,2303565.0,94.09091,110.0,76.0,,,2.3,11.0,9.54692,2.99,5.5425,2026-07-23,2026-10-22,
CURB,2027317.0,0.0,43.57859053999999,-43.57859053999999,0.0,2.0,21.0,0.0,False,,2026-09-14,123.05900000000001,123.023,0.036000000000015575,22.919999999999998,9.34,13905911.0,19038889.0,33.83333,39.0,30.0,,,1.8,9.0,0.27,27.2,6.1,2026-07-28,2026-10-27,
CUZ,25232.0,0.0,0.17761152000000002,-0.17761152000000002,0.0,1.0,1.0,0.0,False,,2026-08-20,112.21000000000001,112.293,-0.08299999999999841,10.0,9.57,12064281.0,10616519.0,33.54545,36.0,30.0,,,1.36364,11.0,0.4,28.5,1.3350000000000009,2026-07-30,2026-10-29,
CVBF,354647.0,0.6756,0.91768,-0.24208,2.0,1.0,3.0,0.0,False,,2026-08-31,85.570997,85.561997,0.009000000000000341,7.380000000000001,9.68,9745402.0,8462371.0,26.0,28.0,25.0,,,2.16667,6.0,1.99833,4.39,2.5225,2026-07-22,2026-10-21,
CVCO,278166.0,0.0,0.202464,-0.202464,0.0,1.0,1.0,1.0,False,,2026-08-18,103.74199,103.736,0.005989999999997053,5.7700000000000005,4.0,362158.0,366761.0,646.6667,700.0,600.0,,,,3.0,28.82628,-2.23,0.3224999999999999,2026-07-30,2026-10-29,
CVI,1376139.0,0.0,0.0,0.0,0.0,0.0,0.0,0.0,False,,,104.666,104.395,0.2710000000000008,19.790001,5.39,5804898.0,5903668.0,33.4,36.0,29.0,,,4.16667,5.0,3.03066,216.28,48.9075,2026-07-29,2026-10-28,
CVLT,1169561.0,0.0,0.24403028,-0.24403028,0.0,2.0,2.0,11.0,False,,2026-09-11,110.984,110.962,0.02199999999999136,9.55,6.81,3375613.0,3207410.0,160.55293,200.0,130.0,,,1.84211,17.0,6.20053,22.17,13.945,2026-07-28,2026-10-27,
CVNA,1690820.0,1.5449813700000001,2.2275,-0.6825186299999999,1.0,1.0,4.0,39.0,False,,2026-09-14,105.339,105.315,0.02400000000000091,11.63,8.14,62226156.0,65227842.0,82.975,120.0,60.0,,,2.0,20.0,2.26208,10.09,64.7025,2026-07-29,2026-10-28,
CVS,64803.0,0.0,0.0,0.0,0.0,0.0,0.0,0.0,False,,,90.838,90.816003,0.021996999999998934,1.27,2.77,16123980.0,16823735.0,116.28,148.0,103.0,,,1.40741,25.0,8.52869,39.36,20.7875,2026-08-05,2026-10-28,
CVSA,730464.0,0.0,0.0,0.0,0.0,0.0,0.0,9.0,False,,2026-08-27,103.25899999999999,103.24199,0.01700999999998487,8.229999000000001,5.84,1937678.0,1629629.0,159.5,175.0,140.0,,,1.75,4.0,10.005,10.44,11.855,2026-08-06,2026-10-29,
CVX,93410.0,0.0,228.59517853629998,-228.59517853629998,0.0,5.0,14.0,0.0,False,,2026-08-18,71.185,71.18100000000001,0.003999999999990678,1.06,2.62,20765075.0,15741465.0,223.91667,250.0,175.0,,,1.72,24.0,14.13668,8.84,16.997500000000002,2026-07-31,2026-10-30,
CW,26324.0,0.148999066762,0.7008151000000001,-0.5518160332380001,1.0,2.0,3.0,0.0,False,,2026-08-28,89.667,89.658,0.009000000000000341,2.39,1.89,778262.0,755462.0,786.25,870.0,665.0,,,1.77778,8.0,17.13875,2.83,3.58,2026-08-05,2026-11-04,
CWEN,1567683.0,0.0,0.0,0.0,0.0,0.0,0.0,0.0,False,,,89.262,89.186996,0.07500400000000695,7.920000000000001,7.05,7809994.0,7213902.0,41.84615,58.0,32.0,,,1.38462,13.0,1.63751,72.83,1.1724999999999888,2026-08-05,2026-11-04,
CWEN-A,,0.0,0.0,0.0,0.0,0.0,0.0,0.0,False,,,,,,,,,,,,,,,,,,,,,,
CWK,1628369.0,0.0,0.389455,-0.389455,0.0,2.0,2.0,0.0,False,,2026-09-08,98.324996,98.307997,0.016998999999998432,7.8600004000000006,9.52,16409155.0,14313700.0,17.72727,21.0,15.0,,,2.0,11.0,1.72262,0.87,4.500000000000001,2026-08-05,2026-10-29,
CWST,911177.0,0.0,1.7094663099999998,-1.7094663099999998,0.0,2.0,5.0,0.0,False,,2026-09-03,126.654,126.643,0.01099999999999568,10.84,11.92,5071072.0,4805288.0,111.8,130.0,91.0,,,1.72727,10.0,1.46719,36.07,42.1975,2026-08-06,2026-11-05,
CWT,1035201.0,0.0,0.2114555,-0.2114555,0.0,2.0,2.0,0.0,False,,2026-09-01,98.291,98.29,0.000999999999990564,5.46,4.7,2415232.0,1425414.0,53.75,57.0,49.0,,,1.5,4.0,2.75,47.62,-13.762499999999998,2026-07-30,2026-10-29,
CXM,1569345.0,0.0,1.21270275,-1.21270275,0.0,5.0,5.0,3.0,False,,2026-09-16,102.766,102.766,0.0,10.8100004,2.85,11752694.0,9126823.0,8.4375,12.0,6.0,,,2.55556,8.0,0.5302,14.14,27.669999999999998,2026-06-03,2026-12-02,
CXT,25445.0,0.0,0.0,0.0,0.0,0.0,0.0,0.0,False,,,109.694,109.694,0.0,19.229999,16.49,7989917.0,7237932.0,68.71429,85.0,56.0,,,1.42857,7.0,4.71377,6.25,3.62,2026-08-05,2026-11-04,
CXW,1070985.0,0.0,15.431458557600001,-15.431458557600001,0.0,9.0,19.0,3.0,False,,2026-09-11,91.403,91.370004,0.03299600000001135,18.0,8.5,14561701.0,15424304.0,41.8,45.0,40.0,,,1.0,5.0,2.37,11.76,17.575000000000003,2026-08-05,2026-11-04,
CYTK,1061983.0,0.0,0.0,0.0,0.0,0.0,0.0,21.0,False,,2026-09-22,125.91699999999999,125.921,-0.004000000000019099,19.2,9.94,17481383.0,16323712.0,109.9,146.0,85.0,,,1.5,20.0,-4.45188,6.3,-0.7849999999999999,2026-08-06,2026-11-05,
CZR,1590895.0,0.0,9.774265941,-9.774265941,0.0,4.0,7.0,0.0,False,,2026-09-15,97.909,97.910005,-0.001004999999992151,10.76,7.35,18767450.0,18560224.0,31.26667,35.0,31.0,,,2.93333,15.0,0.72333,-246.38,-219.2225,2026-07-28,2026-10-27,
D,715957.0,0.0,0.0,0.0,0.0,0.0,0.0,0.0,False,,,83.033997,83.031,0.002996999999993477,2.54,5.2,22347257.0,22708287.0,70.90909,80.0,66.0,,,2.6,11.0,3.81423,17.2,8.7025,2026-07-31,2026-10-30,
DAL,27904.0,0.0,33.080288828,-33.080288828,0.0,6.0,6.0,0.0,False,,2026-08-05,80.726,80.72799400000001,-0.0019940000000104874,4.01,5.07,26222815.0,22552888.0,103.14583,125.0,50.0,,,1.32,24.0,8.35759,4.48,6.9925,2026-07-10,2026-10-09,
DAN,26780.0,0.0,0.0,0.0,0.0,0.0,0.0,0.0,False,,,102.484,102.44,0.04399999999999693,6.239999999999999,3.45,4544238.0,4757811.0,39.0,43.0,35.0,,,2.0,6.0,4.18621,-57.48,-38.7725,2026-08-06,2026-10-28,
DAR,916540.0,0.06097,2.12496891,-2.06399891,1.0,5.0,10.0,0.0,False,,2026-09-02,108.09500000000001,108.098,-0.002999999999985903,4.32,2.56,6749143.0,6180166.0,81.58333,90.0,65.0,,,1.25,12.0,6.32344,68.35,48.339999999999996,2026-07-30,2026-10-29,
DASH,1792789.0,0.0,12.527913216,-12.527913216,0.0,6.0,6.0,73.0,False,,2026-09-17,95.798,95.798,0.0,4.01,4.16,16297098.0,16166524.0,256.2642,350.0,172.0,,,1.64444,43.0,8.14399,-2.43,-7.795,2026-08-05,2026-11-04,
DAVE,1841408.0,0.0,0.0,0.0,0.0,0.0,0.0,0.0,False,,,109.95200999999999,109.951,0.0010099999999937381,20.200000000000003,6.35,2266088.0,2432593.0,444.2143,500.0,350.0,,,1.6,14.0,22.09867,7.31,26.2325,2026-08-05,2026-11-04,
DBD,28823.0,0.05060286,0.0,0.05060286,1.0,0.0,1.0,0.0,False,,2026-07-31,117.024,117.00599,0.018010000000003856,18.100001,12.65,3015580.0,2924804.0,98.33333,100.0,95.0,,,,3.0,7.02,-0.3,30.720000000000002,2026-07-29,2026-11-04,
DBX,1467623.0,0.0,0.5396937730000001,-0.5396937730000001,0.0,1.0,1.0,16.0,False,,2026-09-15,130.644,130.59399,0.05001000000001454,27.05,6.4,22421302.0,24595557.0,31.8,42.0,23.0,,,3.57143,5.0,3.30363,1.53,6.565,2026-08-06,2026-11-05,
DCH,1062231.0,0.0,0.0,0.0,0.0,0.0,0.0,0.0,False,,,107.21499999999999,107.182,0.03299999999998704,7.95,7.77,18507423.0,19361321.0,9.3,17.0,7.0,,,2.23077,12.0,1.16505,99.2,452.52,2026-08-07,2026-11-09,
DCI,29644.0,0.0,3.1881967999999996,-3.1881967999999996,0.0,1.0,2.0,0.0,False,,2026-09-04,92.81400400000001,92.714,0.10000400000001264,3.0700000000000003,4.74,3145580.0,3140900.0,99.6,123.0,79.0,,,,5.0,4.85375,2.07,-0.3699999999999999,2026-08-26,2026-12-03,
DCOM,846617.0,0.0,5.506227699999999,-5.506227699999999,0.0,2.0,28.0,0.0,False,,2026-08-13,90.538,90.537,0.000999999999990564,11.459999999999999,16.09,4003223.0,3463693.0,45.8,47.0,44.0,,,1.8,5.0,4.34,-0.25,-1.2125,2026-07-23,2026-10-22,
DD,1666700.0,0.0,0.0,0.0,0.0,0.0,0.0,0.0,False,,,79.926,79.898,0.028000000000005798,4.1199997,4.04,4890388.0,3825642.0,170.0,186.0,156.0,,,,16.0,7.96476,6.75,9.522499999999999,2026-08-04,2026-11-05,
DDOG,1561550.0,0.0,39.5544522894,-39.5544522894,0.0,9.0,13.0,266.0,False,,2026-09-23,92.794997,92.79,0.004996999999988816,3.53,2.77,10267560.0,9245979.0,286.25696,340.0,158.0,,,1.5,46.0,2.97347,11.45,14.09,2026-08-06,2026-11-05,
DE,315189.0,0.0,0.0,0.0,0.0,0.0,0.0,21.0,False,,2026-08-31,84.458,84.455,0.0030000000000001137,2.08,3.9,5615614.0,5067132.0,690.52954,813.18,500.0,,,1.96,23.0,22.84297,8.3,10.307500000000001,2026-08-20,2026-11-25,
DEA,1622194.0,0.0,0.0,0.0,0.0,0.0,0.0,0.0,False,,,79.928,79.925,0.0030000000000001137,6.29,6.73,2061964.0,1901625.0,25.78571,27.0,24.0,,,,7.0,0.26,9.09,-25.345000000000002,2026-08-03,2026-10-26,
DECK,910521.0,0.0,0.0,0.0,0.0,0.0,0.0,0.0,False,,,101.44,101.447,-0.007000000000005002,7.8,3.2,9457002.0,7855969.0,120.40909,184.0,70.0,,,,22.0,8.32562,7.6,14.530000000000001,2026-07-23,2026-10-22,
DEI,1364250.0,0.0,0.0,0.0,0.0,0.0,0.0,0.0,False,,,106.67701000000001,106.67601,0.0010000000000047748,27.700000000000003,22.29,30824867.0,28827633.0,13.1,16.0,11.0,,,2.91667,10.0,-0.11718,44.13,30.625,2026-08-04,2026-11-03,
DELL,1571996.0,0.0,1100.26291148,-1100.26291148,0.0,11.0,1099.0,3.0,False,,2026-09-23,78.026,78.014,0.012000000000000455,4.68,1.5,13693224.0,14013370.0,577.36,735.0,480.0,,,1.82759,25.0,29.11713,43.14,30.605,2026-09-01,2026-11-27,
DFH,1825088.0,1.427755,0.0,1.427755,2.0,0.0,8.0,0.0,True,2026-08-21,2026-09-10,96.705,96.705,0.0,48.790002,11.4,7035351.0,6424569.0,,,,,,3.0,,0.785,-8.47,-17.305,2026-07-30,2026-10-29,
DFIN,1669811.0,0.99999,1.30219083,-0.3022008300000001,1.0,2.0,6.0,0.0,False,,2026-09-03,96.184,96.166,0.018000000000000682,5.3100000000000005,4.88,1032691.0,1074159.0,64.0,70.0,60.0,,,1.66667,3.0,5.46,7.76,34.04,2026-07-30,2026-10-29,
DG,29534.0,0.0,0.7325548354,-0.7325548354,0.0,1.0,1.0,0.0,False,,2026-09-03,100.83200000000001,100.833,-0.000999999999990564,3.09,2.25,6030543.0,6509120.0,140.75862,176.0,90.0,,,2.43333,29.0,8.28076,23.53,21.4675,2026-08-27,2026-12-03,
DGII,854775.0,0.0,0.0,0.0,0.0,0.0,0.0,0.0,False,,,107.26299999999999,107.262,0.000999999999990564,6.1899999999999995,4.65,1687042.0,1887000.0,85.4,90.0,76.0,,,1.4,5.0,3.132,12.95,8.1325,2026-08-05,2026-11-11,
DGX,1022079.0,0.0,0.0,0.0,0.0,0.0,0.0,5.0,False,,2026-09-01,98.905,99.037004,-0.1320039999999949,3.27,3.86,3600559.0,3321414.0,247.73334,265.0,204.0,,,2.11765,15.0,12.05771,10.51,5.65,2026-07-23,2026-10-22,
DHI,882184.0,0.0,0.0,0.0,0.0,0.0,0.0,0.0,False,,,87.908995,87.911004,-0.0020090000000010377,4.66,4.93,9903227.0,9741851.0,158.91667,206.0,125.0,,,2.61111,12.0,11.62981,7.09,2.8825000000000003,2026-07-21,2026-10-29,
DHR,313616.0,0.0,12.7360953602,-12.7360953602,0.0,1.0,3.0,0.0,False,,2026-08-21,84.404,84.393996,0.010003999999995017,1.3300001000000001,2.56,8344032.0,8781182.0,230.8261,310.0,195.0,,,1.5,23.0,9.29884,5.28,5.875,2026-07-21,2026-10-21,
DINO,1915657.0,1.2795,0.75585156,0.5236484400000001,1.0,1.0,2.0,0.0,False,,2026-08-11,89.614,89.61099999999999,0.0030000000000143245,6.2,4.13,9811300.0,8421439.0,102.33333,140.0,73.0,,,2.5625,15.0,11.82475,18.27,406.34999999999997,2026-07-28,2026-10-28,
DIOD,29002.0,0.0,0.0,0.0,0.0,0.0,0.0,0.0,False,,,101.36099999999999,101.322,0.03899999999998727,8.799999999999999,4.14,2386213.0,1819859.0,162.5,192.0,133.0,,,,2.0,5.85,15.7,16.7275,2026-08-05,2026-11-05,
DIS,1744489.0,0.0,0.38232671999999995,-0.38232671999999995,0.0,1.0,1.0,2.0,False,,2026-09-01,78.567004,78.567004,0.0,1.1400000000000001,2.58,19636901.0,18936358.0,126.73906,144.0,88.0,,,1.48485,32.0,7.47903,11.09,6.9825,2026-08-05,2026-11-12,
DKS,1089063.0,5.0887945199999995,0.0,5.0887945199999995,6.0,0.0,8.0,0.0,True,2026-08-26,2026-09-23,107.38000000000001,107.373,0.007000000000005002,13.669999999999998,1.44,8010644.0,6220144.0,158.26521,205.0,99.0,,,2.2963,23.0,13.20128,-6.16,3.34,2026-08-25,2026-11-24,
DLB,1308547.0,0.0,0.1824978759,-0.1824978759,0.0,1.0,3.0,5.0,False,,2026-09-01,106.26899999999999,106.399,-0.13000000000000966,12.509999999999998,5.75,5530847.0,5888989.0,79.0,90.0,62.0,,,1.75,3.0,4.58,2.99,13.155000000000001,2026-07-30,2026-11-17,
DLR,1297996.0,0.0,0.038792,-0.038792,0.0,1.0,1.0,0.0,False,,2026-08-27,104.95601,104.96299,-0.006979999999998654,0.0,0.0,5347.0,18916.0,223.4375,250.0,190.0,,,1.44118,32.0,2.76208,-15.0,9.1125,2026-07-23,2026-10-22,
DLTR,935703.0,0.0,0.47081695,-0.47081695,0.0,2.0,2.0,0.0,False,,2026-09-04,107.71099,107.709,0.0019899999999921647,4.8,2.65,7199128.0,7772719.0,136.4,170.0,98.0,,,2.53571,25.0,7.90782,136.13,40.4875,2026-08-27,2026-12-02,
DLX,27996.0,0.0,0.0,0.0,0.0,0.0,0.0,0.0,False,,,93.289,93.28,0.009000000000000341,12.25,9.0,4046542.0,3599716.0,32.66667,35.0,31.0,,,2.0,3.0,4.08333,6.97,14.645,2026-08-05,2026-11-04,
DMC,1047340.0,0.3587052,0.007847350000000001,0.35085785,1.0,1.0,2.0,0.0,False,,2026-09-08,75.144994,75.144,0.0009939999999915017,10.66,7.1,2405350.0,2292262.0,52.0,52.0,52.0,,,,1.0,3.15,35.85,56.365,2026-07-29,2026-10-28,
DNOW,1599617.0,0.0,7.474377290000001,-7.474377290000001,0.0,3.0,7.0,0.0,False,,2026-08-10,109.208,109.359,-0.15099999999999625,7.23,4.38,9542218.0,12863546.0,18.75,19.0,18.0,,,,4.0,0.822,41.18,-5.894999999999998,2026-08-06,2026-11-04,
DOC,765880.0,0.0,0.0,0.0,0.0,0.0,0.0,0.0,False,,,97.81800000000001,97.732,0.08600000000001273,4.78,6.07,25370194.0,22455690.0,22.94737,29.0,17.0,,,2.40909,19.0,0.14,198.62,54.8775,2026-08-04,2026-10-22,
DOCN,1582961.0,0.0,0.5208546,-0.5208546,0.0,1.0,1.0,6.0,False,,2026-09-21,82.587,82.585,0.0020000000000095497,9.21,3.7,8703114.0,8257588.0,175.2,200.0,140.0,,,1.52941,15.0,1.84163,72.92,41.400000000000006,2026-08-04,2026-11-04,
DOCS,1516513.0,0.0,0.0,0.0,0.0,0.0,0.0,6.0,False,,2026-09-15,102.94700000000002,102.952,-0.004999999999981242,9.9300005,4.63,12382007.0,18434302.0,29.94444,47.0,18.0,,,2.61905,18.0,1.54936,-4.19,2.3649999999999993,2026-08-06,2026-11-05,
DOCU,1261333.0,0.0,3.00102,-3.00102,0.0,1.0,2.0,20.0,False,,2026-09-17,95.962,95.972997,-0.010997000000003254,9.7600006,4.03,13718720.0,15418832.0,69.99312,86.0,46.89,,,2.73684,16.0,5.21004,6.85,8.3125,2026-09-03,2026-12-03,
DORM,868780.0,0.0,0.51201306,-0.51201306,0.0,1.0,2.0,1.0,False,,2026-08-17,99.321,99.32,0.0010000000000047748,7.960000000000001,9.48,1567771.0,1568789.0,161.625,170.0,154.0,,,1.5,8.0,9.195,62.86,17.77,2026-08-03,2026-10-26,
DOV,29905.0,0.0,0.0,0.0,0.0,0.0,0.0,0.0,False,,,93.402,93.402,0.0,3.5700000000000003,3.56,4171089.0,3750676.0,244.84212,288.0,168.0,,,1.57895,19.0,11.62821,0.78,1.6724999999999999,2026-07-23,2026-10-22,
DOW,1751788.0,0.0,0.0,0.0,0.0,0.0,0.0,0.0,False,,,79.497004,79.490995,0.006009000000005926,5.54,4.2,35427189.0,37503538.0,34.3125,41.0,29.0,,,2.47368,16.0,1.75329,12.62,33.715,2026-07-23,2026-10-22,
DPZ,1286681.0,0.0,4.002978474,-4.002978474,0.0,1.0,7.0,4.0,False,,2026-07-22,113.273,113.31401,-0.04100999999999999,11.219999999999999,4.02,3261588.0,2899438.0,377.8889,450.0,270.0,,,2.13333,27.0,20.85978,-2.38,-0.8274999999999999,2026-07-20,2026-10-13,
DRH,1298946.0,0.0013461952000000002,0.0,0.0013461952000000002,1.0,0.0,1.0,0.0,False,,2026-07-14,116.38501000000001,116.353,0.03201000000001386,9.87,5.55,14194272.0,14152680.0,13.96154,16.0,11.0,,,2.0,13.0,0.59,28.64,61.980000000000004,2026-07-30,2026-11-03,
DRI,940944.0,0.0,15.557311364100002,-15.557311364100002,0.0,6.0,13.0,0.0,False,,2026-08-05,101.30600000000001,101.31,-0.003999999999990678,7.23,6.08,6118094.0,6509298.0,234.41667,276.0,163.0,,,1.85185,24.0,12.39725,-0.17,-0.015000000000000006,2026-09-24,2026-12-24,
DT,1773383.0,0.0,0.0051381000000000005,-0.0051381000000000005,0.0,1.0,2.0,1.0,False,,2026-09-18,108.15899,108.167,-0.00800999999999874,5.09,1.95,13028345.0,9198695.0,59.70588,71.0,42.0,,,1.75,34.0,2.29656,8.16,7.0575,2026-08-05,2026-11-04,
DTE,936340.0,0.0,0.67856,-0.67856,0.0,1.0,1.0,0.0,False,,2026-09-01,82.462,82.467,-0.0049999999999954525,2.8499998,4.14,5198142.0,4315324.0,156.35715,168.0,141.0,,,1.94118,14.0,8.36462,16.26,6.72,2026-07-28,2026-10-29,
DTM,1842022.0,0.21831310000000004,0.0,0.21831310000000004,2.0,0.0,2.0,0.0,True,2026-08-07,2026-08-07,90.292,90.336996,-0.044995999999997593,7.0700005,5.85,5733212.0,4753220.0,153.2,170.0,130.0,,,2.21429,15.0,4.89812,-4.84,2.355,2026-07-30,2026-10-29,
DUK,1326160.0,0.0,0.0,0.0,0.0,0.0,0.0,0.0,False,,,71.154,71.151,0.0030000000000001137,2.71,5.35,19010855.0,17853668.0,136.94444,147.0,127.0,,,2.04545,18.0,7.17137,9.61,5.1975,2026-08-04,2026-11-05,
DUOL,1562088.0,0.0,0.30707114,-0.30707114,0.0,2.0,2.0,17.0,False,,2026-09-22,99.71600000000001,99.842,-0.12599999999999056,18.72,5.46,6573989.0,7091179.0,134.2911,210.0,80.0,,,2.70833,18.0,7.63905,-19.66,72.80749999999998,2026-08-05,2026-11-04,
DV,1819928.0,0.0,0.0,0.0,0.0,0.0,0.0,0.0,False,,,107.392,107.365,0.027000000000001023,5.4,1.89,6437217.0,7834610.0,13.48,14.0,12.0,,,,10.0,1.15902,-9.58,-11.0375,2026-08-06,2026-11-05,
DVA,927066.0,0.0,36.51329304,-36.51329304,0.0,1.0,1.0,0.0,False,,2026-07-31,48.389998,48.387,0.0029979999999980578,13.25,7.15,4298025.0,4002009.0,219.85715,270.0,165.0,,,2.375,7.0,17.14283,3.55,3.085,2026-08-04,2026-10-28,
DVN,1090012.0,0.19987604,0.34421820000000003,-0.14434216,1.0,1.0,2.0,0.0,False,,2026-09-14,94.757,94.741,0.016000000000005343,3.0199999,2.91,31640100.0,24428717.0,60.42857,68.0,44.0,,,1.31034,28.0,5.385,11.26,4.025,2026-08-04,2026-11-04,
DXC,1688568.0,0.0,0.0,0.0,0.0,0.0,0.0,0.0,False,,,116.229,116.257,-0.028000000000005798,17.83,10.66,24091967.0,27660371.0,11.21429,14.0,9.0,,,,7.0,2.95755,-11.35,8.715,2026-07-30,2026-10-29,
DXCM,1093557.0,0.0,0.0,0.0,0.0,0.0,0.0,15.0,False,,2026-09-15,106.39601,106.399,-0.0029899999999969396,5.2800003,4.49,17263625.0,16528608.0,94.48,115.0,79.0,,,1.32143,25.0,3.12406,15.11,11.5275,2026-07-30,2026-10-29,
DXPE,1020710.0,0.0,0.0,0.0,0.0,0.0,0.0,0.0,False,,,77.087,77.09700000000001,-0.010000000000005116,3.9899999999999998,3.19,343042.0,363788.0,200.0,220.0,180.0,,,,2.0,7.66,10.69,0.22499999999999964,2026-08-05,2026-11-05,
DY,67215.0,0.551307,0.0,0.551307,3.0,0.0,3.0,0.0,True,2026-09-09,2026-09-23,93.997,93.986,0.01099999999999568,5.38,1.63,1247637.0,1286975.0,520.9091,625.0,375.0,,,1.09091,11.0,20.78224,12.19,25.447499999999998,2026-08-26,2026-11-25,
EAT,703351.0,0.0,22.16048163,-22.16048163,0.0,9.0,12.0,3.0,False,,2026-09-09,115.503,115.528,-0.025000000000005684,18.75,6.0,5554198.0,5997318.0,265.0909,325.0,151.0,,,1.56522,22.0,14.55324,-0.51,4.7075,2026-08-12,2026-10-28,
EBAY,1065088.0,0.0,0.5594312,-0.5594312,0.0,1.0,2.0,28.0,False,,2026-09-09,95.337,95.338994,-0.0019939999999962765,4.099999700000001,4.03,18180321.0,15782017.0,115.96296,145.0,67.0,,,2.5625,27.0,6.71522,6.24,4.4025,2026-08-05,2026-11-04,
EBC,1810546.0,0.0,1.40652254,-1.40652254,0.0,4.0,5.0,7.0,False,,2026-09-14,92.253,92.244005,0.008994999999998754,7.4399999999999995,8.81,16803681.0,15608291.0,25.125,27.0,22.0,,,1.75,8.0,2.1315,5.89,-0.9650000000000001,2026-07-23,2026-10-22,
ECG,2015845.0,0.14495,0.45107733,-0.30612733000000003,1.0,1.0,2.0,0.0,False,,2026-08-17,87.45100000000001,87.509,-0.057999999999992724,4.54,3.59,1778166.0,1683703.0,176.0,200.0,152.0,,,,6.0,6.015,43.86,49.785,2026-08-04,2026-11-03,
ECHO,1415404.0,0.0,1.22468559,-1.22468559,0.0,2.0,4.0,0.0,False,,2026-08-13,111.28601,111.508,-0.22198999999999103,23.44,10.28,26618406.0,29426431.0,131.44444,156.0,103.0,,,1.25,9.0,22.73,-94.85,-2.049999999999997,2026-08-03,2026-11-05,
ECL,31462.0,1.02079761,7.235880146271999,-6.215082536271999,1.0,3.0,5.0,0.0,False,,2026-09-11,94.196,94.131,0.06499999999999773,2.1399999999999997,3.62,5259375.0,3477715.0,324.9524,360.0,295.0,,,1.54167,21.0,9.41633,0.48,0.3025,2026-07-28,2026-10-27,
ECPG,1084961.0,0.0,0.0,0.0,0.0,0.0,0.0,0.0,False,,,109.723,109.86,-0.13700000000000045,7.489999999999999,3.41,1281330.0,1116737.0,115.66667,120.0,112.0,,,,3.0,13.355,50.84,72.79750000000001,2026-08-05,2026-11-04,
ED,1047862.0,0.0001111005,0.0,0.0001111005,1.0,0.0,1.0,0.0,False,,2026-09-15,78.729,78.726995,0.002004999999996926,3.6199997999999995,5.09,10567890.0,9944229.0,110.03125,130.0,94.0,,,3.33333,16.0,6.48989,7.37,3.8149999999999995,2026-08-06,2026-11-05,
EEFT,1029199.0,0.055138599999999996,0.0,0.055138599999999996,1.0,0.0,1.0,0.0,False,,2026-08-07,105.858,105.858,0.0,14.580000000000002,8.47,5064656.0,4264194.0,86.66667,94.0,70.0,,,,6.0,11.93625,-3.96,0.4700000000000002,2026-07-30,2026-10-21,
EFC,1411342.0,0.0,0.0,0.0,0.0,0.0,0.0,0.0,False,,,53.0,53.0,0.0,7.5200000000000005,7.77,7786685.0,6799550.0,14.85714,16.0,14.0,,,,7.0,1.97736,30.92,31.8225,2026-08-06,2026-11-04,
EFOR,890564.0,0.0,0.0,0.0,0.0,0.0,0.0,0.0,False,,,110.005,109.99299,0.012009999999989418,10.74,5.45,3629677.0,4167804.0,27.5,36.0,17.0,,,,6.0,4.30355,11.42,-3.5949999999999993,2026-07-29,2026-10-28,
EFX,33185.0,0.0,0.0,0.0,0.0,0.0,0.0,9.0,False,,2026-09-03,104.75099999999999,104.759,-0.008000000000009777,7.6499999999999995,6.37,7748296.0,6407622.0,214.38095,245.0,179.0,,,1.66667,21.0,10.1611,2.28,4.775,2026-07-21,2026-10-20,
EG,1095073.0,0.0,0.0,0.0,0.0,0.0,0.0,0.0,False,,,105.24,105.237,0.0030000000000001137,5.82,6.22,1904035.0,1439528.0,411.375,480.0,375.0,,,2.41176,16.0,59.77249,2.18,-10.99,2026-07-29,2026-10-28,
EGBN,1050441.0,0.0,0.0,0.0,0.0,0.0,0.0,0.0,False,,,80.391,80.39499500000001,-0.0039950000000033015,11.77,13.41,3012712.0,2781633.0,30.8,35.0,27.0,,,2.2,5.0,2.4475,-33.14,612.8425,2026-07-22,2026-10-21,
EGP,49600.0,0.0,0.0,0.0,0.0,0.0,0.0,0.0,False,,,104.728,104.736,-0.008000000000009777,7.3,8.41,2978292.0,2122924.0,227.9,268.0,185.0,,,1.75,20.0,5.55326,1.12,1.695,2026-07-22,2026-10-21,
EHC,785161.0,0.0,26.430022849999993,-26.430022849999993,0.0,4.0,6.0,0.0,False,,2026-08-31,100.935,101.04200000000002,-0.10700000000001353,3.4299999999999997,3.73,3000467.0,3274646.0,148.16667,155.0,140.0,,,1.07692,12.0,6.678,4.75,6.795,2026-08-05,2026-10-28,
EIG,1379041.0,0.0,0.0,0.0,0.0,0.0,0.0,0.0,False,,,85.902,85.88900000000001,0.012999999999991019,11.2799995,7.53,990160.0,871214.0,54.0,59.0,49.0,,,,2.0,2.55,25.75,-55.84,2026-07-29,2026-10-29,
EIX,827052.0,0.0,0.0,0.0,0.0,0.0,0.0,1.0,False,,2026-07-13,95.952004,95.952004,0.0,5.29,2.29,15531828.0,13229412.0,66.35714,86.0,50.0,,,3.0,14.0,6.5029,26.99,17.5775,2026-07-30,2026-10-27,
EL,1001250.0,0.0,11.77838824,-11.77838824,0.0,3.0,7.0,0.0,False,,2026-09-14,95.688003,95.679003,0.009000000000000341,3.2199999999999998,1.82,7097830.0,7608199.0,107.48286,127.0,70.0,,,2.26667,28.0,3.91589,22.12,37.7,2026-08-19,2026-11-02,
ELAN,1739104.0,1.47306876,0.0,1.47306876,5.0,0.0,5.0,0.0,True,2026-08-07,2026-08-20,115.31800000000001,115.316,0.0020000000000095497,10.12,6.45,31809151.0,29719014.0,31.0,34.0,26.0,,,1.5,13.0,1.28479,26.46,24.53,2026-08-05,2026-11-06,
ELF,1600033.0,0.0,0.0963210292,-0.0963210292,0.0,1.0,1.0,16.0,False,,2026-09-08,98.758006,98.719,0.03900600000000054,8.42,2.57,4217601.0,4186787.0,102.125,127.0,65.0,,,1.72222,16.0,3.85359,143.91,61.86,2026-08-05,2026-11-04,
ELS,895417.0,0.0,0.0,0.0,0.0,0.0,0.0,0.0,False,,,112.47001,112.469,0.001010000000007949,6.419999999999999,7.04,9254009.0,8426750.0,70.05263,78.0,59.0,,,2.0,19.0,2.18272,9.95,4.335,2026-07-22,2026-10-21,
ELV,1156039.0,1.36828005,0.0,1.36828005,2.0,0.0,3.0,0.0,True,2026-07-17,2026-07-17,94.144,94.13,0.014000000000010004,2.75,5.12,5335623.0,5405640.0,451.38095,492.0,393.0,,,1.81818,21.0,29.53956,19.99,16.5025,2026-07-15,2026-10-21,
EME,105634.0,0.0,0.0,0.0,0.0,0.0,0.0,0.0,False,,,96.101,96.093005,0.00799499999999398,2.15,2.75,942104.0,941124.0,1033.2858,1200.0,885.0,,,,7.0,36.74899,25.29,12.35,2026-07-30,2026-10-29,
EMN,915389.0,0.0,0.23411073000000002,-0.23411073000000002,0.0,1.0,1.0,0.0,False,,2026-08-04,95.394,95.388,0.006000000000000227,6.75,6.05,5769526.0,5620358.0,81.6,100.0,74.0,,,2.0625,15.0,6.91652,8.18,3.1475,2026-07-30,2026-11-02,
EMR,32604.0,0.0,2.7277068449999997,-2.7277068449999997,0.0,2.0,2.0,0.0,False,,2026-08-11,84.08200000000001,84.076,0.006000000000014438,1.50999995,4.02,8383720.0,11958533.0,173.49963,205.0,104.0,,,1.9,28.0,7.26135,1.96,1.5175,2026-08-04,2026-11-04,
ENOV,1420800.0,0.44959920999999997,0.0,0.44959920999999997,2.0,0.0,4.0,0.0,True,2026-09-04,2026-09-04,125.11798999999999,125.07701,0.04097999999999047,19.600001,5.83,9483247.0,8712564.0,38.33333,52.0,24.0,,,,12.0,3.6924,6.34,11.215,2026-08-06,2026-11-04,
ENPH,1463101.0,0.0,0.1340674,-0.1340674,0.0,1.0,2.0,0.0,False,,2026-08-14,96.634,96.636003,-0.0020030000000019754,21.740000000000002,5.9,23876212.0,21559258.0,51.71481,212.0,27.0,,,2.33333,27.0,2.26553,-0.76,15.832500000000001,2026-07-28,2026-10-27,
ENR,1632790.0,13.479866,0.0,13.479866,1.0,0.0,30.0,0.0,False,,2026-07-24,103.611,103.64499,-0.03399000000000285,11.219999999999999,7.94,7556806.0,6866372.0,22.33333,28.0,18.0,,,,6.0,3.37945,-9.24,25.097500000000004,2026-08-04,2026-11-17,
ENS,1289308.0,0.0,0.0,0.0,0.0,0.0,0.0,0.0,False,,,104.48599999999999,104.488,-0.0020000000000095497,9.7399995,5.74,3010838.0,2176864.0,252.584,280.0,202.92,,,1.8,5.0,14.205,29.51,11.697500000000002,2026-08-12,2026-11-04,
ENSG,1125376.0,0.0,0.0,0.0,0.0,0.0,0.0,4.0,False,,2026-07-27,92.560995,92.555,0.00599499999999864,3.06,4.87,1503030.0,1507170.0,220.0,230.0,207.0,,,1.6,5.0,8.55258,4.02,2.74,2026-07-27,2026-11-03,
ENTG,1101302.0,0.0,0.9524139199999999,-0.9524139199999999,0.0,2.0,2.0,1.0,False,,2026-08-14,110.767,110.75901,0.007989999999992392,6.710000000000001,3.88,8019438.0,7978957.0,173.36365,215.0,120.0,,,,11.0,5.01566,13.21,8.3525,2026-08-04,2026-11-04,
ENVA,1529864.0,0.0,0.0,0.0,0.0,0.0,0.0,5.0,False,,2026-09-17,97.501,97.469,0.03200000000001069,10.24,5.93,2042583.0,2117868.0,241.0,300.0,205.0,,,1.33333,6.0,20.955,8.75,8.465,2026-07-23,2026-10-22,
EOG,821189.0,0.0,6.552398374000001,-6.552398374000001,0.0,2.0,2.0,0.0,False,,2026-09-11,98.139,98.135,0.003999999999990678,3.3000000000000003,5.35,15498618.0,14576767.0,162.0,193.0,134.0,,,2.34375,28.0,14.91138,2.1,5.6175,2026-08-04,2026-11-05,
EPAC,6955.0,0.0,0.0,0.0,0.0,0.0,0.0,2.0,False,,2026-07-23,103.394,103.355,0.03900000000000148,4.9399999999999995,5.31,1798765.0,1470443.0,48.0,50.0,46.0,,,,2.0,2.06,21.62,7.3475,2026-07-07,2026-10-14,
EPAM,1352010.0,0.0,0.0,0.0,0.0,0.0,0.0,0.0,False,,,119.214,119.23001,-0.016009999999994307,17.52,5.25,6404851.0,7229931.0,122.82353,200.0,94.0,,,2.15789,17.0,14.06159,7.57,4.0925,2026-08-06,2026-11-05,
EPC,1096752.0,0.0,0.0,0.0,0.0,0.0,0.0,0.0,False,,,121.06300000000002,121.054,0.009000000000014552,10.17,8.95,4542928.0,4825503.0,32.16667,35.0,29.0,,,,6.0,2.01252,17.57,9.84,2026-08-05,2026-11-12,
EPR,1045450.0,0.0,0.2094121125,-0.2094121125,0.0,1.0,1.0,5.0,False,,2026-08-19,84.952,84.90299999999999,0.049000000000006594,13.29,9.2,7314707.0,7088002.0,64.68182,70.5,58.0,,,2.5,11.0,3.18,4.74,8.700000000000001,2026-07-29,2026-10-28,
EPRT,1728951.0,0.0,0.70884,-0.70884,0.0,1.0,1.0,0.0,False,,2026-07-24,120.29700000000001,120.26,0.03700000000000614,9.120000000000001,8.05,14161113.0,18873522.0,36.4,40.0,30.0,,,1.25,20.0,1.40009,-3.4,2.8049999999999997,2026-07-22,2026-10-21,
EQH,1333986.0,0.0,1.7316034788,-1.7316034788,0.0,6.0,8.0,12.0,False,,2026-09-21,100.67699999999999,100.69699,-0.019990000000007058,0.0,0.0,2597.0,28293.0,62.09091,68.0,52.0,,,,11.0,9.02265,3.38,-1.2175000000000005,2026-08-04,2026-11-03,
EQIX,1101239.0,0.0,4.39486807,-4.39486807,0.0,2.0,2.0,4.0,False,,2026-09-04,100.71701,100.76699,-0.04998000000000502,1.97,3.2,1696093.0,1655729.0,1233.4839,1380.0,1060.0,,,1.5,31.0,18.62,6.33,0.6650000000000003,2026-07-29,2026-10-28,
EQT,33213.0,0.0,0.0,0.0,0.0,0.0,0.0,1.0,False,,2026-08-14,95.893997,95.812,0.08199700000000121,4.0900003,3.54,22369263.0,19177291.0,67.57692,81.0,52.0,,,1.46154,26.0,3.82083,-3.31,17.09,2026-07-21,2026-10-20,
ERIE,922621.0,0.0,0.0,0.0,0.0,0.0,0.0,0.0,False,,,45.975,45.976,-0.0009999999999976694,9.53,8.18,2387841.0,2688933.0,,,,,,,,14.01,2.92,18.7075,2026-07-30,2026-10-29,
ES,72741.0,0.0,0.2139,-0.2139,0.0,1.0,2.0,0.0,False,,2026-08-25,88.227,88.225996,0.0010040000000088867,3.17,4.8,9088657.0,10162802.0,73.58333,85.0,52.0,,,2.6875,12.0,4.91647,-0.33,2.7849999999999997,2026-07-30,2026-11-04,
ESAB,1877322.0,0.0,0.095,-0.095,0.0,1.0,1.0,0.0,False,,2026-08-07,107.559,107.557,0.001999999999995339,9.41,5.6,4727607.0,5047622.0,126.90909,145.0,100.0,,,1.27273,11.0,6.48359,-3.59,-0.28249999999999986,2026-08-06,2026-10-29,
ESE,866706.0,0.0,0.0,0.0,0.0,0.0,0.0,0.0,False,,,103.055,103.22,-0.16499999999999204,3.5900000000000003,3.4,679896.0,638570.0,390.75,420.0,345.0,,,,4.0,9.22561,3.89,10.149999999999999,2026-08-06,2026-11-19,
ESI,1590714.0,0.0,0.0,0.0,0.0,0.0,0.0,0.0,False,,,105.96900000000001,105.96299,0.0060100000000034015,3.88,1.37,6860520.0,6493617.0,46.72727,55.0,42.0,,,1.27273,11.0,2.10869,8.99,5.4375,2026-07-27,2026-10-27,
ESNT,1448893.0,0.0,0.17425,-0.17425,0.0,1.0,1.0,14.0,False,,2026-09-15,97.713995,97.707003,0.006991999999996779,4.6899999999999995,4.79,2887815.0,2468888.0,74.71429,80.0,65.0,,,2.375,7.0,7.89009,18.44,2.7300000000000004,2026-08-07,2026-11-06,
ESS,920522.0,0.0,0.0,0.0,0.0,0.0,0.0,0.0,False,,,104.48200999999999,104.47599999999998,0.0060100000000034015,5.4,4.47,2185113.0,1971746.0,304.07,352.0,239.0,,,2.57692,25.0,6.29964,-35.97,-10.0025,2026-07-29,2026-10-27,
ETN,1551182.0,0.09216210000000001,8.4925089438,-8.400346843800001,1.0,2.0,4.0,0.0,False,,2026-08-13,87.9,87.899,0.0010000000000047748,2.0,4.15,7755755.0,6406253.0,480.47192,534.0,333.0,,,1.5,26.0,16.11763,2.39,1.5350000000000001,2026-07-31,2026-11-03,
ETR,65984.0,0.106075,2.5674470599999997,-2.4613720599999995,1.0,3.0,4.0,0.0,False,,2026-09-14,97.92,97.917,0.0030000000000001137,3.9800000000000004,7.1,16891184.0,20793507.0,122.675,137.0,91.0,,,1.73913,20.0,5.1044,2.39,2.2,2026-07-29,2026-10-29,
ETSY,1370637.0,0.0,0.368325,-0.368325,0.0,1.0,1.0,39.0,False,,2026-09-03,126.25299999999999,126.253,-1.4210854715202004e-14,13.139999999999999,3.53,10305169.0,9722390.0,88.18519,105.0,70.0,,,2.43333,27.0,6.89209,-149.13,-36.775,2026-08-05,2026-11-04,
EVR,1360901.0,0.0,0.0,0.0,0.0,0.0,0.0,0.0,False,,,95.419997,95.444,-0.024003000000007546,3.0199999,2.59,1138626.0,1109322.0,363.9,391.0,303.0,,,2.0,10.0,22.58331,-3.93,16.765,2026-07-29,2026-10-28,
EVRG,1711269.0,0.133610891,0.0,0.133610891,1.0,0.0,7.0,0.0,False,,2026-09-11,96.873003,96.872,0.0010029999999972006,10.35,9.64,20229839.0,17384932.0,91.27273,103.0,80.0,,,1.92308,11.0,4.56503,9.85,-0.5025000000000004,2026-08-06,2026-11-05,
EVTC,1559865.0,0.0,1.510475289,-1.510475289,0.0,3.0,6.0,0.0,False,,2026-09-03,106.48100000000001,106.46499,0.016010000000008517,6.6599995,6.96,2704185.0,2588865.0,35.6,40.0,30.0,,,,5.0,4.37834,10.6,3.6774999999999998,2026-08-04,2026-11-04,
EW,1099800.0,0.0,4.37197689450688,-4.37197689450688,0.0,5.0,8.0,4.0,False,,2026-09-11,95.731,95.728,0.0030000000000001137,1.79,3.2,9088401.0,10241231.0,100.96154,110.0,84.0,,,1.62069,26.0,3.37714,5.11,4.7,2026-07-23,2026-10-29,
EWBC,1069157.0,0.0,1.564359,-1.564359,0.0,3.0,3.0,0.0,False,,2026-09-08,93.974,93.967,0.007000000000005002,3.4099999999999997,6.62,4628319.0,3885106.0,149.625,160.0,134.0,,,1.5625,16.0,11.4273,,,,,
EXC,1109357.0,0.0,0.0,0.0,0.0,0.0,0.0,0.0,False,,,95.505995,95.496005,0.009990000000001942,3.7100002,4.78,33608259.0,32153363.0,48.70588,58.0,41.0,,,2.7619,17.0,3.0383,-3.93,4.2975,2026-07-30,2026-11-03,
EXE,895126.0,0.0,0.0,0.0,0.0,0.0,0.0,0.0,False,,,96.44200000000001,96.399003,0.04299700000001394,4.14,3.77,9563805.0,8406229.0,125.51852,160.0,93.0,,,1.53571,27.0,8.555,19.09,11.1325,2026-07-28,2026-10-27,
EXEL,939767.0,0.0,0.0,0.0,0.0,0.0,0.0,1.0,False,,2026-08-10,106.885,106.88701,-0.002009999999998513,14.56,12.81,26400456.0,28031459.0,53.6875,66.0,41.0,,,2.36842,16.0,4.26091,,,,,
EXLS,1297989.0,0.0,0.1755,-0.1755,0.0,1.0,1.0,3.0,False,,2026-09-01,104.14699999999999,104.177,-0.030000000000015348,7.510000499999999,4.94,9830036.0,10585611.0,44.625,48.0,39.0,,,,8.0,2.59702,,,,,
EXP,918646.0,0.0,1.6953748649000002,-1.6953748649000002,0.0,2.0,5.0,0.0,False,,2026-08-24,109.74600000000001,109.747,-0.000999999999990564,7.85,4.94,1847300.0,1879956.0,220.5,237.0,196.0,,,3.0,10.0,14.12111,,,,,
EXPD,746515.0,0.0,0.0,0.0,0.0,0.0,0.0,0.0,False,,,99.734,99.741995,-0.00799500000000819,3.94,5.77,4446596.0,4249367.0,177.7143,220.0,100.0,,,,14.0,7.9276,,,,,
EXPE,1324424.0,0.0,3.881991527,-3.881991527,0.0,3.0,5.0,0.0,False,,2026-08-24,108.671,108.734,-0.06299999999998818,6.75,3.78,6289285.0,5565164.0,338.83334,430.0,235.0,,,2.17949,36.0,24.46596,,,,,
EXPO,851520.0,0.012593916799999999,0.0,0.012593916799999999,1.0,0.0,1.0,2.0,False,,2026-09-18,100.92399999999999,100.863,0.06099999999999284,8.649999999999999,7.61,3080474.0,2990156.0,84.0,90.0,72.0,,,,3.0,2.83786,,,,,
EXR,1289490.0,0.0,0.0,0.0,0.0,0.0,0.0,0.0,False,,,99.776,99.772,0.003999999999990678,3.15,4.38,4860934.0,4875830.0,158.5,178.0,140.0,,,2.2381,20.0,4.81188,,,,,
EXTR,1078271.0,0.0,0.0,0.0,0.0,0.0,0.0,6.0,False,,2026-09-01,100.292,101.556,-1.2639999999999958,8.51,5.77,7720828.0,7385013.0,33.5,38.0,28.0,,,,8.0,1.52032,,,,,
EYE,1710155.0,0.0,0.0,0.0,0.0,0.0,0.0,0.0,False,,,129.213,129.20599,0.007009999999979755,28.139999999999997,7.44,15673277.0,14089920.0,28.18182,35.0,20.0,,,1.58333,11.0,1.20822,,,,,
EZPW,876523.0,0.0,0.0,0.0,0.0,0.0,0.0,2.0,False,,2026-08-24,123.613,123.58,0.03300000000000125,27.029999999999998,13.09,12248958.0,12738134.0,40.8,45.0,36.0,,,1.6,5.0,2.215,,,,,
F,37996.0,0.0,0.0,0.0,0.0,0.0,0.0,0.0,False,,,67.913,67.907995,0.00500499999999704,0.0,0.0,3936.0,1665.0,16.03,20.0,12.8,,,2.35,18.0,1.9541,,,,,
FA,1210677.0,0.0,275.1875,-275.1875,0.0,1.0,1.0,0.0,False,,2026-08-12,107.06099,107.058,0.0029899999999969396,13.159999,7.37,10255273.0,10795180.0,26.25,30.0,22.0,,,,8.0,1.50571,,,,,
FAF,1472787.0,0.0,0.24392435906890003,-0.24392435906890003,0.0,1.0,2.0,0.0,False,,2026-07-24,99.142,99.141,0.000999999999990564,6.87,8.76,6041871.0,5567312.0,87.66667,99.0,83.0,,,1.33333,6.0,7.38834,,,,,
FANG,1539838.0,0.0,3749.6358568604,-3749.6358568604,0.0,8.0,12.0,4.0,False,,2026-09-16,73.369,73.392,-0.022999999999996135,3.9300002000000003,3.98,7630501.0,7605686.0,234.51724,283.0,205.0,,,1.48387,29.0,18.76243,,,,,
FAST,815556.0,0.0,2.528860233,-2.528860233,0.0,3.0,6.0,0.0,False,,2026-08-13,87.533,87.52600000000001,0.006999999999990791,3.55,6.01,35653332.0,31204882.0,48.83846,59.0,39.9,,,2.72222,13.0,1.40279,,,,,
FBIN,1519751.0,2.0153419485,0.030678,1.9846639485,1.0,1.0,4.0,0.0,False,,2026-08-07,108.687,108.683,0.003999999999990678,7.380000000000001,3.39,7614534.0,6355917.0,56.26667,70.0,45.0,,,2.38889,15.0,3.37336,,,,,
FBK,1649749.0,0.0,0.41321,-0.41321,0.0,1.0,1.0,0.0,False,,2026-07-15,83.267,83.265996,0.0010039999999946758,6.0300004,6.33,2166861.0,1912631.0,66.34375,67.5,65.0,,,1.25,8.0,5.15375,,,,,
FBNC,811589.0,0.014837129999999999,0.0,0.014837129999999999,1.0,0.0,1.0,0.0,False,,2026-09-11,85.041,85.040003,0.0009969999999981383,6.34,12.86,2202810.0,2080631.0,69.4,72.0,65.0,,,2.0,5.0,5.0525,,,,,
FBP,1057706.0,0.0,1.3282463500000001,-1.3282463500000001,0.0,2.0,3.0,0.0,False,,2026-09-02,98.299,98.279,0.020000000000010232,7.13,6.39,7321616.0,6546416.0,31.71429,33.0,30.0,,,,7.0,2.54812,,,,,
FBRT,1562528.0,0.0,0.0,0.0,0.0,0.0,0.0,0.0,False,,,60.671,60.671,0.0,10.560001,3.93,7281676.0,6208894.0,11.66667,13.0,10.0,,,2.0,3.0,1.124,,,,,
FCF,712537.0,0.0,0.8620342817000001,-0.8620342817000001,0.0,2.0,11.0,47.0,False,,2026-09-04,80.453,80.403,0.04999999999999716,5.35,5.55,3874658.0,3023137.0,24.08333,25.0,23.5,,,2.16667,6.0,1.965,,,,,
FCFS,840489.0,0.0,0.8295,-0.8295,0.0,1.0,1.0,5.0,False,,2026-09-03,100.15899999999999,100.149,0.009999999999990905,6.5,5.56,2437304.0,2352401.0,249.25,255.0,240.0,,,1.0,4.0,12.9325,,,,,
FCN,887936.0,0.0,0.135198,-0.135198,0.0,1.0,1.0,0.0,False,,2026-08-11,113.26001000000001,113.26001,1.4210854715202004e-14,17.66,9.08,3026452.0,2307211.0,175.5,180.0,171.0,,,,2.0,10.93333,,,,,
FCPT,1650132.0,0.0,0.0,0.0,0.0,0.0,0.0,0.0,False,,,106.02199999999999,106.005,0.016999999999995907,4.9399999999999995,5.86,4546919.0,3990250.0,28.11111,30.0,26.0,,,2.33333,9.0,1.14822,,,,,
FCX,831259.0,0.0,8.3869462942,-8.3869462942,0.0,4.0,5.0,0.0,False,,2026-08-27,89.392996,89.40899399999999,-0.015997999999996182,2.4,2.34,34304914.0,25984513.0,72.45455,85.0,30.0,,,1.78261,22.0,4.14244,,,,,
FDS,1013237.0,0.0,0.0,0.0,0.0,0.0,0.0,0.0,False,,,115.17599999999999,115.171,0.004999999999981242,12.43,4.24,3844515.0,3594250.0,270.0,340.0,210.0,,,3.22222,16.0,19.72488,,,,,
FDX,1048911.0,0.0,1.63643152,-1.63643152,0.0,1.0,1.0,0.0,False,,2026-06-30,82.73,82.68699600000001,0.04300399999999627,2.0499999,3.43,4838947.0,5028195.0,355.10358,479.0,160.0,,,1.78571,26.0,20.85951,,,,,
FDXF,2082247.0,0.0,0.0,0.0,0.0,0.0,0.0,0.0,False,,,64.741,63.234,1.506999999999998,,2.97,3698681.0,3920686.0,162.92857,200.0,108.0,,,1.92857,14.0,5.41,,,,,
FE,1031296.0,0.0,0.0,0.0,0.0,0.0,0.0,0.0,False,,,95.648,95.646006,0.0019939999999962765,6.9299996,7.4,30103268.0,25567002.0,52.91667,56.0,48.0,,,2.125,12.0,2.9494,,,,,
FELE,38725.0,0.0,0.0,0.0,0.0,0.0,0.0,0.0,False,,,94.089997,94.063,0.026996999999994387,1.9299999,3.33,719449.0,633305.0,118.5,125.0,105.0,,,,4.0,5.1625,,,,,
FER,1468522.0,0.0,0.0,0.0,0.0,0.0,0.0,0.0,False,,,42.106998000000004,41.931,0.17599800000000698,0.8699999999999999,3.36,4286968.0,4236171.0,76.045685,89.91107,69.10387,,,2.33333,3.0,1.348945,,,,,
FERG,2011641.0,0.0,1.19547284,-1.19547284,0.0,1.0,1.0,0.0,False,,2026-08-28,99.157,99.189,-0.031999999999996476,3.37,4.4,5851630.0,4996064.0,287.4762,325.0,235.0,,,1.86364,21.0,12.53415,,,,,
FFBC,708955.0,0.0,0.91900576,-0.91900576,0.0,4.0,4.0,0.0,False,,2026-09-03,86.747,86.747,0.0,6.78,9.09,6108451.0,5315446.0,37.85714,40.0,36.0,,,2.0,7.0,3.52833,,,,,
FFIN,36029.0,0.128403,0.5242500000000001,-0.39584700000000006,2.0,1.0,3.0,0.0,True,2026-08-18,2026-08-18,72.124,72.099996,0.02400399999999081,8.37,14.02,9032215.0,8377182.0,36.28571,39.0,35.0,,,2.71429,7.0,2.15571,,,,,
FFIV,1048695.0,0.0,1.5557951276000002,-1.5557951276000002,0.0,1.0,6.0,22.0,False,,2026-09-14,101.658,101.639,0.019000000000005457,3.1600002000000003,2.9,1350380.0,1240342.0,436.1,515.0,300.0,,,2.53846,10.0,18.07676,,,,,
FG,1934850.0,0.0,0.0,0.0,0.0,0.0,0.0,0.0,False,,,97.662,97.653,0.009000000000000341,12.109999,6.9,3982114.0,3011295.0,27.0,27.0,27.0,,,,1.0,4.852,,,,,
FHB,36377.0,0.0,0.0,0.0,0.0,0.0,0.0,0.0,False,,,113.66000000000001,113.65,0.010000000000005116,15.040000000000001,6.62,11789036.0,10833381.0,30.44444,34.0,28.0,,,3.36364,9.0,2.53294,,,,,
FHI,1056288.0,0.0,0.767506847,-0.767506847,0.0,2.0,3.0,0.0,False,,2026-08-20,93.375,93.364,0.01099999999999568,6.2,7.91,4433738.0,4400614.0,61.0,64.0,55.0,,,,7.0,5.846,,,,,
FHN,36966.0,0.0,0.45514210499999996,-0.45514210499999996,0.0,1.0,5.0,0.0,False,,2026-08-20,93.112,93.11,0.001999999999995339,0.01,0.0,17865.0,14466.0,27.97619,30.0,25.0,,,2.38095,21.0,2.31348,,,,,
FIBK,860413.0,0.0,1.43247646,-1.43247646,0.0,2.0,4.0,0.0,False,,2026-09-16,98.833,98.819,0.013999999999995794,16.11,11.02,9884438.0,8897125.0,37.25,41.0,33.0,,,3.44444,8.0,2.84876,,,,,
FICO,814547.0,0.0,0.0,0.0,0.0,0.0,0.0,1.0,False,,2026-07-29,102.367,102.347,0.020000000000010232,10.82,5.52,1939188.0,1795062.0,1434.8932,1750.0,696.0,,,2.0,19.0,53.00952,,,,,
FIS,1136893.0,0.0,0.0,0.0,0.0,0.0,0.0,1.0,False,,2026-07-15,101.46900000000001,101.469,1.4210854715202004e-14,4.22,3.28,18824325.0,16152712.0,49.875,77.0,37.0,,,2.27586,24.0,6.70041,,,,,
FISV,798354.0,0.5195,0.0,0.5195,1.0,0.0,1.0,0.0,False,,2026-08-07,,,,,,,,60.34615,106.0,40.0,,,2.74286,26.0,,,,,,
FITB,35527.0,0.0,0.0,0.0,0.0,0.0,0.0,0.0,False,,,93.027997,93.025,0.002996999999993477,0.0,0.0,13071.0,15376.0,62.65,67.0,55.0,,,1.66667,20.0,4.95452,,,,,
FIVE,1177609.0,0.09330915,5.64601957,-5.55271042,1.0,5.0,20.0,0.0,False,,2026-09-14,103.071,103.067,0.0040000000000048885,4.4899996,1.99,2450975.0,1732751.0,310.9524,420.0,254.0,,,1.72,21.0,11.063,,,,,
FIVN,1288847.0,0.0,0.0,0.0,0.0,0.0,0.0,18.0,False,,2026-09-17,110.51200999999999,110.543,-0.03099000000001695,11.799999999999999,5.45,8736863.0,11329017.0,35.55,50.0,24.0,,,1.71429,20.0,3.83868,,,,,
FIX,1035983.0,0.0,43.2118110598,-43.2118110598,0.0,3.0,4.0,0.0,False,,2026-08-26,95.959,95.97,-0.01099999999999568,2.8099999,2.38,857812.0,915049.0,2197.0,2500.0,1910.0,,,,8.0,60.17848,,,,,
FIZZ,69891.0,0.007945,0.0,0.007945,1.0,0.0,1.0,0.0,False,,2026-07-20,26.966,26.955,0.011000000000002785,17.709999,11.16,4195515.0,4302830.0,31.0,31.0,31.0,,,5.0,1.0,1.95505,,,,,
FLEX,866374.0,0.0,0.3323523626,-0.3323523626,0.0,1.0,5.0,0.0,False,,2026-08-18,96.699995,96.674,0.02599499999999466,2.73,3.11,8982357.0,9383882.0,160.5,180.0,142.0,,,1.27273,10.0,7.11111,,,,,
FLG,910073.0,0.0,0.0,0.0,0.0,0.0,0.0,0.0,False,,,89.399004,89.398,0.0010040000000088867,0.01,0.0,19874.0,17785.0,16.26471,18.0,13.0,,,1.88889,17.0,1.34154,,,,,
FLO,1128928.0,0.0,0.0,0.0,0.0,0.0,0.0,0.0,False,,,105.64800000000001,105.646,0.0020000000000095497,23.629998999999998,5.96,46488528.0,46124039.0,7.9,12.0,6.0,,,,5.0,0.71439,,,,,
FLR,1124198.0,0.0,0.0,0.0,0.0,0.0,0.0,1.0,False,,2026-08-07,100.35099999999998,100.349,0.001999999999981128,10.8,4.5,10213660.0,9510649.0,61.6875,71.0,50.0,,,2.11111,8.0,3.36608,,,,,
FLS,30625.0,0.0,0.0,0.0,0.0,0.0,0.0,0.0,False,,,116.02699999999999,116.022,0.004999999999981242,6.280000500000001,5.01,7922558.0,7669170.0,89.1,100.0,70.0,,,1.81818,10.0,4.64993,,,,,
FMC,37785.0,0.0,0.015981525,-0.015981525,0.0,1.0,1.0,0.0,False,,2026-09-09,83.986,104.307,-20.320999999999998,28.249999999999996,9.16,26746756.0,29686123.0,13.575,21.0,11.0,,,2.47059,16.0,1.62222,,,,,
FN,1408710.0,0.0,0.9647650600000001,-0.9647650600000001,0.0,1.0,2.0,0.0,False,,2026-09-03,104.35799999999999,104.362,-0.0040000000000048885,5.6900002,1.49,1539941.0,1174295.0,734.1111,850.0,598.0,,,1.77778,9.0,21.78772,,,,,
FNB,37808.0,0.0,0.07803847500000001,-0.07803847500000001,0.0,1.0,1.0,0.0,False,,2026-08-06,94.66,94.677,-0.017000000000010118,8.1599995,6.58,22035857.0,22192397.0,20.94444,22.0,19.0,,,1.77778,9.0,1.86731,,,,,
FND,1507079.0,0.0,13.593174699999999,-13.593174699999999,0.0,1.0,1.0,0.0,False,,2026-08-07,121.23101000000001,121.23101,1.4210854715202004e-14,12.2200005,5.66,12838518.0,14300866.0,58.59091,75.0,38.0,,,2.6087,22.0,2.20411,,,,,
FNF,1331875.0,0.0,0.0,0.0,0.0,0.0,0.0,0.0,False,,,84.880996,84.879,0.001995999999991227,2.79,3.46,6040410.0,4344447.0,61.4,70.0,54.0,,,,5.0,5.78866,,,,,
FORM,1039399.0,0.0,0.20181021,-0.20181021,0.0,1.0,1.0,15.0,False,,2026-09-16,94.66,94.615,0.045000000000001705,5.84,2.96,3217345.0,2718056.0,138.625,175.0,64.0,,,2.0,8.0,3.545,,,,,
FOUR,1794669.0,0.0,0.0,0.0,0.0,0.0,0.0,0.0,False,,,92.042,92.042,0.0,19.09,7.47,14843102.0,14054388.0,55.04762,96.0,40.0,,,2.08333,21.0,6.20475,,,,,
FOX,1754301.0,10.27497702,10.27497702,0.0,1.0,1.0,2.0,0.0,False,,2026-09-15,64.979,65.033996,-0.05499600000000271,7.76,10.11,10463276.0,10892147.0,,,,,,,,5.745,,,,,
FOXA,1754301.0,0.0,0.0,0.0,0.0,0.0,0.0,0.0,False,,,131.498,131.77,-0.2720000000000198,26.450002,8.97,45169793.0,45339683.0,76.42222,112.0,52.6,,,2.0,18.0,5.84725,,,,,
FOXF,1424929.0,0.0,0.0,0.0,0.0,0.0,0.0,0.0,False,,,102.977,102.965,0.012000000000000455,9.55,7.35,2883216.0,3424360.0,21.83333,26.0,20.0,,,2.66667,6.0,1.86333,,,,,
FR,921825.0,0.0,0.0,0.0,0.0,0.0,0.0,0.0,False,,,103.044,103.04799,-0.003990000000001714,4.61,5.95,4518766.0,3771781.0,72.25,86.0,66.0,,,2.0,16.0,1.88521,,,,,
FRPT,1611647.0,0.06492,0.0,0.06492,1.0,0.0,1.0,25.0,False,,2026-09-14,133.931,133.92999,0.001010000000007949,18.65,7.08,7780834.0,7483497.0,84.25,104.0,70.0,,,1.64706,16.0,1.96262,,,,,
FRT,34903.0,0.0,0.0,0.0,0.0,0.0,0.0,0.0,False,,,101.058,101.063,-0.0049999999999954525,0.02,0.02,12510.0,15492.0,132.26315,149.0,117.0,,,1.89474,19.0,3.1903,,,,,
FSLR,1274494.0,0.0,0.02831465,-0.02831465,0.0,1.0,1.0,7.0,False,,2026-09-01,96.436995,96.452004,-0.015009000000006267,12.8,5.65,10522255.0,9748851.0,272.1013,402.0,150.0,,,1.91667,31.0,23.24912,,,,,
FSS,277509.0,0.0,3.2875537904000005,-3.2875537904000005,0.0,2.0,5.0,0.0,False,,2026-08-04,104.89500000000001,104.895,1.4210854715202004e-14,8.76,11.45,3877971.0,4239858.0,145.625,155.0,132.0,,,,8.0,5.779,,,,,
FTDR,1727263.0,0.0,3.5514788999999998,-3.5514788999999998,0.0,3.0,3.0,0.0,False,,2026-08-10,110.249,110.439,-0.18999999999999773,6.950000000000001,7.56,3354995.0,3149839.0,97.4,105.0,91.0,,,1.85714,5.0,5.19397,,,,,
FTI,1681459.0,0.49997075,0.0,0.49997075,1.0,0.0,1.0,1.0,False,,2026-09-21,101.173,101.167,0.006000000000000227,3.26,4.83,12648425.0,13008612.0,76.04762,87.0,45.0,,,1.95238,21.0,3.59728,,,,,
FTNT,1262039.0,0.0,0.0,0.0,0.0,0.0,0.0,15.0,False,,2026-09-24,71.515,71.551,-0.036000000000001364,2.26,3.24,13718909.0,14198087.0,164.31944,220.0,104.0,,,2.77273,36.0,3.77777,,,,,
FTRE,1965040.0,0.0,4.2602839900000005,-4.2602839900000005,0.0,4.0,8.0,0.0,False,,2026-09-09,110.035,109.982,0.05299999999999727,15.5,10.99,12550566.0,11501125.0,20.54545,26.0,13.0,,,2.33333,11.0,1.1385,,,,,
FTV,1659166.0,0.0,0.5334925800000001,-0.5334925800000001,0.0,1.0,1.0,0.0,False,,2026-08-10,112.49298999999999,112.473,0.019989999999992847,5.7600003,5.78,12590192.0,13597622.0,64.30769,72.0,51.0,,,2.73333,13.0,3.24797,,,,,
FUL,39368.0,0.0,0.5933317575,-0.5933317575,0.0,1.0,1.0,0.0,False,,2026-08-11,106.58000999999999,106.648,-0.06799000000000888,7.4399999999999995,4.86,2926989.0,2906335.0,69.85714,80.0,63.0,,,1.42857,7.0,5.25041,,,,,
FULT,700564.0,0.0,0.4136597562,-0.4136597562,0.0,2.0,2.0,1.0,False,,2026-08-05,85.0,84.980005,0.019994999999994434,6.17,7.44,10217574.0,8484123.0,26.5,28.5,25.0,,,2.28571,7.0,2.36857,,,,,
FUN,1999001.0,0.0,0.0,0.0,0.0,0.0,0.0,1.0,False,,2026-08-12,108.009,107.989,0.01999999999999602,25.22,11.33,21388056.0,18487998.0,20.69231,28.0,10.0,,,2.14286,13.0,0.0266,,,,,
G,1398659.0,0.0,2.29612605,-2.29612605,0.0,4.0,7.0,0.0,False,,2026-09-14,110.737,110.736,0.000999999999990564,7.4099995000000005,4.48,10891632.0,9852969.0,42.18182,58.0,31.0,,,,11.0,4.51406,,,,,
GAP,39911.0,0.0,0.0,0.0,0.0,0.0,0.0,0.0,False,,,66.361,66.353,0.008000000000009777,13.919999999999998,3.02,26223096.0,29895509.0,26.51053,42.0,21.0,,,2.28571,19.0,2.63541,,,,,
GATX,40211.0,0.0,4.5508799216,-4.5508799216,0.0,5.0,10.0,0.0,False,,2026-09-11,104.74600999999998,104.721,0.025009999999980437,11.450000000000001,12.33,2296499.0,1851769.0,219.25,223.0,215.0,,,1.0,4.0,11.24561,,,,,
GBCI,868671.0,0.10584,0.0,0.10584,1.0,0.0,1.0,0.0,False,,2026-08-28,89.09700000000001,89.072,0.025000000000005684,8.3500005,10.53,9641453.0,8278738.0,56.5,60.0,53.0,,,1.83333,6.0,3.59,,,,,
GBX,923120.0,0.0,0.192604,-0.192604,0.0,1.0,1.0,0.0,False,,2026-07-13,107.77300999999999,107.772,0.0010099999999795273,13.170000000000002,8.68,2912513.0,2836520.0,45.33333,52.0,42.0,,,4.0,3.0,3.75,,,,,
GD,40533.0,0.0,41.83860264399999,-41.83860264399999,0.0,5.0,12.0,0.0,False,,2026-09-23,87.625,87.617,0.007999999999995566,1.11,2.72,2691224.0,2698068.0,421.6362,465.0,319.0,,,2.08333,21.0,18.58732,,,,,
GDDY,1609711.0,0.0,0.74102645,-0.74102645,0.0,2.0,6.0,8.0,False,,2026-09-02,106.01499999999999,106.06999,-0.05499000000001786,8.4,4.48,7782748.0,5407454.0,106.75,170.0,76.0,,,2.38889,16.0,11.0275,,,,,
GE,40545.0,0.0,7.1801600500000005,-7.1801600500000005,0.0,3.0,8.0,0.0,False,,2026-08-11,80.959,80.945,0.014000000000010004,1.52,3.97,15750663.0,13409539.0,400.0476,450.0,347.0,,,1.54545,21.0,9.08647,,,,,
GEF,43920.0,0.0,0.0,0.0,0.0,0.0,0.0,0.0,False,,,96.930003,96.900004,0.02999900000000366,,1.21,279937.0,249242.0,87.2,100.0,74.0,,,2.83333,5.0,4.76833,,,,,
GEHC,1932393.0,0.0,0.0,0.0,0.0,0.0,0.0,0.0,False,,,94.008005,94.008005,0.0,4.24,6.01,16909543.0,17427194.0,83.05263,96.0,70.0,,,1.75,19.0,5.41221,,,,,
GEN,849399.0,0.0,15.4897091282,-15.4897091282,0.0,2.0,6.0,1.0,False,,2026-09-04,93.851,93.85,0.0010000000000047748,6.54,6.31,35363686.0,29367212.0,32.55556,46.0,25.0,,,2.2,9.0,3.30719,,,,,
GEO,923796.0,0.0,1.021502135,-1.021502135,0.0,3.0,4.0,0.0,False,,2026-09-11,94.545,94.524,0.021000000000000796,10.459999999999999,4.42,9576993.0,10215316.0,37.75,40.0,31.0,,,,4.0,1.71,,,,,
GEV,1996810.0,0.0,0.0,0.0,0.0,0.0,0.0,0.0,False,,,81.65299999999999,81.65299999999999,0.0,3.2899998,4.2,8757218.0,7936921.0,1237.341,1450.0,940.0,,,1.54054,33.0,25.12577,,,,,
GFF,50725.0,0.0,0.687925,-0.687925,0.0,2.0,2.0,29.0,False,,2026-08-13,81.975,81.961,0.013999999999995794,6.239999999999999,6.02,1782506.0,1522693.0,125.57143,135.0,115.0,,,,7.0,6.15482,,,,,
GGG,42888.0,0.0,0.257486661,-0.257486661,0.0,1.0,1.0,0.0,False,,2026-08-03,94.009,94.004995,0.004005000000006476,4.31,2.19,5443852.0,6705439.0,91.28571,100.0,84.0,,,2.6,7.0,3.49556,,,,,
GHC,104889.0,0.0,0.0,0.0,0.0,0.0,0.0,0.0,False,,,86.65,86.654,-0.003999999999990678,13.29,5.81,223186.0,153248.0,990.0,990.0,990.0,,,,1.0,67.0,,,,,
GIII,821002.0,1.1176,0.0,1.1176,1.0,0.0,1.0,0.0,False,,2026-09-14,105.524,105.474,0.04999999999999716,28.52,10.25,7843613.0,7589218.0,37.33333,40.0,32.0,,,,3.0,2.39333,,,,,
GILD,882095.0,0.0,0.0,0.0,0.0,0.0,0.0,26.0,False,,2026-09-15,92.22399999999999,92.212,0.011999999999986244,1.48,3.45,18304875.0,23183970.0,158.65385,180.0,123.0,,,1.7037,26.0,9.88911,,,,,
GIS,40704.0,0.0,0.0,0.0,0.0,0.0,0.0,0.0,False,,,91.13799999999999,91.217005,-0.07900500000000932,10.91,5.08,44831933.0,44699965.0,37.22222,47.0,30.0,,,3.05,18.0,3.16016,,,,,
GKOS,1192448.0,0.0,13.830768989999997,-13.830768989999997,0.0,4.0,7.0,12.0,False,,2026-09-16,105.06301,105.405,-0.3419899999999956,8.55,6.43,4166410.0,3951091.0,198.6923,225.0,172.0,,,1.35714,13.0,0.50587,,,,,
GL,320335.0,0.0,30.341921177299998,-30.341921177299998,0.0,6.0,17.0,0.0,False,,2026-09-22,87.253,87.249,0.0040000000000048885,0.05,0.08,33703.0,38006.0,193.90909,225.0,166.0,,,,11.0,16.51824,,,,,
GLPI,1575965.0,0.4224,0.0,0.4224,1.0,0.0,1.0,0.0,False,,2026-08-18,97.248,97.243,0.005000000000009663,4.01,2.28,9933817.0,9126065.0,52.3913,63.0,43.0,,,2.0,23.0,3.32861,,,,,
GLW,24741.0,0.0,3.4856425648,-3.4856425648,0.0,2.0,2.0,0.0,False,,2026-09-04,74.91600000000001,74.901,0.01500000000001478,2.31,1.93,17615953.0,16795510.0,189.9375,238.0,129.0,,,1.47059,16.0,4.36423,,,,,
GM,1467858.0,0.0,0.0,0.0,0.0,0.0,0.0,10.0,False,,2026-08-03,90.194,90.193003,0.0009969999999981383,2.3699999,3.55,20781007.0,21942924.0,104.21739,132.0,75.0,,,1.625,23.0,15.03836,,,,,
GME,1326380.0,48.501611600000004,0.1585623,48.343049300000004,4.0,1.0,7.0,2.0,True,2026-09-09,2026-09-21,32.949,32.904997,0.04400299999999646,8.4,5.27,39069126.0,54036583.0,,,,,,,,1.86,,,,,
GMED,1237831.0,0.0,4.413467,-4.413467,0.0,2.0,2.0,0.0,False,,2026-09-15,92.411005,92.359,0.052005000000008295,6.1,5.5,6767512.0,6802529.0,103.23077,125.0,84.0,,,1.86667,13.0,5.39819,,,,,
GNL,1526113.0,0.0,0.0,0.0,0.0,0.0,0.0,0.0,False,,,72.923,72.92,0.0030000000000001137,0.0,0.0,4835.0,5566.0,10.14286,12.0,8.0,,,,7.0,-0.13,,,,,
GNRC,1474735.0,0.0,0.0,0.0,0.0,0.0,0.0,17.0,False,,2026-09-17,91.697997,91.692,0.005997000000007802,4.24,2.67,2468098.0,2283795.0,293.9375,375.0,215.0,,,1.7619,16.0,12.44179,,,,,
GNTX,355811.0,0.0,0.0,0.0,0.0,0.0,0.0,0.0,False,,,102.52401,102.541,-0.016989999999992733,8.1599995,7.26,17136868.0,15779057.0,27.72222,42.0,23.0,,,,9.0,2.21307,,,,,
GNW,1276520.0,0.0,1.5949018199999998,-1.5949018199999998,0.0,3.0,3.0,0.0,False,,2026-09-03,90.342003,90.32,0.022003000000012207,3.88,2.81,9721886.0,8489362.0,11.5,11.5,11.5,,,2.0,1.0,1.1,,,,,
GO,1771515.0,0.2627,0.0161816,0.2465184,2.0,1.0,3.0,0.0,True,2026-08-27,2026-08-27,122.06401,122.04,0.024009999999989873,32.840002,8.19,21051050.0,24482709.0,10.73077,12.5,6.0,,,,13.0,0.67296,,,,,
GOLF,1672013.0,0.0,0.0,0.0,0.0,0.0,0.0,0.0,False,,,55.903000000000006,55.897,0.006000000000007333,12.91,7.8,2724026.0,2756235.0,99.66667,118.0,88.0,,,3.0,6.0,4.236,,,,,
GOOG,1652044.0,0.0,0.0,0.0,0.0,0.0,0.0,0.0,False,,,62.126000000000005,62.13,-0.003999999999997783,,3.28,45274909.0,42891363.0,422.336,475.0,340.0,,,1.38333,15.0,14.89921,,,,,
GOOGL,1652044.0,0.0,0.0,0.0,0.0,0.0,0.0,12.0,False,,2026-08-28,80.99500499999999,80.991,0.004004999999992265,1.49,3.68,87393404.0,72705550.0,429.45557,515.0,340.0,,,1.37705,54.0,14.89921,,,,,
GPC,40987.0,0.0,0.0,0.0,0.0,0.0,0.0,0.0,False,,,98.824996,98.824,0.000996000000000663,6.569999999999999,7.55,7895585.0,7341739.0,140.375,170.0,122.0,,,,8.0,8.30479,,,,,
GPI,1031203.0,89.46204881059998,0.0,89.46204881059998,1.0,0.0,62.0,0.0,False,,2026-09-18,106.779,105.523,1.2560000000000002,15.6,6.04,1278436.0,1160295.0,371.08334,450.0,275.0,,,1.83333,12.0,44.23553,,,,,
GPK,1408075.0,0.0,0.0,0.0,0.0,0.0,0.0,0.0,False,,,122.047,122.047,0.0,9.020001,4.46,23370852.0,19623154.0,12.4,18.0,10.0,,,3.0,11.0,1.11776,,,,,
GPN,1123360.0,0.0,0.0,0.0,0.0,0.0,0.0,0.0,False,,,112.95200000000001,112.94999,0.002010000000012724,7.39,6.59,16273824.0,14693735.0,105.51724,194.0,70.0,,,2.34286,29.0,16.00857,,,,,
GPOR,874499.0,0.25697600000000004,0.45682425,-0.19984824999999998,1.0,2.0,3.0,0.0,False,,2026-09-24,121.88600000000001,121.84,0.04600000000000648,8.520000399999999,5.24,1279263.0,1157949.0,214.84615,253.0,180.0,,,2.21429,13.0,25.88237,,,,,
GRBK,1373670.0,0.0,0.0,0.0,0.0,0.0,0.0,0.0,False,,,83.36299700000001,83.352,0.010997000000003254,0.029999999000000003,0.02,7188.0,6382.0,62.0,62.0,62.0,,,3.0,1.0,5.995,,,,,
GRMN,1121788.0,0.0,3.6001468718000007,-3.6001468718000007,0.0,3.0,11.0,1.0,False,,2026-08-18,58.349996999999995,58.348,0.0019969999999958077,1.8800000000000001,3.71,3090374.0,3362012.0,302.0,370.0,231.0,,,2.57143,6.0,11.13434,,,,,
GS,886982.0,0.0,1.09267564,-1.09267564,0.0,1.0,6.0,0.0,False,,2026-08-28,75.851995,75.835997,0.015997999999996182,2.39,3.78,6921097.0,6205407.0,1126.65,1300.0,730.0,,,2.6,20.0,73.5456,,,,,
GSHD,1726978.0,18.548191600000003,19.08970777,-0.5415161699999981,2.0,4.0,29.0,0.0,True,2026-07-31,2026-09-22,115.337,114.69,0.6470000000000056,12.4,7.27,2148567.0,1766681.0,68.91667,100.0,44.0,,,,12.0,2.70017,,,,,
GT,42582.0,0.0,0.0,0.0,0.0,0.0,0.0,0.0,False,,,95.661,95.635,0.02599999999999625,21.740000000000002,5.94,48903680.0,40760624.0,7.45714,10.0,6.0,,,2.7,7.0,0.52701,,,,,
GTES,1718512.0,0.0,0.49788,-0.49788,0.0,1.0,3.0,0.0,False,,2026-08-06,103.072,103.074,-0.001999999999995339,5.609999999999999,6.92,12314480.0,10079471.0,33.33333,39.0,29.0,,,1.83333,12.0,1.93311,,,,,
GTM,1794515.0,0.0,0.06822728,-0.06822728,0.0,1.0,1.0,6.0,False,,2026-09-02,98.675,98.675,0.0,15.52,7.15,35503324.0,38912265.0,4.59722,15.0,2.5,,,,18.0,1.12805,,,,,
GTY,1052752.0,0.0,0.0,0.0,0.0,0.0,0.0,0.0,False,,,95.817,95.783997,0.033002999999993676,15.35,9.97,6147202.0,8199708.0,36.42857,39.0,33.0,,,2.375,7.0,1.45232,,,,,
GVA,861459.0,0.049596,0.0,0.049596,1.0,0.0,1.0,0.0,False,,2026-08-06,112.82799999999999,112.816,0.011999999999986244,13.77,9.11,3852064.0,3807056.0,171.66667,200.0,119.0,,,1.8,6.0,8.05566,,,,,
GWRE,1528396.0,0.0,5.7330744394,-5.7330744394,0.0,1.0,1.0,28.0,False,,2026-09-21,105.20799999999998,105.20799999999998,0.0,4.35,2.0,3173947.0,4648367.0,213.2857,258.0,170.0,,,1.6875,14.0,5.34509,,,,,
GWW,277135.0,0.0,0.0,0.0,0.0,0.0,0.0,0.0,False,,,77.008003,77.002996,0.005007000000006201,2.6400002,4.65,1046862.0,942380.0,1331.6428,1500.0,1100.0,,,2.78947,14.0,50.97451,,,,,
GXO,1852244.0,0.0,0.0,0.0,0.0,0.0,0.0,0.0,False,,,108.32701,108.32499,0.002020000000001687,6.550000000000001,5.16,6622041.0,6642205.0,68.70588,90.0,55.0,,,,17.0,3.54007,,,,,
H,1468174.0,0.0,0.22241384,-0.22241384,0.0,1.0,1.0,2.0,False,,2026-09-14,121.86600000000001,121.858,0.008000000000009777,28.68,6.72,4691807.0,4811105.0,196.83333,221.0,165.0,,,1.875,24.0,4.87236,,,,,
HAE,313143.0,0.0,0.0,0.0,0.0,0.0,0.0,0.0,False,,,112.55001,112.524,0.026009999999999422,8.81,4.71,3424696.0,2761115.0,111.5,125.0,86.0,,,1.72727,10.0,5.77717,,,,,
HAFC,1109242.0,0.0,0.0,0.0,0.0,0.0,0.0,0.0,False,,,95.425004,95.435995,-0.010991000000004192,5.1,6.57,1256476.0,1018673.0,34.25,36.0,33.0,,,,4.0,3.37,,,,,
HAL,45012.0,0.0,0.0,0.0,0.0,0.0,0.0,4.0,False,,2026-08-31,90.446,90.445,0.0010000000000047748,5.6700002,3.23,34810208.0,30901867.0,43.44,53.0,29.0,,,1.75,25.0,2.90353,,,,,
HALO,1159036.0,0.0,0.0,0.0,0.0,0.0,0.0,28.0,False,,2026-09-16,112.141,112.139,0.0020000000000095497,17.5,9.83,15154414.0,14636927.0,99.55556,115.0,70.0,,,,9.0,10.39306,,,,,
HAS,46080.0,0.0,6.914950790900001,-6.914950790900001,0.0,5.0,10.0,0.0,False,,2026-08-31,100.898,100.899,-0.0010000000000047748,5.8500000000000005,5.35,7252370.0,6584151.0,109.5,120.0,90.0,,,1.46667,14.0,6.51371,,,,,
HASI,1561894.0,0.0,0.0,0.0,0.0,0.0,0.0,0.0,False,,,111.64299,111.633,0.009990000000001942,14.92,13.24,14154373.0,12867104.0,49.8,60.0,43.0,,,,15.0,3.32956,,,,,
HAYW,1834622.0,0.0,0.05271,-0.05271,0.0,1.0,1.0,6.0,False,,2026-09-15,109.74,109.73899,0.0010099999999937381,4.62,4.11,8525629.0,8619869.0,17.92857,19.5,15.0,,,2.4,7.0,0.97038,,,,,
HBAN,49196.0,0.0,0.4811021727,-0.4811021727,0.0,1.0,2.0,0.0,False,,2026-08-03,89.92099999999999,89.924,-0.0030000000000143245,2.5999999,2.46,52300271.0,50770339.0,19.75263,22.5,17.0,,,1.75,19.0,1.77556,,,,,
HCA,860730.0,0.0,0.0,0.0,0.0,0.0,0.0,0.0,False,,,78.900003,78.878,0.022002999999997996,4.6,4.85,6479985.0,6127018.0,454.22726,579.0,380.0,,,1.96154,22.0,32.01582,,,,,
HCC,1691303.0,0.0,0.83649664,-0.83649664,0.0,2.0,2.0,2.0,False,,2026-08-24,104.80599,104.78901,0.01697999999998956,9.92,6.84,3820493.0,4332831.0,108.5,125.0,95.0,,,1.85714,6.0,6.83445,,,,,
HCI,1400810.0,0.0,0.0,0.0,0.0,0.0,0.0,0.0,False,,,78.096,78.067,0.029000000000010573,5.4399999999999995,4.03,574521.0,497990.0,241.66667,265.0,225.0,,,1.6,3.0,19.474,,,,,
HCSG,731012.0,0.0,0.36249752,-0.36249752,0.0,1.0,1.0,0.0,False,,2026-08-04,112.79399000000001,112.691,0.10299000000000547,5.390000000000001,5.3,3041803.0,2597782.0,27.0,30.0,24.0,,,,6.0,1.23083,,,,,
HD,354950.0,0.0,3.3393138,-3.3393138,0.0,4.0,4.0,0.0,False,,2026-09-10,76.793,76.794,-0.000999999999990564,1.17999995,2.65,10572996.0,10319915.0,377.1875,425.0,310.0,,,1.94444,32.0,16.0248,,,,,
HE,354707.0,0.0,0.0,0.0,0.0,0.0,0.0,0.0,False,,,88.052005,88.187,-0.13499500000000353,15.010001,7.67,18793516.0,17130493.0,9.8125,12.0,6.5,,,4.0,4.0,1.01833,,,,,
HFWA,1046025.0,0.0,1.0562833950000001,-1.0562833950000001,0.0,6.0,6.0,0.0,False,,2026-09-15,82.203,82.203,0.0,8.559999999999999,8.49,3027972.0,2652305.0,32.8,34.0,31.0,,,2.16667,5.0,2.63333,,,,,
HGV,1674168.0,0.0,0.9704079,-0.9704079,0.0,1.0,1.0,0.0,False,,2026-08-06,108.45800000000001,108.43,0.028000000000005798,15.45,8.13,7547378.0,6162399.0,55.9,74.0,46.0,,,2.3,10.0,5.27497,,,,,
HIG,874766.0,0.0,0.0,0.0,0.0,0.0,0.0,0.0,False,,,96.246004,96.257,-0.010996000000005779,0.01,0.02,25738.0,58657.0,149.4,164.0,135.0,,,2.3913,20.0,13.67803,,,,,
HII,1501585.0,0.0,0.24087829500000002,-0.24087829500000002,0.0,1.0,1.0,1.0,False,,2026-08-10,92.594004,92.584,0.010003999999995017,3.45,3.01,1179811.0,1016482.0,367.25,439.0,304.0,,,2.08333,12.0,20.83476,,,,,
HIMS,1773751.0,0.0,0.0,0.0,0.0,0.0,0.0,12.0,False,,2026-09-22,71.518,71.502,0.016000000000005343,27.26,4.92,52920443.0,58674597.0,31.15385,42.0,23.0,,,2.8,13.0,0.73726,,,,,
HIW,921082.0,0.0,0.0,0.0,0.0,0.0,0.0,0.0,False,,,120.78800000000001,120.78,0.008000000000009777,17.57,11.92,12266421.0,12092710.0,32.33333,35.0,30.0,,,,9.0,0.7,,,,,
HL,719413.0,0.0,0.9962728800000001,-0.9962728800000001,0.0,1.0,4.0,0.0,False,,2026-08-20,77.288,77.529,-0.24099999999999966,0.0,0.0,1011.0,2522.0,23.075,32.0,17.0,,,2.3,10.0,1.0451,,,,,
HLI,1302215.0,0.5005704,0.14015,0.36042040000000003,1.0,1.0,2.0,0.0,False,,2026-09-10,105.45601,105.433,0.02300999999999931,4.78,3.55,2588193.0,2320023.0,153.5,177.0,145.0,,,,8.0,8.78902,,,,,
HLIT,851310.0,0.0,0.0,0.0,0.0,0.0,0.0,0.0,False,,,86.894995,86.86,0.034994999999995,8.129999999999999,4.78,6311693.0,5870503.0,16.14286,20.0,8.0,,,2.42857,7.0,0.80771,,,,,
HLNE,1433642.0,0.0,0.0,0.0,0.0,0.0,0.0,0.0,False,,,110.202,110.209,-0.007000000000005002,10.190000000000001,7.09,3676291.0,3584452.0,133.42857,181.0,105.0,,,,7.0,7.33297,,,,,
HLT,1585689.0,0.0,2.3944569729999996,-2.3944569729999996,0.0,2.0,3.0,0.0,False,,2026-09-14,96.873003,96.863,0.010002999999997542,2.6500002,3.07,5161369.0,4961117.0,353.0,394.0,270.0,,,,26.0,10.45504,,,,,
HLX,,0.0,0.0,0.0,0.0,0.0,0.0,0.0,False,,,94.621,94.621,0.0,6.2,5.05,7209184.0,7322461.0,12.25,14.0,9.0,,,2.0,4.0,0.5425,,,,,
HMN,850141.0,0.0,0.605062712,-0.605062712,0.0,4.0,4.0,3.0,False,,2026-09-03,106.665,106.664,0.0010000000000047748,3.8,4.5,1119118.0,1048677.0,56.5,59.0,54.0,,,,2.0,5.3,,,,,
HNI,48287.0,0.0,0.0,0.0,0.0,0.0,0.0,9.0,False,,2026-08-28,89.97800000000001,89.962995,0.015005000000002156,5.9699997,8.18,4249694.0,3904628.0,69.75,73.0,65.0,,,,4.0,4.835,,,,,
HOG,793952.0,1.439491,0.0,1.439491,3.0,0.0,3.0,3.0,True,2026-08-10,2026-09-01,111.697,111.719,-0.02199999999999136,24.159999,11.18,18517111.0,18713594.0,28.18182,33.0,17.0,,,2.5,11.0,2.00598,,,,,
HOMB,1331520.0,0.0,0.842046,-0.842046,0.0,2.0,2.0,0.0,False,,2026-08-11,79.056,79.03700500000001,0.01899499999998966,6.950000000000001,7.31,9952096.0,8455682.0,33.25,36.0,31.0,,,2.3,8.0,2.60315,,,,,
HON,773840.0,0.0,4.15189064,-4.15189064,0.0,1.0,6.0,1.0,False,,2026-08-03,84.477997,84.489,-0.011003000000002316,2.34,2.71,7412135.0,5270670.0,261.73914,303.0,186.0,,,2.0,23.0,9.89054,,,,,
HONA,2089271.0,0.9984,0.0,0.9984,1.0,0.0,1.0,0.0,False,,2026-09-01,78.723997,76.719004,2.004992999999999,,1.45,4739593.0,5842017.0,209.5,256.0,175.0,,,2.375,14.0,9.08799,,,,,
HOOD,1783879.0,0.0,0.0,0.0,0.0,0.0,0.0,73.0,False,,2026-09-22,79.472,79.466003,0.005996999999993591,4.62,1.6,36165147.0,33137696.0,130.07925,170.0,57.0,,,1.65517,27.0,3.3846,,,,,
HOPE,1128361.0,0.0,0.40731377500000004,-0.40731377500000004,0.0,2.0,2.0,0.0,False,,2026-09-01,95.254,95.228,0.02600000000001046,7.290000000000001,9.03,6850300.0,5998460.0,15.5,16.0,15.0,,,2.2,4.0,1.5775,,,,,
HP,46765.0,0.0,4.864590349999999,-4.864590349999999,0.0,3.0,5.0,4.0,False,,2026-09-01,104.96399000000001,104.933,0.030990000000002738,10.3999995,5.92,7276172.0,8252091.0,44.46667,50.0,32.0,,,2.5625,15.0,1.47831,,,,,
HPE,1645590.0,0.0,0.9674292,-0.9674292,0.0,1.0,1.0,2.0,False,,2026-09-14,91.29699500000001,91.306,-0.009004999999987717,4.8,2.3,55958000.0,59572842.0,68.0795,88.0,52.59,,,2.04348,20.0,4.59744,,,,,
HPQ,47217.0,0.0,0.0,0.0,0.0,0.0,0.0,4.0,False,,2026-08-07,95.947,95.927,0.01999999999999602,9.4,4.53,72511904.0,81142372.0,29.66471,72.0,19.0,,,,17.0,3.13797,,,,,
HQY,1428336.0,0.0,0.0,0.0,0.0,0.0,0.0,4.0,False,,2026-08-25,111.44000000000001,111.434,0.006000000000014438,7.71,5.21,4801056.0,4117660.0,119.33333,142.0,105.0,,,1.33333,15.0,5.50011,,,,,
HR,1360604.0,0.0,0.40131,-0.40131,0.0,1.0,1.0,0.0,False,,2026-09-08,115.34101000000001,115.332,0.009010000000017726,8.61,5.29,16109127.0,17000824.0,21.41667,24.0,18.0,,,2.53846,12.0,0.07,,,,,
HRB,12659.0,0.0,0.0,0.0,0.0,0.0,0.0,0.0,False,,,106.055,106.05301,0.0019900000000063756,23.16,10.62,17448651.0,17836338.0,51.66667,60.0,36.0,,,3.2,3.0,6.92,,,,,
HRL,48465.0,0.0,0.49515856,-0.49515856,0.0,1.0,1.0,0.0,False,,2026-07-08,91.363,91.362,0.0010000000000047748,7.140000000000001,3.68,20839477.0,17129618.0,26.125,30.0,23.0,,,2.6,8.0,1.55353,,,,,
HRMY,1802665.0,0.0,0.0,0.0,0.0,0.0,0.0,7.0,False,,2026-09-18,99.669,99.641997,0.02700299999999345,10.620000000000001,5.67,4628716.0,4136259.0,47.36364,70.0,30.0,,,2.0,11.0,6.68636,,,,,
HSIC,1000228.0,0.0,0.0,0.0,0.0,0.0,0.0,0.0,False,,,112.279,112.257,0.02199999999999136,8.229999000000001,8.25,7570264.0,6912482.0,97.26667,110.0,64.0,,,2.375,15.0,5.98995,,,,,
HST,1070750.0,0.0,2.7980889153,-2.7980889153,0.0,2.0,3.0,0.0,False,,2026-08-21,105.569,105.55,0.019000000000005457,8.42,5.29,41134227.0,43908146.0,25.29033,29.0,21.0,,,1.90476,20.0,1.05559,,,,,
HSTM,1095565.0,0.0,4.250006,-4.250006,0.0,1.0,1.0,1.0,False,,2026-09-14,77.273005,77.224,0.04900499999999397,6.17,6.53,1294069.0,1558917.0,34.5,40.0,29.0,,,2.2,2.0,0.885,,,,,
HSY,47111.0,0.0,0.0,0.0,0.0,0.0,0.0,276.0,False,,2026-09-23,91.435,91.463,-0.027999999999991587,7.359999999999999,7.63,9178157.0,10330336.0,205.5238,250.0,170.0,,,2.47826,21.0,9.86822,,,,,
HTH,1265131.0,0.0,2.48581375,-2.48581375,0.0,1.0,8.0,0.0,False,,2026-08-24,57.18600000000001,57.18,0.006000000000007333,7.71,10.91,2554196.0,2137520.0,41.66667,42.0,41.0,,,3.0,3.0,2.495,,,,,
HTLD,799233.0,0.0,0.0,0.0,0.0,0.0,0.0,0.0,False,,,51.868,51.847,0.021000000000000796,7.76,5.33,3497403.0,2884267.0,13.2,16.0,12.0,,,3.0,5.0,0.5016,,,,,
HTO,766829.0,0.4749176036,0.10239921,0.3725183936,1.0,1.0,4.0,0.0,False,,2026-07-07,120.02600000000001,119.88701,0.13899000000000683,16.379999,14.11,5158832.0,4865882.0,67.14286,72.0,60.0,,,1.71429,7.0,2.70883,,,,,
HUBB,48898.0,0.0,0.283653414,-0.283653414,0.0,1.0,1.0,0.0,False,,2026-08-11,99.123,99.112,0.01100000000000989,6.21,6.01,2848108.0,2675983.0,562.8333,630.0,502.0,,,2.0,12.0,22.91985,,,,,
HUBG,940942.0,0.0,0.0,0.0,0.0,0.0,0.0,0.0,False,,,106.323,106.305,0.01799999999998647,8.459999999999999,2.95,3605343.0,3628648.0,40.08333,50.0,29.0,,,2.46154,12.0,2.18899,,,,,
HUBS,1404655.0,0.19973525,0.0,0.19973525,1.0,0.0,1.0,4.0,False,,2026-09-15,100.23301000000001,,,8.5,2.53,3178892.0,3860312.0,249.71677,320.0,190.0,,,2.35294,31.0,16.84104,,,,,
HUM,49071.0,0.0,0.0,0.0,0.0,0.0,0.0,0.0,False,,,100.89300000000001,100.85,0.04300000000002058,2.69,3.03,2847303.0,3361629.0,423.73914,515.0,280.0,,,2.15385,23.0,16.56803,,,,,
HWC,750577.0,0.0,2.11006492,-2.11006492,0.0,2.0,2.0,0.0,False,,2026-08-20,98.829,98.822,0.006999999999990791,10.4899995,9.11,6232862.0,5117151.0,84.225,91.0,79.0,,,1.8,10.0,7.30703,,,,,
HWKN,46250.0,0.26157577600000004,0.0,0.26157577600000004,2.0,0.0,2.0,0.0,True,2026-08-27,2026-08-27,79.696,79.677004,0.018996000000001345,7.8200005,7.71,1325540.0,1333546.0,174.25,200.0,142.0,,,2.33333,4.0,5.0,,,,,
HWM,4281.0,0.0,0.0,0.0,0.0,0.0,0.0,0.0,False,,,93.296,93.307996,-0.011995999999996343,2.4899999999999998,2.65,9867638.0,7387429.0,337.74094,375.0,256.56,,,1.43478,21.0,6.45787,,,,,
HXL,717605.0,0.0,2.27153335,-2.27153335,0.0,2.0,4.0,0.0,False,,2026-09-03,115.58,115.583,-0.0030000000000001137,6.64,5.94,4390752.0,4512760.0,110.64286,126.0,90.0,,,2.47059,14.0,3.1278,,,,,
HZO,1057060.0,0.0,0.0,0.0,0.0,0.0,0.0,0.0,False,,,84.736,84.735,0.0010000000000047748,14.879999999999999,3.29,2385209.0,2558986.0,47.0,53.0,35.0,,,,5.0,1.5744,,,,,
IART,917520.0,0.0,0.0,0.0,0.0,0.0,0.0,0.0,False,,,98.675,98.675,0.0,12.0699994,9.84,6806086.0,6742359.0,19.55556,27.0,14.0,,,,9.0,2.60846,,,,,
IBKR,1381197.0,0.0,0.0,0.0,0.0,0.0,0.0,3.0,False,,2026-09-01,88.55899600000001,88.54900599999999,0.009990000000016153,3.17,3.27,12396995.0,8095922.0,105.81538,121.0,70.0,,,1.92857,13.0,3.19641,,,,,
IBM,51143.0,0.0,5.7580875,-5.7580875,0.0,1.0,1.0,0.0,False,,2026-08-26,66.592,66.607004,-0.01500400000000468,2.6500002,4.58,22444940.0,22050277.0,240.59,297.0,174.0,,,2.25,22.0,13.14773,,,,,
IBOC,315709.0,0.0,0.0,0.0,0.0,0.0,0.0,0.0,False,,,73.014,72.990996,0.023004000000000246,4.4299997,7.1,2097139.0,1826576.0,87.0,87.0,87.0,,,,1.0,,,,,,
IBP,1580905.0,0.0,0.25744716,-0.25744716,0.0,1.0,1.0,0.0,False,,2026-09-03,100.104,100.105,-0.0010000000000047748,13.159999,7.1,2520270.0,1854841.0,239.91667,297.0,200.0,,,2.71429,12.0,11.44152,,,,,
ICE,1571949.0,0.0,1.0867875,-1.0867875,0.0,1.0,1.0,18.0,False,,2026-09-14,96.662,96.656996,0.005003999999999564,1.2899999500000001,1.96,6423293.0,7618583.0,187.2857,232.0,163.0,,,1.46667,14.0,8.80063,,,,,
ICHR,1652535.0,0.0,0.0,0.0,0.0,0.0,0.0,12.0,False,,2026-09-15,92.460996,92.441005,0.019990999999990322,8.790000000000001,4.33,2789603.0,2072915.0,95.85714,115.0,80.0,,,1.42857,7.0,3.26857,,,,,
ICUI,883984.0,0.0,3.0858562229,-3.0858562229,0.0,4.0,4.0,9.0,False,,2026-09-03,116.18599999999999,116.177,0.00899999999998613,7.26,6.61,1515688.0,1384259.0,193.375,210.0,178.0,,,1.625,8.0,9.64625,,,,,
IDA,1057877.0,0.0,0.0,0.0,0.0,0.0,0.0,0.0,False,,,107.07,107.069,0.000999999999990564,11.459999999999999,10.96,5266110.0,4505224.0,157.33333,171.0,143.0,,,1.66667,9.0,6.95389,,,,,
IDCC,1405495.0,0.0,0.0,0.0,0.0,0.0,0.0,5.0,False,,2026-09-08,108.951,108.99199,-0.040990000000007853,13.71,15.19,2918161.0,2605884.0,462.66666,488.0,425.0,,,,3.0,11.5875,,,,,
IDXX,874716.0,0.0,1.1721779678,-1.1721779678,0.0,1.0,1.0,0.0,False,,2026-09-04,96.720004,96.739995,-0.019990999999990322,2.78,3.82,1917016.0,1937469.0,701.3333,805.0,470.0,,,2.15385,12.0,16.7397,,,,,
IESC,1048268.0,0.0,0.0,0.0,0.0,0.0,0.0,0.0,False,,,97.809,97.791,0.018000000000000682,8.85,4.29,1205028.0,1352292.0,440.0,440.0,440.0,,,1.0,1.0,,,,,,
IEX,832101.0,0.0,0.0918590365,-0.0918590365,0.0,1.0,1.0,0.0,False,,2026-08-12,105.36599,105.37,-0.004010000000008063,3.25,3.9,2094342.0,1746057.0,255.92857,280.0,215.0,,,,14.0,9.62584,,,,,
IFF,51253.0,0.0,1.315661781,-1.315661781,0.0,3.0,3.0,0.0,False,,2026-08-17,109.58000000000001,109.576,0.004000000000019099,8.77,11.33,16302163.0,15359669.0,95.65556,105.0,76.0,,,1.80952,18.0,3.96101,,,,,
IIPR,1677576.0,0.029937599999999998,0.03443596,-0.004498360000000001,1.0,1.0,2.0,0.0,False,,2026-09-15,78.848,78.78399499999999,0.06400500000000875,20.919999999999998,12.53,3763844.0,3510478.0,64.5,90.0,51.0,,,,4.0,4.39,,,,,
ILMN,1110803.0,0.0,436.15715976000007,-436.15715976000007,0.0,1.0,67.0,2.0,False,,2026-09-04,106.48599999999999,106.47899999999998,0.007000000000005002,11.4700004,5.52,10585422.0,9464776.0,202.65,260.0,113.0,,,2.42857,20.0,6.10491,,,,,
INCY,879169.0,0.0,0.0,0.0,0.0,0.0,0.0,22.0,False,,2026-09-15,103.491,103.447,0.04399999999999693,8.3900005,7.62,9981369.0,9389500.0,127.73913,155.0,86.0,,,2.28571,23.0,8.88548,,,,,
INDB,776901.0,0.0,0.7607044944,-0.7607044944,0.0,2.0,2.0,0.0,False,,2026-08-25,88.20599999999999,88.205004,0.0009959999999864522,6.280000500000001,7.79,2201320.0,1920523.0,93.42857,100.0,82.0,,,1.85714,7.0,8.31157,,,,,
INDV,1625297.0,0.107955,0.0,0.107955,1.0,0.0,2.0,1.0,False,,2026-08-27,99.120003,99.100995,0.01900799999999947,11.25,5.6,11172005.0,10447376.0,49.0,53.0,43.0,,,,4.0,4.88333,,,,,
INGR,1046257.0,0.0,0.17003922,-0.17003922,0.0,1.0,1.0,0.0,False,,2026-08-05,101.801,101.85,-0.04899999999999238,8.0299996,7.95,4517645.0,4127503.0,121.5,150.0,108.0,,,,6.0,11.3488,,,,,
INSP,1609550.0,0.0,0.05734665,-0.05734665,0.0,1.0,1.0,0.0,False,,2026-08-07,130.29801,130.26899999999998,0.029010000000027958,17.790001999999998,6.19,3928250.0,4373708.0,62.8,97.0,40.0,,,2.70588,15.0,1.53986,,,,,
INSW,1679049.0,0.0,0.0,0.0,0.0,0.0,0.0,4.0,False,,2026-09-15,84.801,84.786004,0.014995999999996457,7.8600004000000006,4.36,2737167.0,2700802.0,107.16667,130.0,88.0,,,1.33333,6.0,6.42167,,,,,
INTC,50863.0,9.999985,0.0,9.999985,1.0,0.0,1.0,0.0,False,,2026-08-11,62.556999999999995,62.532,0.02499999999999858,3.01,1.74,158808750.0,135685200.0,116.37209,200.0,75.0,,,2.46939,43.0,2.06208,,,,,
INTU,896878.0,0.0,0.3142881878135,-0.3142881878135,0.0,1.0,2.0,1.0,False,,2026-09-08,93.517,93.546,-0.029000000000010573,3.0199999,1.77,7016125.0,9158101.0,405.6,732.0,290.0,,,2.05882,31.0,27.07542,,,,,
INVA,1080014.0,0.0,0.0,0.0,0.0,0.0,0.0,0.0,False,,,109.208,109.20401,0.003990000000001714,13.430000999999999,10.48,7144265.0,6864277.0,35.0,46.0,18.0,,,1.8,5.0,2.21,,,,,
INVH,1687229.0,0.0,0.0,0.0,0.0,0.0,0.0,0.0,False,,,102.702,102.756,-0.054000000000002046,3.61,3.76,15553491.0,12861304.0,33.52174,41.0,28.0,,,2.08,23.0,0.71089,,,,,
INVX,1042893.0,0.0,143.55,-143.55,0.0,1.0,6.0,7.0,False,,2026-08-10,87.481004,87.48,0.0010039999999946758,7.510000499999999,4.02,2911943.0,2036478.0,33.4,36.0,27.0,,,1.6,5.0,1.87143,,,,,
IOSP,1054905.0,0.0,0.0,0.0,0.0,0.0,0.0,0.0,False,,,102.11300000000001,102.059,0.05400000000001626,2.8800000999999997,3.2,511052.0,463878.0,101.0,110.0,93.0,,,,3.0,6.15,,,,,
IP,51434.0,0.0,1.15625755,-1.15625755,0.0,2.0,2.0,0.0,False,,2026-08-07,102.556,102.553,0.0030000000000001137,15.950000000000001,10.95,46194579.0,46180591.0,47.90909,62.0,39.0,,,1.58333,11.0,3.01971,,,,,
IPAR,822663.0,0.0,0.10517274,-0.10517274,0.0,1.0,1.0,0.0,False,,2026-08-27,70.002997,70.00999999999999,-0.007002999999997428,11.58,10.08,2088402.0,1868449.0,126.66667,151.0,85.0,,,2.66667,6.0,5.204,,,,,
IPGP,1111928.0,0.19939974,0.0,0.19939974,1.0,0.0,2.0,33.0,False,,2026-09-02,75.12,75.11,0.010000000000005116,21.93,6.01,3439518.0,3501518.0,124.14286,152.0,78.0,,,2.0,7.0,2.30714,,,,,
IQV,1478242.0,0.0,29.88809347,-29.88809347,0.0,6.0,9.0,0.0,False,,2026-09-02,103.43,103.413,0.017000000000010118,2.9000001,3.08,4116522.0,4249506.0,277.94443,300.0,247.0,,,1.42857,18.0,14.45948,,,,,
IR,1699150.0,1.000090764,0.0,1.000090764,1.0,0.0,1.0,0.0,False,,2026-08-03,105.76301,105.759,0.004009999999993852,3.9699999999999998,3.85,13560929.0,15874517.0,96.25,109.0,82.0,,,,13.0,3.91727,,,,,
IRDM,1418819.0,0.0,19.64663129,-19.64663129,0.0,6.0,11.0,0.0,False,,2026-09-15,90.02799999999999,90.029997,-0.001997000000002913,3.75,4.05,3400564.0,2872219.0,42.0,54.0,36.0,,,,5.0,1.715,,,,,
IRM,1020569.0,0.0,0.0,0.0,0.0,0.0,0.0,18.0,False,,2026-09-01,88.338995,88.33,0.008994999999998754,3.6199997999999995,5.23,7932714.0,7103268.0,144.90909,155.0,132.0,,,1.66667,11.0,2.7297,,,,,
IRT,1466085.0,0.0,0.0,0.0,0.0,0.0,0.0,3.0,False,,2026-09-01,103.828,103.81501,0.012990000000002055,9.35,5.11,15738463.0,13546081.0,19.26923,22.0,17.0,,,1.69231,13.0,0.08,,,,,
ISRG,1035267.0,0.0,0.0,0.0,0.0,0.0,0.0,20.0,False,,2026-09-15,89.476997,89.494,-0.017003000000002544,2.31,3.58,8117017.0,7069998.0,476.34482,685.0,324.0,,,,29.0,12.09157,,,,,
IT,749251.0,0.0,1.371008226,-1.371008226,0.0,5.0,5.0,0.0,False,,2026-08-27,120.171,120.163,0.008000000000009777,18.65,6.99,8315554.0,7322246.0,185.15385,229.0,150.0,,,2.8,13.0,16.35869,,,,,
ITGR,1114483.0,0.0,5.169956087,-5.169956087,0.0,2.0,3.0,0.0,False,,2026-09-15,123.34799999999998,123.335,0.012999999999991019,8.9899994,3.52,2569857.0,2852061.0,121.8,127.0,101.0,,,,5.0,6.86873,,,,,
ITRI,780571.0,0.0,0.8953835199000002,-0.8953835199000002,0.0,8.0,17.0,6.0,False,,2026-09-03,125.213,125.204,0.009000000000000341,19.96,12.77,6112622.0,5971389.0,129.6,150.0,115.0,,,,10.0,6.91653,,,,,
ITT,216228.0,1.00159164,0.15017457,0.8514170700000001,1.0,1.0,2.0,0.0,False,,2026-08-31,101.03,101.029,0.0010000000000047748,8.48,10.79,6812879.0,6636410.0,258.3846,285.0,175.0,,,1.35714,13.0,9.60578,,,,,
ITW,49826.0,0.0,11.97453517,-11.97453517,0.0,2.0,5.0,0.0,False,,2026-08-19,86.816,86.816,0.0,3.09,8.21,8757539.0,8755439.0,302.5,350.0,249.0,,,3.1875,14.0,12.40077,,,,,
IVT,1307748.0,0.0,0.0,0.0,0.0,0.0,0.0,0.0,False,,,92.120004,92.119,0.0010039999999946758,8.3500005,9.06,5027662.0,4845538.0,37.28571,41.0,35.0,,,,7.0,-0.37402,,,,,
IVZ,914208.0,0.0,7.227582305000001,-7.227582305000001,0.0,4.0,5.0,0.0,False,,2026-09-11,98.344004,98.344004,0.0,4.2700000000000005,3.8,13080822.0,11091933.0,34.03846,39.0,29.0,,,2.42857,13.0,3.26124,,,,,
J,52988.0,0.0,2.4785826699999998,-2.4785826699999998,0.0,1.0,2.0,0.0,False,,2026-08-07,94.802004,94.803,-0.000996000000000663,3.1300000000000003,4.1,3201901.0,3959178.0,162.53333,181.0,144.0,,,1.9375,15.0,8.26698,,,,,
JAZZ,1232524.0,0.0,0.0,0.0,0.0,0.0,0.0,11.0,False,,2026-09-10,102.78801,102.786,0.002009999999998513,7.4200004,4.78,4676811.0,3614639.0,292.8095,337.0,225.0,,,1.52381,21.0,25.73857,,,,,
JBGS,1689796.0,0.0,0.0,0.0,0.0,0.0,0.0,0.0,False,,,101.292,101.275,0.016999999999995907,29.020000000000003,15.99,12482544.0,11898593.0,12.0,12.0,12.0,,,4.33333,2.0,-1.64,,,,,
JBHT,728535.0,0.0,0.0,0.0,0.0,0.0,0.0,0.0,False,,,78.834,78.82900000000001,0.0049999999999954525,3.2099999999999995,2.6,2036176.0,2811539.0,298.0,370.0,182.0,,,2.0,23.0,10.01838,,,,,
JBL,898293.0,0.14981495,0.03243,0.11738495000000002,1.0,1.0,2.0,9.0,False,,2026-07-17,99.157995,99.167997,-0.010002000000000066,3.2399999999999998,3.23,2856453.0,3090155.0,430.1111,475.0,365.0,,,1.4,9.0,16.88014,,,,,
JBLU,1158463.0,0.0,0.0,0.0,0.0,0.0,0.0,4.0,False,,2026-08-31,87.64999999999999,87.617,0.03299999999998704,29.49,4.55,95986917.0,96175450.0,5.17,8.0,3.5,,,3.64706,15.0,-0.70014,,,,,
JBSS,880117.0,0.0,0.0,0.0,0.0,0.0,0.0,0.0,False,,,96.761,96.742,0.018999999999991246,8.520000399999999,3.92,573909.0,450527.0,100.0,109.0,91.0,,,,2.0,4.76,,,,,
JBTM,1433660.0,0.0,0.0,0.0,0.0,0.0,0.0,0.0,False,,,109.25499,109.246,0.008990000000011378,9.11,7.43,4010572.0,4065427.0,167.0625,210.0,118.0,,,1.625,8.0,9.22862,,,,,
JCI,833444.0,0.0,4.072064660000001,-4.072064660000001,0.0,2.0,3.0,0.0,False,,2026-08-19,92.210996,92.209,0.001995999999991227,2.11,3.14,10009489.0,9952499.0,165.15,194.0,129.0,,,2.04545,20.0,6.0726,,,,,
JEF,96223.0,642.74990044,0.0,642.74990044,1.0,0.0,2.0,0.0,False,,2026-07-15,68.768996,68.766,0.002995999999996002,4.2299999999999995,3.97,6953385.0,5322679.0,59.5,76.0,46.0,,,2.33333,6.0,4.45349,,,,,
JJSF,785956.0,0.0,0.0,0.0,0.0,0.0,0.0,0.0,False,,,81.28,81.26400000000001,0.015999999999991132,16.360001,6.33,1122143.0,1060218.0,110.5,120.0,101.0,,,1.0,2.0,4.32,,,,,
JKHY,779152.0,0.0,0.0,0.0,0.0,0.0,0.0,0.0,False,,,102.62400000000001,102.63,-0.0059999999999860165,7.000000000000001,4.19,4273887.0,4308934.0,190.23529,209.0,170.0,,,1.78947,17.0,7.85333,,,,,
JLL,1037976.0,0.0,0.0,0.0,0.0,0.0,0.0,5.0,False,,2026-08-21,96.128,96.127,0.0010000000000047748,2.1399999999999997,3.14,975223.0,823625.0,427.0,500.0,332.0,,,1.83333,10.0,28.4731,,,,,
JNJ,200406.0,0.0,67.779422921,-67.779422921,0.0,5.0,10.0,0.0,False,,2026-09-02,76.725,76.726997,-0.001997000000002913,0.98,3.42,21188522.0,21591738.0,277.9091,320.0,190.0,,,1.91304,22.0,12.138,,,,,
JOE,745308.0,0.0,0.0,0.0,0.0,0.0,0.0,0.0,False,,,89.009005,88.994,0.015005000000002156,4.9399999999999995,6.0,1254264.0,1074073.0,,,,,,,,0.11,,,,,
JPM,19617.0,0.0,0.0,0.0,0.0,0.0,0.0,2.0,False,,2026-09-10,75.693,75.68800399999999,0.0049960000000055516,0.91,3.88,23990561.0,25289205.0,375.42856,436.0,305.0,,,2.08333,21.0,25.04953,,,,,
JXN,1822993.0,0.0,1.66025,-1.66025,0.0,2.0,2.0,0.0,False,,2026-08-12,97.468,97.475,-0.006999999999990791,6.45,7.56,4327112.0,3370735.0,148.5,170.0,135.0,,,2.25,4.0,30.81125,,,,,
KAI,886346.0,0.0,0.0,0.0,0.0,0.0,0.0,0.0,False,,,113.866,113.847,0.019000000000005457,13.33,6.02,999653.0,1056956.0,361.66666,380.0,335.0,,,,3.0,13.5125,,,,,
KALU,811596.0,0.0,0.0,0.0,0.0,0.0,0.0,0.0,False,,,102.97,102.94700000000002,0.022999999999981924,6.99,4.32,946598.0,862831.0,168.25,184.0,146.0,,,2.25,4.0,11.58591,,,,,
KBH,795266.0,0.0,17.87234017,-17.87234017,0.0,4.0,9.0,0.0,False,,2026-08-06,106.52600000000001,105.64,0.8860000000000099,23.380000000000003,8.42,8461380.0,7455994.0,55.58333,70.0,43.0,,,3.13333,12.0,3.72578,,,,,
KBR,1357615.0,0.0,0.0,0.0,0.0,0.0,0.0,0.0,False,,,107.01001000000001,107.025,-0.014989999999997394,8.75,8.2,9199078.0,8455587.0,44.28571,50.0,35.0,,,2.0,7.0,4.06487,,,,,
KD,1867072.0,0.0,0.0,0.0,0.0,0.0,0.0,0.0,False,,,89.751,89.751,0.0,14.42,8.81,30978307.0,29302172.0,14.2,16.0,13.0,,,,5.0,2.49103,,,,,
KDP,1418135.0,0.25024746,1.08885,-0.83860254,1.0,2.0,4.0,0.0,False,,2026-09-09,109.48400000000001,109.474,0.010000000000005116,6.47,8.75,78969937.0,67160072.0,36.20588,42.0,29.0,,,1.83333,17.0,2.53468,,,,,
KEX,56047.0,0.0,0.0,0.0,0.0,0.0,0.0,0.0,False,,,102.51999999999998,102.57099999999998,-0.05100000000000193,4.4299997,4.97,1834261.0,1492413.0,165.5,175.0,158.0,,,1.0,6.0,8.33674,,,,,
KEY,91576.0,0.0,0.5685,-0.5685,0.0,1.0,1.0,0.0,False,,2026-07-22,90.215,90.213996,0.0010040000000088867,0.01,0.01,68128.0,29831.0,25.82105,43.0,22.0,,,2.0,19.0,2.13525,,,,,
KEYS,1601046.0,0.0,2.361032,-2.361032,0.0,4.0,4.0,2.0,False,,2026-09-23,92.977995,92.964995,0.01300000000000523,1.59,1.68,2360669.0,2944319.0,415.08334,452.0,350.0,,,1.58333,12.0,13.87157,,,,,
KFY,56679.0,0.0,0.982476598,-0.982476598,0.0,4.0,4.0,0.0,False,,2026-09-23,96.506,96.485,0.021000000000000796,5.4,4.89,2168576.0,2215719.0,90.25,100.0,82.0,,,1.4,4.0,6.38295,,,,,
KGS,1767042.0,0.0,0.0,0.0,0.0,0.0,0.0,8.0,False,,2026-09-16,105.39099999999999,105.39,0.000999999999990564,9.75,4.48,7796361.0,8679178.0,83.13333,93.0,69.0,,,1.33333,15.0,3.2372,,,,,
KHC,1637459.0,0.0,0.0,0.0,0.0,0.0,0.0,0.0,False,,,66.70300399999999,66.68399600000001,0.01900799999998526,10.9799996,4.23,94258747.0,85915043.0,25.47222,41.0,19.0,,,3.05,18.0,2.08757,,,,,
KIM,879101.0,0.0,0.0,0.0,0.0,0.0,0.0,0.0,False,,,104.13799999999999,104.17,-0.03200000000001069,6.41,6.97,35349694.0,28896627.0,26.82143,31.0,23.0,,,2.3913,21.0,0.88,,,,,
KKR,1404912.0,0.0,1.0858,-1.0858,0.0,1.0,1.0,0.0,False,,2026-09-03,62.395999999999994,62.389,0.006999999999990791,1.97,3.74,13631623.0,12497112.0,128.67,166.0,115.0,,,1.59091,20.0,7.40917,,,,,
KLAC,319201.0,0.0,0.0,0.0,0.0,0.0,0.0,16.0,False,,2026-09-15,93.93299999999999,93.846,0.08699999999998909,2.02,2.55,23554039.0,25337831.0,233.76923,325.0,175.0,,,1.86207,26.0,6.70539,,,,,
KLIC,56978.0,0.0,0.0,0.0,0.0,0.0,0.0,0.0,False,,,94.545996,94.487,0.0589960000000076,5.29,3.22,2238146.0,2031178.0,106.66667,115.0,100.0,,,,3.0,5.90333,,,,,
KMB,55785.0,0.0,0.0,0.0,0.0,0.0,0.0,0.0,False,,,99.249,99.244004,0.004995999999991341,18.030001000000002,12.32,52516796.0,44499761.0,116.2,162.0,90.0,,,2.4375,15.0,7.48076,,,,,
KMI,1506307.0,0.0,0.0,0.0,0.0,0.0,0.0,4.0,False,,2026-09-16,70.848,70.822,0.02599999999999625,2.39,4.02,46516397.0,46039071.0,36.04545,43.0,31.0,,,2.12,22.0,1.54454,,,,,
KMPR,860748.0,0.36788,0.0,0.36788,5.0,0.0,5.0,0.0,True,2026-08-11,2026-08-13,98.56300399999999,98.556,0.007003999999994903,9.9700004,6.01,5237978.0,5232438.0,36.33333,43.0,24.0,,,2.66667,3.0,4.22955,,,,,
KMT,55242.0,0.35475,0.903835068,-0.549085068,2.0,2.0,4.0,0.0,True,2026-09-10,2026-09-10,109.133,109.104,0.028999999999996362,16.409999,5.12,7666139.0,5349551.0,32.42857,38.0,27.0,,,3.75,7.0,2.46821,,,,,
KMX,1170010.0,0.0,0.0,0.0,0.0,0.0,0.0,0.0,False,,,105.13301,105.145,-0.01198999999999728,7.870000000000001,5.95,9815859.0,12605601.0,57.15385,96.0,33.0,,,2.85,13.0,3.0904,,,,,
KN,1587523.0,0.0,0.22413784,-0.22413784,0.0,1.0,1.0,9.0,False,,2026-08-17,103.932,104.375,-0.44299999999999784,7.84,6.12,4611142.0,5313139.0,43.75,48.0,40.0,,,,4.0,1.6175,,,,,
KNF,1955520.0,0.0,0.0,0.0,0.0,0.0,0.0,0.0,False,,,103.335,103.318,0.016999999999995907,10.299999999999999,5.13,4506854.0,3607634.0,85.375,118.0,62.0,,,2.0,8.0,3.49667,,,,,
KNSL,1669162.0,0.0,0.0,0.0,0.0,0.0,0.0,0.0,False,,,96.77900000000001,96.764,0.01500000000001478,10.84,13.01,2333193.0,2279087.0,354.77777,405.0,259.0,,,3.16667,9.0,21.64671,,,,,
KNTK,1692787.0,0.0,84.8446867058,-84.8446867058,0.0,3.0,37.0,0.0,False,,2026-09-23,90.849,90.826,0.023000000000010346,9.54,5.81,6040463.0,6103737.0,57.3125,70.0,48.0,,,,16.0,2.1805,,,,,
KNX,1492691.0,0.0,16.183489690000002,-16.183489690000002,0.0,3.0,5.0,0.0,False,,2026-08-13,102.304,102.303,0.0010000000000047748,9.21,4.37,13060742.0,10082190.0,88.45,100.0,57.0,,,1.52381,20.0,4.03142,,,,,
KO,21344.0,0.0,33.648554572799995,-33.648554572799995,0.0,5.0,8.0,4.0,False,,2026-08-20,68.226,68.241,-0.015000000000000568,0.95,2.77,40584069.0,39226153.0,94.69565,104.0,75.0,,,1.75,23.0,3.52638,,,,,
KOP,1315257.0,0.0,4.8575724000000005,-4.8575724000000005,0.0,4.0,7.0,0.0,False,,2026-08-31,105.416,105.406,0.009999999999990905,5.38,4.73,769075.0,781631.0,57.0,62.0,54.0,,,1.5,3.0,4.89667,,,,,
KR,56873.0,0.0,6.189332426999999,-6.189332426999999,0.0,2.0,4.0,0.0,False,,2026-09-18,85.473996,84.699994,0.7740019999999959,5.04,4.44,29646792.0,27697814.0,67.90909,85.0,57.0,,,2.08333,22.0,5.50897,,,,,
KRC,1025996.0,0.0,0.0,0.0,0.0,0.0,0.0,0.0,False,,,123.64600999999999,123.639,0.0070099999999939655,12.5,9.56,10766289.0,8468427.0,40.14286,50.0,31.0,,,2.76471,14.0,0.34,,,,,
KRG,1286043.0,0.0,0.0,0.0,0.0,0.0,0.0,0.0,False,,,106.05999,106.029,0.030990000000002738,10.209999999999999,7.22,13928153.0,12640749.0,30.77778,34.0,27.0,,,2.54545,9.0,0.34,,,,,
KRMN,2040127.0,1.0364852999999998,0.0,1.0364852999999998,3.0,0.0,3.0,0.0,True,2026-09-16,2026-09-16,105.03,104.71999999999998,0.3100000000000165,11.3000005,5.01,14111884.0,12069932.0,89.7,135.0,63.0,,,1.27273,10.0,0.95752,,,,,
KRYS,1711279.0,0.0,8.2279525582,-8.2279525582,0.0,1.0,8.0,26.0,False,,2026-09-04,102.52600000000001,102.528,-0.001999999999995339,17.5,13.65,3163642.0,3204909.0,392.1111,474.0,284.0,,,1.25,9.0,9.31949,,,,,
KSS,885639.0,0.0,0.0,0.0,0.0,0.0,0.0,3.0,False,,2026-08-03,107.57600000000001,107.551,0.025000000000005684,34.75,7.01,33349657.0,29840650.0,18.73077,41.5,9.0,,,3.28571,13.0,1.56588,,,,,
KTB,1760965.0,0.0,31.395756819057002,-31.395756819057002,0.0,2.0,5.0,0.0,False,,2026-08-13,106.72200000000001,106.699,0.023000000000010346,15.25,9.02,6144365.0,5535722.0,97.5,136.0,50.0,,,1.9,10.0,6.57988,,,,,
KTOS,1069258.0,0.0,0.634961,-0.634961,0.0,1.0,1.0,39.0,False,,2026-09-21,85.37700000000001,85.37700000000001,0.0,6.16,3.12,10060571.0,8326323.0,102.7619,150.0,60.0,,,1.38095,21.0,1.10121,,,,,
KVUE,1944048.0,0.0,0.0,0.0,0.0,0.0,0.0,0.0,False,,,95.922995,95.919,0.0039950000000033015,3.4799999999999995,2.12,57631922.0,52780110.0,19.5,23.0,18.0,,,2.78571,12.0,1.23981,,,,,
KWR,81362.0,0.0,0.100986,-0.100986,0.0,1.0,1.0,0.0,False,,2026-08-04,92.837,92.822,0.015000000000000568,15.8,11.99,1799318.0,1780687.0,192.57143,200.0,180.0,,,,7.0,9.50696,,,,,
L,60086.0,0.0,0.0,0.0,0.0,0.0,0.0,0.0,False,,,61.773999999999994,61.86000000000001,-0.08600000000001273,2.87,6.42,4750834.0,4126971.0,,,,,,,,2.9,,,,,
LAD,1023128.0,0.0,0.1195152,-0.1195152,0.0,1.0,1.0,1.0,False,,2026-09-11,116.534,116.569,-0.03499999999999659,13.36,9.72,1879597.0,2032476.0,447.73334,525.0,340.0,,,1.8,15.0,42.65327,,,,,
LAMR,1090425.0,0.0,1.2070004492,-1.2070004492,0.0,1.0,1.0,0.0,False,,2026-09-14,100.08500000000001,100.085,1.4210854715202004e-14,7.64,6.9,3132364.0,3208218.0,162.2,170.0,151.0,,,,5.0,6.48,,,,,
LAUR,912766.0,0.0,19.1026583723,-19.1026583723,0.0,1.0,3.0,0.0,False,,2026-09-02,100.424,100.399,0.025000000000005684,4.14,4.72,4228540.0,3300960.0,41.21429,45.0,34.5,,,2.14286,7.0,2.43017,,,,,
LAZ,1311370.0,0.0,0.0,0.0,0.0,0.0,0.0,1.0,False,,2026-08-25,105.501,105.499,0.0020000000000095497,11.64,8.34,9934545.0,9250620.0,47.375,60.0,42.0,,,,8.0,3.84809,,,,,
LBRT,1694028.0,0.25000850943,0.0,0.25000850943,1.0,0.0,1.0,4.0,False,,2026-09-01,113.40001,113.369,0.031009999999994875,14.729999,5.1,17198174.0,15933927.0,29.42308,36.0,23.0,,,2.0,13.0,0.36004,,,,,
LCII,763744.0,0.0,0.0,0.0,0.0,0.0,0.0,0.0,False,,,111.46901,111.45201,0.016999999999995907,12.25,7.44,2081164.0,2322617.0,127.7,175.0,114.0,,,,10.0,9.45273,,,,,
LDOS,1336920.0,0.0,1.5474653,-1.5474653,0.0,2.0,3.0,0.0,False,,2026-09-01,84.73000499999999,84.738,-0.00799500000000819,4.78,4.62,5236432.0,4197413.0,157.26666,225.0,132.0,,,2.35294,15.0,12.7503,,,,,
LEA,842162.0,0.0,0.1997421,-0.1997421,0.0,1.0,1.0,0.0,False,,2026-08-06,110.813,110.812,0.0010000000000047748,6.0500003,3.76,2108033.0,2119296.0,150.85715,179.0,130.0,,,2.4375,14.0,16.98721,,,,,
LECO,59527.0,0.0,0.0,0.0,0.0,0.0,0.0,0.0,False,,,83.043,83.04,0.0030000000000001137,2.26,2.34,1085021.0,1217905.0,304.9091,340.0,238.0,,,2.0,11.0,12.5256,,,,,
LEG,,0.0,0.0,0.0,0.0,0.0,0.0,0.0,False,,,100.489,100.489,0.0,19.16,12.2,22061888.0,22017492.0,10.0,10.0,10.0,,,3.0,1.0,1.02333,,,,,
LEN,920760.0,136.38278945,0.0,136.38278945,1.0,0.0,9.0,0.0,False,,2026-09-25,97.99600000000001,98.0,-0.003999999999990678,0.22,0.14,401195.0,513503.0,80.07692,120.0,63.0,,,3.42105,13.0,5.27069,,,,,
LEU,1065059.0,0.0,0.0,0.0,0.0,0.0,0.0,0.0,False,,,88.698,88.701,-0.0030000000000001137,27.66,8.04,5419582.0,5568234.0,247.39824,340.0,168.77,,,1.84211,17.0,3.82257,,,,,
LFST,1845257.0,0.0,377.78762851,-377.78762851,0.0,4.0,6.0,2.0,False,,2026-09-11,95.679003,95.663,0.01600299999999777,8.8999994,3.81,16260201.0,11424044.0,14.2,18.0,12.0,,,1.54545,10.0,0.53075,,,,,
LFUS,889331.0,0.0,0.0,0.0,0.0,0.0,0.0,0.0,False,,,103.55101,103.553,-0.0019899999999921647,5.54,6.02,1237900.0,1286553.0,488.75,520.0,415.0,,,,4.0,20.0925,,,,,
LGIH,1580670.0,0.0,0.0,0.0,0.0,0.0,0.0,0.0,False,,,94.947,94.915,0.031999999999996476,21.43,11.8,3135226.0,3033035.0,93.0,93.0,93.0,,,,1.0,3.42,,,,,
LGND,886163.0,0.0,2.4320620764,-2.4320620764,0.0,2.0,2.0,24.0,False,,2026-09-10,116.03000000000002,116.00801,0.021990000000016607,15.83,14.08,2632434.0,2448076.0,344.25,397.0,247.0,,,1.27273,12.0,11.93494,,,,,
LH,920148.0,0.0,0.7225350118000001,-0.7225350118000001,0.0,2.0,3.0,4.0,False,,2026-08-17,101.887,101.92701,-0.040009999999995216,3.0299999,3.5,2448617.0,1938163.0,344.8125,385.0,293.0,,,1.72222,16.0,19.84413,,,,,
LHX,202058.0,0.0,0.0,0.0,0.0,0.0,0.0,0.0,False,,,89.25999999999999,89.255995,0.004004999999992265,2.75,2.64,4482179.0,3496078.0,338.5,405.0,269.0,,,1.78947,14.0,13.53933,,,,,
LIF,1581760.0,0.0,13.18964791,-13.18964791,0.0,2.0,4.0,16.0,False,,2026-09-21,56.38999999999999,56.389,0.000999999999990564,11.87,12.58,8310724.0,9017381.0,60.7,72.0,40.0,,,1.5,9.0,1.78479,,,,,
LII,1069202.0,0.0,0.0,0.0,0.0,0.0,0.0,0.0,False,,,79.323995,79.160005,0.1639899999999983,7.920000000000001,4.55,2164972.0,1739002.0,487.7857,600.0,375.0,,,2.5,14.0,26.13772,,,,,
LIN,1707925.0,0.0479115,0.0,0.0479115,1.0,0.0,1.0,0.0,False,,2026-08-18,88.671994,88.67699999999999,-0.005005999999994515,1.27,3.05,5869016.0,4915056.0,542.6,580.0,400.0,,,1.67857,25.0,19.55868,,,,,
LITE,1633978.0,0.0,0.0,0.0,0.0,0.0,0.0,66.0,False,,2026-09-25,94.295,94.247,0.04800000000000182,7.920000000000001,1.58,6513349.0,7270171.0,1149.3787,1400.0,820.0,,,1.5,26.0,34.52037,,,,,
LIVN,1639691.0,0.0,0.7997828025,-0.7997828025,0.0,3.0,4.0,0.0,False,,2026-09-10,113.07300000000001,113.059,0.014000000000010004,11.1999996,9.52,5375448.0,4721380.0,89.1,100.0,75.0,,,1.6,10.0,4.67667,,,,,
LKFN,721994.0,0.0,0.047305,-0.047305,0.0,2.0,2.0,0.0,False,,2026-08-05,88.201,88.157,0.04399999999999693,11.92,16.86,2409222.0,2277076.0,66.5,67.0,66.0,,,3.0,4.0,4.508,,,,,
LKQ,1065696.0,0.0,0.0,0.0,0.0,0.0,0.0,0.0,False,,,110.49298999999999,110.547,-0.05401000000000522,7.66,4.53,14744404.0,14859738.0,32.5,42.5,25.0,,,,8.0,3.09231,,,,,
LLY,59478.0,0.0,0.0,0.0,0.0,0.0,0.0,3.0,False,,2026-08-17,85.32,85.319,0.000999999999990564,0.84,3.09,7519918.0,6564742.0,1325.3855,1600.0,930.0,,,1.63333,29.0,47.34434,,,,,
LMAT,1158895.0,0.0,0.0,0.0,0.0,0.0,0.0,0.0,False,,,103.82199000000001,103.805,0.016990000000006944,9.3100004,5.68,1693134.0,1609925.0,107.0,132.0,81.0,,,,7.0,3.17875,,,,,
LMT,936468.0,0.0,0.11762254,-0.11762254,0.0,2.0,9.0,0.0,False,,2026-08-13,76.662004,76.658,0.0040039999999947895,1.25,2.26,2411801.0,2393754.0,637.8421,756.0,503.0,,,2.42857,19.0,32.75413,,,,,
LNC,59558.0,0.0,0.895753575,-0.895753575,0.0,2.0,2.0,0.0,False,,2026-08-17,86.964,86.96300000000001,0.000999999999990564,0.01,0.01,19240.0,128110.0,47.91667,60.0,35.0,,,2.53846,12.0,8.69674,,,,,
LNN,836157.0,0.0,0.0,0.0,0.0,0.0,0.0,0.0,False,,,110.14299000000001,110.14299,1.4210854715202004e-14,11.1099996,4.74,766922.0,802586.0,123.0,125.0,121.0,,,2.5,2.0,5.88,,,,,
LNT,352541.0,0.0,6.654200000000001e-06,-6.654200000000001e-06,0.0,1.0,1.0,0.0,False,,2026-08-10,99.117,99.120003,-0.0030029999999925394,11.25,13.1,25496901.0,23587243.0,78.04167,83.0,73.0,,,1.92308,12.0,3.68569,,,,,
LNTH,1521036.0,0.0,0.0,0.0,0.0,0.0,0.0,0.0,False,,,117.018,117.002,0.016000000000005343,7.23,3.35,4036832.0,5124620.0,107.7375,115.0,102.5,,,,8.0,6.37732,,,,,
LOPE,1434588.0,0.0,0.0,0.0,0.0,0.0,0.0,0.0,False,,,105.17501,105.20099,-0.02598000000000411,8.559999999999999,7.02,2183406.0,1698281.0,195.0,200.0,185.0,,,1.33333,3.0,11.31,,,,,
LOW,60667.0,0.0,0.0,0.0,0.0,0.0,0.0,0.0,False,,,81.349,81.348,0.0010000000000047748,1.8599999999999999,2.9,9399130.0,9172213.0,251.09091,290.0,191.0,,,1.85714,33.0,13.02812,,,,,
LPG,1596993.0,0.0,8.544653187,-8.544653187,0.0,6.0,10.0,0.0,False,,2026-09-21,74.7,74.669,0.03100000000000591,6.72,3.79,2120875.0,1997231.0,54.6,60.0,46.0,,,,5.0,4.68,,,,,
LPX,60519.0,0.0,0.0,0.0,0.0,0.0,0.0,0.0,False,,,98.046994,98.046,0.0009939999999915017,11.83,7.75,8214663.0,6963916.0,92.07143,107.0,74.0,,,1.57143,14.0,3.03887,,,,,
LQDA,1819576.0,0.0,39.261182301199995,-39.261182301199995,0.0,3.0,17.0,25.0,False,,2026-09-14,81.83,81.819,0.01099999999999568,17.16,10.81,12377976.0,11856100.0,107.75,130.0,90.0,,,,8.0,5.65,,,,,
LQDT,1235468.0,0.0,0.0,0.0,0.0,0.0,0.0,6.0,False,,2026-09-01,80.70800299999999,80.694,0.01400299999998822,4.9799999999999995,5.04,1016722.0,1006111.0,51.0,52.0,50.0,,,,2.0,1.84,,,,,
LRCX,707549.0,0.0,3.00797018,-3.00797018,0.0,1.0,1.0,8.0,False,,2026-09-09,88.833,88.834,-0.0010000000000047748,2.33,3.27,26081081.0,28419138.0,373.7742,500.0,290.0,,,1.45714,31.0,11.73954,,,,,
LRN,1157408.0,0.0,0.0,0.0,0.0,0.0,0.0,0.0,False,,,115.95500999999999,115.957,-0.0019900000000063756,27.66,13.09,8017474.0,7527043.0,109.0,125.0,93.0,,,2.66667,2.0,9.27667,,,,,
LSCC,855658.0,0.0,0.0,0.0,0.0,0.0,0.0,10.0,False,,2026-09-15,103.072,103.073,-0.000999999999990564,8.140001,4.57,6072643.0,5186302.0,164.53847,180.0,125.0,,,,13.0,3.21285,,,,,
LSTR,853816.0,0.0,0.0,0.0,0.0,0.0,0.0,0.0,False,,,103.92999999999999,103.928,0.001999999999995339,6.23,4.72,1647871.0,1339224.0,193.875,240.0,145.0,,,2.77778,16.0,7.64549,,,,,
LTC,887905.0,0.1532,0.1235625,0.0296375,1.0,1.0,3.0,0.0,False,,2026-08-12,83.828,83.825,0.0030000000000001137,6.2,5.15,2787783.0,2328976.0,45.0,55.0,40.0,,,2.5,7.0,1.575,,,,,
LTH,1869198.0,0.0,1094.9604104338,-1094.9604104338,0.0,8.0,18.0,0.0,False,,2026-09-11,93.33399999999999,93.325996,0.008003999999985467,6.529999999999999,4.59,11194054.0,9553048.0,56.07143,64.0,50.0,,,1.14286,14.0,2.04147,,,,,
LULU,1397187.0,0.0,0.0,0.0,0.0,0.0,0.0,0.0,False,,,80.73599999999999,80.76,-0.02400000000001512,13.069999,1.92,13779085.0,10803949.0,104.91111,255.0,44.0,,,3.2,27.0,8.64621,,,,,
LUMN,18926.0,0.61268,0.0,0.61268,1.0,0.0,1.0,0.0,False,,2026-08-06,71.869004,71.848,0.021004000000004908,7.99,5.91,69619812.0,63186283.0,7.64,9.0,5.9,,,3.09091,10.0,-0.2964,,,,,
LUV,92380.0,0.0,0.0,0.0,0.0,0.0,0.0,0.0,False,,,93.821996,93.819,0.002995999999996002,5.9699997,4.76,22075369.0,25062844.0,50.22174,65.0,35.0,,,2.44,23.0,4.71015,,,,,
LVS,1300514.0,0.0,0.0,0.0,0.0,0.0,0.0,0.0,False,,,42.653999999999996,42.655,-0.0010000000000047748,14.42,3.69,18335041.0,16402996.0,59.06842,71.5,47.0,,,1.80952,19.0,3.5108,,,,,
LW,1679273.0,0.0,0.0,0.0,0.0,0.0,0.0,0.0,False,,,97.817004,97.819,-0.001996000000005438,5.53,5.06,6659809.0,5874062.0,55.25,65.0,52.0,,,,12.0,3.37374,,,,,
LXP,910108.0,0.0,0.0,0.0,0.0,0.0,0.0,0.0,False,,,98.236,98.208,0.028000000000005798,0.01,0.0,2960.0,2044.0,60.0,65.0,56.0,,,,5.0,-0.02,,,,,
LYB,1489393.0,0.0,0.0,0.0,0.0,0.0,0.0,0.0,False,,,76.131,76.132005,-0.001005000000006362,5.17,3.81,13350742.0,12625759.0,68.47059,88.0,56.0,,,2.73684,17.0,6.30648,,,,,
LYFT,1759509.0,0.0,0.0,0.0,0.0,0.0,0.0,9.0,False,,2026-09-24,111.79299,111.788,0.004990000000006489,20.21,7.49,75819648.0,63703243.0,19.43784,30.0,14.0,,,2.53333,37.0,2.15716,,,,,
LYV,1335258.0,0.0,0.5336,-0.5336,0.0,1.0,1.0,0.0,False,,2026-08-24,85.54899999999999,85.557,-0.008000000000009777,14.7,13.05,23126081.0,24522553.0,201.95833,222.0,145.0,,,1.64,24.0,1.8881,,,,,
LZ,1286139.0,0.0,2.9483096799999995,-2.9483096799999995,0.0,1.0,2.0,2.0,False,,2026-08-21,97.433,97.424006,0.008994000000001279,10.01,4.6,11612092.0,12377296.0,7.6,9.0,6.0,,,,5.0,0.80569,,,,,
LZB,57131.0,0.0,0.7993437023,-0.7993437023,0.0,3.0,3.0,1.0,False,,2026-09-10,104.126,104.125,0.0010000000000047748,5.87,2.23,1956312.0,1526466.0,41.0,42.0,40.0,,,,2.0,2.81333,,,,,
M,794367.0,0.0,0.0,0.0,0.0,0.0,0.0,0.0,False,,,98.466,98.576,-0.10999999999999943,15.229999999999999,5.4,35649331.0,30347720.0,23.36364,30.0,10.0,,,2.84615,11.0,2.39114,,,,,
MA,1141391.0,0.0,0.0,0.0,0.0,0.0,0.0,47.0,False,,2026-09-02,91.173,91.177005,-0.004004999999992265,0.83,2.73,7201181.0,7188654.0,666.7138,740.0,550.0,,,1.425,37.0,23.02481,,,,,
MAA,912595.0,0.0,0.0,0.0,0.0,0.0,0.0,0.0,False,,,100.09999,100.084,0.01599000000000217,3.9,5.15,4500298.0,4282491.0,141.44,160.0,121.0,,,2.53846,25.0,3.27957,,,,,
MAC,912242.0,0.0,0.063787474,-0.063787474,0.0,1.0,1.0,0.0,False,,2026-09-09,113.697,113.75,-0.05299999999999727,16.04,11.48,32526380.0,27707954.0,27.06667,30.0,21.0,,,1.73333,15.0,0.06333,,,,,
MAN,871763.0,0.0,0.0,0.0,0.0,0.0,0.0,0.0,False,,,121.72899,121.675,0.05398999999999887,13.36,5.44,4531746.0,4855707.0,57.33333,72.0,47.0,,,2.41667,9.0,4.85192,,,,,
MANH,1056696.0,0.0,1.8979314035000001,-1.8979314035000001,0.0,3.0,3.0,0.0,False,,2026-08-11,112.954,112.95301,0.0009899999999873899,6.5600000000000005,4.08,2951267.0,2181298.0,220.7,260.0,180.0,,,1.54545,10.0,6.14593,,,,,
MAR,1048286.0,0.0,0.0,0.0,0.0,0.0,0.0,0.0,False,,,63.592000000000006,63.589,0.003000000000007219,3.0299999,4.68,7016609.0,5545189.0,380.8,425.0,280.0,,,2.21429,25.0,13.15687,,,,,
MARA,1507605.0,0.0,0.0,0.0,0.0,0.0,0.0,9.0,False,,2026-09-18,75.786,75.78500500000001,0.000994999999988977,30.98,2.04,104599144.0,110304172.0,18.68615,30.0,11.0,,,2.13333,13.0,-0.21,,,,,
MAS,62996.0,0.0,0.0,0.0,0.0,0.0,0.0,0.0,False,,,106.693,106.688,0.0049999999999954525,5.2699998,4.74,8941527.0,7371328.0,80.33333,96.0,68.0,,,2.42857,18.0,4.65558,,,,,
MAT,63276.0,0.0,0.5869094109999999,-0.5869094109999999,0.0,1.0,1.0,0.0,False,,2026-08-31,109.03801,109.043,-0.004990000000006489,14.330000000000002,7.76,26493895.0,25885588.0,18.15385,28.0,11.0,,,1.9375,13.0,1.58838,,,,,
MATW,63296.0,0.318112,0.0,0.318112,3.0,0.0,7.0,0.0,True,2026-08-10,2026-09-11,97.842,97.842,0.0,26.35,7.42,5824682.0,3506151.0,31.33333,40.0,24.0,,,2.0,3.0,0.78333,,,,,
MATX,3453.0,0.0,3.1213599450000005,-3.1213599450000005,0.0,8.0,10.0,10.0,False,,2026-08-28,89.766,89.73400000000001,0.031999999999996476,6.9299996,5.58,1400464.0,1067476.0,261.66666,270.0,255.0,,,,3.0,16.69964,,,,,
MBC,1941365.0,0.0,0.515965,-0.515965,0.0,2.0,3.0,0.0,False,,2026-08-25,110.31599999999999,110.315,0.000999999999990564,9.6499994,9.15,17541938.0,16192532.0,10.3,10.9,10.0,,,3.0,3.0,0.24,,,,,
MBGL,2090312.0,0.980566,0.0,0.980566,1.0,0.0,3.0,0.0,False,,2026-08-13,29.262,28.813,0.4490000000000016,,1.51,5944933.0,5838095.0,24.6,32.0,22.0,,,2.2,10.0,1.6212,,,,,
MBIN,1629019.0,0.0,0.9936,-0.9936,0.0,2.0,2.0,0.0,False,,2026-07-30,99.173,99.171996,0.0010040000000088867,10.07,15.0,2550093.0,1684617.0,64.5,65.0,64.0,,,,2.0,6.00333,,,,,
MC,1596967.0,0.0,0.46600685999999997,-0.46600685999999997,0.0,2.0,2.0,0.0,False,,2026-08-27,110.85000000000001,110.799,0.05100000000000193,8.1999995,7.5,5358237.0,4906057.0,72.0,86.0,60.0,,,,10.0,3.92162,,,,,
MCD,63908.0,0.0,0.0,0.0,0.0,0.0,0.0,0.0,False,,,76.35500400000001,76.341003,0.01400100000000748,1.9199998999999999,2.82,12196481.0,11058134.0,300.27585,390.0,250.0,,,2.05882,29.0,13.86986,,,,,
MCHP,827054.0,0.0,0.06717762000000001,-0.06717762000000001,0.0,1.0,1.0,1.0,False,,2026-08-25,102.596,102.586,0.010000000000005116,8.0299996,4.07,32591878.0,32983820.0,107.84,135.0,80.0,,,1.53846,25.0,4.58355,,,,,
MCK,927653.0,0.0,0.268589825,-0.268589825,0.0,1.0,1.0,2.0,False,,2026-09-08,93.488,93.491995,-0.0039950000000033015,2.4899999999999998,3.2,2903573.0,2419484.0,979.3571,1065.0,845.0,,,1.64706,14.0,50.4692,,,,,
MCO,1059556.0,0.0,0.0,0.0,0.0,0.0,0.0,7.0,False,,2026-09-01,78.915,78.913003,0.001997000000002913,1.91,4.19,2830137.0,2563886.0,561.9048,610.0,505.0,,,1.70833,21.0,18.92415,,,,,
MCRI,907242.0,0.0,0.62,-0.62,0.0,1.0,1.0,0.0,False,,2026-09-17,66.956,66.95400500000001,0.0019949999999937518,4.8899997,3.74,576182.0,541840.0,127.0,144.0,114.0,,,,6.0,6.895,,,,,
MCY,64996.0,0.0,0.0,0.0,0.0,0.0,0.0,0.0,False,,,48.068002,48.049,0.019002000000000407,3.52,4.49,1255710.0,1342516.0,120.0,120.0,120.0,,,,1.0,12.25,,,,,
MD,893949.0,0.0,0.0,0.0,0.0,0.0,0.0,0.0,False,,,107.799,107.772,0.027000000000001023,8.3000004,6.52,4730174.0,4942920.0,26.33333,28.0,21.0,,,2.71429,6.0,2.44132,,,,,
MDLZ,1103982.0,0.0,0.0,0.0,0.0,0.0,0.0,1.0,False,,2026-08-19,89.434,89.426005,0.00799499999999398,2.4400001000000002,3.87,27856688.0,27282967.0,69.13043,77.0,55.0,,,1.95833,23.0,3.36018,,,,,
MDT,1613103.0,0.0,0.13888295,-0.13888295,0.0,1.0,1.0,1.0,False,,2026-09-16,88.678,88.66200400000001,0.01599599999998702,1.35,2.17,17229743.0,14350429.0,104.83333,121.0,85.0,,,1.75,24.0,6.40626,,,,,
MDU,67716.0,0.0,0.0,0.0,0.0,0.0,0.0,0.0,False,,,94.306,94.294,0.012000000000000455,10.609999,10.85,17086955.0,14332889.0,23.625,27.0,21.0,,,1.77778,8.0,1.06079,,,,,
MEDP,1668397.0,0.0,176.562589065,-176.562589065,0.0,7.0,27.0,0.0,False,,2026-09-24,91.23599999999999,91.253,-0.017000000000010118,7.53,8.45,1685597.0,1578593.0,581.8333,692.0,370.0,,,2.92308,12.0,19.31014,,,,,
MELI,1099590.0,0.0,0.0,0.0,0.0,0.0,0.0,0.0,False,,,80.25999999999999,80.264,-0.0040000000000048885,1.63,1.97,825938.0,885727.0,2272.28,2800.0,1750.0,,,1.56,25.0,55.90042,,,,,
MET,1099219.0,0.0,0.0,0.0,0.0,0.0,0.0,0.0,False,,,78.347,78.36699499999999,-0.019994999999994434,1.94,4.3,12285410.0,11308929.0,105.75,119.0,84.0,,,1.88889,16.0,10.93225,,,,,
META,1326801.0,0.0,1.71821804,-1.71821804,0.0,2.0,5.0,81.0,False,,2026-09-21,79.01899999999999,79.014,0.0049999999999954525,1.4099999,1.68,30990107.0,28048106.0,790.2688,1000.0,580.0,,,1.35484,57.0,34.96656,,,,,
MFP,2088281.0,0.491045,0.0,0.491045,1.0,0.0,1.0,0.0,False,,2026-08-17,44.786,44.735,0.05100000000000193,,3.27,1598793.0,2056111.0,46.66667,50.0,40.0,,,,3.0,2.5825,,,,,
MGEE,1161728.0,0.042500179560000004,0.0,0.042500179560000004,1.0,0.0,2.0,0.0,False,,2026-09-09,71.196,71.16799999999999,0.028000000000005798,6.36,12.62,1746686.0,1602826.0,76.8,81.0,71.0,,,2.8,5.0,4.195,,,,,
MGM,789570.0,0.0,0.0,0.0,0.0,0.0,0.0,0.0,False,,,68.05499999999999,68.065,-0.010000000000005116,15.989999999999998,9.75,19166378.0,17413573.0,49.33158,57.0,40.0,,,2.3913,19.0,2.06605,,,,,
MGY,1698990.0,0.32457112,0.0,0.32457112,2.0,0.0,3.0,0.0,True,2026-08-07,2026-09-01,89.672995,89.637,0.03599499999999978,11.44,7.24,25116033.0,21421063.0,33.17647,38.0,26.0,,,1.63158,17.0,3.2703,,,,,
MHK,851968.0,0.0,22.433205110000006,-22.433205110000006,0.0,4.0,39.0,0.0,False,,2026-09-18,83.185,83.17999999999999,0.005000000000009663,12.550001,5.25,4842657.0,3561373.0,135.57143,155.0,115.0,,,2.46667,14.0,10.04636,,,,,
MHO,799292.0,0.0,7.4840496576,-7.4840496576,0.0,1.0,7.0,0.0,False,,2026-08-05,101.67299999999999,101.635,0.03799999999998249,7.3999999999999995,7.64,1514015.0,1365325.0,170.66667,175.0,165.0,,,,3.0,14.08,,,,,
MIDD,769520.0,0.0,0.0,0.0,0.0,0.0,0.0,0.0,False,,,106.96399000000001,106.963,0.0009900000000158116,5.57,3.43,1945372.0,1603874.0,155.88889,169.0,145.0,,,1.54545,9.0,7.80645,,,,,
MIR,1809987.0,0.312,0.0,0.312,1.0,0.0,1.0,0.0,False,,2026-09-02,115.643,115.472,0.17100000000000648,23.54,11.4,39703629.0,32513654.0,24.27273,29.0,20.0,,,1.36364,11.0,0.67451,,,,,
MKC,63754.0,0.055227370000000005,10.8292011598,-10.773973789800001,1.0,1.0,2.0,0.0,False,,2026-08-10,96.63200400000001,96.633005,-0.0010009999999880392,,0.0,481.0,1252.0,60.07692,75.0,52.0,,,2.26667,13.0,3.29584,,,,,
MKSI,1049502.0,0.0,0.0,0.0,0.0,0.0,0.0,3.0,False,,2026-09-01,106.96900000000001,106.977,-0.007999999999995566,10.209999999999999,4.62,6074579.0,5486566.0,410.85715,600.0,270.0,,,1.64286,14.0,17.64974,,,,,
MKTX,1278021.0,0.0,1.0059648,-1.0059648,0.0,1.0,1.0,3.0,False,,2026-09-10,114.08100000000002,114.088,-0.0069999999999765805,8.649999999999999,2.38,2347202.0,1333912.0,158.0,167.0,124.0,,,,9.0,8.75012,,,,,
MLI,89439.0,0.0,29.396798021,-29.396798021,0.0,3.0,6.0,1.0,False,,2026-08-27,94.462997,94.505996,-0.04299899999999468,2.48,4.1,5355366.0,4509155.0,80.0,80.0,80.0,,,1.0,2.0,4.38,,,,,
MLKN,66382.0,0.0,0.0,0.0,0.0,0.0,0.0,0.0,False,,,99.309,99.29,0.018999999999991246,7.89,7.14,3882786.0,3868008.0,33.0,33.0,33.0,,,2.0,1.0,2.2725,,,,,
MLM,916076.0,0.0,0.0,0.0,0.0,0.0,0.0,0.0,False,,,86.105,86.120003,-0.015002999999992994,4.5700002,4.01,2906618.0,2262403.0,652.7083,800.0,496.0,,,1.83333,24.0,21.34734,,,,,
MMI,1578732.0,0.0,0.0,0.0,0.0,0.0,0.0,0.0,False,,,98.455,98.426,0.028999999999996362,7.369999600000001,9.49,1071575.0,1024052.0,28.0,28.0,28.0,,,,1.0,0.93,,,,,
MMM,66740.0,0.0,4.311551111199999,-4.311551111199999,0.0,5.0,5.0,0.0,False,,2026-08-05,76.698,76.693,0.0049999999999954525,1.94,3.57,9984335.0,9620113.0,187.70557,219.0,120.0,,,2.21053,18.0,9.79871,,,,,
MMS,1032220.0,0.0,0.0,0.0,0.0,0.0,0.0,0.0,False,,,110.54901,110.508,0.04100999999999999,11.2799995,6.58,3304066.0,3079870.0,92.5,110.0,75.0,,,,2.0,8.36,,,,,
MMSI,856982.0,0.0,2.501525,-2.501525,0.0,1.0,2.0,0.0,False,,2026-08-24,108.26199999999999,108.239,0.022999999999981924,8.9099996,6.16,3934838.0,3454493.0,101.45455,123.0,83.0,,,1.81818,11.0,4.6115,,,,,
MNST,865752.0,0.0,0.0,0.0,0.0,0.0,0.0,0.0,False,,,69.587,69.583,0.0040000000000048885,3.0199999,4.35,42323759.0,38435879.0,50.23913,57.0,35.0,,,2.04,23.0,1.30916,,,,,
MO,764180.0,0.10143,0.0,0.10143,1.0,0.0,1.0,0.0,False,,2026-09-09,65.169996,65.167,0.002995999999996002,2.34,4.52,39038757.0,40563757.0,70.0,82.0,58.0,,,2.64286,11.0,5.86403,,,,,
MOG-A,67887.0,0.0,0.0,0.0,0.0,0.0,0.0,0.0,False,,,104.94200000000001,104.85,0.09200000000001296,3.35,1.5,692195.0,708499.0,446.4,520.0,405.0,,,2.0,5.0,12.00362,,,,,
MOH,1179929.0,0.0,0.0,0.0,0.0,0.0,0.0,0.0,False,,,111.799,111.80301,-0.004009999999993852,7.1499999999999995,5.44,3208457.0,2781600.0,209.11765,266.0,147.0,,,2.68421,17.0,9.74502,,,,,
MORN,1289419.0,0.0,0.199,-0.199,0.0,1.0,1.0,65.0,False,,2026-08-24,66.60000000000001,66.60000000000001,0.0,6.39,4.99,1434731.0,1535373.0,236.66667,260.0,220.0,,,,3.0,13.93798,,,,,
MOS,1285785.0,0.0,0.50876,-0.50876,0.0,1.0,1.0,0.0,False,,2026-08-19,98.367995,98.367995,0.0,12.9,3.65,30890497.0,29005945.0,26.77222,35.0,17.0,,,2.45,18.0,1.56447,,,,,
MP,1801368.0,0.0,0.0,0.0,0.0,0.0,0.0,0.0,False,,,77.557,77.614,-0.05700000000000216,20.5,6.43,33572608.0,29204644.0,74.29412,100.0,57.0,,,1.36842,17.0,0.87391,,,,,
MPC,1510295.0,0.0,3.667256177,-3.667256177,0.0,3.0,5.0,2.0,False,,2026-08-31,79.495,79.488,0.007000000000005002,3.19,3.14,7715203.0,6521760.0,375.5,472.0,236.0,,,2.31579,18.0,47.13423,,,,,
MPT,1287865.0,0.009545,0.0,0.009545,1.0,0.0,1.0,0.0,False,,2026-08-20,63.087004,63.086,0.0010040000000017812,32.560003,17.43,145296024.0,144500823.0,5.125,7.0,4.25,,,2.875,6.0,0.05,,,,,
MPWR,1280452.0,0.0,0.32623573,-0.32623573,0.0,2.0,5.0,20.0,False,,2026-08-24,100.74600000000001,100.728,0.018000000000014893,5.2199997,3.1,1906839.0,1839078.0,1839.8,2100.0,1575.0,,,,15.0,34.8707,,,,,
MRCY,1049521.0,0.0,41.67476112219999,-41.67476112219999,0.0,5.0,29.0,2.0,False,,2026-09-21,112.919,112.367,0.5519999999999925,9.5699996,5.57,5032343.0,4979217.0,115.7,131.0,78.0,,,1.90909,10.0,2.23,,,,,
MRK,310158.0,0.0,29.9775787752,-29.9775787752,0.0,5.0,17.0,0.0,False,,2026-08-13,83.06099999999999,83.053,0.007999999999995566,1.39999995,3.14,34430712.0,24506520.0,153.65385,186.0,105.0,,,1.75,26.0,9.53304,,,,,
MRNA,1682852.0,0.0,0.0,0.0,0.0,0.0,0.0,10.0,False,,2026-09-15,80.46499499999999,80.44,0.024994999999989886,10.0600004,0.99,32872787.0,52809184.0,119.55556,170.0,45.0,,,2.73913,18.0,-4.46893,,,,,
MRP,2017206.0,0.11558,0.0,0.11558,2.0,0.0,2.0,0.0,True,2026-08-10,2026-08-10,93.816,93.813,0.0030000000000001137,5.89,7.58,7816747.0,6685006.0,37.16667,40.0,35.0,,,1.16667,6.0,3.23333,,,,,
MRSH,62709.0,0.0,4.929384953,-4.929384953,0.0,4.0,4.0,2.0,False,,2026-09-02,94.16600000000001,94.158,0.008000000000009777,1.23000005,2.78,5868686.0,7383513.0,207.09525,238.0,182.0,,,2.52174,21.0,11.41037,,,,,
MRTN,799167.0,0.0,0.0,0.0,0.0,0.0,0.0,0.0,False,,,76.587,76.50099999999999,0.08600000000001273,9.810001,7.4,3565604.0,3402397.0,17.5,19.0,16.0,,,2.33333,2.0,0.65,,,,,
MRVL,1835632.0,0.0,0.0,0.0,0.0,0.0,0.0,7.0,False,,2026-09-15,81.798,81.843,-0.045000000000001705,4.18,1.31,31342713.0,28388438.0,289.10992,400.0,210.0,,,1.41304,43.0,6.75725,,,,,
MS,895421.0,0.0,8.88180042,-8.88180042,0.0,3.0,5.0,0.0,False,,2026-07-28,63.18899999999999,63.207,-0.018000000000007788,0.0,0.0,19143.0,15744.0,235.61905,262.0,184.0,,,2.28,21.0,13.61079,,,,,
MSA,66570.0,0.0,3.969311,-3.969311,0.0,2.0,2.0,0.0,False,,2026-08-07,95.82599400000001,95.86,-0.03400599999999088,2.29,4.16,877763.0,1007908.0,209.14285,223.0,190.0,,,2.42857,7.0,9.96542,,,,,
MSCI,1408198.0,1.00016,0.0,1.00016,1.0,0.0,1.0,0.0,False,,2026-09-02,95.666003,95.662004,0.003999000000007413,2.1999999999999997,2.69,1335891.0,1071360.0,692.05884,760.0,570.0,,,1.5,17.0,22.5018,,,,,
MSEX,66004.0,0.0,0.03543015,-0.03543015,0.0,1.0,1.0,0.0,False,,2026-08-07,88.567,88.567,0.0,5.6500003,7.19,862662.0,839099.0,61.0,66.0,56.0,,,,2.0,2.99,,,,,
MSFT,789019.0,0.0,7.267174057439999,-7.267174057439999,0.0,2.0,2.0,14.0,False,,2026-09-14,75.8,75.795996,0.0040039999999947895,0.91,3.21,67346414.0,68544953.0,577.26135,870.0,440.0,,,1.32727,52.0,23.67588,,,,,
MSGS,1636519.0,0.0,0.24728756,-0.24728756,0.0,1.0,1.0,0.0,False,,2026-09-16,102.028,101.864,0.16400000000000148,8.58,6.72,1636830.0,1302866.0,480.66666,584.0,415.0,,,2.0,6.0,-0.45514,,,,,
MSI,68505.0,0.0,8.524211761499998,-8.524211761499998,0.0,4.0,12.0,0.0,False,,2026-09-02,91.673,91.713995,-0.04099499999999523,2.23,3.16,3189499.0,3103066.0,526.9091,550.0,476.0,,,1.64286,11.0,19.43068,,,,,
MSM,1003078.0,0.0,0.0,0.0,0.0,0.0,0.0,0.0,False,,,86.48799700000001,86.483,0.004997000000003027,5.43,4.35,2456031.0,1919805.0,131.0,155.0,67.0,,,2.6,7.0,5.44679,,,,,
MSTR,1050446.0,0.0,1.922308275,-1.922308275,0.0,2.0,17.0,0.0,False,,2026-09-22,60.480000000000004,60.469,0.011000000000002785,8.1499994,1.09,30741182.0,31879835.0,229.86667,435.0,136.0,,,1.25,15.0,49.49,,,,,
MTB,36270.0,0.0,0.6736487769211601,-0.6736487769211601,0.0,4.0,4.0,3.0,False,,2026-09-14,92.441005,92.437,0.004005000000006476,4.17,5.14,5193279.0,5607021.0,257.8611,304.0,224.0,,,2.7,18.0,21.09156,,,,,
MTCH,891103.0,0.10989,0.9764820054000001,-0.8665920054,1.0,3.0,4.0,0.0,False,,2026-09-02,109.436,109.447,-0.01099999999999568,5.7800002,3.07,9764443.0,11305571.0,41.88235,51.0,35.0,,,2.4,17.0,4.57754,,,,,
MTD,1037646.0,0.0,6.0927118700000005,-6.0927118700000005,0.0,4.0,5.0,0.0,False,,2026-08-27,105.325,105.41100000000002,-0.08600000000001273,4.0,3.86,697792.0,719935.0,1457.5,1600.0,1200.0,,,2.6,14.0,51.69527,,,,,
MTDR,1520006.0,1.21179327,0.0,1.21179327,3.0,0.0,8.0,0.0,True,2026-08-10,2026-08-27,98.733,98.718,0.015000000000000568,11.510000400000001,7.19,13543905.0,13998759.0,70.05,101.0,59.0,,,1.42857,20.0,9.15848,,,,,
MTG,876437.0,0.0,0.0,0.0,0.0,0.0,0.0,6.0,False,,2026-09-24,101.929,101.928,0.0010000000000047748,5.9499998,5.05,8454846.0,7853531.0,31.0,35.0,28.0,,,2.83333,5.0,3.45667,,,,,
MTH,833079.0,0.0,0.0,0.0,0.0,0.0,0.0,0.0,False,,,105.89900000000002,105.898,0.0010000000000189857,10.31,7.05,4574822.0,4506230.0,80.375,93.0,65.0,,,2.22222,8.0,5.86868,,,,,
MTN,812011.0,0.0,0.0,0.0,0.0,0.0,0.0,0.0,False,,,133.50301,132.28799,1.2150199999999813,29.160000000000004,9.47,6196456.0,5892661.0,144.76923,195.0,119.0,,,2.61538,13.0,6.1613,,,,,
MTRN,1104657.0,0.0,9.384626373,-9.384626373,0.0,5.0,12.0,0.0,False,,2026-09-01,98.994005,98.877996,0.11600900000000536,3.92,2.16,594712.0,496965.0,303.748,330.0,278.74,,,,5.0,8.43333,,,,,
MTSI,1493594.0,0.0,0.0,0.0,0.0,0.0,0.0,9.0,False,,2026-08-28,97.33500000000001,97.322,0.01300000000000523,4.35,2.32,2959699.0,2430659.0,395.33334,475.0,300.0,,,1.5625,15.0,8.4902,,,,,
MTUS,1598428.0,0.0,0.0,0.0,0.0,0.0,0.0,0.0,False,,,87.757003,87.747,0.010002999999997542,7.0700005,6.38,2074314.0,1726579.0,22.5,24.0,21.0,,,,2.0,1.325,,,,,
MTX,891014.0,0.0,0.0,0.0,0.0,0.0,0.0,0.0,False,,,103.96799999999999,103.995,-0.027000000000015234,4.7399998,5.21,899926.0,941313.0,92.5,100.0,90.0,,,1.25,4.0,7.0025,,,,,
MTZ,15615.0,0.0,0.0,0.0,0.0,0.0,0.0,0.0,False,,,76.491,76.496005,-0.00500499999999704,8.540000000000001,3.87,5417357.0,5253497.0,413.8,518.0,321.0,,,1.2381,20.0,12.55239,,,,,
MU,723125.0,0.0,16.388909,-16.388909,0.0,3.0,3.0,87.0,False,,2026-08-21,79.905,79.899,0.006000000000000227,2.4500001,1.07,27633780.0,30016025.0,1515.5435,2200.0,361.0,,,1.36735,46.0,159.49178,,,,,
MUR,717423.0,0.0,0.0,0.0,0.0,0.0,0.0,0.0,False,,,92.452,92.405,0.046999999999997044,9.94,6.39,10084227.0,10862198.0,39.92857,52.0,32.0,,,2.875,14.0,3.37844,,,,,
MUSA,1573516.0,0.0,0.60479608,-0.60479608,0.0,2.0,2.0,0.0,False,,2026-09-03,87.456,87.437,0.019000000000005457,4.7,3.12,835929.0,708374.0,617.8,680.0,550.0,,,1.9,10.0,30.675,,,,,
MWA,1350593.0,0.0,0.3115930008,-0.3115930008,0.0,2.0,2.0,4.0,False,,2026-09-01,103.20800000000001,103.193,0.01500000000001478,5.52,5.63,6033566.0,4902969.0,29.5,35.0,21.0,,,2.66667,6.0,1.58683,,,,,
MXL,1288469.0,0.0,50.435856962699994,-50.435856962699994,0.0,1.0,16.0,0.0,False,,2026-08-17,84.251,84.22800000000001,0.022999999999996135,7.46,2.12,4836594.0,4306773.0,94.54545,125.0,40.0,,,1.81818,11.0,2.61305,,,,,
MYRG,700923.0,0.0,0.0,0.0,0.0,0.0,0.0,0.0,False,,,103.49600000000001,103.641,-0.14499999999999602,5.55,2.5,708335.0,660757.0,412.0,445.0,375.0,,,,5.0,14.57167,,,,,
MZTI,57515.0,0.0,0.1005121562,-0.1005121562,0.0,1.0,1.0,0.0,False,,2026-09-10,71.982,71.963996,0.018004000000004794,33.150002,6.1,2526472.0,2063287.0,146.6,185.0,118.0,,,,5.0,7.234,,,,,
NABL,1834488.0,0.0,0.0,0.0,0.0,0.0,0.0,0.0,False,,,101.89299999999999,101.873,0.01999999999998181,6.950000000000001,2.05,5123250.0,4535753.0,4.68,8.0,3.65,,,2.66667,5.0,0.43167,,,,,
NATL,1974138.0,0.0,0.0,0.0,0.0,0.0,0.0,0.0,False,,,99.643,99.641997,0.0010029999999972006,7.969999999999999,6.66,4413466.0,4374160.0,50.2,50.4,50.0,,,,2.0,5.36,,,,,
NAVI,1593538.0,0.0,0.0,0.0,0.0,0.0,0.0,0.0,False,,,107.721,107.679,0.04200000000000159,28.67,10.56,12000615.0,10933529.0,9.07143,13.0,8.0,,,3.28571,7.0,0.96624,,,,,
NBHC,1475841.0,0.0,0.0,0.0,0.0,0.0,0.0,0.0,False,,,95.515,95.499,0.016000000000005343,5.2800003,5.82,1922829.0,1768702.0,48.0,51.0,44.0,,,2.25,4.0,3.95,,,,,
NBIS,1513845.0,0.0,23.03319075,-23.03319075,0.0,4.0,4.0,41.0,False,,2026-09-15,69.393,69.319,0.07399999999999807,19.81,2.76,46779540.0,55355915.0,283.57895,415.0,84.0,,,1.88889,19.0,-3.49461,,,,,
NBIX,914475.0,0.0,0.0,0.0,0.0,0.0,0.0,11.0,False,,2026-09-14,102.755,102.685,0.06999999999999318,6.34,4.85,4964907.0,4551075.0,208.39758,253.0,164.0,,,1.42857,29.0,11.97366,,,,,
NBTB,790359.0,0.0,0.7307514,-0.7307514,0.0,2.0,2.0,0.0,False,,2026-07-29,69.46600000000001,69.46499299999999,0.0010070000000155233,6.29,8.97,2392947.0,2064758.0,56.83333,62.0,54.0,,,2.57143,6.0,4.55714,,,,,
NCLH,1513761.0,0.0,0.0,0.0,0.0,0.0,0.0,0.0,False,,,104.467,104.469,-0.001999999999995339,23.43,6.17,94991816.0,72402551.0,20.2,32.0,13.0,,,2.2963,25.0,1.66999,,,,,
NDAQ,1120193.0,0.0,4.80983107,-4.80983107,0.0,2.0,6.0,5.0,False,,2026-09-22,87.119,87.126,-0.007000000000005002,1.97,2.67,7482822.0,9248434.0,109.66667,135.0,84.0,,,1.76471,15.0,4.67942,,,,,
NDSN,72331.0,0.0,0.79264161,-0.79264161,0.0,4.0,4.0,0.0,False,,2026-09-15,78.32900000000001,78.323996,0.005004000000013775,3.06,3.46,1512772.0,1502399.0,349.7143,375.0,282.0,,,2.0,7.0,12.98286,,,,,
NE,1895262.0,0.0,0.0,0.0,0.0,0.0,0.0,0.0,False,,,88.162005,88.163,-0.0009950000000031878,0.0,0.0,600.0,704.0,48.45455,59.0,35.0,,,2.18182,11.0,2.02814,,,,,
NEE,753308.0,0.0,0.0,0.0,0.0,0.0,0.0,0.0,False,,,87.018996,87.016,0.002995999999996002,0.0,0.0,8815.0,6417.0,98.73684,114.0,55.0,,,1.90476,19.0,4.39361,,,,,
NEM,1164727.0,0.0,1.20275505,-1.20275505,0.0,1.0,1.0,5.0,False,,2026-09-01,81.628996,81.634,-0.005003999999999564,1.83,2.09,16728543.0,18886556.0,136.59525,170.0,67.0,,,1.56522,21.0,10.24154,,,,,
NEO,1077183.0,0.0,0.3214,-0.3214,0.0,1.0,1.0,0.0,False,,2026-08-04,115.238,115.221,0.016999999999995907,15.35,10.1,16709463.0,15879070.0,19.72222,35.0,16.0,,,,9.0,0.33818,,,,,
NEOG,711377.0,0.0043697,0.0,0.0043697,1.0,0.0,1.0,0.0,False,,2026-08-04,110.95600000000002,110.943,0.01300000000001944,6.84,5.74,11168684.0,9933588.0,13.33333,14.0,12.0,,,2.0,3.0,0.38,,,,,
NEU,1282637.0,0.0,0.0,0.0,0.0,0.0,0.0,0.0,False,,,67.740995,67.741996,-0.00100100000000225,7.539999999999999,4.79,553989.0,527451.0,,,,,,,,25.82,,,,,
NFG,70145.0,0.0,0.0,0.0,0.0,0.0,0.0,0.0,False,,,85.276,85.276,0.0,6.2700000000000005,11.03,5068195.0,5146863.0,92.0,95.0,89.0,,,2.0,2.0,7.5188,,,,,
NFLX,1065280.0,0.0,3.1264126357,-3.1264126357,0.0,3.0,3.0,7.0,False,,2026-09-10,84.021,84.012,0.009000000000000341,2.2800000000000002,3.44,94187131.0,90512500.0,92.92667,135.0,57.0,,,1.84314,45.0,3.81322,,,,,
NGVT,1653477.0,0.0,0.19969776,-0.19969776,0.0,1.0,2.0,5.0,False,,2026-08-18,105.373,105.358,0.015000000000000568,5.9299998,6.42,1443989.0,1251332.0,89.0,92.0,85.0,,,,3.0,6.01333,,,,,
NHC,1047335.0,0.0,5.584655693099998,-5.584655693099998,0.0,6.0,15.0,0.0,False,,2026-09-22,66.773003,66.752,0.021003000000007432,5.38,7.35,683175.0,756850.0,,,,,,,,0.43,,,,,
NHI,877860.0,0.0,0.0,0.0,0.0,0.0,0.0,0.0,False,,,79.606,79.623,-0.017000000000010118,4.19,6.48,2006494.0,2172704.0,81.875,90.0,73.0,,,1.75,8.0,3.24664,,,,,
NI,1111711.0,0.0,1.5903889352,-1.5903889352,0.0,1.0,1.0,0.0,False,,2026-08-14,98.156,98.119,0.03700000000000614,3.94,2.94,14724912.0,13390138.0,49.85714,55.0,43.0,,,1.53333,14.0,2.25315,,,,,
NIC,1174850.0,0.0,0.7159755499999999,-0.7159755499999999,0.0,2.0,3.0,0.0,False,,2026-07-28,65.11200000000001,65.081,0.03100000000000591,5.3200003,7.43,1058772.0,945523.0,191.8,200.0,185.0,,,2.16667,5.0,13.454,,,,,
NJR,356309.0,0.0,0.1668936,-0.1668936,0.0,1.0,1.0,0.0,False,,2026-08-14,81.768996,81.736,0.03299599999999714,5.46,7.39,4062578.0,3610312.0,59.85714,63.0,53.0,,,2.0,7.0,3.44781,,,,,
NKE,320187.0,0.0,0.0,0.0,0.0,0.0,0.0,8.0,False,,2026-09-09,82.56099999999999,82.558995,0.002004999999996926,8.979999,2.93,85698150.0,68828976.0,46.73889,94.0,23.0,,,2.7619,36.0,2.21057,,,,,
NLY,1043219.0,0.0,0.0,0.0,0.0,0.0,0.0,1.0,False,,2026-08-03,61.765,61.765,0.0,0.0,0.0,19367.0,4490.0,24.22727,25.0,22.5,,,1.92308,11.0,3.10983,,,,,
NMIH,1547903.0,0.0,8.801548557,-8.801548557,0.0,3.0,3.0,0.0,False,,2026-09-04,101.446,101.407,0.03900000000000148,3.2099999999999995,4.17,1976564.0,1933379.0,49.85714,54.0,43.0,,,1.85714,7.0,5.52454,,,,,
NNN,751364.0,0.0,0.0,0.0,0.0,0.0,0.0,0.0,False,,,102.098,102.091,0.007000000000005002,4.4799999999999995,4.91,6359974.0,6130443.0,47.73333,50.5,45.0,,,2.88235,15.0,2.11616,,,,,
NOC,1133421.0,0.0,0.0,0.0,0.0,0.0,0.0,10.0,False,,2026-08-03,84.488,84.486,0.001999999999995339,1.5800001000000001,2.96,2247342.0,2449904.0,644.9091,815.0,538.0,,,2.0,22.0,30.44997,,,,,
NOG,1104485.0,0.0,0.0,0.0,0.0,0.0,0.0,0.0,False,,,105.972,105.757,0.2149999999999892,24.41,10.65,21883131.0,20377900.0,30.11111,35.0,25.0,,,2.44444,9.0,4.49714,,,,,
NOV,1021860.0,0.0,0.18430074,-0.18430074,0.0,1.0,1.0,0.0,False,,2026-07-31,108.425,108.508,-0.08299999999999841,14.140001,8.93,27383146.0,25778958.0,22.23684,26.0,17.0,,,,19.0,1.27992,,,,,
NOVT,1076930.0,0.0,0.0,0.0,0.0,0.0,0.0,6.0,False,,2026-09-11,123.587,123.56601,0.02098999999999762,15.110000000000001,15.61,4972389.0,4796334.0,194.5,195.0,194.0,,,,2.0,4.36667,,,,,
NOW,1373715.0,0.0,0.6666282198000001,-0.6666282198000001,0.0,2.0,2.0,2.0,False,,2026-08-31,84.839,84.832,0.007000000000005002,2.79,1.72,28766356.0,29199178.0,144.99261,248.0,72.0,,,1.42857,46.0,5.00551,,,,,
NPK,80172.0,0.0,0.0,0.0,0.0,0.0,0.0,0.0,False,,,67.219,67.219,0.0,9.33,2.44,243733.0,303747.0,,,,,,,,0.87,,,,,
NPO,1164863.0,0.0,0.0,0.0,0.0,0.0,0.0,0.0,False,,,102.20499999999998,102.17199,0.033009999999990214,3.55,3.88,554905.0,460510.0,389.5,430.0,373.0,,,,4.0,10.88589,,,,,
NRG,1013871.0,0.0,0.0,0.0,0.0,0.0,0.0,2.0,False,,2026-09-08,95.723,95.715,0.007999999999995566,3.7100002,2.16,5836515.0,6112901.0,188.5625,270.0,104.0,,,1.5625,16.0,11.18918,,,,,
NSC,702165.0,0.0,0.0,0.0,0.0,0.0,0.0,0.0,False,,,77.63099700000001,77.63099700000001,0.0,3.4000000000000004,6.36,7619508.0,7296473.0,363.3889,414.0,297.0,,,2.57143,18.0,14.31468,,,,,
NSIT,932696.0,0.0,0.6583684000000001,-0.6583684000000001,0.0,2.0,2.0,0.0,False,,2026-08-28,106.055,106.044,0.01100000000000989,5.87,4.07,1011052.0,1181069.0,163.75,180.0,140.0,,,,4.0,13.25232,,,,,
NSP,1000753.0,0.0,0.0,0.0,0.0,0.0,0.0,0.0,False,,,115.54500000000002,115.514,0.031000000000020123,9.689999,9.38,2993971.0,2979284.0,51.75,61.0,38.0,,,2.8,4.0,2.69772,,,,,
NSSC,69633.0,0.0,18.25716797,-18.25716797,0.0,2.0,4.0,0.0,False,,2026-08-27,104.954,104.928,0.02599999999999625,7.59,4.89,2592809.0,2747007.0,50.66667,55.0,48.0,,,1.16667,6.0,1.805,,,,,
NTAP,1002047.0,0.0,1.1595474,-1.1595474,0.0,1.0,1.0,15.0,False,,2026-09-21,101.98001000000001,101.968,0.012010000000003629,5.1799998,4.12,10146420.0,10702997.0,197.0,219.0,170.0,,,2.3,16.0,11.12094,,,,,
NTCT,1078075.0,0.0,0.1508,-0.1508,0.0,1.0,1.0,3.0,False,,2026-09-11,97.81199699999999,97.776,0.03599699999999473,6.29,6.09,3693254.0,2971976.0,43.37667,50.0,37.13,,,,3.0,2.79667,,,,,
NTNX,1618732.0,0.0,4.7611762296,-4.7611762296,0.0,1.0,1.0,1.0,False,,2026-09-24,96.893996,96.988,-0.0940039999999982,5.6799997,4.26,11355595.0,11784644.0,76.40571,90.0,59.68,,,,14.0,2.65956,,,,,
NTRS,73124.0,0.04579035,0.33282,-0.28702965,1.0,1.0,2.0,0.0,False,,2026-08-24,86.169,86.17,-0.0010000000000047748,2.48,4.19,3931230.0,3595439.0,184.26923,208.0,158.0,,,3.0,13.0,12.71532,,,,,
NTST,1798100.0,0.024144,0.0,0.024144,1.0,0.0,1.0,0.0,False,,2026-09-04,160.60399999999998,160.315,0.28899999999998727,16.219998999999998,8.12,14225191.0,31209261.0,22.92105,25.0,20.0,,,1.5,19.0,0.41,,,,,
NUE,73309.0,0.0,11.166804123599999,-11.166804123599999,0.0,4.0,6.0,0.0,False,,2026-08-14,80.971,80.96800400000001,0.002995999999996002,2.5100000000000002,3.13,4291283.0,3523647.0,283.625,310.0,231.0,,,1.64706,16.0,19.77658,,,,,
NVDA,1045810.0,0.0,946.6276334798998,-946.6276334798998,0.0,1.0,16.0,9.0,False,,2026-09-21,71.417,71.411,0.006000000000000227,1.27,2.29,294225803.0,285956804.0,327.7,515.0,180.0,,,1.29508,59.0,15.68263,,,,,
NVR,906163.0,0.40518513,0.0,0.40518513,1.0,0.0,1.0,0.0,False,,2026-08-07,91.196,91.196,0.0,7.470000000000001,3.77,130731.0,109520.0,6717.8,7400.0,5664.0,,,2.66667,5.0,400.6172,,,,,
NVST,1757073.0,0.0,0.0,0.0,0.0,0.0,0.0,1.0,False,,2026-08-20,120.771,120.77,0.0010000000000047748,7.140000000000001,4.42,10210406.0,9634725.0,30.0,35.0,23.0,,,2.06667,13.0,1.66702,,,,,
NVT,1720635.0,0.0,12.27679533846,-12.27679533846,0.0,3.0,6.0,0.0,False,,2026-08-10,93.624,93.63,-0.006000000000000227,3.27,1.8,4651996.0,3042497.0,205.125,240.0,136.0,,,1.33333,16.0,6.48059,,,,,
NWBI,1471265.0,0.024974625,0.20933098,-0.184356355,1.0,1.0,3.0,0.0,False,,2026-08-20,72.584,72.574997,0.009003000000006978,7.75,10.28,8694449.0,7102759.0,16.57143,18.0,15.0,,,2.75,7.0,1.4475,,,,,
NWE,1993004.0,0.0,0.0,0.0,0.0,0.0,0.0,0.0,False,,,97.94500000000001,97.912,0.03300000000000125,4.29,5.32,1994196.0,1586954.0,73.75,78.5,70.0,,,2.28571,6.0,3.97002,,,,,
NWL,814453.0,0.0,0.616,-0.616,0.0,1.0,1.0,0.0,False,,2026-08-06,107.47800000000001,107.451,0.027000000000015234,15.110000000000001,6.08,40510110.0,44089191.0,6.65625,11.0,5.0,,,2.77778,8.0,0.68627,,,,,
NWN,1733998.0,0.0,0.0,0.0,0.0,0.0,0.0,3.0,False,,2026-09-18,84.323996,84.321,0.002995999999996002,6.0,8.45,1857377.0,1795488.0,57.4,61.0,50.0,,,2.0,5.0,3.232,,,,,
NWS,1564708.0,0.0,3.1892310006999995,-3.1892310006999995,0.0,5.0,5.0,0.0,False,,2026-08-17,50.153999999999996,49.977002,0.17699799999999755,8.68,4.47,4747648.0,5976402.0,,,,,,1.5,,1.51172,,,,,
NWSA,1564708.0,0.0,0.0,0.0,0.0,0.0,0.0,0.0,False,,,108.49199,108.499,-0.0070099999999939655,3.2899998,3.25,11848043.0,12044715.0,36.1625,43.0,30.3,,,1.5,8.0,1.51172,,,,,
NX,1423221.0,0.0,0.0,0.0,0.0,0.0,0.0,0.0,False,,,118.09700000000001,118.088,0.009000000000014552,11.87,8.77,3903784.0,3103322.0,26.0,30.0,23.0,,,,4.0,1.9725,,,,,
NXPI,1413447.0,0.0,0.0,0.0,0.0,0.0,0.0,1.0,False,,2026-09-15,99.367,99.369,-0.001999999999995339,3.2199999999999998,2.34,7279625.0,9342769.0,311.10345,400.0,190.0,,,1.8,29.0,18.09511,,,,,
NXRT,1620393.0,0.0,0.0,0.0,0.0,0.0,0.0,0.0,False,,,82.998,82.918,0.0799999999999983,13.949998999999998,5.28,2441053.0,1505291.0,28.5,35.0,23.0,,,,4.0,-2.21,,,,,
NXST,1142417.0,0.0,1.7331816135,-1.7331816135,0.0,4.0,4.0,0.0,False,,2026-09-23,103.004,103.057,-0.05299999999999727,11.359999,7.46,2513516.0,2595099.0,246.75,290.0,205.0,,,1.25,8.0,23.30376,,,,,
NXT,1852131.0,0.0,1.537578062,-1.537578062,0.0,2.0,4.0,5.0,False,,2026-09-01,109.65100000000001,109.65,0.0010000000000047748,7.960000000000001,4.34,8779581.0,8868912.0,139.17857,175.0,70.0,,,1.44828,28.0,5.77375,,,,,
NYT,71691.0,0.0,0.0,0.0,0.0,0.0,0.0,0.0,False,,,95.94,95.877,0.06300000000000239,8.59,7.09,13533377.0,11503786.0,78.55556,90.0,63.0,,,1.7,9.0,3.14012,,,,,
O,726728.0,0.0,0.20902194500000001,-0.20902194500000001,0.0,1.0,1.0,0.0,False,,2026-09-10,81.733,81.723,0.010000000000005116,4.9099997,7.41,40805348.0,37785390.0,67.2625,74.0,59.0,,,2.5,20.0,1.55302,,,,,
OC,1370946.0,0.0,0.0,0.0,0.0,0.0,0.0,1.0,False,,2026-08-28,111.02399999999999,110.96999999999998,0.054000000000002046,3.42,2.42,2352518.0,2051946.0,175.06667,198.0,140.0,,,1.70588,15.0,12.00533,,,,,
ODFL,878927.0,0.0,3.95827728,-3.95827728,0.0,1.0,1.0,0.0,False,,2026-08-25,81.301004,81.22799400000001,0.07300999999999647,4.9399999999999995,5.15,8245803.0,7246407.0,228.78261,280.0,156.0,,,,23.0,6.6506,,,,,
OFG,1030469.0,0.0,3.4912534016,-3.4912534016,0.0,3.0,3.0,0.0,False,,2026-08-14,99.80499999999999,99.76,0.044999999999987494,7.13,9.14,2079459.0,1495922.0,56.5,58.0,55.0,,,,4.0,5.122,,,,,
OGE,1021635.0,0.0,0.30008648320000003,-0.30008648320000003,0.0,1.0,1.0,0.0,False,,2026-08-27,81.754994,81.75,0.00499399999999639,6.819999999999999,7.52,10890005.0,10002695.0,50.45455,60.0,44.0,,,2.46154,11.0,2.60477,,,,,
OGN,1821825.0,0.0,0.20030677,-0.20030677,0.0,1.0,1.0,0.0,False,,2026-08-05,84.806,84.813005,-0.007005000000006589,7.59,5.45,17529739.0,15138620.0,11.25,14.0,8.0,,,,4.0,3.61504,,,,,
OGS,1587732.0,0.0,0.0,0.0,0.0,0.0,0.0,0.0,False,,,95.418,95.75,-0.33199999999999363,7.969999999999999,7.91,3820383.0,3637472.0,89.0625,103.0,79.0,,,1.66667,8.0,5.05333,,,,,
OHI,888491.0,0.0,0.0,0.0,0.0,0.0,0.0,0.0,False,,,83.238,83.225995,0.012005000000002042,4.77,7.88,14439037.0,12184356.0,51.88889,61.0,46.0,,,2.4,18.0,2.02246,,,,,
OI,812074.0,0.0,0.0,0.0,0.0,0.0,0.0,0.0,False,,,106.05199999999999,106.051,0.000999999999990564,15.689998999999998,6.19,17228924.0,13880535.0,9.58889,13.0,6.3,,,2.0,9.0,1.50086,,,,,
OII,73756.0,0.0,1.5627895139999999,-1.5627895139999999,0.0,5.0,5.0,0.0,False,,2026-08-07,108.208,108.207,0.0010000000000047748,10.5399996,8.15,7536785.0,6178918.0,46.0,52.0,38.0,,,3.25,4.0,2.31969,,,,,
OKE,1039684.0,0.0,0.0,0.0,0.0,0.0,0.0,0.0,False,,,84.82,84.819,0.000999999999990564,4.8800003,7.96,27295913.0,25082461.0,101.5,112.0,89.0,,,2.27273,20.0,6.23675,,,,,
OKTA,1660134.0,0.0,0.0,0.0,0.0,0.0,0.0,31.0,False,,2026-09-22,99.375,99.371004,0.003996000000000777,5.4899998,1.93,8205342.0,6449812.0,207.59792,250.0,127.0,,,1.65909,43.0,4.37848,,,,,
OLED,1005284.0,0.0,0.42209166000000004,-0.42209166000000004,0.0,1.0,2.0,0.0,False,,2026-08-18,97.547996,97.552,-0.004004000000009,10.33,6.03,4643489.0,3854643.0,115.37333,158.0,80.36,,,,9.0,4.7612,,,,,
OLLI,1639300.0,0.0,0.0,0.0,0.0,0.0,0.0,0.0,False,,,122.292,122.453,-0.16100000000000136,16.74,4.75,8660280.0,7186468.0,99.93333,130.0,76.0,,,1.6,15.0,4.9418,,,,,
OLN,74303.0,0.0,0.0,0.0,0.0,0.0,0.0,0.0,False,,,107.026,107.026,0.0,13.139999999999999,4.85,12914192.0,11091581.0,21.26667,30.0,19.0,,,2.86667,15.0,0.78781,,,,,
OMC,29989.0,0.0,0.12289105,-0.12289105,0.0,1.0,1.0,0.0,False,,2026-08-24,110.703,110.685,0.018000000000000682,9.5699996,11.13,26043328.0,25390545.0,102.0,139.0,77.0,,,2.07692,12.0,11.65771,,,,,
OMCL,926326.0,0.0,0.0,0.0,0.0,0.0,0.0,2.0,False,,2026-08-17,108.12299999999999,108.084,0.03899999999998727,8.75,5.02,3291305.0,3368461.0,57.85714,70.0,45.0,,,,7.0,2.09,,,,,
ON,1097864.0,0.0,0.0,0.0,0.0,0.0,0.0,0.0,False,,,105.929,105.965,-0.036000000000001364,10.43,3.58,29554283.0,29171904.0,103.69231,150.0,75.0,,,2.13333,26.0,4.5288,,,,,
ONB,707179.0,0.0,0.8440358596,-0.8440358596,0.0,2.0,2.0,0.0,False,,2026-07-30,97.975,97.972,0.0030000000000001137,7.0300005,6.47,21072341.0,17817273.0,30.07143,32.0,27.0,,,1.8,14.0,2.88976,,,,,
ONTO,704532.0,0.0,0.0,0.0,0.0,0.0,0.0,1.0,False,,2026-08-21,101.37,101.24099,0.12901000000000806,7.1,2.95,2740793.0,2559029.0,386.36365,450.0,330.0,,,1.18182,11.0,11.75661,,,,,
OPCH,1014739.0,0.0,0.0,0.0,0.0,0.0,0.0,0.0,False,,,108.843,108.841,0.0020000000000095497,11.26,7.08,12098760.0,12041874.0,28.58333,39.0,23.0,,,2.07692,12.0,2.08286,,,,,
OPLN,1395942.0,0.4999985780515,274.88,-274.3800014219485,1.0,1.0,2.0,0.0,False,,2026-08-24,89.558,89.542,0.016000000000005343,2.7999999,2.01,2590254.0,2212833.0,46.22222,52.0,43.0,,,1.88889,9.0,1.73119,,,,,
ORA,1296445.0,0.0,0.04809464,-0.04809464,0.0,1.0,1.0,0.0,False,,2026-07-01,96.646005,96.651,-0.0049949999999938655,11.42,7.21,6060513.0,5555424.0,132.41667,157.0,104.0,,,2.0,12.0,2.57262,,,,,
ORCL,1341439.0,0.0,0.39912269999999994,-0.39912269999999994,0.0,1.0,1.0,2.0,False,,2026-09-22,43.578,43.584,-0.006000000000000227,2.73,1.82,50840436.0,47767442.0,237.97415,400.0,110.0,,,1.60465,41.0,10.99719,,,,,
ORI,74260.0,0.0,1.4527137399999999,-1.4527137399999999,0.0,3.0,4.0,0.0,False,,2026-09-01,78.946996,78.94200000000001,0.004995999999991341,5.89,9.59,10505008.0,9187982.0,43.5,48.0,39.0,,,,2.0,3.3,,,,,
ORLY,898173.0,0.0,0.5505385,-0.5505385,0.0,3.0,3.0,0.0,False,,2026-08-28,90.196997,90.194,0.002996999999993477,3.2,4.95,25741427.0,24347695.0,107.8,120.0,89.0,,,1.53571,25.0,3.65228,,,,,
OSIS,1039065.0,0.0,0.0,0.0,0.0,0.0,0.0,0.0,False,,,124.71699999999998,124.71399,0.003009999999989077,16.530001,6.19,2121571.0,2033340.0,278.2857,300.0,250.0,,,1.42857,7.0,12.80852,,,,,
OSK,775158.0,0.0,0.0,0.0,0.0,0.0,0.0,1.0,False,,2026-09-11,105.341,105.33999,0.0010099999999937381,3.73,4.32,1992493.0,2253451.0,169.07294,197.0,138.0,,,1.94444,17.0,13.99773,,,,,
OSW,1758488.0,0.0,1.58392665,-1.58392665,0.0,1.0,4.0,0.0,False,,2026-08-10,110.602,110.572,0.030000000000001137,7.89,6.53,6679208.0,6766045.0,31.2,36.0,29.0,,,,5.0,1.29,,,,,
OTIS,1781335.0,0.0,0.0,0.0,0.0,0.0,0.0,0.0,False,,,96.167,96.075,0.09199999999999875,4.82,4.52,15981493.0,14966971.0,87.38462,105.0,75.0,,,2.35714,13.0,4.5402,,,,,
OTTR,1466593.0,0.0,0.39404425,-0.39404425,0.0,1.0,3.0,0.0,False,,2026-08-11,78.61000299999999,78.603995,0.00600799999999424,16.219998999999998,24.48,4790407.0,4881890.0,90.5,95.0,86.0,,,,2.0,5.32667,,,,,
OUT,1579877.0,0.0,0.1009407,-0.1009407,0.0,1.0,1.0,1.0,False,,2026-09-03,105.08999999999999,105.078,0.011999999999986244,8.7299995,6.64,9502602.0,8478031.0,38.0,40.0,36.0,,,,6.0,1.51728,,,,,
OVV,1792580.0,0.0,0.49091996000000004,-0.49091996000000004,0.0,1.0,1.0,0.0,False,,2026-08-12,,97.737,,,,,,,,,,,,,,,,,,yahoo gagal: YFRateLimitError
OXY,797468.0,0.0,0.0,0.0,0.0,0.0,0.0,0.0,False,,,,58.033,,,,,,,,,,,,,,,,,,yahoo gagal: YFRateLimitError
OZK,1569650.0,0.0,0.0,0.0,0.0,0.0,0.0,0.0,False,,,,99.388003,,,,,,,,,,,,,,,,,,yahoo gagal: YFRateLimitError
P,1474432.0,0.0,1.46286526,-1.46286526,0.0,2.0,2.0,82.0,False,,2026-09-24,,85.32600000000001,,,,,,,,,,,,,,,,,,yahoo gagal: YFRateLimitError
PAG,1019849.0,0.0,0.0,0.0,0.0,0.0,0.0,0.0,False,,,,80.987,,,,,,,,,,,,,,,,,,yahoo gagal: YFRateLimitError
PAHC,1069899.0,0.0,0.0,0.0,0.0,0.0,0.0,0.0,False,,,,103.988,,,,,,,,,,,,,,,,,,yahoo gagal: YFRateLimitError
PANW,1327567.0,0.0,9.5812827449,-9.5812827449,0.0,4.0,18.0,3.0,False,,2026-09-17,,84.462,,,,,,,,,,,,,,,,,,yahoo gagal: YFRateLimitError
PARR,821483.0,0.0,16.436434350000003,-16.436434350000003,0.0,7.0,13.0,0.0,False,,2026-09-11,,103.643,,,,,,,,,,,,,,,,,,yahoo gagal: YFRateLimitError
PATH,1734722.0,0.0,0.0,0.0,0.0,0.0,0.0,6.0,False,,2026-09-17,,90.404,,,,,,,,,,,,,,,,,,yahoo gagal: YFRateLimitError
PATK,76605.0,0.0,0.0,0.0,0.0,0.0,0.0,0.0,False,,,,114.484,,,,,,,,,,,,,,,,,,yahoo gagal: YFRateLimitError
PAYC,1590955.0,0.0,0.6701629499999999,-0.6701629499999999,0.0,1.0,3.0,0.0,False,,2026-08-28,,95.996004,,,,,,,,,,,,,,,,,,yahoo gagal: YFRateLimitError
PAYO,1845815.0,0.0,0.0,0.0,0.0,0.0,0.0,0.0,False,,,,90.329003,,,,,,,,,,,,,,,,,,yahoo gagal: YFRateLimitError
PAYX,723531.0,0.0,3.3506148,-3.3506148,0.0,3.0,3.0,0.0,False,,2026-07-20,,85.87700000000001,,,,,,,,,,,,,,,,,,yahoo gagal: YFRateLimitError
PB,1068851.0,0.0,0.0,0.0,0.0,0.0,0.0,58.0,False,,2026-09-23,,75.385004,,,,,,,,,,,,,,,,,,yahoo gagal: YFRateLimitError
PBF,1534504.0,0.0,387.53012250100005,-387.53012250100005,0.0,8.0,52.0,0.0,False,,2026-09-11,,90.343004,,,,,,,,,,,,,,,,,,yahoo gagal: YFRateLimitError
PBH,1295947.0,0.0,0.0,0.0,0.0,0.0,0.0,0.0,False,,,,116.33201,,,,,,,,,,,,,,,,,,yahoo gagal: YFRateLimitError
PBI,78814.0,0.0,0.45170000000000005,-0.45170000000000005,0.0,1.0,1.0,26.0,False,,2026-09-17,,92.357004,,,,,,,,,,,,,,,,,,yahoo gagal: YFRateLimitError
PCAR,75362.0,0.0,7.565584794999999,-7.565584794999999,0.0,4.0,4.0,0.0,False,,2026-07-31,,76.244,,,,,,,,,,,,,,,,,,yahoo gagal: YFRateLimitError
PCG,1004980.0,0.0,0.0,0.0,0.0,0.0,0.0,3.0,False,,2026-09-04,,104.265,,,,,,,,,,,,,,,,,,yahoo gagal: YFRateLimitError
PCRX,1396814.0,0.0,0.0,0.0,0.0,0.0,0.0,1.0,False,,2026-08-17,,113.265,,,,,,,,,,,,,,,,,,yahoo gagal: YFRateLimitError
PCTY,1591698.0,0.0,0.63693152,-0.63693152,0.0,3.0,3.0,53.0,False,,2026-09-15,,89.19399999999999,,,,,,,,,,,,,,,,,,yahoo gagal: YFRateLimitError
PDD,1737806.0,0.0,0.140151,-0.140151,0.0,1.0,1.0,0.0,False,,2026-09-03,,31.406,,,,,,,,,,,,,,,,,,yahoo gagal: YFRateLimitError
PDFS,1120914.0,0.0,0.22798401,-0.22798401,0.0,2.0,2.0,0.0,False,,2026-08-31,,94.668996,,,,,,,,,,,,,,,,,,yahoo gagal: YFRateLimitError
PEB,1474098.0,0.0,0.77012,-0.77012,0.0,1.0,1.0,0.0,False,,2026-08-03,,130.384,,,,,,,,,,,,,,,,,,yahoo gagal: YFRateLimitError
PECO,1476204.0,0.0,0.0,0.0,0.0,0.0,0.0,0.0,False,,,,91.991997,,,,,,,,,,,,,,,,,,yahoo gagal: YFRateLimitError
PEG,788784.0,0.0,0.59648,-0.59648,0.0,1.0,1.0,3.0,False,,2026-09-01,,79.333997,,,,,,,,,,,,,,,,,,yahoo gagal: YFRateLimitError
PEGA,1013857.0,0.0,1.9426650965,-1.9426650965,0.0,3.0,9.0,1.0,False,,2026-09-16,,61.596,,,,,,,,,,,,,,,,,,yahoo gagal: YFRateLimitError
PEN,1321732.0,0.0,0.0,0.0,0.0,0.0,0.0,0.0,False,,,,88.356,,,,,,,,,,,,,,,,,,yahoo gagal: YFRateLimitError
PENG,1616533.0,0.0,0.0,0.0,0.0,0.0,0.0,5.0,False,,2026-08-24,,124.002,,,,,,,,,,,,,,,,,,yahoo gagal: YFRateLimitError
PENN,921738.0,0.0,0.0,0.0,0.0,0.0,0.0,0.0,False,,,,106.524,,,,,,,,,,,,,,,,,,yahoo gagal: YFRateLimitError
PEP,77476.0,0.0,0.40467383,-0.40467383,0.0,1.0,1.0,0.0,False,,2026-07-27,,81.49299599999999,,,,,,,,,,,,,,,,,,yahoo gagal: YFRateLimitError
PFBC,1492165.0,0.0,0.0,0.0,0.0,0.0,0.0,0.0,False,,,,89.934,,,,,,,,,,,,,,,,,,yahoo gagal: YFRateLimitError
PFE,78003.0,2.9601099,0.0832612,2.8768486999999996,3.0,1.0,4.0,0.0,True,2026-08-05,2026-08-12,,69.12,,,,,,,,,,,,,,,,,,yahoo gagal: YFRateLimitError
PFG,1126328.0,0.0,0.0,0.0,0.0,0.0,0.0,0.0,False,,,,81.351,,,,,,,,,,,,,,,,,,yahoo gagal: YFRateLimitError
PFGC,1618673.0,0.0,0.0,0.0,0.0,0.0,0.0,25.0,False,,2026-09-01,,102.07701,,,,,,,,,,,,,,,,,,yahoo gagal: YFRateLimitError
PFS,1178970.0,0.0,1.85628396,-1.85628396,0.0,3.0,4.0,0.0,False,,2026-09-14,,77.442,,,,,,,,,,,,,,,,,,yahoo gagal: YFRateLimitError
PG,80424.0,0.0,6.687507530000001,-6.687507530000001,0.0,12.0,15.0,0.0,False,,2026-08-24,,71.83500000000001,,,,,,,,,,,,,,,,,,yahoo gagal: YFRateLimitError
PGNY,1551306.0,0.0,0.6332164499999999,-0.6332164499999999,0.0,1.0,2.0,1.0,False,,2026-09-10,,110.67901,,,,,,,,,,,,,,,,,,yahoo gagal: YFRateLimitError
PGR,80661.0,0.0,0.0,0.0,0.0,0.0,0.0,9.0,False,,2026-09-01,,89.761,,,,,,,,,,,,,,,,,,yahoo gagal: YFRateLimitError
PH,76334.0,0.0,18.57146693,-18.57146693,0.0,8.0,17.0,0.0,False,,2026-09-08,,90.489,,,,,,,,,,,,,,,,,,yahoo gagal: YFRateLimitError
PHIN,1968915.0,0.0,3.698609875,-3.698609875,0.0,6.0,7.0,0.0,False,,2026-09-15,,104.72599,,,,,,,,,,,,,,,,,,yahoo gagal: YFRateLimitError
PHM,822416.0,0.0,0.0,0.0,0.0,0.0,0.0,0.0,False,,,,97.786003,,,,,,,,,,,,,,,,,,yahoo gagal: YFRateLimitError
PI,1114995.0,0.0,0.138608,-0.138608,0.0,1.0,1.0,2.0,False,,2026-09-21,,109.201,,,,,,,,,,,,,,,,,,yahoo gagal: YFRateLimitError
PII,931015.0,0.0,0.0,0.0,0.0,0.0,0.0,0.0,False,,,,91.194,,,,,,,,,,,,,,,,,,yahoo gagal: YFRateLimitError
PINS,1506293.0,0.0,0.0,0.0,0.0,0.0,0.0,28.0,False,,2026-09-24,,108.097,,,,,,,,,,,,,,,,,,yahoo gagal: YFRateLimitError
PIPR,1230245.0,0.0,0.0,0.0,0.0,0.0,0.0,0.0,False,,,,88.602996,,,,,,,,,,,,,,,,,,yahoo gagal: YFRateLimitError
PJT,1626115.0,0.0,2.0616886434,-2.0616886434,0.0,4.0,5.0,0.0,False,,2026-08-21,,90.605,,,,,,,,,,,,,,,,,,yahoo gagal: YFRateLimitError
PK,1617406.0,0.0,0.0,0.0,0.0,0.0,0.0,0.0,False,,,,114.207,,,,,,,,,,,,,,,,,,yahoo gagal: YFRateLimitError
PKG,75677.0,0.0,10.196077,-10.196077,0.0,2.0,4.0,0.0,False,,2026-08-20,,100.063,,,,,,,,,,,,,,,,,,yahoo gagal: YFRateLimitError
PLAB,810136.0,0.0,0.297,-0.297,0.0,1.0,1.0,0.0,False,,2026-09-22,,96.411,,,,,,,,,,,,,,,,,,yahoo gagal: YFRateLimitError
PLD,1045609.0,0.0,0.0,0.0,0.0,0.0,0.0,1.0,False,,2026-07-16,,96.102,,,,,,,,,,,,,,,,,,yahoo gagal: YFRateLimitError
PLMR,1761312.0,0.00013499508,8.366833385000001,-8.366698389920002,1.0,5.0,8.0,12.0,False,,2026-09-21,,99.875,,,,,,,,,,,,,,,,,,yahoo gagal: YFRateLimitError
PLNT,1637207.0,0.6120590168,0.35854,0.2535190168,2.0,1.0,3.0,0.0,False,,2026-09-14,,117.887,,,,,,,,,,,,,,,,,,yahoo gagal: YFRateLimitError
PLTR,1321655.0,0.0,0.0,0.0,0.0,0.0,0.0,40.0,False,,2026-09-15,,64.745003,,,,,,,,,,,,,,,,,,yahoo gagal: YFRateLimitError
PLUS,1022408.0,0.0,0.044043015500000005,-0.044043015500000005,0.0,1.0,2.0,18.0,False,,2026-09-22,,97.726995,,,,,,,,,,,,,,,,,,yahoo gagal: YFRateLimitError
PLXS,785786.0,0.0,0.0,0.0,0.0,0.0,0.0,8.0,False,,2026-09-16,,103.456,,,,,,,,,,,,,,,,,,yahoo gagal: YFRateLimitError
PM,1413329.0,0.0,0.0,0.0,0.0,0.0,0.0,0.0,False,,,,84.418,,,,,,,,,,,,,,,,,,yahoo gagal: YFRateLimitError
PMT,1464423.0,0.0,0.0,0.0,0.0,0.0,0.0,2.0,False,,2026-09-01,,75.124,,,,,,,,,,,,,,,,,,yahoo gagal: YFRateLimitError
PNC,713676.0,0.0,1.1607102918,-1.1607102918,0.0,2.0,2.0,0.0,False,,2026-08-13,,85.599,,,,,,,,,,,,,,,,,,yahoo gagal: YFRateLimitError
PNFP,2082866.0,1.2996398999999998,0.0,1.2996398999999998,3.0,0.0,3.0,4.0,True,2026-09-10,2026-09-10,,89.345,,,,,,,,,,,,,,,,,,yahoo gagal: YFRateLimitError
PNR,77360.0,0.0,0.0,0.0,0.0,0.0,0.0,0.0,False,,,,100.639,,,,,,,,,,,,,,,,,,yahoo gagal: YFRateLimitError
PNW,764622.0,0.0,0.2807997,-0.2807997,0.0,2.0,2.0,0.0,False,,2026-08-10,,110.514,,,,,,,,,,,,,,,,,,yahoo gagal: YFRateLimitError
PODD,1145197.0,0.162217,0.0,0.162217,1.0,0.0,1.0,0.0,False,,2026-08-21,,107.108,,,,,,,,,,,,,,,,,,yahoo gagal: YFRateLimitError
POOL,945841.0,0.0,0.0,0.0,0.0,0.0,0.0,0.0,False,,,,112.399,,,,,,,,,,,,,,,,,,yahoo gagal: YFRateLimitError
POR,784977.0,0.0,0.0,0.0,0.0,0.0,0.0,1.0,False,,2026-07-27,,108.07,,,,,,,,,,,,,,,,,,yahoo gagal: YFRateLimitError
POST,1530950.0,0.0,32.289105899999996,-32.289105899999996,0.0,1.0,4.0,0.0,False,,2026-09-02,,104.928,,,,,,,,,,,,,,,,,,yahoo gagal: YFRateLimitError
POWI,833640.0,0.0,0.9356336999999999,-0.9356336999999999,0.0,1.0,2.0,0.0,False,,2026-07-22,,113.581,,,,,,,,,,,,,,,,,,yahoo gagal: YFRateLimitError
POWL,80420.0,0.0,0.00036,-0.00036,0.0,1.0,1.0,11.0,False,,2026-08-14,,93.378997,,,,,,,,,,,,,,,,,,yahoo gagal: YFRateLimitError
PPC,802481.0,0.0,0.0,0.0,0.0,0.0,0.0,0.0,False,,,,21.408,,,,,,,,,,,,,,,,,,yahoo gagal: YFRateLimitError
PPG,79879.0,0.001409279326,0.0,0.001409279326,1.0,0.0,2.0,0.0,False,,2026-09-11,,94.168997,,,,,,,,,,,,,,,,,,yahoo gagal: YFRateLimitError
PPL,922224.0,0.0,0.0,0.0,0.0,0.0,0.0,0.0,False,,,,92.384005,,,,,,,,,,,,,,,,,,yahoo gagal: YFRateLimitError
PPLI,1800227.0,0.0,0.0,0.0,0.0,0.0,0.0,0.0,False,,,,110.664,,,,,,,,,,,,,,,,,,yahoo gagal: YFRateLimitError
PR,1658566.0,0.0,0.37289304339999996,-0.37289304339999996,0.0,3.0,3.0,0.0,False,,2026-09-03,,92.724,,,,,,,,,,,,,,,,,,yahoo gagal: YFRateLimitError
PRDO,1046568.0,0.0,0.35819238,-0.35819238,0.0,1.0,1.0,1.0,False,,2026-09-15,,103.789,,,,,,,,,,,,,,,,,,yahoo gagal: YFRateLimitError
PRG,1808834.0,0.0,0.18306,-0.18306,0.0,2.0,3.0,0.0,False,,2026-08-05,,111.579,,,,,,,,,,,,,,,,,,yahoo gagal: YFRateLimitError
PRGO,1585364.0,0.0,0.0,0.0,0.0,0.0,0.0,0.0,False,,,,114.633,,,,,,,,,,,,,,,,,,yahoo gagal: YFRateLimitError
PRGS,876167.0,0.0,0.0,0.0,0.0,0.0,0.0,4.0,False,,2026-08-14,,115.296,,,,,,,,,,,,,,,,,,yahoo gagal: YFRateLimitError
PRI,1475922.0,0.0,0.0875024352,-0.0875024352,0.0,1.0,1.0,2.0,False,,2026-08-17,,96.519995,,,,,,,,,,,,,,,,,,yahoo gagal: YFRateLimitError
PRIM,1361538.0,0.00168995666,0.0,0.00168995666,1.0,0.0,1.0,0.0,False,,2026-07-15,,104.555,,,,,,,,,,,,,,,,,,yahoo gagal: YFRateLimitError
PRK,805676.0,0.0,0.0,0.0,0.0,0.0,0.0,0.0,False,,,,54.44799999999999,,,,,,,,,,,,,,,,,,yahoo gagal: YFRateLimitError
PRKS,1564902.0,0.0,0.33376373000000004,-0.33376373000000004,0.0,2.0,2.0,0.0,False,,2026-09-15,,135.56399,,,,,,,,,,,,,,,,,,yahoo gagal: YFRateLimitError
PRLB,1443669.0,0.0,0.0,0.0,0.0,0.0,0.0,3.0,False,,2026-09-24,,95.905,,,,,,,,,,,,,,,,,,yahoo gagal: YFRateLimitError
PRSU,884219.0,0.0,0.0,0.0,0.0,0.0,0.0,0.0,False,,,,109.55,,,,,,,,,,,,,,,,,,yahoo gagal: YFRateLimitError
PRU,1137774.0,0.0,0.95657652,-0.95657652,0.0,1.0,1.0,0.0,False,,2026-08-14,,64.999,,,,,,,,,,,,,,,,,,yahoo gagal: YFRateLimitError
PRVA,1759655.0,0.0,0.0,0.0,0.0,0.0,0.0,9.0,False,,2026-07-09,,98.663,,,,,,,,,,,,,,,,,,yahoo gagal: YFRateLimitError
PSA,1393311.0,0.0,0.4631333588,-0.4631333588,0.0,1.0,1.0,0.0,False,,2026-08-13,,83.83300299999999,,,,,,,,,,,,,,,,,,yahoo gagal: YFRateLimitError
PSKY,2041610.0,0.0,0.0,0.0,0.0,0.0,0.0,0.0,False,,,,31.756002,,,,,,,,,,,,,,,,,,yahoo gagal: YFRateLimitError
PSMT,1041803.0,0.0,5.964749585399999,-5.964749585399999,0.0,4.0,21.0,0.0,False,,2026-08-17,,102.158,,,,,,,,,,,,,,,,,,yahoo gagal: YFRateLimitError
PSN,275880.0,0.9594,0.0,0.9594,1.0,0.0,1.0,0.0,False,,2026-08-07,,106.081,,,,,,,,,,,,,,,,,,yahoo gagal: YFRateLimitError
PSX,1534701.0,0.0,26.982714979,-26.982714979,0.0,4.0,11.0,4.0,False,,2026-09-16,,80.521005,,,,,,,,,,,,,,,,,,yahoo gagal: YFRateLimitError
PTC,857005.0,0.0,0.0,0.0,0.0,0.0,0.0,0.0,False,,,,107.912,,,,,,,,,,,,,,,,,,yahoo gagal: YFRateLimitError
PTCT,1070081.0,0.0,0.0,0.0,0.0,0.0,0.0,39.0,False,,2026-09-17,,122.786,,,,,,,,,,,,,,,,,,yahoo gagal: YFRateLimitError
PTEN,889900.0,0.0,9.72128,-9.72128,0.0,4.0,5.0,1.0,False,,2026-09-18,,116.92499999999998,,,,,,,,,,,,,,,,,,yahoo gagal: YFRateLimitError
PTGX,1377121.0,0.0,0.0,0.0,0.0,0.0,0.0,5.0,False,,2026-09-10,,120.06199,,,,,,,,,,,,,,,,,,yahoo gagal: YFRateLimitError
PTON,1639825.0,0.0,0.1954369326,-0.1954369326,0.0,1.0,1.0,5.0,False,,2026-08-19,,96.235,,,,,,,,,,,,,,,,,,yahoo gagal: YFRateLimitError
PVH,78239.0,1.0000010192928,0.0,1.0000010192928,1.0,0.0,1.0,0.0,False,,2026-09-11,,113.39,,,,,,,,,,,,,,,,,,yahoo gagal: YFRateLimitError
PWR,1050915.0,0.0,0.0,0.0,0.0,0.0,0.0,0.0,False,,,,94.098,,,,,,,,,,,,,,,,,,yahoo gagal: YFRateLimitError
PYPL,1633917.0,0.0,0.0,0.0,0.0,0.0,0.0,11.0,False,,2026-09-03,,78.976,,,,,,,,,,,,,,,,,,yahoo gagal: YFRateLimitError
PZZA,901491.0,0.0,0.0,0.0,0.0,0.0,0.0,0.0,False,,,,116.38,,,,,,,,,,,,,,,,,,yahoo gagal: YFRateLimitError
Q,2058873.0,0.138136,0.0,0.138136,1.0,0.0,1.0,0.0,False,,2026-08-11,,78.756,,,,,,,,,,,,,,,,,,yahoo gagal: YFRateLimitError
QCOM,804328.0,0.0,0.0,0.0,0.0,0.0,0.0,30.0,False,,2026-09-25,,83.04599499999999,,,,,,,,,,,,,,,,,,yahoo gagal: YFRateLimitError
QDEL,1906324.0,0.0,0.0,0.0,0.0,0.0,0.0,0.0,False,,,,124.174,,,,,,,,,,,,,,,,,,yahoo gagal: YFRateLimitError
QLYS,1107843.0,0.0,0.0,0.0,0.0,0.0,0.0,58.0,False,,2026-09-21,,110.331,,,,,,,,,,,,,,,,,,yahoo gagal: YFRateLimitError
QNST,1117297.0,0.0,0.824,-0.824,0.0,1.0,4.0,4.0,False,,2026-08-18,,94.247,,,,,,,,,,,,,,,,,,yahoo gagal: YFRateLimitError
QRVO,1604778.0,0.0,0.0,0.0,0.0,0.0,0.0,17.0,False,,2026-09-15,,99.844,,,,,,,,,,,,,,,,,,yahoo gagal: YFRateLimitError
QTWO,1410384.0,0.0,5.110268359999999,-5.110268359999999,0.0,2.0,2.0,1.0,False,,2026-09-11,,108.896,,,,,,,,,,,,,,,,,,yahoo gagal: YFRateLimitError
R,85961.0,0.0,0.0,0.0,0.0,0.0,0.0,0.0,False,,,,92.966,,,,,,,,,,,,,,,,,,yahoo gagal: YFRateLimitError
RAL,2041385.0,0.0,0.0,0.0,0.0,0.0,0.0,3.0,False,,2026-09-14,,103.529,,,,,,,,,,,,,,,,,,yahoo gagal: YFRateLimitError
RAMP,733269.0,0.0,0.0,0.0,0.0,0.0,0.0,0.0,False,,,,103.376,,,,,,,,,,,,,,,,,,yahoo gagal: YFRateLimitError
RBA,1046102.0,0.181396,0.0,0.181396,2.0,0.0,5.0,0.0,True,2026-09-09,2026-09-09,,115.786,,,,,,,,,,,,,,,,,,yahoo gagal: YFRateLimitError
RBC,1324948.0,0.0,0.0,0.0,0.0,0.0,0.0,0.0,False,,,,102.125,,,,,,,,,,,,,,,,,,yahoo gagal: YFRateLimitError
RCL,884887.0,0.0,4.04814789,-4.04814789,0.0,1.0,1.0,0.0,False,,2026-07-29,,90.814,,,,,,,,,,,,,,,,,,yahoo gagal: YFRateLimitError
RCUS,1724521.0,0.0,0.0,0.0,0.0,0.0,0.0,4.0,False,,2026-08-21,,74.815005,,,,,,,,,,,,,,,,,,yahoo gagal: YFRateLimitError
RDDT,1713445.0,0.0,0.8200697599999999,-0.8200697599999999,0.0,1.0,1.0,79.0,False,,2026-09-15,,89.082,,,,,,,,,,,,,,,,,,yahoo gagal: YFRateLimitError
RDN,890926.0,0.0,0.0,0.0,0.0,0.0,0.0,2.0,False,,2026-09-14,,97.538,,,,,,,,,,,,,,,,,,yahoo gagal: YFRateLimitError
RDNT,790526.0,0.0,0.0,0.0,0.0,0.0,0.0,0.0,False,,,,105.38601,,,,,,,,,,,,,,,,,,yahoo gagal: YFRateLimitError
REG,910606.0,0.0,0.0,0.0,0.0,0.0,0.0,0.0,False,,,,103.529,,,,,,,,,,,,,,,,,,yahoo gagal: YFRateLimitError
REGN,872589.0,0.0,0.0,0.0,0.0,0.0,0.0,6.0,False,,2026-09-03,,93.601,,,,,,,,,,,,,,,,,,yahoo gagal: YFRateLimitError
RELY,1782170.0,0.0,10.271127850000001,-10.271127850000001,0.0,2.0,12.0,13.0,False,,2026-09-09,,88.604,,,,,,,,,,,,,,,,,,yahoo gagal: YFRateLimitError
RES,742278.0,0.0,0.0,0.0,0.0,0.0,0.0,0.0,False,,,,44.386002000000005,,,,,,,,,,,,,,,,,,yahoo gagal: YFRateLimitError
REX,744187.0,0.0,0.0,0.0,0.0,0.0,0.0,0.0,False,,,,83.357,,,,,,,,,,,,,,,,,,yahoo gagal: YFRateLimitError
REXR,1571283.0,0.0,0.0,0.0,0.0,0.0,0.0,0.0,False,,,,108.47899999999998,,,,,,,,,,,,,,,,,,yahoo gagal: YFRateLimitError
REYN,1786431.0,0.0,0.0,0.0,0.0,0.0,0.0,0.0,False,,,,32.09,,,,,,,,,,,,,,,,,,yahoo gagal: YFRateLimitError
REZI,1740332.0,0.848123172,0.0,0.848123172,3.0,0.0,3.0,0.0,True,2026-08-14,2026-08-17,,101.345,,,,,,,,,,,,,,,,,,yahoo gagal: YFRateLimitError
RF,1281761.0,0.0,2.3049045e-05,-2.3049045e-05,0.0,1.0,1.0,0.0,False,,2026-09-10,,87.178004,,,,,,,,,,,,,,,,,,yahoo gagal: YFRateLimitError
RGA,898174.0,0.0,2.1154595342999998,-2.1154595342999998,0.0,1.0,1.0,0.0,False,,2026-08-12,,103.56,,,,,,,,,,,,,,,,,,yahoo gagal: YFRateLimitError
RGEN,730272.0,0.0,0.0,0.0,0.0,0.0,0.0,6.0,False,,2026-09-24,,120.038,,,,,,,,,,,,,,,,,,yahoo gagal: YFRateLimitError
RGLD,85535.0,0.0,0.1314,-0.1314,0.0,1.0,1.0,5.0,False,,2026-09-03,,87.077004,,,,,,,,,,,,,,,,,,yahoo gagal: YFRateLimitError
RH,1528849.0,1.8323223648,21.212056708299997,-19.3797343435,1.0,2.0,17.0,0.0,False,,2026-09-22,,106.03601,,,,,,,,,,,,,,,,,,yahoo gagal: YFRateLimitError
RHI,315213.0,0.0,0.0,0.0,0.0,0.0,0.0,0.0,False,,,,126.726,,,,,,,,,,,,,,,,,,yahoo gagal: YFRateLimitError
RHP,1040829.0,0.0,0.0,0.0,0.0,0.0,0.0,0.0,False,,,,96.086,,,,,,,,,,,,,,,,,,yahoo gagal: YFRateLimitError
RITM,1556593.0,0.0,0.147741,-0.147741,0.0,1.0,1.0,0.0,False,,2026-08-20,,61.69100400000001,,,,,,,,,,,,,,,,,,yahoo gagal: YFRateLimitError
RJF,720005.0,0.0,4.090566111,-4.090566111,0.0,3.0,3.0,0.0,False,,2026-08-28,,81.12700000000001,,,,,,,,,,,,,,,,,,yahoo gagal: YFRateLimitError
RKLB,1819994.0,0.0,0.0465810015,-0.0465810015,0.0,1.0,3.0,43.0,False,,2026-09-02,,61.904997,,,,,,,,,,,,,,,,,,yahoo gagal: YFRateLimitError
RL,1037038.0,0.0,3.7377998816,-3.7377998816,0.0,2.0,2.0,0.0,False,,2026-08-18,,107.36799,,,,,,,,,,,,,,,,,,yahoo gagal: YFRateLimitError
RLI,84246.0,0.0,0.0,0.0,0.0,0.0,0.0,0.0,False,,,,96.601,,,,,,,,,,,,,,,,,,yahoo gagal: YFRateLimitError
RMBS,917273.0,0.0,0.0,0.0,0.0,0.0,0.0,2.0,False,,2026-09-22,,94.991,,,,,,,,,,,,,,,,,,yahoo gagal: YFRateLimitError
RMD,943819.0,0.0,0.0,0.0,0.0,0.0,0.0,5.0,False,,2026-09-08,,71.226,,,,,,,,,,,,,,,,,,yahoo gagal: YFRateLimitError
RNG,1384905.0,0.0,0.0,0.0,0.0,0.0,0.0,19.0,False,,2026-09-14,,118.96499,,,,,,,,,,,,,,,,,,yahoo gagal: YFRateLimitError
RNR,913144.0,0.0,1.66513412,-1.66513412,0.0,1.0,3.0,5.0,False,,2026-09-03,,99.924004,,,,,,,,,,,,,,,,,,yahoo gagal: YFRateLimitError
RNST,715072.0,0.0,1.5358,-1.5358,0.0,1.0,1.0,0.0,False,,2026-08-03,,92.372,,,,,,,,,,,,,,,,,,yahoo gagal: YFRateLimitError
ROAD,1718227.0,0.0,0.0,0.0,0.0,0.0,0.0,0.0,False,,,,105.76999,,,,,,,,,,,,,,,,,,yahoo gagal: YFRateLimitError
ROCK,912562.0,0.0,0.0,0.0,0.0,0.0,0.0,0.0,False,,,,107.70401,,,,,,,,,,,,,,,,,,yahoo gagal: YFRateLimitError
ROG,84748.0,0.0,0.0,0.0,0.0,0.0,0.0,0.0,False,,,,102.596,,,,,,,,,,,,,,,,,,yahoo gagal: YFRateLimitError
ROIV,1635088.0,0.0,127.84751444000001,-127.84751444000001,0.0,4.0,17.0,11.0,False,,2026-09-15,,78.363,,,,,,,,,,,,,,,,,,yahoo gagal: YFRateLimitError
ROK,1024478.0,0.0,0.47456915000000005,-0.47456915000000005,0.0,1.0,1.0,6.0,False,,2026-09-08,,92.870003,,,,,,,,,,,,,,,,,,yahoo gagal: YFRateLimitError
ROKU,1428439.0,0.0,0.0,0.0,0.0,0.0,0.0,35.0,False,,2026-09-15,,88.762003,,,,,,,,,,,,,,,,,,yahoo gagal: YFRateLimitError
ROL,84839.0,0.0,0.0,0.0,0.0,0.0,0.0,0.0,False,,,,61.37200000000001,,,,,,,,,,,,,,,,,,yahoo gagal: YFRateLimitError
ROP,882835.0,0.0,3.080774,-3.080774,0.0,2.0,2.0,0.0,False,,2026-07-27,,106.774,,,,,,,,,,,,,,,,,,yahoo gagal: YFRateLimitError
ROST,745732.0,0.0,12.767078701500001,-12.767078701500001,0.0,2.0,2.0,0.0,False,,2026-09-14,,95.755,,,,,,,,,,,,,,,,,,yahoo gagal: YFRateLimitError
RPM,110621.0,0.0,0.0,0.0,0.0,0.0,0.0,0.0,False,,,,88.558,,,,,,,,,,,,,,,,,,yahoo gagal: YFRateLimitError
RRC,315852.0,0.0,0.14,-0.14,0.0,1.0,1.0,0.0,False,,2026-08-05,,,,,,,,,,,,,,,,,,,,yahoo gagal: YFRateLimitError
RRR,1653653.0,0.0,3.0446167520000005,-3.0446167520000005,0.0,3.0,3.0,0.0,False,,2026-09-01,,,,,,,,,,,,,,,,,,,,yahoo gagal: YFRateLimitError
RRX,82811.0,0.0,0.029960459999999998,-0.029960459999999998,0.0,1.0,1.0,0.0,False,,2026-08-10,,,,,,,,,,,,,,,,,,,,yahoo gagal: YFRateLimitError
RS,861884.0,0.0,2.47845248,-2.47845248,0.0,3.0,4.0,0.0,False,,2026-08-26,,,,,,,,,,,,,,,,,,,,yahoo gagal: YFRateLimitError
RSG,1060391.0,1380.3221941065,0.0,1380.3221941065,1.0,0.0,86.0,0.0,False,,2026-09-11,,,,,,,,,,,,,,,,,,,,yahoo gagal: YFRateLimitError
RSI,1793659.0,0.029025000000000002,0.0,0.029025000000000002,1.0,0.0,1.0,13.0,False,,2026-09-25,,,,,,,,,,,,,,,,,,,,yahoo gagal: YFRateLimitError
RTX,101829.0,0.0,6.862402978,-6.862402978,0.0,4.0,6.0,0.0,False,,2026-08-18,,,,,,,,,,,,,,,,,,,,yahoo gagal: YFRateLimitError
RUN,1469367.0,0.0,0.8931776191,-0.8931776191,0.0,5.0,5.0,3.0,False,,2026-08-03,,,,,,,,,,,,,,,,,,,,yahoo gagal: YFRateLimitError
RUSHA,1012019.0,0.0,9.0923372308,-9.0923372308,0.0,4.0,7.0,0.0,False,,2026-08-03,,,,,,,,,,,,,,,,,,,,yahoo gagal: YFRateLimitError
RVTY,31791.0,0.0,0.0,0.0,0.0,0.0,0.0,3.0,False,,2026-09-21,,,,,,,,,,,,,,,,,,,,yahoo gagal: YFRateLimitError
RXO,1929561.0,0.0,0.0,0.0,0.0,0.0,0.0,0.0,False,,,,,,,,,,,,,,,,,,,,,,yahoo gagal: YFRateLimitError
RYAN,1849253.0,0.0,1.7066639219,-1.7066639219,0.0,2.0,2.0,0.0,False,,2026-09-08,,,,,,,,,,,,,,,,,,,,yahoo gagal: YFRateLimitError
RYN,52827.0,0.0,0.10737042,-0.10737042,0.0,1.0,1.0,0.0,False,,2026-09-10,,,,,,,,,,,,,,,,,,,,yahoo gagal: YFRateLimitError
SABR,1597033.0,0.0,0.0,0.0,0.0,0.0,0.0,0.0,False,,,,,,,,,,,,,,,,,,,,,,yahoo gagal: YFRateLimitError
SAFE,1095651.0,0.0,0.13834755,-0.13834755,0.0,1.0,1.0,0.0,False,,2026-09-09,,,,,,,,,,,,,,,,,,,,yahoo gagal: YFRateLimitError
SAFT,1172052.0,0.0,135.0411768941,-135.0411768941,0.0,1.0,6.0,0.0,False,,2026-07-27,,,,,,,,,,,,,,,,,,,,yahoo gagal: YFRateLimitError
SAH,1043509.0,0.0,0.0,0.0,0.0,0.0,0.0,0.0,False,,,,,,,,,,,,,,,,,,,,,,yahoo gagal: YFRateLimitError
SAIA,1177702.0,0.0,0.0,0.0,0.0,0.0,0.0,0.0,False,,,,,,,,,,,,,,,,,,,,,,yahoo gagal: YFRateLimitError
SAIC,1571123.0,0.1325,0.0,0.1325,1.0,0.0,1.0,0.0,False,,2026-09-22,,,,,,,,,,,,,,,,,,,,yahoo gagal: YFRateLimitError
SANM,897723.0,0.0,0.0,0.0,0.0,0.0,0.0,2.0,False,,2026-09-17,,,,,,,,,,,,,,,,,,,,yahoo gagal: YFRateLimitError
SARO,2025410.0,0.0,0.0,0.0,0.0,0.0,0.0,10.0,False,,2026-08-10,,,,,,,,,,,,,,,,,,,,yahoo gagal: YFRateLimitError
SBAC,1034054.0,0.0,0.05480235,-0.05480235,0.0,1.0,1.0,0.0,False,,2026-08-17,,,,,,,,,,,,,,,,,,,,yahoo gagal: YFRateLimitError
SBCF,730708.0,0.0,0.50885161,-0.50885161,0.0,1.0,1.0,2.0,False,,2026-09-16,,,,,,,,,,,,,,,,,,,,yahoo gagal: YFRateLimitError
SBH,1368458.0,0.0,0.0,0.0,0.0,0.0,0.0,0.0,False,,,,,,,,,,,,,,,,,,,,,,yahoo gagal: YFRateLimitError
SBRA,1492298.0,0.0,0.0,0.0,0.0,0.0,0.0,1.0,False,,2026-09-08,,,,,,,,,,,,,,,,,,,,yahoo gagal: YFRateLimitError
SBSI,705432.0,0.0,0.01328415,-0.01328415,0.0,1.0,1.0,0.0,False,,2026-09-11,,,,,,,,,,,,,,,,,,,,yahoo gagal: YFRateLimitError
SBUX,829224.0,0.0,0.0,0.0,0.0,0.0,0.0,3.0,False,,2026-09-04,,,,,,,,,,,,,,,,,,,,yahoo gagal: YFRateLimitError
SCHL,866729.0,0.0,13.8620138232,-13.8620138232,0.0,4.0,7.0,0.0,False,,2026-08-26,,,,,,,,,,,,,,,,,,,,yahoo gagal: YFRateLimitError
SCHW,316709.0,0.0,125.3828481751,-125.3828481751,0.0,6.0,21.0,16.0,False,,2026-09-01,,,,,,,,,,,,,,,,,,,,yahoo gagal: YFRateLimitError
SCI,89089.0,0.0,28.423918477800004,-28.423918477800004,0.0,3.0,4.0,0.0,False,,2026-08-03,,,,,,,,,,,,,,,,,,,,yahoo gagal: YFRateLimitError
SCL,94049.0,0.0,0.0,0.0,0.0,0.0,0.0,0.0,False,,,,,,,,,,,,,,,,,,,,,,yahoo gagal: YFRateLimitError
SCSC,918965.0,0.0,5.484319429999999,-5.484319429999999,0.0,4.0,10.0,0.0,False,,2026-09-11,,,,,,,,,,,,,,,,,,,,yahoo gagal: YFRateLimitError
SDGR,1490978.0,0.0,0.0,0.0,0.0,0.0,0.0,3.0,False,,2026-09-17,,,,,,,,,,,,,,,,,,,,yahoo gagal: YFRateLimitError
SEDG,1419612.0,0.0,0.0,0.0,0.0,0.0,0.0,0.0,False,,,,,,,,,,,,,,,,,,,,,,yahoo gagal: YFRateLimitError
SEI,1697500.0,0.500994,0.0,0.500994,1.0,0.0,2.0,0.0,False,,2026-09-08,,,,,,,,,,,,,,,,,,,,yahoo gagal: YFRateLimitError
SEIC,350894.0,0.0,21.062992526000002,-21.062992526000002,0.0,10.0,15.0,0.0,False,,2026-09-22,,,,,,,,,,,,,,,,,,,,yahoo gagal: YFRateLimitError
SEZL,1662991.0,0.043964995575,0.12592,-0.08195500442499999,2.0,1.0,3.0,22.0,True,2026-09-18,2026-09-18,,,,,,,,,,,,,,,,,,,,yahoo gagal: YFRateLimitError
SF,720672.0,0.0,0.372233,-0.372233,0.0,1.0,2.0,0.0,False,,2026-07-23,,,,,,,,,,,,,,,,,,,,yahoo gagal: YFRateLimitError
SFBS,1430723.0,0.0,1.028445,-1.028445,0.0,1.0,1.0,0.0,False,,2026-07-31,,,,,,,,,,,,,,,,,,,,yahoo gagal: YFRateLimitError
SFM,1575515.0,0.0,0.23790640819999997,-0.23790640819999997,0.0,2.0,2.0,6.0,False,,2026-09-08,,,,,,,,,,,,,,,,,,,,yahoo gagal: YFRateLimitError
SFNC,90498.0,0.0,0.0,0.0,0.0,0.0,0.0,0.0,False,,,,,,,,,,,,,,,,,,,,,,yahoo gagal: YFRateLimitError
SGI,1206264.0,1.885314,0.0,1.885314,1.0,0.0,1.0,0.0,False,,2026-08-27,,,,,,,,,,,,,,,,,,,,yahoo gagal: YFRateLimitError
SHAK,1620533.0,0.0,0.0,0.0,0.0,0.0,0.0,0.0,False,,,,,,,,,,,,,,,,,,,,,,yahoo gagal: YFRateLimitError
SHC,1822479.0,0.0,24.0000364665,-24.0000364665,0.0,2.0,3.0,0.0,False,,2026-08-17,,,,,,,,,,,,,,,,,,,,yahoo gagal: YFRateLimitError
SHEN,354963.0,0.07427999237999999,0.0,0.07427999237999999,2.0,0.0,3.0,0.0,True,2026-07-31,2026-07-31,,,,,,,,,,,,,,,,,,,,yahoo gagal: YFRateLimitError
SHO,1295810.0,0.0,0.0,0.0,0.0,0.0,0.0,0.0,False,,,,,,,,,,,,,,,,,,,,,,yahoo gagal: YFRateLimitError
SHOO,913241.0,0.0,1.1943805941999999,-1.1943805941999999,0.0,5.0,5.0,0.0,False,,2026-08-05,,,,,,,,,,,,,,,,,,,,yahoo gagal: YFRateLimitError
SHOP,1594805.0,0.0,0.0,0.0,0.0,0.0,0.0,0.0,False,,,,,,,,,,,,,,,,,,,,,,yahoo gagal: YFRateLimitError
SHW,89800.0,0.0,7.6658638,-7.6658638,0.0,2.0,2.0,0.0,False,,2026-08-17,,,,,,,,,,,,,,,,,,,,yahoo gagal: YFRateLimitError
SIG,832988.0,0.0,0.0,0.0,0.0,0.0,0.0,0.0,False,,,,,,,,,,,,,,,,,,,,,,yahoo gagal: YFRateLimitError
SIGI,230557.0,0.0,1.6081558200000001,-1.6081558200000001,0.0,1.0,1.0,0.0,False,,2026-07-28,,,,,,,,,,,,,,,,,,,,yahoo gagal: YFRateLimitError
SIRI,908937.0,0.0,0.0,0.0,0.0,0.0,0.0,0.0,False,,,,,,,,,,,,,,,,,,,,,,yahoo gagal: YFRateLimitError
SITM,1451809.0,0.0,12.5597064,-12.5597064,0.0,6.0,9.0,0.0,False,,2026-09-11,,,,,,,,,,,,,,,,,,,,yahoo gagal: YFRateLimitError
SJM,91419.0,0.0,14.502590979999999,-14.502590979999999,0.0,4.0,5.0,0.0,False,,2026-08-31,,,,,,,,,,,,,,,,,,,,yahoo gagal: YFRateLimitError
SKT,899715.0,0.0,0.0,0.0,0.0,0.0,0.0,0.0,False,,,,,,,,,,,,,,,,,,,,,,yahoo gagal: YFRateLimitError
SKY,90896.0,0.0,0.24433,-0.24433,0.0,2.0,2.0,0.0,False,,2026-08-10,,,,,,,,,,,,,,,,,,,,yahoo gagal: YFRateLimitError
SKYW,793733.0,0.0,12.8553239324,-12.8553239324,0.0,4.0,9.0,0.0,False,,2026-08-03,,,,,,,,,,,,,,,,,,,,yahoo gagal: YFRateLimitError
SLAB,1038074.0,0.0,0.0,0.0,0.0,0.0,0.0,1.0,False,,2026-08-14,,,,,,,,,,,,,,,,,,,,yahoo gagal: YFRateLimitError
SLB,87347.0,0.0,0.0,0.0,0.0,0.0,0.0,4.0,False,,2026-09-01,,,,,,,,,,,,,,,,,,,,yahoo gagal: YFRateLimitError
SLG,1040971.0,0.0,2.322235223,-2.322235223,0.0,1.0,3.0,0.0,False,,2026-08-21,,,,,,,,,,,,,,,,,,,,yahoo gagal: YFRateLimitError
SLGN,849869.0,0.0,0.0,0.0,0.0,0.0,0.0,0.0,False,,,,,,,,,,,,,,,,,,,,,,yahoo gagal: YFRateLimitError
SLM,1032033.0,0.0,0.0,0.0,0.0,0.0,0.0,0.0,False,,,,,,,,,,,,,,,,,,,,,,yahoo gagal: YFRateLimitError
SLVM,1856485.0,0.0,0.0,0.0,0.0,0.0,0.0,0.0,False,,,,,,,,,,,,,,,,,,,,,,yahoo gagal: YFRateLimitError
SM,893538.0,0.0,0.787572,-0.787572,0.0,2.0,2.0,0.0,False,,2026-09-10,,,,,,,,,,,,,,,,,,,,yahoo gagal: YFRateLimitError
SMCI,1375365.0,0.0,0.0,0.0,0.0,0.0,0.0,6.0,False,,2026-09-04,,,,,,,,,,,,,,,,,,,,yahoo gagal: YFRateLimitError
SMG,825542.0,0.0,2.1548198689,-2.1548198689,0.0,3.0,4.0,0.0,False,,2026-08-10,,,,,,,,,,,,,,,,,,,,yahoo gagal: YFRateLimitError
SMP,93389.0,0.0,0.9181562099999999,-0.9181562099999999,0.0,2.0,4.0,0.0,False,,2026-09-09,,,,,,,,,,,,,,,,,,,,yahoo gagal: YFRateLimitError
SMPL,1702744.0,0.0,0.0,0.0,0.0,0.0,0.0,0.0,False,,,,,,,,,,,,,,,,,,,,,,yahoo gagal: YFRateLimitError
SMTC,88941.0,0.0,2.3433861642,-2.3433861642,0.0,2.0,3.0,20.0,False,,2026-09-23,,,,,,,,,,,,,,,,,,,,yahoo gagal: YFRateLimitError
SN,1957132.0,0.0,421.02633652000003,-421.02633652000003,0.0,4.0,10.0,3.0,False,,2026-08-26,,,,,,,,,,,,,,,,,,,,yahoo gagal: YFRateLimitError
SNA,91440.0,0.0,1.8002607612,-1.8002607612,0.0,1.0,3.0,17.0,False,,2026-08-26,,,,,,,,,,,,,,,,,,,,yahoo gagal: YFRateLimitError
SNDK,2023554.0,0.0,0.0,0.0,0.0,0.0,0.0,67.0,False,,2026-09-17,,,,,,,,,,,,,,,,,,,,yahoo gagal: YFRateLimitError
SNDR,1692063.0,0.0,2.6081195069999996,-2.6081195069999996,0.0,1.0,4.0,0.0,False,,2026-08-04,,,,,,,,,,,,,,,,,,,,yahoo gagal: YFRateLimitError
SNEX,913760.0,0.161206,0.0,0.161206,1.0,0.0,1.0,19.0,False,,2026-09-16,,,,,,,,,,,,,,,,,,,,yahoo gagal: YFRateLimitError
SNPS,883241.0,0.0,0.0,0.0,0.0,0.0,0.0,4.0,False,,2026-09-15,,,,,,,,,,,,,,,,,,,,yahoo gagal: YFRateLimitError
SNX,1177394.0,0.0,6.99150733,-6.99150733,0.0,2.0,6.0,36.0,False,,2026-09-15,,,,,,,,,,,,,,,,,,,,yahoo gagal: YFRateLimitError
SO,92122.0,0.0,0.124418,-0.124418,0.0,1.0,1.0,5.0,False,,2026-09-03,,,,,,,,,,,,,,,,,,,,yahoo gagal: YFRateLimitError
SOLS,2064953.0,0.0,0.0,0.0,0.0,0.0,0.0,0.0,False,,,,,,,,,,,,,,,,,,,,,,yahoo gagal: YFRateLimitError
SOLV,1964738.0,0.0,0.0,0.0,0.0,0.0,0.0,0.0,False,,,,,,,,,,,,,,,,,,,,,,yahoo gagal: YFRateLimitError
SON,91767.0,0.2494460155,0.01528416,0.23416185550000002,1.0,1.0,2.0,0.0,False,,2026-08-07,,,,,,,,,,,,,,,,,,,,yahoo gagal: YFRateLimitError
SONO,1314727.0,0.0,0.0,0.0,0.0,0.0,0.0,3.0,False,,2026-09-01,,,,,,,,,,,,,,,,,,,,yahoo gagal: YFRateLimitError
SPCX,1181412.0,0.0,0.0,0.0,0.0,0.0,0.0,5.0,False,,2026-09-22,,,,,,,,,,,,,,,,,,,,yahoo gagal: YFRateLimitError
SPG,1063761.0,0.5330511899999999,0.0,0.5330511899999999,11.0,0.0,28.0,0.0,True,2026-06-30,2026-06-30,,,,,,,,,,,,,,,,,,,,yahoo gagal: YFRateLimitError
SPGI,64040.0,0.0,0.0,0.0,0.0,0.0,0.0,0.0,False,,,,,,,,,,,,,,,,,,,,,,yahoo gagal: YFRateLimitError
SPHR,1795250.0,0.0,0.0,0.0,0.0,0.0,0.0,0.0,False,,,,,,,,,,,,,,,,,,,,,,yahoo gagal: YFRateLimitError
SPNT,1576018.0,0.0,0.0,0.0,0.0,0.0,0.0,0.0,False,,,,,,,,,,,,,,,,,,,,,,yahoo gagal: YFRateLimitError
SPSC,1092699.0,0.0,0.0,0.0,0.0,0.0,0.0,0.0,False,,,,,,,,,,,,,,,,,,,,,,yahoo gagal: YFRateLimitError
SPXC,88205.0,0.0,0.0,0.0,0.0,0.0,0.0,0.0,False,,,,,,,,,,,,,,,,,,,,,,yahoo gagal: YFRateLimitError
SR,1126956.0,0.0,0.0,0.0,0.0,0.0,0.0,0.0,False,,,,,,,,,,,,,,,,,,,,,,yahoo gagal: YFRateLimitError
SRE,1032208.0,0.0,0.0,0.0,0.0,0.0,0.0,0.0,False,,,,,,,,,,,,,,,,,,,,,,yahoo gagal: YFRateLimitError
SRPT,873303.0,0.0,0.0,0.0,0.0,0.0,0.0,0.0,False,,,,,,,,,,,,,,,,,,,,,,yahoo gagal: YFRateLimitError
SSB,764038.0,0.0,1.10277352,-1.10277352,0.0,2.0,2.0,4.0,False,,2026-08-19,,,,,,,,,,,,,,,,,,,,yahoo gagal: YFRateLimitError
SSD,920371.0,0.0,0.76178168,-0.76178168,0.0,2.0,2.0,0.0,False,,2026-09-10,,,,,,,,,,,,,,,,,,,,yahoo gagal: YFRateLimitError
ST,1477294.0,0.0,0.0,0.0,0.0,0.0,0.0,0.0,False,,,,,,,,,,,,,,,,,,,,,,yahoo gagal: YFRateLimitError
STAA,718937.0,0.0,0.0,0.0,0.0,0.0,0.0,0.0,False,,,,,,,,,,,,,,,,,,,,,,yahoo gagal: YFRateLimitError
STAG,1479094.0,0.0,0.0,0.0,0.0,0.0,0.0,0.0,False,,,,,,,,,,,,,,,,,,,,,,yahoo gagal: YFRateLimitError
STBA,719220.0,0.0,0.887075105,-0.887075105,0.0,1.0,27.0,0.0,False,,2026-08-12,,,,,,,,,,,,,,,,,,,,yahoo gagal: YFRateLimitError
STC,94344.0,0.0,0.10374,-0.10374,0.0,1.0,1.0,0.0,False,,2026-08-21,,,,,,,,,,,,,,,,,,,,yahoo gagal: YFRateLimitError
STE,1757898.0,0.0,0.9567952399999999,-0.9567952399999999,0.0,1.0,1.0,0.0,False,,2026-08-12,,,,,,,,,,,,,,,,,,,,yahoo gagal: YFRateLimitError
STEP,1796022.0,0.0,0.0,0.0,0.0,0.0,0.0,0.0,False,,,,,,,,,,,,,,,,,,,,,,yahoo gagal: YFRateLimitError
STLD,1022671.0,0.0,0.0,0.0,0.0,0.0,0.0,0.0,False,,,,,,,,,,,,,,,,,,,,,,yahoo gagal: YFRateLimitError
STRA,1013934.0,0.0,0.0,0.0,0.0,0.0,0.0,0.0,False,,,,,,,,,,,,,,,,,,,,,,yahoo gagal: YFRateLimitError
STRL,874238.0,0.0,0.0,0.0,0.0,0.0,0.0,0.0,False,,,,,,,,,,,,,,,,,,,,,,yahoo gagal: YFRateLimitError
STT,93751.0,0.0,0.090595,-0.090595,0.0,1.0,1.0,3.0,False,,2026-08-03,,,,,,,,,,,,,,,,,,,,yahoo gagal: YFRateLimitError
STWD,1465128.0,0.0,0.0,0.0,0.0,0.0,0.0,0.0,False,,,,,,,,,,,,,,,,,,,,,,yahoo gagal: YFRateLimitError
STX,1137789.0,0.0,165.808086852275,-165.808086852275,0.0,5.0,23.0,356.0,False,,2026-09-21,,,,,,,,,,,,,,,,,,,,yahoo gagal: YFRateLimitError
STZ,16918.0,0.0,0.0,0.0,0.0,0.0,0.0,0.0,False,,,,,,,,,,,,,,,,,,,,,,yahoo gagal: YFRateLimitError
SUI,912593.0,0.0,0.0,0.0,0.0,0.0,0.0,0.0,False,,,,,,,,,,,,,,,,,,,,,,yahoo gagal: YFRateLimitError
SUPN,1356576.0,0.0,0.0,0.0,0.0,0.0,0.0,0.0,False,,,,,,,,,,,,,,,,,,,,,,yahoo gagal: YFRateLimitError
SW,2005951.0,0.0,0.0,0.0,0.0,0.0,0.0,0.0,False,,,,,,,,,,,,,,,,,,,,,,yahoo gagal: YFRateLimitError
SWK,93556.0,0.0,0.10516415,-0.10516415,0.0,1.0,1.0,0.0,False,,2026-08-07,,,,,,,,,,,,,,,,,,,,yahoo gagal: YFRateLimitError
SWKS,4127.0,0.0,0.0,0.0,0.0,0.0,0.0,0.0,False,,,,,,,,,,,,,,,,,,,,,,yahoo gagal: YFRateLimitError
SWX,1692115.0,0.0,0.0,0.0,0.0,0.0,0.0,0.0,False,,,,,,,,,,,,,,,,,,,,,,yahoo gagal: YFRateLimitError
SXI,310354.0,0.012328065,1.125820135,-1.1134920700000002,1.0,2.0,4.0,5.0,False,,2026-09-04,,,,,,,,,,,,,,,,,,,,yahoo gagal: YFRateLimitError
SXT,310142.0,0.0,0.15537204,-0.15537204,0.0,1.0,1.0,0.0,False,,2026-08-05,,,,,,,,,,,,,,,,,,,,yahoo gagal: YFRateLimitError
SYF,1601712.0,0.0,0.0,0.0,0.0,0.0,0.0,4.0,False,,2026-08-13,,,,,,,,,,,,,,,,,,,,yahoo gagal: YFRateLimitError
SYK,310764.0,0.0,118.19883016199998,-118.19883016199998,0.0,3.0,22.0,0.0,False,,2026-08-21,,,,,,,,,,,,,,,,,,,,yahoo gagal: YFRateLimitError
SYNA,817720.0,0.0,0.0,0.0,0.0,0.0,0.0,23.0,False,,2026-09-21,,,,,,,,,,,,,,,,,,,,yahoo gagal: YFRateLimitError
SYY,96021.0,0.0,0.0,0.0,0.0,0.0,0.0,6.0,False,,2026-09-14,,,,,,,,,,,,,,,,,,,,yahoo gagal: YFRateLimitError
T,732717.0,0.0,0.0,0.0,0.0,0.0,0.0,0.0,False,,,,,,,,,,,,,,,,,,,,,,yahoo gagal: YFRateLimitError
TALO,1724965.0,0.0,30.205300880000003,-30.205300880000003,0.0,4.0,5.0,0.0,False,,2026-09-15,,,,,,,,,,,,,,,,,,,,yahoo gagal: YFRateLimitError
TBBK,1295401.0,0.0,0.22019457,-0.22019457,0.0,1.0,2.0,0.0,False,,2026-08-06,,,,,,,,,,,,,,,,,,,,yahoo gagal: YFRateLimitError
TCBI,1077428.0,0.0,0.20456135,-0.20456135,0.0,1.0,1.0,0.0,False,,2026-07-24,,,,,,,,,,,,,,,,,,,,yahoo gagal: YFRateLimitError
TDC,816761.0,0.0,0.0,0.0,0.0,0.0,0.0,2.0,False,,2026-09-15,,,,,,,,,,,,,,,,,,,,yahoo gagal: YFRateLimitError
TDG,1260221.0,0.0,0.0,0.0,0.0,0.0,0.0,105.0,False,,2026-09-15,,,,,,,,,,,,,,,,,,,,yahoo gagal: YFRateLimitError
TDS,1051512.0,0.0,2.96481111,-2.96481111,0.0,1.0,1.0,0.0,False,,2026-09-11,,,,,,,,,,,,,,,,,,,,yahoo gagal: YFRateLimitError
TDW,98222.0,0.0,4.46196744,-4.46196744,0.0,3.0,6.0,2.0,False,,2026-09-16,,,,,,,,,,,,,,,,,,,,yahoo gagal: YFRateLimitError
TDY,1094285.0,0.0,4.7088758062,-4.7088758062,0.0,2.0,5.0,0.0,False,,2026-08-12,,,,,,,,,,,,,,,,,,,,yahoo gagal: YFRateLimitError
TECH,842023.0,0.0,0.0,0.0,0.0,0.0,0.0,0.0,False,,,,,,,,,,,,,,,,,,,,,,yahoo gagal: YFRateLimitError
TEL,1385157.0,0.0,0.0,0.0,0.0,0.0,0.0,0.0,False,,,,,,,,,,,,,,,,,,,,,,yahoo gagal: YFRateLimitError
TER,97210.0,0.0,0.0,0.0,0.0,0.0,0.0,10.0,False,,2026-09-17,,,,,,,,,,,,,,,,,,,,yahoo gagal: YFRateLimitError
TEX,97216.0,0.0,0.0,0.0,0.0,0.0,0.0,0.0,False,,,,,,,,,,,,,,,,,,,,,,yahoo gagal: YFRateLimitError
TFC,92230.0,1.0155768,1.584518414,-0.5689416139999999,1.0,3.0,4.0,0.0,False,,2026-09-17,,,,,,,,,,,,,,,,,,,,yahoo gagal: YFRateLimitError
TFIN,1539638.0,0.0,0.2964375,-0.2964375,0.0,1.0,1.0,1.0,False,,2026-08-20,,,,,,,,,,,,,,,,,,,,yahoo gagal: YFRateLimitError
TFX,96943.0,0.0,0.0,0.0,0.0,0.0,0.0,0.0,False,,,,,,,,,,,,,,,,,,,,,,yahoo gagal: YFRateLimitError
TGT,27419.0,0.0,11.92999826,-11.92999826,0.0,4.0,4.0,0.0,False,,2026-08-25,,,,,,,,,,,,,,,,,,,,yahoo gagal: YFRateLimitError
TGTX,1001316.0,0.0,0.2748,-0.2748,0.0,1.0,1.0,0.0,False,,2026-09-10,,,,,,,,,,,,,,,,,,,,yahoo gagal: YFRateLimitError
THC,70318.0,0.0,49.99127396,-49.99127396,0.0,11.0,19.0,0.0,False,,2026-09-14,,,,,,,,,,,,,,,,,,,,yahoo gagal: YFRateLimitError
THG,944695.0,0.0,0.506438,-0.506438,0.0,2.0,3.0,5.0,False,,2026-08-20,,,,,,,,,,,,,,,,,,,,yahoo gagal: YFRateLimitError
THO,730263.0,0.0,0.0,0.0,0.0,0.0,0.0,0.0,False,,,,,,,,,,,,,,,,,,,,,,yahoo gagal: YFRateLimitError
THRM,903129.0,0.0,0.24305625,-0.24305625,0.0,2.0,2.0,0.0,False,,2026-08-17,,,,,,,,,,,,,,,,,,,,yahoo gagal: YFRateLimitError
TILE,715787.0,0.0,0.9151519199999999,-0.9151519199999999,0.0,4.0,5.0,6.0,False,,2026-09-24,,,,,,,,,,,,,,,,,,,,yahoo gagal: YFRateLimitError
TJX,109198.0,0.0,0.0,0.0,0.0,0.0,0.0,0.0,False,,,,,,,,,,,,,,,,,,,,,,yahoo gagal: YFRateLimitError
TKO,1973266.0,0.0,0.0,0.0,0.0,0.0,0.0,34.0,False,,2026-09-14,,,,,,,,,,,,,,,,,,,,yahoo gagal: YFRateLimitError
TKR,98362.0,0.0,1.7268533099999999,-1.7268533099999999,0.0,1.0,1.0,0.0,False,,2026-08-10,,,,,,,,,,,,,,,,,,,,yahoo gagal: YFRateLimitError
TLN,1622536.0,0.0,0.0,0.0,0.0,0.0,0.0,0.0,False,,,,,,,,,,,,,,,,,,,,,,yahoo gagal: YFRateLimitError
TMDX,1756262.0,0.10905767999999999,0.0,0.10905767999999999,1.0,0.0,1.0,0.0,False,,2026-09-11,,,,,,,,,,,,,,,,,,,,yahoo gagal: YFRateLimitError
TMO,97745.0,0.0,10.652713,-10.652713,0.0,2.0,3.0,90.0,False,,2026-08-31,,,,,,,,,,,,,,,,,,,,yahoo gagal: YFRateLimitError
TMP,1005817.0,0.0,0.0,0.0,0.0,0.0,0.0,0.0,False,,,,,,,,,,,,,,,,,,,,,,yahoo gagal: YFRateLimitError
TMUS,1283699.0,0.0,0.0,0.0,0.0,0.0,0.0,1.0,False,,2026-09-10,,,,,,,,,,,,,,,,,,,,yahoo gagal: YFRateLimitError
TNC,97134.0,0.8492404,0.0,0.8492404,3.0,0.0,3.0,0.0,True,2026-08-12,2026-08-31,,,,,,,,,,,,,,,,,,,,yahoo gagal: YFRateLimitError
TNDM,1438133.0,0.0,0.0,0.0,0.0,0.0,0.0,0.0,False,,,,,,,,,,,,,,,,,,,,,,yahoo gagal: YFRateLimitError
TNL,1361658.0,0.0,13.2357246,-13.2357246,0.0,5.0,5.0,2.0,False,,2026-08-26,,,,,,,,,,,,,,,,,,,,yahoo gagal: YFRateLimitError
TOL,794170.0,0.0,0.108792,-0.108792,0.0,1.0,1.0,0.0,False,,2026-09-24,,,,,,,,,,,,,,,,,,,,yahoo gagal: YFRateLimitError
TOST,1650164.0,0.0,1.464928543,-1.464928543,0.0,6.0,6.0,20.0,False,,2026-09-02,,,,,,,,,,,,,,,,,,,,yahoo gagal: YFRateLimitError
TPC,77543.0,0.0,216.82053906000002,-216.82053906000002,0.0,3.0,9.0,0.0,False,,2026-08-31,,,,,,,,,,,,,,,,,,,,yahoo gagal: YFRateLimitError
TPL,1811074.0,0.025556489999999998,0.0,0.025556489999999998,2.0,0.0,63.0,0.0,True,2026-09-15,2026-09-24,,,,,,,,,,,,,,,,,,,,yahoo gagal: YFRateLimitError
TPR,1116132.0,0.0,0.6703292399999999,-0.6703292399999999,0.0,1.0,2.0,2.0,False,,2026-09-09,,,,,,,,,,,,,,,,,,,,yahoo gagal: YFRateLimitError
TR,98677.0,0.0,0.0,0.0,0.0,0.0,0.0,0.0,False,,,,,,,,,,,,,,,,,,,,,,yahoo gagal: YFRateLimitError
TREX,1069878.0,0.0,0.052572345,-0.052572345,0.0,1.0,1.0,0.0,False,,2026-08-07,,,,,,,,,,,,,,,,,,,,yahoo gagal: YFRateLimitError
TRGP,1389170.0,0.0,2.1276318119999997,-2.1276318119999997,0.0,3.0,9.0,0.0,False,,2026-09-01,,,,,,,,,,,,,,,,,,,,yahoo gagal: YFRateLimitError
TRI,1075124.0,0.0,0.0,0.0,0.0,0.0,0.0,0.0,False,,,,,,,,,,,,,,,,,,,,,,yahoo gagal: YFRateLimitError
TRIP,1526520.0,0.0,0.0,0.0,0.0,0.0,0.0,2.0,False,,2026-09-02,,,,,,,,,,,,,,,,,,,,yahoo gagal: YFRateLimitError
TRMB,864749.0,0.0,0.0,0.0,0.0,0.0,0.0,1.0,False,,2026-08-04,,,,,,,,,,,,,,,,,,,,yahoo gagal: YFRateLimitError
TRMK,36146.0,0.0,0.024186549999999998,-0.024186549999999998,0.0,1.0,1.0,0.0,False,,2026-09-02,,,,,,,,,,,,,,,,,,,,yahoo gagal: YFRateLimitError
TRN,99780.0,0.0,0.0,0.0,0.0,0.0,0.0,0.0,False,,,,,,,,,,,,,,,,,,,,,,yahoo gagal: YFRateLimitError
TRNO,1476150.0,0.0,1.0981546000000002,-1.0981546000000002,0.0,3.0,3.0,0.0,False,,2026-08-11,,,,,,,,,,,,,,,,,,,,yahoo gagal: YFRateLimitError
TROW,1113169.0,0.0,1.118203,-1.118203,0.0,1.0,1.0,0.0,False,,2026-08-25,,,,,,,,,,,,,,,,,,,,yahoo gagal: YFRateLimitError
TRST,357301.0,0.03082077,0.0,0.03082077,1.0,0.0,2.0,0.0,False,,2026-09-02,,,,,,,,,,,,,,,,,,,,yahoo gagal: YFRateLimitError
TRU,1552033.0,0.0,1.793099,-1.793099,0.0,1.0,1.0,11.0,False,,2026-09-14,,,,,,,,,,,,,,,,,,,,yahoo gagal: YFRateLimitError
TRUP,1371285.0,0.0,0.19902455,-0.19902455,0.0,2.0,2.0,5.0,False,,2026-09-11,,,,,,,,,,,,,,,,,,,,yahoo gagal: YFRateLimitError
TRV,86312.0,0.0,23.4993898878,-23.4993898878,0.0,9.0,13.0,0.0,False,,2026-08-28,,,,,,,,,,,,,,,,,,,,yahoo gagal: YFRateLimitError
TSCO,916365.0,0.6523944,0.0,0.6523944,3.0,0.0,4.0,0.0,True,2026-08-04,2026-08-04,,,,,,,,,,,,,,,,,,,,yahoo gagal: YFRateLimitError
TSLA,1318605.0,0.0,0.9384191705,-0.9384191705,0.0,1.0,1.0,0.0,False,,2026-09-08,,,,,,,,,,,,,,,,,,,,yahoo gagal: YFRateLimitError
TSN,100493.0,1.00161665,0.0,1.00161665,1.0,0.0,1.0,0.0,False,,2026-09-04,,,,,,,,,,,,,,,,,,,,yahoo gagal: YFRateLimitError
TT,1466258.0,0.0,0.06847914999999999,-0.06847914999999999,0.0,1.0,1.0,1.0,False,,2026-08-05,,,,,,,,,,,,,,,,,,,,yahoo gagal: YFRateLimitError
TTC,737758.0,0.0,0.0136822,-0.0136822,0.0,1.0,1.0,0.0,False,,2026-09-08,,,,,,,,,,,,,,,,,,,,yahoo gagal: YFRateLimitError
TTEK,831641.0,0.0,0.0,0.0,0.0,0.0,0.0,0.0,False,,,,,,,,,,,,,,,,,,,,,,yahoo gagal: YFRateLimitError
TTMI,1116942.0,1.6422,3.720116,-2.077916,2.0,1.0,3.0,0.0,True,2026-08-25,2026-08-25,,,,,,,,,,,,,,,,,,,,yahoo gagal: YFRateLimitError
TTWO,946581.0,0.0,10.19428535,-10.19428535,0.0,2.0,12.0,7.0,False,,2026-09-15,,,,,,,,,,,,,,,,,,,,yahoo gagal: YFRateLimitError
TWLO,1447669.0,0.0,128.490539776,-128.490539776,0.0,3.0,16.0,13.0,False,,2026-08-17,,,,,,,,,,,,,,,,,,,,yahoo gagal: YFRateLimitError
TXN,97476.0,0.0,1.85241312,-1.85241312,0.0,1.0,2.0,0.0,False,,2026-08-27,,,,,,,,,,,,,,,,,,,,yahoo gagal: YFRateLimitError
TXNM,1108426.0,0.0,0.0,0.0,0.0,0.0,0.0,0.0,False,,,,,,,,,,,,,,,,,,,,,,yahoo gagal: YFRateLimitError
TXRH,1289460.0,0.0,1.19642379,-1.19642379,0.0,5.0,5.0,2.0,False,,2026-08-26,,,,,,,,,,,,,,,,,,,,yahoo gagal: YFRateLimitError
TXT,217346.0,0.0,0.0,0.0,0.0,0.0,0.0,0.0,False,,,,,,,,,,,,,,,,,,,,,,yahoo gagal: YFRateLimitError
TYL,860731.0,0.0,6.47797725,-6.47797725,0.0,2.0,2.0,0.0,False,,2026-08-28,,,,,,,,,,,,,,,,,,,,yahoo gagal: YFRateLimitError
UA,1336917.0,0.10018085439999999,0.0,0.10018085439999999,1.0,0.0,1.0,0.0,False,,2026-08-11,,,,,,,,,,,,,,,,,,,,yahoo gagal: YFRateLimitError
UAA,1336917.0,0.0,0.0,0.0,0.0,0.0,0.0,0.0,False,,,,,,,,,,,,,,,,,,,,,,yahoo gagal: YFRateLimitError
UAL,100517.0,0.0,26.327801204999997,-26.327801204999997,0.0,4.0,6.0,1.0,False,,2026-08-25,,,,,,,,,,,,,,,,,,,,yahoo gagal: YFRateLimitError
UBER,1543151.0,15.3140158825,2.008673118,13.305342764499999,2.0,1.0,4.0,0.0,True,2026-09-10,2026-09-11,,,,,,,,,,,,,,,,,,,,yahoo gagal: YFRateLimitError
UBSI,729986.0,0.0,0.148544,-0.148544,0.0,1.0,1.0,0.0,False,,2026-09-01,,,,,,,,,,,,,,,,,,,,yahoo gagal: YFRateLimitError
UCB,857855.0,0.07427035000000001,0.8852499999999999,-0.8109796499999999,1.0,1.0,2.0,2.0,False,,2026-08-10,,,,,,,,,,,,,,,,,,,,yahoo gagal: YFRateLimitError
UCTT,1275014.0,0.0,0.0,0.0,0.0,0.0,0.0,3.0,False,,2026-07-02,,,,,,,,,,,,,,,,,,,,yahoo gagal: YFRateLimitError
UDR,74208.0,0.0,0.0,0.0,0.0,0.0,0.0,0.0,False,,,,,,,,,,,,,,,,,,,,,,yahoo gagal: YFRateLimitError
UE,1611547.0,0.0,0.0,0.0,0.0,0.0,0.0,0.0,False,,,,,,,,,,,,,,,,,,,,,,yahoo gagal: YFRateLimitError
UFCS,101199.0,0.0,0.5427985083,-0.5427985083,0.0,1.0,1.0,0.0,False,,2026-09-03,,,,,,,,,,,,,,,,,,,,yahoo gagal: YFRateLimitError
UFPI,912767.0,0.0,0.0,0.0,0.0,0.0,0.0,0.0,False,,,,,,,,,,,,,,,,,,,,,,yahoo gagal: YFRateLimitError
UFPT,914156.0,0.0,12.63494267,-12.63494267,0.0,5.0,13.0,0.0,False,,2026-08-25,,,,,,,,,,,,,,,,,,,,yahoo gagal: YFRateLimitError
UGI,884614.0,0.0,0.0,0.0,0.0,0.0,0.0,0.0,False,,,,,,,,,,,,,,,,,,,,,,yahoo gagal: YFRateLimitError
UHS,352915.0,0.0,0.0,0.0,0.0,0.0,0.0,0.0,False,,,,,,,,,,,,,,,,,,,,,,yahoo gagal: YFRateLimitError
ULS,1901440.0,0.0,0.0,0.0,0.0,0.0,0.0,10.0,False,,2026-09-01,,,,,,,,,,,,,,,,,,,,yahoo gagal: YFRateLimitError
ULTA,1403568.0,0.0,1.41415316,-1.41415316,0.0,2.0,2.0,0.0,False,,2026-09-17,,,,,,,,,,,,,,,,,,,,yahoo gagal: YFRateLimitError
UMBF,101382.0,0.13502116188,5.559608745200001,-5.424587583320001,2.0,10.0,15.0,0.0,True,2026-09-01,2026-09-01,,,,,,,,,,,,,,,,,,,,yahoo gagal: YFRateLimitError
UNF,717954.0,0.0,0.0,0.0,0.0,0.0,0.0,0.0,False,,,,,,,,,,,,,,,,,,,,,,yahoo gagal: YFRateLimitError
UNFI,1020859.0,0.0,0.0,0.0,0.0,0.0,0.0,0.0,False,,,,,,,,,,,,,,,,,,,,,,yahoo gagal: YFRateLimitError
UNH,731766.0,0.0,0.66091,-0.66091,0.0,1.0,2.0,0.0,False,,2026-08-21,,,,,,,,,,,,,,,,,,,,yahoo gagal: YFRateLimitError
UNIT,2020795.0,0.0,0.0,0.0,0.0,0.0,0.0,0.0,False,,,,,,,,,,,,,,,,,,,,,,yahoo gagal: YFRateLimitError
UNM,5513.0,0.0,0.98839402,-0.98839402,0.0,3.0,3.0,0.0,False,,2026-09-10,,,,,,,,,,,,,,,,,,,,yahoo gagal: YFRateLimitError
UNP,100885.0,0.0,0.0,0.0,0.0,0.0,0.0,0.0,False,,,,,,,,,,,,,,,,,,,,,,yahoo gagal: YFRateLimitError
UPBD,933036.0,0.04610655,0.1885,-0.14239345,1.0,1.0,3.0,0.0,False,,2026-08-21,,,,,,,,,,,,,,,,,,,,yahoo gagal: YFRateLimitError
UPS,1090727.0,0.0,0.0,0.0,0.0,0.0,0.0,0.0,False,,,,,,,,,,,,,,,,,,,,,,yahoo gagal: YFRateLimitError
UPWK,1627475.0,0.0,0.8923412761,-0.8923412761,0.0,4.0,7.0,2.0,False,,2026-09-18,,,,,,,,,,,,,,,,,,,,yahoo gagal: YFRateLimitError
URBN,912615.0,0.0,0.7771155,-0.7771155,0.0,3.0,3.0,0.0,False,,2026-09-18,,,,,,,,,,,,,,,,,,,,yahoo gagal: YFRateLimitError
URI,1067701.0,0.0,1.6997316,-1.6997316,0.0,1.0,1.0,0.0,False,,2026-07-24,,,,,,,,,,,,,,,,,,,,yahoo gagal: YFRateLimitError
USB,36104.0,0.0,5.482004859,-5.482004859,0.0,3.0,3.0,0.0,False,,2026-08-28,,,,,,,,,,,,,,,,,,,,yahoo gagal: YFRateLimitError
USFD,1665918.0,0.0,3.63938072,-3.63938072,0.0,2.0,3.0,0.0,False,,2026-08-13,,,,,,,,,,,,,,,,,,,,yahoo gagal: YFRateLimitError
USLM,82020.0,2.2,2.2,0.0,1.0,1.0,2.0,0.0,False,,2026-09-09,,,,,,,,,,,,,,,,,,,,yahoo gagal: YFRateLimitError
USPH,885978.0,0.00041632999999999997,0.0,0.00041632999999999997,1.0,0.0,1.0,0.0,False,,2026-09-11,,,,,,,,,,,,,,,,,,,,yahoo gagal: YFRateLimitError
UTHR,1082554.0,0.0,0.115337834,-0.115337834,0.0,1.0,2.0,703.0,False,,2026-09-24,,,,,,,,,,,,,,,,,,,,yahoo gagal: YFRateLimitError
UTI,1261654.0,0.3150193,3.9123062899,-3.5972869899,1.0,1.0,7.0,0.0,False,,2026-09-21,,,,,,,,,,,,,,,,,,,,yahoo gagal: YFRateLimitError
UTL,755001.0,0.0,0.0,0.0,0.0,0.0,0.0,0.0,False,,,,,,,,,,,,,,,,,,,,,,yahoo gagal: YFRateLimitError
UVV,102037.0,0.0,0.088777458,-0.088777458,0.0,1.0,1.0,0.0,False,,2026-08-10,,,,,,,,,,,,,,,,,,,,yahoo gagal: YFRateLimitError
V,1403161.0,0.0,27.553199558,-27.553199558,0.0,2.0,3.0,8.0,False,,2026-09-09,,,,,,,,,,,,,,,,,,,,yahoo gagal: YFRateLimitError
VAC,1524358.0,0.0,83.9175,-83.9175,0.0,2.0,2.0,0.0,False,,2026-08-19,,,,,,,,,,,,,,,,,,,,yahoo gagal: YFRateLimitError
VAL,314808.0,0.0,0.0,0.0,0.0,0.0,0.0,0.0,False,,,,,,,,,,,,,,,,,,,,,,yahoo gagal: YFRateLimitError
VC,1111335.0,0.0,0.0,0.0,0.0,0.0,0.0,0.0,False,,,,,,,,,,,,,,,,,,,,,,yahoo gagal: YFRateLimitError
VCEL,887359.0,0.0,0.0,0.0,0.0,0.0,0.0,5.0,False,,2026-08-12,,,,,,,,,,,,,,,,,,,,yahoo gagal: YFRateLimitError
VCTR,1570827.0,0.0,0.0,0.0,0.0,0.0,0.0,0.0,False,,,,,,,,,,,,,,,,,,,,,,yahoo gagal: YFRateLimitError
VCYT,1384101.0,0.0,0.0,0.0,0.0,0.0,0.0,9.0,False,,2026-09-21,,,,,,,,,,,,,,,,,,,,yahoo gagal: YFRateLimitError
VECO,103145.0,0.0,0.0,0.0,0.0,0.0,0.0,8.0,False,,2026-08-17,,,,,,,,,,,,,,,,,,,,yahoo gagal: YFRateLimitError
VEEV,1393052.0,0.0,0.195780375,-0.195780375,0.0,1.0,1.0,6.0,False,,2026-09-14,,,,,,,,,,,,,,,,,,,,yahoo gagal: YFRateLimitError
VFC,103379.0,0.78735212,0.0,0.78735212,2.0,0.0,2.0,0.0,True,2026-08-13,2026-08-13,,,,,,,,,,,,,,,,,,,,yahoo gagal: YFRateLimitError
VGNT,2078008.0,0.0,0.0,0.0,0.0,0.0,0.0,6.0,False,,2026-09-09,,,,,,,,,,,,,,,,,,,,yahoo gagal: YFRateLimitError
VIAV,912093.0,0.0,6.2359664299999995,-6.2359664299999995,0.0,4.0,7.0,2.0,False,,2026-09-23,,,,,,,,,,,,,,,,,,,,yahoo gagal: YFRateLimitError
VICI,1705696.0,0.0,0.0,0.0,0.0,0.0,0.0,0.0,False,,,,,,,,,,,,,,,,,,,,,,yahoo gagal: YFRateLimitError
VICR,751978.0,0.0,1.0238995273,-1.0238995273,0.0,2.0,3.0,119.0,False,,2026-09-01,,,,,,,,,,,,,,,,,,,,yahoo gagal: YFRateLimitError
VIR,1706431.0,0.0,0.0,0.0,0.0,0.0,0.0,0.0,False,,,,,,,,,,,,,,,,,,,,,,yahoo gagal: YFRateLimitError
VIRT,1592386.0,0.0,1.4591979,-1.4591979,0.0,3.0,3.0,0.0,False,,2026-08-19,,,,,,,,,,,,,,,,,,,,yahoo gagal: YFRateLimitError
VLO,1035002.0,0.0,2.01130725,-2.01130725,0.0,1.0,1.0,0.0,False,,2026-06-29,,,,,,,,,,,,,,,,,,,,yahoo gagal: YFRateLimitError
VLTO,1967680.0,0.0,0.0,0.0,0.0,0.0,0.0,3.0,False,,2026-08-17,,,,,,,,,,,,,,,,,,,,yahoo gagal: YFRateLimitError
VLY,714310.0,0.0,0.0,0.0,0.0,0.0,0.0,0.0,False,,,,,,,,,,,,,,,,,,,,,,yahoo gagal: YFRateLimitError
VMC,1396009.0,0.0,4.436604439999999,-4.436604439999999,0.0,2.0,5.0,0.0,False,,2026-08-21,,,,,,,,,,,,,,,,,,,,yahoo gagal: YFRateLimitError
VMI,102729.0,0.10111816,0.396,-0.29488183999999995,1.0,1.0,2.0,0.0,False,,2026-07-27,,,,,,,,,,,,,,,,,,,,yahoo gagal: YFRateLimitError
VMRK,906107.0,0.0,3.7358217000000002,-3.7358217000000002,0.0,7.0,8.0,0.0,False,,2026-09-09,,,,,,,,,,,,,,,,,,,,yahoo gagal: YFRateLimitError
VNO,899689.0,0.0,0.0,0.0,0.0,0.0,0.0,0.0,False,,,,,,,,,,,,,,,,,,,,,,yahoo gagal: YFRateLimitError
VNOM,2074176.0,0.0,0.0,0.0,0.0,0.0,0.0,0.0,False,,,,,,,,,,,,,,,,,,,,,,yahoo gagal: YFRateLimitError
VNT,1786842.0,0.0,0.0,0.0,0.0,0.0,0.0,0.0,False,,,,,,,,,,,,,,,,,,,,,,yahoo gagal: YFRateLimitError
VOYA,1535929.0,0.0,0.0,0.0,0.0,0.0,0.0,2.0,False,,2026-08-21,,,,,,,,,,,,,,,,,,,,yahoo gagal: YFRateLimitError
VRRM,1682745.0,0.0,0.0,0.0,0.0,0.0,0.0,0.0,False,,,,,,,,,,,,,,,,,,,,,,yahoo gagal: YFRateLimitError
VRSK,1442145.0,0.0,0.3948898000000001,-0.3948898000000001,0.0,1.0,1.0,6.0,False,,2026-09-15,,,,,,,,,,,,,,,,,,,,yahoo gagal: YFRateLimitError
VRSN,1014473.0,0.005671292844,0.1407775,-0.135106207156,1.0,1.0,3.0,73.0,False,,2026-09-22,,,,,,,,,,,,,,,,,,,,yahoo gagal: YFRateLimitError
VRT,1674101.0,0.0,0.0,0.0,0.0,0.0,0.0,8.0,False,,2026-09-01,,,,,,,,,,,,,,,,,,,,yahoo gagal: YFRateLimitError
VRTS,883237.0,0.0,2.5662391089,-2.5662391089,0.0,2.0,8.0,0.0,False,,2026-09-15,,,,,,,,,,,,,,,,,,,,yahoo gagal: YFRateLimitError
VRTX,875320.0,0.0,0.0,0.0,0.0,0.0,0.0,3.0,False,,2026-07-02,,,,,,,,,,,,,,,,,,,,yahoo gagal: YFRateLimitError
VSAT,797721.0,0.0,20.1802344976,-20.1802344976,0.0,2.0,4.0,15.0,False,,2026-09-21,,,,,,,,,,,,,,,,,,,,yahoo gagal: YFRateLimitError
VSEC,102752.0,0.0,0.0,0.0,0.0,0.0,0.0,12.0,False,,2026-09-14,,,,,,,,,,,,,,,,,,,,yahoo gagal: YFRateLimitError
VSH,103730.0,0.0,0.0,0.0,0.0,0.0,0.0,0.0,False,,,,,,,,,,,,,,,,,,,,,,yahoo gagal: YFRateLimitError
VSNT,2067876.0,0.0,0.0,0.0,0.0,0.0,0.0,0.0,False,,,,,,,,,,,,,,,,,,,,,,yahoo gagal: YFRateLimitError
VST,1692819.0,1.17306925,0.0,1.17306925,1.0,0.0,3.0,4.0,False,,2026-09-08,,,,,,,,,,,,,,,,,,,,yahoo gagal: YFRateLimitError
VSTS,1967649.0,1.0453833000000001,0.0,1.0453833000000001,1.0,0.0,1.0,0.0,False,,2026-09-02,,,,,,,,,,,,,,,,,,,,yahoo gagal: YFRateLimitError
VSXY,1856437.0,0.0,96.95610719,-96.95610719,0.0,1.0,4.0,0.0,False,,2026-07-28,,,,,,,,,,,,,,,,,,,,yahoo gagal: YFRateLimitError
VTOL,1525221.0,0.0,2.5926594259,-2.5926594259,0.0,5.0,18.0,0.0,False,,2026-09-23,,,,,,,,,,,,,,,,,,,,yahoo gagal: YFRateLimitError
VTR,740260.0,0.0,0.0,0.0,0.0,0.0,0.0,0.0,False,,,,,,,,,,,,,,,,,,,,,,yahoo gagal: YFRateLimitError
VTRS,1792044.0,0.0,0.0,0.0,0.0,0.0,0.0,0.0,False,,,,,,,,,,,,,,,,,,,,,,yahoo gagal: YFRateLimitError
VVV,1674910.0,0.049999199999999994,0.1251155,-0.0751163,1.0,1.0,2.0,0.0,False,,2026-08-21,,,,,,,,,,,,,,,,,,,,yahoo gagal: YFRateLimitError
VVX,1601548.0,0.0,0.6940725,-0.6940725,0.0,2.0,2.0,0.0,False,,2026-08-14,,,,,,,,,,,,,,,,,,,,yahoo gagal: YFRateLimitError
VYX,70866.0,0.0,0.104594625,-0.104594625,0.0,1.0,1.0,0.0,False,,2026-08-13,,,,,,,,,,,,,,,,,,,,yahoo gagal: YFRateLimitError
VZ,732712.0,0.0,0.0,0.0,0.0,0.0,0.0,6.0,False,,2026-09-22,,,,,,,,,,,,,,,,,,,,yahoo gagal: YFRateLimitError
WAB,943452.0,0.0,5.1494568134,-5.1494568134,0.0,5.0,10.0,25.0,False,,2026-09-02,,,,,,,,,,,,,,,,,,,,yahoo gagal: YFRateLimitError
WABC,311094.0,0.0,0.0,0.0,0.0,0.0,0.0,0.0,False,,,,,,,,,,,,,,,,,,,,,,yahoo gagal: YFRateLimitError
WAFD,936528.0,0.0,0.0,0.0,0.0,0.0,0.0,0.0,False,,,,,,,,,,,,,,,,,,,,,,yahoo gagal: YFRateLimitError
WAL,1212545.0,0.0,0.0,0.0,0.0,0.0,0.0,0.0,False,,,,,,,,,,,,,,,,,,,,,,yahoo gagal: YFRateLimitError
WAT,1000697.0,0.0,1.44293044,-1.44293044,0.0,1.0,1.0,0.0,False,,2026-08-06,,,,,,,,,,,,,,,,,,,,yahoo gagal: YFRateLimitError
WAY,1990354.0,0.0,0.0,0.0,0.0,0.0,0.0,5.0,False,,2026-09-02,,,,,,,,,,,,,,,,,,,,yahoo gagal: YFRateLimitError
WBD,1437107.0,0.0,54.7424466,-54.7424466,0.0,8.0,14.0,5.0,False,,2026-09-14,,,,,,,,,,,,,,,,,,,,yahoo gagal: YFRateLimitError
WCC,929008.0,0.3512544,1.3465270999999999,-0.9952726999999998,1.0,2.0,5.0,0.0,False,,2026-08-17,,,,,,,,,,,,,,,,,,,,yahoo gagal: YFRateLimitError
WD,1497770.0,0.0,0.0,0.0,0.0,0.0,0.0,0.0,False,,,,,,,,,,,,,,,,,,,,,,yahoo gagal: YFRateLimitError
WDAY,1327811.0,0.0,0.0,0.0,0.0,0.0,0.0,74.0,False,,2026-09-23,,,,,,,,,,,,,,,,,,,,yahoo gagal: YFRateLimitError
WDC,106040.0,0.0,3.344752394,-3.344752394,0.0,2.0,4.0,45.0,False,,2026-09-04,,,,,,,,,,,,,,,,,,,,yahoo gagal: YFRateLimitError
WDFC,105132.0,0.0,0.117063,-0.117063,0.0,1.0,2.0,0.0,False,,2026-08-13,,,,,,,,,,,,,,,,,,,,yahoo gagal: YFRateLimitError
WEC,783325.0,0.0,0.10346839999999999,-0.10346839999999999,0.0,1.0,1.0,0.0,False,,2026-08-11,,,,,,,,,,,,,,,,,,,,yahoo gagal: YFRateLimitError
WELL,766704.0,1.203825,0.0,1.203825,1.0,0.0,2.0,0.0,False,,2026-08-26,,,,,,,,,,,,,,,,,,,,yahoo gagal: YFRateLimitError
WEN,30697.0,0.0,0.0,0.0,0.0,0.0,0.0,0.0,False,,,,,,,,,,,,,,,,,,,,,,yahoo gagal: YFRateLimitError
WERN,793074.0,0.0,0.0,0.0,0.0,0.0,0.0,0.0,False,,,,,,,,,,,,,,,,,,,,,,yahoo gagal: YFRateLimitError
WEX,1309108.0,0.0,1.1922266499999998,-1.1922266499999998,0.0,4.0,4.0,12.0,False,,2026-09-14,,,,,,,,,,,,,,,,,,,,yahoo gagal: YFRateLimitError
WFC,72971.0,0.0,0.0,0.0,0.0,0.0,0.0,0.0,False,,,,,,,,,,,,,,,,,,,,,,yahoo gagal: YFRateLimitError
WFRD,1603923.0,0.0,2.2444524,-2.2444524,0.0,3.0,4.0,0.0,False,,2026-08-10,,,,,,,,,,,,,,,,,,,,yahoo gagal: YFRateLimitError
WGO,107687.0,0.0,0.0,0.0,0.0,0.0,0.0,3.0,False,,2026-08-19,,,,,,,,,,,,,,,,,,,,yahoo gagal: YFRateLimitError
WH,1722684.0,0.0,0.0,0.0,0.0,0.0,0.0,1.0,False,,2026-08-17,,,,,,,,,,,,,,,,,,,,yahoo gagal: YFRateLimitError
WHD,1699136.0,0.0,6.7468263978000005,-6.7468263978000005,0.0,6.0,6.0,6.0,False,,2026-09-01,,,,,,,,,,,,,,,,,,,,yahoo gagal: YFRateLimitError
WHR,106640.0,0.0,0.0,0.0,0.0,0.0,0.0,0.0,False,,,,,,,,,,,,,,,,,,,,,,yahoo gagal: YFRateLimitError
WINA,908315.0,0.0,0.0,0.0,0.0,0.0,0.0,0.0,False,,,,,,,,,,,,,,,,,,,,,,yahoo gagal: YFRateLimitError
WING,1636222.0,0.0,0.0,0.0,0.0,0.0,0.0,0.0,False,,,,,,,,,,,,,,,,,,,,,,yahoo gagal: YFRateLimitError
WKC,789460.0,0.0,1.9570887590000001,-1.9570887590000001,0.0,3.0,3.0,4.0,False,,2026-09-02,,,,,,,,,,,,,,,,,,,,yahoo gagal: YFRateLimitError
WLK,1262823.0,0.0,3.12077458,-3.12077458,0.0,1.0,2.0,0.0,False,,2026-08-11,,,,,,,,,,,,,,,,,,,,yahoo gagal: YFRateLimitError
WLY,107140.0,0.0,0.0,0.0,0.0,0.0,0.0,0.0,False,,,,,,,,,,,,,,,,,,,,,,yahoo gagal: YFRateLimitError
WM,823768.0,0.0,0.3001635,-0.3001635,0.0,1.0,1.0,0.0,False,,2026-09-04,,,,,,,,,,,,,,,,,,,,yahoo gagal: YFRateLimitError
WMB,107263.0,0.0,0.9733168000000001,-0.9733168000000001,0.0,1.0,2.0,3.0,False,,2026-09-01,,,,,,,,,,,,,,,,,,,,yahoo gagal: YFRateLimitError
WMG,1319161.0,0.0,0.0,0.0,0.0,0.0,0.0,0.0,False,,,,,,,,,,,,,,,,,,,,,,yahoo gagal: YFRateLimitError
WMS,1604028.0,0.0,0.0,0.0,0.0,0.0,0.0,0.0,False,,,,,,,,,,,,,,,,,,,,,,yahoo gagal: YFRateLimitError
WMT,104169.0,0.0,0.0,0.0,0.0,0.0,0.0,11.0,False,,2026-09-17,,,,,,,,,,,,,,,,,,,,yahoo gagal: YFRateLimitError
WOR,108516.0,0.0,0.93483,-0.93483,0.0,1.0,1.0,0.0,False,,2026-07-01,,,,,,,,,,,,,,,,,,,,yahoo gagal: YFRateLimitError
WPC,1025378.0,0.0,0.0,0.0,0.0,0.0,0.0,0.0,False,,,,,,,,,,,,,,,,,,,,,,yahoo gagal: YFRateLimitError
WRB,11544.0,0.0,0.0,0.0,0.0,0.0,0.0,0.0,False,,,,,,,,,,,,,,,,,,,,,,yahoo gagal: YFRateLimitError
WRBY,1504776.0,0.0,0.0,0.0,0.0,0.0,0.0,6.0,False,,2026-07-06,,,,,,,,,,,,,,,,,,,,yahoo gagal: YFRateLimitError
WRLD,108385.0,0.0,25.994100310000004,-25.994100310000004,0.0,4.0,7.0,3.0,False,,2026-08-14,,,,,,,,,,,,,,,,,,,,yahoo gagal: YFRateLimitError
WS,1968487.0,0.0,0.0,0.0,0.0,0.0,0.0,0.0,False,,,,,,,,,,,,,,,,,,,,,,yahoo gagal: YFRateLimitError
WSBC,203596.0,0.0,1.4246254784999999,-1.4246254784999999,0.0,5.0,18.0,0.0,False,,2026-08-24,,,,,,,,,,,,,,,,,,,,yahoo gagal: YFRateLimitError
WSC,1647088.0,0.0,0.0,0.0,0.0,0.0,0.0,0.0,False,,,,,,,,,,,,,,,,,,,,,,yahoo gagal: YFRateLimitError
WSFS,828944.0,0.0,0.54409662,-0.54409662,0.0,2.0,2.0,0.0,False,,2026-09-10,,,,,,,,,,,,,,,,,,,,yahoo gagal: YFRateLimitError
WSM,719955.0,0.0,0.0,0.0,0.0,0.0,0.0,20.0,False,,2026-09-16,,,,,,,,,,,,,,,,,,,,yahoo gagal: YFRateLimitError
WSO,105016.0,0.0,0.0,0.0,0.0,0.0,0.0,0.0,False,,,,,,,,,,,,,,,,,,,,,,yahoo gagal: YFRateLimitError
WST,105770.0,0.0,2.7724893500000003,-2.7724893500000003,0.0,1.0,3.0,3.0,False,,2026-09-15,,,,,,,,,,,,,,,,,,,,yahoo gagal: YFRateLimitError
WT,880631.0,0.0,0.0,0.0,0.0,0.0,0.0,1.0,False,,2026-09-09,,,,,,,,,,,,,,,,,,,,yahoo gagal: YFRateLimitError
WTFC,1015328.0,0.0,2.19983655,-2.19983655,0.0,1.0,1.0,0.0,False,,2026-08-13,,,,,,,,,,,,,,,,,,,,yahoo gagal: YFRateLimitError
WTRG,78128.0,0.0,0.11291525,-0.11291525,0.0,1.0,1.0,0.0,False,,2026-08-07,,,,,,,,,,,,,,,,,,,,yahoo gagal: YFRateLimitError
WTS,795403.0,0.0,1.6851424600000002,-1.6851424600000002,0.0,2.0,4.0,0.0,False,,2026-09-04,,,,,,,,,,,,,,,,,,,,yahoo gagal: YFRateLimitError
WTW,1140536.0,0.0,0.25017173000000004,-0.25017173000000004,0.0,1.0,1.0,0.0,False,,2026-08-10,,,,,,,,,,,,,,,,,,,,yahoo gagal: YFRateLimitError
WU,1365135.0,0.0,0.0,0.0,0.0,0.0,0.0,0.0,False,,,,,,,,,,,,,,,,,,,,,,yahoo gagal: YFRateLimitError
WWD,108312.0,0.0,0.0,0.0,0.0,0.0,0.0,1.0,False,,2026-07-31,,,,,,,,,,,,,,,,,,,,yahoo gagal: YFRateLimitError
WWW,110471.0,0.0,0.0,0.0,0.0,0.0,0.0,2.0,False,,2026-09-01,,,,,,,,,,,,,,,,,,,,yahoo gagal: YFRateLimitError
WY,106535.0,0.0,0.0,0.0,0.0,0.0,0.0,0.0,False,,,,,,,,,,,,,,,,,,,,,,yahoo gagal: YFRateLimitError
WYNN,1174922.0,0.0,0.0,0.0,0.0,0.0,0.0,0.0,False,,,,,,,,,,,,,,,,,,,,,,yahoo gagal: YFRateLimitError
XEL,72903.0,0.0,0.0,0.0,0.0,0.0,0.0,0.0,False,,,,,,,,,,,,,,,,,,,,,,yahoo gagal: YFRateLimitError
XHR,1616000.0,0.0,0.0,0.0,0.0,0.0,0.0,0.0,False,,,,,,,,,,,,,,,,,,,,,,yahoo gagal: YFRateLimitError
XNCR,1326732.0,0.0,0.0,0.0,0.0,0.0,0.0,0.0,False,,,,,,,,,,,,,,,,,,,,,,yahoo gagal: YFRateLimitError
XOM,2115436.0,0.0,0.0,0.0,0.0,0.0,0.0,0.0,False,,,,,,,,,,,,,,,,,,,,,,yahoo gagal: YFRateLimitError
XPEL,1767258.0,0.0,0.0,0.0,0.0,0.0,0.0,0.0,False,,,,,,,,,,,,,,,,,,,,,,yahoo gagal: YFRateLimitError
XPO,1166003.0,0.0,1.009025,-1.009025,0.0,1.0,3.0,5.0,False,,2026-09-14,,,,,,,,,,,,,,,,,,,,yahoo gagal: YFRateLimitError
XRAY,818479.0,0.0,0.0,0.0,0.0,0.0,0.0,0.0,False,,,,,,,,,,,,,,,,,,,,,,yahoo gagal: YFRateLimitError
XYL,1524472.0,0.0,0.0,0.0,0.0,0.0,0.0,0.0,False,,,,,,,,,,,,,,,,,,,,,,yahoo gagal: YFRateLimitError
XYZ,1512673.0,0.0,0.0,0.0,0.0,0.0,0.0,75.0,False,,2026-09-23,,,,,,,,,,,,,,,,,,,,yahoo gagal: YFRateLimitError
YELP,1345016.0,0.0,0.0,0.0,0.0,0.0,0.0,8.0,False,,2026-09-01,,,,,,,,,,,,,,,,,,,,yahoo gagal: YFRateLimitError
YETI,1670592.0,0.0,0.0,0.0,0.0,0.0,0.0,0.0,False,,,,,,,,,,,,,,,,,,,,,,yahoo gagal: YFRateLimitError
YOU,1856314.0,0.0,0.0,0.0,0.0,0.0,0.0,33.0,False,,2026-09-03,,,,,,,,,,,,,,,,,,,,yahoo gagal: YFRateLimitError
YUM,1041061.0,0.0,0.0,0.0,0.0,0.0,0.0,9.0,False,,2026-09-01,,,,,,,,,,,,,,,,,,,,yahoo gagal: YFRateLimitError
ZBH,1136869.0,0.0,0.82402845,-0.82402845,0.0,2.0,2.0,0.0,False,,2026-09-11,,,,,,,,,,,,,,,,,,,,yahoo gagal: YFRateLimitError
ZBRA,877212.0,0.0,1.50204,-1.50204,0.0,2.0,2.0,0.0,False,,2026-08-10,,,,,,,,,,,,,,,,,,,,yahoo gagal: YFRateLimitError
ZD,1084048.0,0.0,0.4254357000000001,-0.4254357000000001,0.0,3.0,3.0,0.0,False,,2026-08-18,,,,,,,,,,,,,,,,,,,,yahoo gagal: YFRateLimitError
ZION,109380.0,0.0,6.283805015,-6.283805015,0.0,3.0,8.0,0.0,False,,2026-08-04,,,,,,,,,,,,,,,,,,,,yahoo gagal: YFRateLimitError
ZTS,1555280.0,0.0,0.0,0.0,0.0,0.0,0.0,0.0,False,,,,,,,,,,,,,,,,,,,,,,yahoo gagal: YFRateLimitError
ZWS,1439288.0,0.0999936,1.3255,-1.2255064,1.0,1.0,2.0,0.0,False,,2026-08-19,,,,,,,,,,,,,,,,,,,,yahoo gagal: YFRateLimitError
